eco	name	pgn
A00	Apertura Amar	1. Nh3
A00	Apertura Amar: Gambetto di Parigi	1. Nh3 d5 2. g3 e5 3. f4
A00	Apertura Amar: Gambetto di Parigi, Gambetto Gent	1. Nh3 d5 2. g3 e5 3. f4 Bxh3 4. Bxh3 exf4 5. O-O fxg3 6. hxg3
A00	Attacco di Amsterdam	1. e3 e5 2. c4 d6 3. Nc3 Nc6 4. b3 Nf6
A00	Apertura Anderssen	1. a3
A00	Apertura Anderssen: Gambetto Polacco	1. a3 a5 2. b4
A00	Apertura Barnes	1. f3
A00	Apertura Barnes: Matto dell'Imbecille	1. f3 e5 2. g4 Qh4#
A00	Apertura Barnes: Gambetto Gedult	1. f3 d5 2. e4 g6 3. d4 dxe4 4. c3
A00	Apertura Barnes: Gambetto Gedult	1. f3 f5 2. e4 fxe4 3. Nc3
A00	Apertura Barnes: Hammerschlag	1. f3 e5 2. Kf2
A00	Apertura Clemenz	1. h3
A00	Apertura Clemenz: Gambetto Lee della Punta	1. h3 h5 2. g4
A00	Formazione Creepy Crawly: Difesa Classica	1. h3 d5 2. a3 e5
A00	Formazione: Attacco dell'Ippopotamo	1. a3 e5 2. b3 d5 3. c3 Nf6 4. d3 Nc6 5. e3 Bd6 6. f3 O-O 7. g3
A00	Formazione: Attacco Timido	1. a3 e5 2. g3 d5 3. Bg2 Nf6 4. d3 Nc6 5. Nd2 Bd6 6. e3 O-O 7. h3
A00	Apertura Globale	1. h3 e5 2. a3
A00	Apertura Grob	1. g4
A00	Apertura Grob: Gambetto Alessi	1. g4 f5
A00	Apertura Grob: Doppia Grob	1. g4 g5
A00	Apertura Grob: Doppia Grob, Gambetto Coca-Cola	1. g4 g5 2. f4
A00	Apertura Grob: Gambetto Grob	1. g4 d5 2. Bg2
A00	Apertura Grob: Gambetto Grob Rifiutato	1. g4 d5 2. Bg2 c6
A00	Apertura Grob: Gambetto Grob, Gambetto Basman	1. g4 d5 2. Bg2 h5 3. gxh5
A00	Apertura Grob: Gambetto Grob, Gambetto Fritz	1. g4 d5 2. Bg2 Bxg4 3. c4
A00	Apertura Grob: Gambetto Grob, Gambetto Fritz, Controgambetto di Romford	1. g4 d5 2. Bg2 Bxg4 3. c4 d4 4. Bxb7 Nd7 5. Bxa8 Qxa8
A00	Apertura Grob: Gambetto Grob, Gambetto Keres	1. g4 d5 2. Bg2 e5 3. d4 exd4 4. c3
A00	Apertura Grob: Gambetto Grob, Gambetto Richter-Grob	1. g4 d5 2. Bg2 c6 3. c4 dxc4 4. b3
A00	Apertura Grob: Difesa Keene	1. g4 d5 2. h3 e5 3. Bg2 c6
A00	Apertura Grob: Difesa Keene, Linea principale	1. g4 d5 2. h3 e5 3. Bg2 c6 4. d4 e4 5. c4 Bd6 6. Nc3 Ne7
A00	Apertura Grob: Difesa di Londra	1. g4 e5 2. h3 Nc6
A00	Apertura Grob: Controgambetto di Romford	1. g4 d5 2. Bg2 Bxg4 3. c4 d4
A00	Apertura Grob: Attacco della Punta	1. g4 d5 2. Bg2 c6 3. g5
A00	Apertura Grob: Punta, Attacco Hurst	1. g4 e5 2. Bg2 d5 3. c4
A00	Apertura Grob: Gambetto Zilbermints	1. g4 d5 2. e4 dxe4 3. Nc3
A00	Apertura Grob: Gambetto Zilbermints, Difesa Schiller	1. g4 d5 2. e4 dxe4 3. Nc3 h5
A00	Apertura Grob: Gambetto Zilbermints, Gambetto Zilbermints-Hartlaub	1. g4 d5 2. e4 dxe4 3. Nc3 e5 4. d3
A00	Apertura Ungherese	1. g3
A00	Apertura Ungherese: Gambetto Asten	1. g3 Nc6 2. Nc3 d5 3. d4 e5 4. dxe5 d4 5. Ne4 f5
A00	Apertura Ungherese: Gambetto Burk	1. g3 e5 2. a3 d5 3. Nf3 e4 4. Nh4 Be7 5. d3
A00	Apertura Ungherese: Gambetto Bücker	1. g3 d5 2. Bg2 e5 3. b4
A00	Apertura Ungherese: Formazione Catalana	1. g3 d5 2. Bg2 e6
A00	Apertura Ungherese: Difesa Olandese	1. g3 f5
A00	Apertura Ungherese: Difesa Indiana	1. g3 Nf6
A00	Apertura Ungherese: Difesa Myers	1. g3 g5
A00	Apertura Ungherese: Gambetto Pachman	1. g3 f5 2. e4 fxe4 3. Qh5+ g6
A00	Apertura Ungherese: Gambetto di Parigi	1. g3 e5 2. Nh3 d5 3. f4 Bxh3 4. Bxh3 exf4 5. O-O
A00	Apertura Ungherese: Alekhine a colori invertiti	1. g3 e5 2. Nf3
A00	Apertura Ungherese: Difesa Invertita di Brooklyn, Gambetto Benko di Brooklyn	1. g3 e5 2. Nf3 e4 3. Ng1 Nf6 4. b4
A00	Apertura Ungherese: Difesa Invertita Moderna	1. g3 d5 2. Bg2 c5
A00	Apertura Ungherese: Difesa Invertita Norvegese	1. g3 e5 2. Nf3 e4 3. Nh4
A00	Apertura Ungherese: Invito Siciliano	1. g3 c5
A00	Apertura Ungherese: Formazione Slava	1. g3 d5 2. Bg2 c6
A00	Apertura Ungherese: Variante Simmetrica	1. g3 g6
A00	Apertura Ungherese: Gambetto Van Kuijk	1. g3 h5 2. Nf3 h4
A00	Apertura Ungherese: Gambetto di Winterberg	1. g3 d5 2. Bg2 e5 3. c4 dxc4 4. b3
A00	Apertura Kádas	1. h4
A00	Apertura Kádas: Trappola del Principiante	1. h4 d5 2. Rh3
A00	Apertura Kádas: Variante Koola-Koola	1. h4 a5
A00	Apertura Kádas: Gambetto Kádas	1. h4 c5 2. b4
A00	Apertura Kádas: Gambetto Kádas	1. h4 d5 2. d4 c5 3. Nf3 cxd4 4. c3
A00	Apertura Kádas: Gambetto Kádas	1. h4 e5 2. d4 exd4 3. c3
A00	Apertura Kádas: Variante Myers	1. h4 d5 2. d4 c5 3. e4
A00	Apertura Kádas: Gambetto Schneider	1. h4 g5
A00	Apertura Kádas: Gambetto Steinbok	1. h4 f5 2. e4 fxe4 3. d3
A00	Speciale da simultanea di Lasker	1. g3 h5
A00	Apertura Mieses	1. d3
A00	Apertura Mieses: Attacco Myers della Punta	1. d3 g6 2. g4
A00	Apertura Mieses: Ratto a colori invertiti	1. d3 e5
A00	Apertura Mieses: Variante Venezolana	1. d3 c5 2. Nc3 Nc6 3. g3
A00	Apertura Polacca	1. b4
A00	Apertura Polacca, con d5	1. b4 d5
A00	Apertura Polacca, con d5	1. b4 d5 2. Bb2 Nf6 3. Nf3
A00	Apertura Polacca: Difesa Baltica	1. b4 d5 2. Bb2 Bf5
A00	Apertura Polacca: Gambetto di Birmingham	1. b4 c5
A00	Apertura Polacca: Variante Bugayev d'Avanzata	1. b4 e5 2. Bb2 f6 3. b5
A00	Apertura Polacca: Attacco Bugayev	1. b4 e5 2. a3
A00	Apertura Polacca: Difesa Ceca	1. b4 e5 2. Bb2 d6
A00	Apertura Polacca: Difesa Olandese	1. b4 f5
A00	Apertura Polacca: Difesa Tedesca	1. b4 d5 2. Bb2 Qd6
A00	Apertura Polacca: Variante Grigorian	1. b4 Nc6
A00	Apertura Polacca: Variante Karniewski	1. b4 Nh6
A00	Apertura Polacca: Variante Indiana di Re	1. b4 Nf6 2. Bb2 g6
A00	Apertura Polacca: Variante Indiana di Re, Attacco Schiffler	1. b4 Nf6 2. Bb2 g6 3. e4
A00	Apertura Polacca: Variante Indiana di Re, Attacco Sokolsky	1. b4 Nf6 2. Bb2 g6 3. c4 Bg7 4. e3 d6 5. Nf3 O-O 6. d4
A00	Apertura Polacca: Variante Myers	1. b4 d5 2. Bb2 c6 3. a4
A00	Apertura Polacca: Variante dell'Aggiramento	1. b4 c6
A00	Apertura Polacca: Variante dell'Aggiramento, Gambetto Schuehler	1. b4 c6 2. Bb2 a5 3. b5
A00	Apertura Polacca: Variante Indiana di Donna	1. b4 e6 2. Bb2 Nf6 3. b5 b6
A00	Apertura Polacca: Difesa sul lato di Donna	1. b4 e6 2. Bb2 Nf6 3. b5 a6
A00	Apertura Polacca: Linea delle Torri dello Scambio	1. b4 e6 2. Bb2 Nf6 3. b5 a6 4. a4 axb5 5. axb5 Rxa1 6. Bxa1
A00	Apertura Polacca: Variante Schiffler-Sokolsky	1. b4 e6 2. Bb2 Nf6 3. b5 d5 4. e3
A00	Apertura Polacca: Gambetto Schuehler	1. b4 c6 2. Bb2 a5 3. b5 cxb5 4. e4
A00	Apertura Polacca: Variante Simmetrica	1. b4 b5
A00	Apertura Polacca: Gambetto Tartakower	1. b4 e5 2. Bb2 f6 3. e4
A00	Apertura Polacca: Gambetto Wolferts	1. b4 e5 2. Bb2 c5
A00	Apertura di Saragozza	1. c3
A00	Attacco del Sodio	1. Na3
A00	Attacco del Sodio: Variante Celadon	1. Na3 e5 2. d3 Bxa3 3. bxa3 d5 4. e3 c5 5. Rb1
A00	Attacco del Sodio: Variante Chenoboskion	1. Na3 g6 2. g4
A00	Attacco del Sodio: Gambetto Durkin	1. Na3 e5 2. Nc4 Nc6 3. e4 f5
A00	Apertura di Valencia	1. d3 e5 2. Nd2
A00	Apertura Van Geet	1. Nc3
A00	Apertura Van Geet: Variante di Battambang	1. a3 e5 2. Nc3
A00	Apertura Van Geet: Gambetto Billockus-Johansen	1. Nc3 e5 2. Nf3 Bc5
A00	Apertura Van Geet: Gambetto Damhaug	1. Nc3 d5 2. f4 e5
A00	Apertura Van Geet: Gambetto Dougherty	1. Nc3 d5 2. e4 dxe4 3. f3
A00	Apertura Van Geet: Gambetto Dunst-Perrenet	1. Nc3 d5 2. e4 dxe4 3. d3
A00	Apertura Van Geet: Gambetto di Düsseldorf	1. Nc3 c5 2. b4
A00	Apertura Van Geet: Gambetto Gladbacher	1. Nc3 e5 2. b3 d5 3. e4 dxe4 4. d3
A00	Apertura Van Geet: Gambetto Hector	1. Nc3 d5 2. e4 dxe4 3. Bc4
A00	Apertura Van Geet: Gambetto Hergert	1. Nc3 d6 2. f4 e5 3. fxe5 Nc6
A00	Apertura Van Geet: Gambetto Hulsemann	1. Nc3 e5 2. e3 d5 3. Qh5 Be6
A00	Apertura Van Geet: Gambetto Jendrossek	1. Nc3 d5 2. f4 d4 3. Ne4 f5 4. Nf2 Nf6 5. Nf3 c5 6. b4
A00	Apertura Van Geet: Gambetto Kluever	1. Nc3 f5 2. e4 fxe4 3. d3
A00	Apertura Van Geet: Gambetto Laroche	1. Nc3 b5
A00	Apertura Van Geet: Gambetto Liebig	1. Nc3 e5 2. e3 d5 3. Qh5 Nf6
A00	Apertura Van Geet: Gambetto Melleby	1. Nc3 d5 2. f4 d4 3. Ne4 c5
A00	Apertura Van Geet: Attacco Myers	1. Nc3 g6 2. h4
A00	Apertura Van Geet: Attacco Napoleon	1. Nc3 e5 2. Nf3 Nc6 3. d4
A00	Apertura Van Geet: Variante di Novosibirsk	1. Nc3 c5 2. d4 cxd4 3. Qxd4 Nc6 4. Qh4
A00	Apertura Van Geet: Gambetto Nowokunski	1. Nc3 e5 2. f4 exf4 3. e4
A00	Apertura Van Geet: Gambetto Pfeiffer	1. Nc3 d5 2. f4 d4 3. Ne4 e5
A00	Apertura Van Geet: Gambetto Pfeiffer, Controgambetto Sleipnir	1. Nc3 d5 2. f4 d4 3. Ne4 e5 4. Nf3
A00	Apertura Van Geet: Nimzowitsch a colori invertiti	1. Nc3 e5
A00	Apertura Van Geet: Scandinava a colori invertiti	1. Nc3 e5 2. d4 exd4 3. Qxd4 Nc6 4. Qa4
A00	Apertura Van Geet: Siciliana dei Due Cavalli	1. Nc3 c5 2. Nf3 Nc6 3. d4 cxd4 4. Nxd4
A00	Apertura Van Geet: Gambetto Sleipnir	1. Nc3 d5 2. e3 e5 3. d4 Bb4
A00	Apertura Van Geet: Attacco Twyble	1. Nc3 c5 2. Rb1
A00	Apertura Van Geet: Gambetto di Tubinga	1. Nc3 Nf6 2. g4
A00	Apertura Van Geet: Variante Venezolana	1. Nc3 d5 2. d3 Nf6 3. g3
A00	Apertura Van Geet: Gambetto Warsteiner	1. Nc3 d5 2. f4 g5
A00	Apertura Van't Kruijs	1. e3
A00	Apertura Van't Kruijs: Variante Rimbalzante d'Alfiere	1. e3 e5 2. Bc4 b5 3. Bb3
A00	Apertura Van't Kruijs: Gambetto Keoni-Hiva, Variante Akahi	1. e3 e5 2. Nc3 Nf6 3. f4 exf4 4. Nf3
A00	Apertura Van't Kruijs: Gambetto Keoni-Hiva, Variante Alua	1. e3 e5 2. Nc3 Nc6 3. f4 exf4 4. Nf3
A00	Apertura Van't Kruijs: Gambetto Keoni-Hiva, Variante Ekolu	1. e3 e5 2. Nc3 d5 3. f4 exf4 4. Nf3
A00	Apertura Ware	1. a4
A00	Apertura Ware: Gambetto di Colonia	1. a4 b6 2. d4 d5 3. Nc3 Nd7
A00	Apertura Ware: Variante del Granchio	1. a4 e5 2. h4
A00	Apertura Ware: Trappola del Prato del Fieno	1. a4 e5 2. Ra3
A00	Apertura Ware: Variante Simmetrica	1. a4 a5
A00	Apertura Ware: Gambetto Ware	1. a4 e5 2. a5 d5 3. e3 f5 4. a6
A00	Apertura Ware: Gambetto dell'Ala	1. a4 b5 2. axb5 Bb7
A01	Attacco Nimzo-Larsen	1. b3
A01	Attacco Nimzo-Larsen: Variante Classica	1. b3 d5
A01	Attacco Nimzo-Larsen: Variante Olandese	1. b3 f5
A01	Attacco Nimzo-Larsen: Variante Inglese	1. b3 c5
A01	Attacco Nimzo-Larsen: Attacco di Graz	1. b3 d5 2. Ba3
A01	Attacco Nimzo-Larsen: Variante Indiana	1. b3 Nf6
A01	Attacco Nimzo-Larsen: Variante Moderna	1. b3 e5
A01	Attacco Nimzo-Larsen: Variante Moderna	1. b3 e5 2. Bb2 Nc6
A01	Attacco Nimzo-Larsen: Variante Moderna	1. b3 e5 2. Bb2 Nc6 3. e3
A01	Attacco Nimzo-Larsen: Variante Moderna	1. b3 e5 2. Bb2 Nc6 3. c4 Nf6
A01	Attacco Nimzo-Larsen: Gambetto Pachman	1. b3 e5 2. Bb2 Nc6 3. f4
A01	Attacco Nimzo-Larsen: Variante Polacca	1. b3 b5
A01	Attacco Nimzo-Larsen: Gambetto Ringelbach	1. b3 f5 2. Bb2 e6 3. e4
A01	Attacco Nimzo-Larsen: Variante della Punta	1. b3 Nf6 2. Bb2 g6 3. g4
A01	Attacco Nimzo-Larsen: Variante Simmetrica	1. b3 b6
A02	Apertura Bird	1. f4
A02	Apertura Bird: Attacco Batavo-Polacco	1. f4 Nf6 2. Nf3 g6 3. b4
A02	Apertura Bird: Doppia Formazione dell'Anatra	1. f4 f5 2. d4 d5
A02	Apertura Bird: Gambetto di From	1. f4 e5
A02	Apertura Bird: Gambetto di From, Gambetto Bahr	1. f4 e5 2. Nc3
A02	Apertura Bird: Gambetto di From, Gambetto Langheld	1. f4 e5 2. fxe5 d6 3. exd6 Nf6
A02	Apertura Bird: Gambetto di From, Variante Lasker	1. f4 e5 2. fxe5 d6 3. exd6 Bxd6 4. Nf3 g5
A02	Apertura Bird: Gambetto di From, Variante Lipke	1. f4 e5 2. fxe5 d6 3. exd6 Bxd6 4. Nf3 Nh6 5. d4
A02	Apertura Bird: Gambetto Hobbs	1. f4 g5
A02	Apertura Bird: Gambetto Hobbs-Zilbermints	1. f4 h6 2. Nf3 g5
A02	Apertura Bird: Difesa del Tafano	1. f4 Nh6
A02	Apertura Bird: Gambetto Lasker	1. f4 e5 2. fxe5 f6
A02	Apertura Bird: Mujannah	1. f4 Nf6 2. c4
A02	Apertura Bird: Difesa Myers	1. f4 b5
A02	Apertura Bird: Gambetto Platz	1. f4 e5 2. fxe5 Ne7
A02	Apertura Bird: Gambetto Schlechter	1. f4 e5 2. fxe5 Nc6
A02	Apertura Bird: Gambetto Siegener	1. f4 e5 2. d4 exd4 3. Nf3 c5 4. c3
A02	Apertura Bird: Gambetto Svizzero	1. f4 f5 2. e4 fxe4 3. Nc3 Nf6 4. g4
A02	Apertura Bird: Gambetto Wagner-Zwitersch	1. f4 f5 2. e4
A03	Apertura Bird: Variante Olandese	1. f4 d5
A03	Apertura Bird: Variante Olandese, Gambetto di Dudweiler	1. f4 d5 2. g4
A03	Apertura Bird: Variante Lasker	1. f4 d5 2. Nf3 Nf6 3. e3 c5
A03	Apertura Bird: Gambetto Sturm	1. f4 d5 2. c4
A03	Apertura Bird: Gambetto Thomas	1. f4 d5 2. b3 Nf6 3. Bb2 d4 4. Nf3 c5 5. e3
A03	Apertura Bird: Gambetto Williams	1. f4 d5 2. e4
A03	Apertura Bird: Gambetto Williams	1. f4 d5 2. e4 dxe4 3. Nc3 Nf6 4. Qe2
A03	Apertura Bird: Gambetto Williams-Zilbermints	1. f4 d5 2. e4 dxe4 3. Nc3 Nf6 4. Nge2
A04	Sistema Colle: Variante del Ramforinco	1. Nf3 c5 2. e3 g6 3. d4 Bg7 4. dxc5 Qa5+
A04	Difesa Moderna: Variante Semi-Averbakh, Variante Polacca	1. Nf3 c5 2. c4 g6 3. d4 Bg7 4. e4 Qb6
A04	Difesa Moderna: Variante Semi-Averbakh, Variante dello Pterodattilo	1. Nf3 c5 2. c4 g6 3. d4 Bg7 4. e4 Qa5+
A04	Difesa Moderna: Variante Semi-Averbakh, Variante dello Pterodattilo Accettata	1. Nf3 g6 2. d4 Bg7 3. e4 d6 4. c4 c5 5. dxc5 Qa5+
A04	Difesa Zukertort: Variante sul lato di Re	1. Nf3 Nh6 2. d4 g6
A04	Difesa Zukertort: Variante Siciliana di Cavallo	1. Nf3 Na6 2. e4 c5
A04	Apertura Zukertort	1. Nf3
A04	Apertura Zukertort: Difesa Artica	1. Nf3 f6
A04	Apertura Zukertort: Difesa Artica, Variante Ubriaca di Cavallo	1. Nf3 f6 2. e4 Nh6 3. d4 Nf7
A04	Apertura Zukertort: Difesa Basman	1. Nf3 h6
A04	Apertura Zukertort: Difesa Black del Mustang	1. Nf3 Nc6
A04	Apertura Zukertort: Variante della Cavalleria Ubriaca	1. Nf3 Na6 2. e4 Nh6
A04	Apertura Zukertort: Variante Olandese	1. Nf3 f5
A04	Apertura Zukertort: Gambetto Herrstrom	1. Nf3 g5
A04	Apertura Zukertort: Fianchetto sul lato di Re	1. Nf3 g6
A04	Apertura Zukertort: Gambetto Lisitsyn	1. Nf3 f5 2. e4
A04	Apertura Zukertort: Gambetto Lisitsyn Differito	1. Nf3 f5 2. d3 Nf6 3. e4
A04	Apertura Zukertort: Invito Pirc	1. Nf3 d6
A04	Apertura Zukertort: Difesa Polacca	1. Nf3 b5
A04	Apertura Zukertort: Invito di Donna di Gambetto	1. Nf3 e6
A04	Apertura Zukertort: Variante sul lato di Donna del Fianchetto	1. Nf3 b6
A04	Apertura Zukertort: Gambetto Ross	1. Nf3 e5
A04	Apertura Zukertort: Gambetto Shabalov	1. Nf3 e6 2. c4 a6 3. Nc3 c5 4. g3 b5
A04	Apertura Zukertort: Invito Siciliano	1. Nf3 c5
A04	Apertura Zukertort: Invito Slavo	1. Nf3 c6
A04	Apertura Zukertort: Gambetto Speelsmet	1. Nf3 c5 2. d4 cxd4 3. e3
A04	Apertura Zukertort: Difesa San Giorgio	1. Nf3 a6
A04	Apertura Zukertort: Il Tricheco	1. Nf3 e5 2. Nxe5 Nc6 3. Nxc6 dxc6
A04	Apertura Zukertort: Gambetto Vos	1. Nf3 d6 2. d4 e5
A04	Apertura Zukertort: Difesa Wade	1. Nf3 d6 2. e4 Bg4
A04	Apertura Zukertort: Difesa Ware	1. Nf3 a5
A05	Attacco Indiano di Re	1. Nf3 Nf6 2. g3 d5
A05	Attacco Indiano di Re: Variante Smyslov	1. Nf3 Nf6 2. g3 g6 3. b4
A05	Attacco Indiano di Re: Variante Spassky	1. Nf3 Nf6 2. g3 b5
A05	Attacco Indiano di Re: Difesa Simmetrica	1. Nf3 Nf6 2. g3 g6
A05	Attacco Indiano di Re: Difesa Wahls	1. Nf3 Nf6 2. g3 g6 3. Bg2 Bg7 4. O-O O-O 5. d3 d5
A05	Apertura Polacca: Sistema Zukertort	1. Nf3 Nf6 2. b4 g6 3. Bb2
A05	Apertura Zukertort	1. Nf3 Nf6
A05	Apertura Zukertort	1. Nf3 Nf6 2. Nc3 Nc6
A05	Apertura Zukertort: Doppio Attacco del Fianchetto	1. Nf3 Nf6 2. g3 g6 3. b3 Bg7 4. Bb2 O-O 5. Bg2 d6 6. O-O
A05	Apertura Zukertort: Gambetto Lemberger	1. Nf3 Nf6 2. e4
A05	Apertura Zukertort: Attacco Myers Polacco	1. Nf3 Nf6 2. a4 g6 3. b4
A05	Apertura Zukertort: Variante Nimzo-Larsen	1. Nf3 Nf6 2. b3
A05	Apertura Zukertort: Sistema Tranquillo	1. Nf3 Nf6 2. e3
A06	Attacco Nimzo-Larsen: Variante Classica	1. Nf3 d5 2. b3
A06	Attacco Nimzo-Larsen: Gambetto del Norfolk	1. Nf3 d5 2. b3 c5 3. e4
A06	Attacco Nimzo-Larsen: Gambetto del Norfolk	1. Nf3 d5 2. b3 Nf6 3. Bb2 c5 4. e4
A06	Apertura Zukertort	1. Nf3 d5
A06	Apertura Zukertort: Variante Ampel	1. Nf3 d5 2. Rg1
A06	Apertura Zukertort: Vecchio Attacco Indiano	1. Nf3 d5 2. d3
A06	Apertura Zukertort: Gambetto Pachman	1. Nf3 d5 2. e3 c5 3. c4 dxc4 4. b3
A06	Apertura Zukertort: Gambetto Regina-Nu	1. Nf3 d5 2. b3 c5 3. c4 dxc4 4. Nc3
A06	Apertura Zukertort: Difesa Invertita Messicana	1. Nf3 d5 2. Nc3
A06	Apertura Zukertort: Follia di Santasiere	1. b4 d5 2. Nf3
A06	Apertura Zukertort: Gambetto Tennison	1. e4 d5 2. Nf3
A06	Apertura Zukertort: Gambetto Tennison, Trappola di Brigg	1. e4 d5 2. Nf3 dxe4 3. Ng5 Nf6 4. Nc3 Bf5 5. Qe2 Qd4
A06	Apertura Zukertort: La Patata	1. Nf3 d5 2. a4
A07	Apertura Ungherese: Gambetto Wiedenhagen-Beta	1. g3 d5 2. Nf3 g5
A07	Attacco Indiano di Re	1. Nf3 d5 2. g3
A07	Attacco Indiano di Re, con Af5	1. Nf3 Nf6 2. g3 d5 3. Bg2 c6 4. O-O Bf5
A07	Attacco Indiano di Re, con Af5	1. Nf3 Nf6 2. g3 d5 3. Bg2 c6 4. O-O Bf5 5. d3 h6
A07	Attacco Indiano di Re, con Af5	1. Nf3 Nf6 2. g3 d5 3. Bg2 c6 4. O-O Bf5 5. d3 h6 6. c4 dxc4
A07	Attacco Indiano di Re, con Af5	1. Nf3 Nf6 2. g3 d5 3. Bg2 c6 4. O-O Bf5 5. d3 e6 6. Nbd2
A07	Attacco Indiano di Re, con Af5	1. Nf3 Nf6 2. g3 d5 3. Bg2 c6 4. O-O Bf5 5. d3 e6 6. Nh4
A07	Attacco Indiano di Re, con e6	1. Nf3 Nf6 2. g3 d5 3. Bg2 e6
A07	Attacco Indiano di Re, con e6	1. Nf3 Nf6 2. g3 d5 3. Bg2 e6 4. O-O Be7
A07	Attacco Indiano di Re: Doppio Fianchetto	1. Nf3 d5 2. g3 g6
A07	Attacco Indiano di Re: Variante Keres	1. Nf3 d5 2. g3 Bg4
A07	Attacco Indiano di Re: Variante Keres	1. Nf3 d5 2. g3 Bg4 3. Bg2 Nd7
A07	Attacco Indiano di Re: Variante Keres	1. Nf3 d5 2. g3 c6 3. Bg2 Bg4 4. O-O Nd7
A07	Attacco Indiano di Re: Variante Keres	1. Nf3 d5 2. g3 c6 3. Bg2 Bg4 4. O-O Nd7 5. d4 Ngf6 6. c4 e6 7. cxd5 exd5 8. Nc3 Bd6
A07	Attacco Indiano di Re: Gambetto Omega-Delta	1. Nf3 d5 2. g3 e5
A07	Attacco Indiano di Re: Sistema Pachman	1. Nf3 d5 2. g3 g6 3. Bg2 Bg7 4. O-O e5 5. d3 Ne7
A07	Attacco Indiano di Re: Variante Siciliana	1. Nf3 d5 2. g3 c5
A07	Attacco Indiano di Re: Variante Jugoslava	1. Nf3 Nf6 2. g3 d5 3. Bg2 c6 4. O-O Bg4
A07	Attacco Indiano di Re: Variante Jugoslava	1. c4 e6 2. Nf3 d5 3. g3 Nf6 4. Bg2 b6 5. O-O
A08	Attacco Indiano di Re: Variante Francese	1. Nf3 d5 2. g3 c5 3. Bg2 Nc6
A08	Attacco Indiano di Re: Variante Siciliana	1. e4 e6 2. d3 d5 3. Nd2 Nf6 4. Ngf3 c5 5. g3 Nc6 6. Bg2 Be7 7. O-O O-O 8. Re1
A08	Attacco Indiano di Re: Variante Siciliana	1. Nf3 d5 2. g3 c5 3. Bg2
A08	Attacco Indiano di Re: Variante Siciliana	1. Nf3 d5 2. g3 c5 3. Bg2 Nf6 4. O-O e6 5. d3
A08	Apertura Zukertort: Grünfeld a colori invertiti	1. Nf3 d5 2. g3 c5 3. Bg2 Nc6 4. d4
A08	Apertura Zukertort: Grünfeld a colori invertiti	1. Nf3 d5 2. g3 c5 3. Bg2 Nc6 4. d4 Nf6
A08	Apertura Zukertort: Grünfeld a colori invertiti	1. Nf3 d5 2. g3 c5 3. Bg2 Nc6 4. d4 Nf6 5. O-O
A08	Apertura Zukertort: Grünfeld a colori invertiti	1. Nf3 d5 2. g3 c5 3. Bg2 Nc6 4. d4 e6 5. O-O
A09	Apertura Réti	1. Nf3 d5 2. c4
A09	Apertura Réti: Variante d'Avanzata	1. Nf3 d5 2. c4 d4
A09	Apertura Réti: Variante d'Avanzata, Gambetto Michel	1. Nf3 d5 2. c4 d4 3. b4 c5
A09	Apertura Réti: Variante d'Avanzata, Gambetto Navara	1. Nf3 d5 2. c4 d4 3. b4 g5
A09	Apertura Réti: Variante del Pinguino	1. Nf3 d5 2. c4 d4 3. Rg1
A09	Apertura Réti: Gambetto Blumenfeld Invertito	1. Nf3 d5 2. c4 d4 3. e3 c5 4. b4
A09	Apertura Réti: Réti	1. Nf3 d5 2. c4 dxc4
A09	Apertura Réti: Gambetto Réti, Variante Keres	1. Nf3 d5 2. c4 dxc4 3. e3 Be6
A09	Apertura Réti: Gambetto Zilbermints	1. Nf3 d5 2. c4 b5
A10	Apertura Inglese	1. c4
A10	Apertura Inglese: Gambetto Achilles-Omega	1. c4 Nf6 2. e4
A10	Apertura Inglese: Difesa Adorjan	1. c4 g6 2. e4 e5
A10	Apertura Inglese: Difesa Anglo-Olandese	1. c4 f5
A10	Apertura Inglese: Difesa Anglo-Olandese, Gambetto Hickmann	1. c4 f5 2. e4
A10	Apertura Inglese: Variante Anglo-Olandese, Gambetto Chabanon	1. c4 f5 2. Nf3 d6 3. e4
A10	Apertura Inglese: Variante Anglo-Olandese, Gambetto Ferenc	1. c4 f5 2. Nc3 Nf6 3. e4
A10	Apertura Inglese: Variante Anglo-Lituana	1. c4 Nc6
A10	Apertura Inglese: Difesa Anglo-Scandinava	1. c4 d5
A10	Apertura Inglese: Difesa Anglo-Scandinava, Gambetto Löhn	1. c4 d5 2. cxd5 e6
A10	Apertura Inglese: Difesa Anglo-Scandinava, Variante delle Malvinas	1. c4 d5 2. cxd5 Qxd5 3. Nc3 Qa5
A10	Apertura Inglese: Difesa Anglo-Scandinava, Gambetto Schulz	1. c4 d5 2. cxd5 Nf6
A10	Apertura Inglese: Grande Variante del Serpente	1. c4 g6
A10	Apertura Inglese: Gambetto Jaenisch	1. c4 b5
A10	Apertura Inglese: Variante Inglese di Re, Sistema Botvinnik, Sistema Spinoso di Pedone del Passo	1. c4 g6 2. Nc3 Bg7 3. g3 Nf6 4. Bg2 O-O 5. e4 d6 6. Nge2 e5 7. O-O c6 8. d3 a6
A10	Apertura Inglese: Difesa Myers	1. c4 g5
A10	Apertura Inglese: Gambetto Myers	1. c4 g5 2. d4 Bg7
A10	Apertura Inglese: Variante del Porcospino	1. c4 f5 2. Nc3 Nf6 3. e4 fxe4 4. g4
A10	Apertura Inglese: Gambetto Wade	1. c4 f5 2. g4
A10	Apertura Inglese: Gambetto Zilbermints	1. c4 g5 2. d4 e5
A11	Apertura Inglese: Sistema Caro-Kann Difensivo	1. c4 c6
A11	Apertura Réti: Variante Anglo-Slava, Sistema Gurevich	1. c4 c6 2. Nf3 d5 3. e3
A11	Apertura Réti: Variante Anglo-Slava, Sistema Gurevich	1. c4 c6 2. Nf3 d5 3. e3 Nf6 4. Qc2
A11	Apertura Réti: Variante Anglo-Slava, Sistema Gurevich	1. c4 c6 2. Nf3 d5 3. e3 Nf6 4. Nc3 Nbd7 5. Qc2
A11	Apertura Réti: Variante Anglo-Slava, Sistema Gurevich	1. c4 c6 2. Nf3 d5 3. e3 Nf6 4. Nc3 Nbd7 5. b3 e5
A11	Apertura Réti: Variante Anglo-Slava, Sistema Gurevich	1. c4 c6 2. Nf3 d5 3. e3 Nf6 4. Nc3 e6 5. b3 Bd6
A11	Apertura Réti: Variante Anglo-Slava, con g3	1. c4 c6 2. Nf3 d5 3. g3 Nf6 4. b3 g6
A11	Apertura Réti: Variante Anglo-Slava, con g3	1. c4 c6 2. Nf3 d5 3. g3 Nf6 4. Bg2
A11	Apertura Réti: Variante Anglo-Slava, con g3	1. c4 c6 2. Nf3 d5 3. g3 Nf6 4. Bg2 dxc4
A11	Apertura Réti: Variante Anglo-Slava, con g3	1. c4 c6 2. Nf3 d5 3. g3 Nf6 4. Bg2 Bf5
A11	Apertura Réti: Variante Anglo-Slava, con g3	1. c4 c6 2. Nf3 d5 3. g3 Nf6 4. Bg2 Bf5 5. O-O e6 6. d3
A11	Apertura Réti: Variante Anglo-Slava, con g3	1. Nf3 Nf6 2. g3 d5 3. Bg2 c6 4. O-O Bf5 5. d3 h6 6. c4 e6
A12	Apertura Réti: Variante Anglo-Slava	1. c4 Nf6 2. g3 c6 3. Nf3 d5 4. b3
A12	Apertura Réti: Variante Anglo-Slava, Variante di Bled	1. Nf3 d5 2. b3 Nf6 3. Bb2 g6 4. c4 c6
A12	Apertura Réti: Variante Anglo-Slava, Variante Bogoljubow	1. Nf3 d5 2. c4 c6 3. b3
A12	Apertura Réti: Variante Anglo-Slava, Variante Bogoljubow	1. Nf3 d5 2. c4 c6 3. b3 Bg4
A12	Apertura Réti: Variante Anglo-Slava, Variante Bogoljubow	1. Nf3 d5 2. c4 c6 3. b3 Bf5
A12	Apertura Réti: Variante Anglo-Slava, Variante Bogoljubow	1. Nf3 d5 2. c4 c6 3. b3 Bf5 4. Bb2
A12	Apertura Réti: Variante Anglo-Slava, Variante Capablanca	1. c4 Nf6 2. Nf3 c6 3. b3 d5 4. Bb2 Bg4
A12	Apertura Réti: Variante Anglo-Slava, Variante Capablanca	1. c4 Nf6 2. Nf3 c6 3. b3 d5 4. Bb2 Bg4 5. e3
A12	Apertura Réti: Variante Anglo-Slava, Variante Capablanca	1. c4 Nf6 2. Nf3 c6 3. b3 d5 4. Bb2 Bg4 5. d3
A12	Apertura Réti: Variante Anglo-Slava, Sistema Difensivo di Londra	1. c4 Nf6 2. g3 c6 3. Nf3 d5 4. b3 Bf5
A12	Apertura Réti: Variante Anglo-Slava, Sistema Difensivo di Londra	1. c4 Nf6 2. g3 c6 3. Nf3 d5 4. b3 Bf5 5. Bg2
A12	Apertura Réti: Variante Anglo-Slava, Sistema Difensivo di Londra	1. c4 Nf6 2. g3 c6 3. Nf3 d5 4. b3 Bf5 5. Bg2 e6 6. Bb2
A12	Apertura Réti: Variante Anglo-Slava, Sistema Difensivo di Londra	1. c4 Nf6 2. g3 c6 3. Nf3 d5 4. b3 Bf5 5. Bb2
A12	Apertura Réti: Variante Anglo-Slava, Nuovo Sistema York	1. Nf3 Nf6 2. c4 c6 3. b3 d5 4. Bb2 Bf5
A12	Apertura Réti: Variante Anglo-Slava, Nuovo Sistema York	1. Nf3 Nf6 2. c4 c6 3. b3 d5 4. Bb2 Bf5 5. e3
A12	Apertura Réti: Variante Anglo-Slava, Nuovo Sistema York	1. Nf3 Nf6 2. c4 c6 3. b3 d5 4. Bb2 Bf5 5. d3
A12	Apertura Réti: Variante Anglo-Slava, Sistema Torre	1. c4 Nf6 2. g3 c6 3. Nf3 d5 4. b3 Bg4
A12	Apertura Réti: Variante Anglo-Slava, Sistema Torre	1. c4 Nf6 2. g3 c6 3. Nf3 d5 4. b3 Bg4 5. Bg2
A12	Apertura Réti: Variante Anglo-Slava, Sistema Torre	1. c4 Nf6 2. g3 c6 3. Nf3 d5 4. b3 Bg4 5. Bg2 e6 6. Bb2
A12	Apertura Réti: Variante Anglo-Slava, Sistema Torre	1. c4 Nf6 2. g3 c6 3. Nf3 d5 4. b3 Bg4 5. Bb2
A12	Apertura Réti: Variante Anglo-Slava, con dxc4	1. c4 Nf6 2. g3 c6 3. Nf3 d5 4. b3 dxc4
A13	Apertura Inglese: Difesa Agincourt	1. c4 e6
A13	Apertura Inglese: Difesa Agincourt	1. c4 e6 2. Nf3
A13	Apertura Inglese: Difesa Agincourt	1. c4 e6 2. Nf3 d5
A13	Apertura Inglese: Difesa Agincourt	1. c4 e6 2. Nf3 d5 3. b3 Nf6 4. Bb2 Be7 5. e3 O-O
A13	Apertura Inglese: Difesa Agincourt	1. c4 e6 2. Nf3 d5 3. b3 Nf6 4. Bb2 Be7 5. e3 O-O 6. d4
A13	Apertura Inglese: Difesa Agincourt, Difesa Bogoljubow	1. c4 e6 2. Nf3 d5 3. g3 Nf6 4. Bg2 Bd6
A13	Apertura Inglese: Difesa Agincourt, Difesa Catalana	1. c4 e6 2. Nf3 d5 3. g3 b6 4. Bg2 Bb7 5. O-O
A13	Apertura Inglese: Difesa Agincourt, Difesa Catalana	1. c4 e6 2. Nf3 d5 3. g3 c5
A13	Apertura Inglese: Difesa Agincourt, Difesa Catalana Accettata	1. c4 e6 2. Nf3 Nf6 3. g3 d5 4. Bg2 dxc4
A13	Apertura Inglese: Difesa Agincourt, Difesa Catalana, Difesa Semi-Slava	1. c4 e6 2. Nf3 Nf6 3. g3 d5 4. Bg2 c6
A13	Apertura Inglese: Difesa Agincourt, Difesa Kurajica	1. c4 e6 2. Nf3 d5 3. g3 c6
A13	Apertura Inglese: Difesa Agincourt, Difesa Tarrasch	1. c4 e6 2. Nf3 d5 3. g3 Nf6 4. Bg2 c5 5. b3 Nc6 6. O-O Be7
A13	Apertura Inglese: Difesa Agincourt, Sistema Fiacco	1. c4 e6 2. Nf3 Nf6 3. b3 d5 4. Bb2 c5 5. e3
A13	Apertura Inglese: Neo-Catalana	1. c4 e6 2. Nf3 d5 3. g3 Nf6
A13	Apertura Inglese: Neo-Catalana Rifiutata	1. c4 e6 2. Nf3 d5 3. g3 Nf6 4. Bg2 Be7
A13	Apertura Inglese: Gambetto Romanishin	1. c4 Nf6 2. Nf3 e6 3. g3 a6 4. Bg2 b5
A14	Apertura Inglese: Difesa Agincourt, Difesa Keres	1. c4 e6 2. Nf3 d5 3. g3 Nf6 4. Bg2 Be7 5. O-O c5 6. cxd5 Nxd5 7. Nc3 Nc6
A14	Apertura Inglese: Difesa Agincourt, Neo-Catalana Rifiutata	1. c4 e6 2. Nf3 d5 3. g3 Nf6 4. Bg2 Be7 5. O-O
A14	Apertura Inglese: Difesa Agincourt, Neo-Catalana Rifiutata	1. c4 e6 2. Nf3 d5 3. g3 Nf6 4. Bg2 Be7 5. O-O O-O 6. b3
A14	Apertura Inglese: Difesa Agincourt, Neo-Catalana Rifiutata	1. Nf3 d5 2. g3 Nf6 3. Bg2 e6 4. O-O Be7 5. c4 O-O 6. b3 c5
A14	Apertura Inglese: Difesa Agincourt, Neo-Catalana Rifiutata	1. Nf3 d5 2. g3 Nf6 3. Bg2 e6 4. O-O Be7 5. c4 O-O 6. b3 c5 7. e3
A14	Apertura Inglese: Difesa Agincourt, Neo-Catalana Rifiutata	1. Nf3 d5 2. g3 Nf6 3. Bg2 e6 4. O-O Be7 5. c4 O-O 6. b3 c5 7. e3 d4
A14	Apertura Inglese: Difesa Agincourt, Neo-Catalana Rifiutata	1. Nf3 d5 2. g3 Nf6 3. Bg2 e6 4. O-O Be7 5. c4 O-O 6. b3 c5 7. e3 Nc6
A14	Apertura Inglese: Difesa Agincourt, Neo-Catalana Rifiutata, b3 Anticipato	1. c4 e6 2. Nf3 d5 3. g3 Nf6 4. Bg2 Be7 5. b3
A14	Apertura Inglese: Difesa Agincourt, Neo-Catalana Rifiutata, b3 Anticipato	1. c4 e6 2. Nf3 d5 3. g3 Nf6 4. Bg2 Be7 5. b3 b6
A14	Apertura Inglese: Difesa Agincourt, Neo-Catalana Rifiutata, b3 Anticipato	1. c4 e6 2. Nf3 d5 3. g3 Nf6 4. Bg2 Be7 5. b3 c5
A14	Apertura Réti: Variante Anglo-Slava	1. Nf3 d5 2. c4 c6 3. g3 Nf6 4. Bg2 e6 5. b3 Be7 6. Bb2
A14	Apertura Réti: Variante Anglo-Slava, Variante Bogoljubow, Linea Stonewall	1. Nf3 d5 2. c4 e6 3. g3 Nf6 4. Bg2 Be7 5. O-O O-O 6. b3 c6 7. Bb2
A15	Apertura Inglese: Difesa Anglo-Indiana	1. c4 Nf6
A15	Apertura Inglese: Difesa Anglo-Indiana, Anti-Anti-Grünfeld	1. c4 Nf6 2. Nc3 g6 3. Nf3 Bg7 4. e4
A15	Apertura Inglese: Difesa Anglo-Indiana, Formazione Grünfeld	1. c4 Nf6 2. Nf3 g6 3. g3 d5
A15	Apertura Inglese: Difesa Anglo-Indiana, Formazione Indiana di Re	1. c4 Nf6 2. Nf3 g6
A15	Apertura Inglese: Difesa Anglo-Indiana, Formazione Indiana di Re, Doppio Fianchetto	1. c4 Nf6 2. Nf3 g6 3. g3 b6 4. Bg2 Bb7
A15	Apertura Inglese: Difesa Anglo-Indiana, Variante del Cavallo di Re	1. c4 Nf6 2. Nf3
A15	Apertura Inglese: Difesa Anglo-Indiana, Vecchia Formazione Indiana	1. c4 Nf6 2. Nf3 d6
A15	Apertura Inglese: Difesa Anglo-Indiana, Formazione Indiana di Donna	1. c4 Nf6 2. Nf3 b6
A15	Apertura Inglese: Difesa Anglo-Indiana, Formazione Indiana di Donna	1. c4 e6 2. Nf3 Nf6 3. g3 b6 4. Bg2 Bb7
A15	Apertura Inglese: Difesa Anglo-Indiana, Variante Romanishin	1. c4 e6 2. Nf3 Nf6 3. g3 a6
A15	Apertura Inglese: Difesa Anglo-Indiana, Difesa Scandinava	1. c4 Nf6 2. Nf3 d5
A15	Apertura Inglese: Difesa Anglo-Indiana, Difesa Scandinava, Variante di Cambio	1. c4 Nf6 2. Nf3 d5 3. cxd5 Nxd5
A15	Apertura Inglese: Difesa Anglo-Indiana, Formazione Slava	1. c4 Nf6 2. Nf3 g6 3. g3 c6
A15	Orangutan Inglese	1. c4 Nf6 2. b4
A15	Orangutan Inglese	1. c4 Nf6 2. Nf3 g6 3. b4
A16	Apertura Inglese: Difesa Anglo-Grünfeld	1. c4 Nf6 2. Nc3 d5
A16	Apertura Inglese: Difesa Anglo-Grünfeld, Variante Korchnoi	1. c4 Nf6 2. Nc3 d5 3. cxd5 Nxd5 4. Nf3 g6 5. g3 Bg7 6. Bg2 e5
A16	Apertura Inglese: Difesa Anglo-Indiana, Variante Anglo-Grünfeld	1. c4 Nf6 2. Nc3 d5 3. cxd5 Nxd5 4. Nf3
A16	Apertura Inglese: Difesa Anglo-Indiana, Variante Anglo-Grünfeld	1. c4 Nf6 2. Nc3 d5 3. cxd5 Nxd5 4. Nf3 g6
A16	Apertura Inglese: Difesa Anglo-Indiana, Variante Anglo-Grünfeld	1. c4 Nf6 2. Nc3 d5 3. cxd5 Nxd5 4. g3 g6 5. Bg2 Nb6
A16	Apertura Inglese: Difesa Anglo-Indiana, Variante Anglo-Grünfeld	1. c4 Nf6 2. Nc3 d5 3. cxd5 Nxd5 4. g3 g6 5. Bg2 Nxc3
A16	Apertura Inglese: Difesa Anglo-Indiana, Variante del Cavallo di Donna	1. c4 Nf6 2. Nc3
A17	Apertura Inglese: Difesa Anglo-Indiana	1. c4 Nf6 2. Nc3 d5 3. cxd5 Nxd5 4. Nf3 c5 5. e3 e6
A17	Apertura Inglese: Difesa Anglo-Indiana, Sistema del Riccio	1. c4 Nf6 2. Nc3 e6
A17	Apertura Inglese: Difesa Anglo-Indiana, Nimzo-Inglese	1. c4 Nf6 2. Nc3 e6 3. Nf3 Bb4
A17	Apertura Inglese: Difesa Anglo-Indiana, Formazione Indiana di Donna	1. c4 e6 2. Nc3 Nf6 3. Nf3 b6
A17	Apertura Inglese: Difesa Anglo-Indiana, Variante Indiana di Donna	1. c4 e6 2. Nc3 Nf6 3. Nf3 b6 4. e4 Bb7 5. Bd3
A17	Apertura Inglese: Difesa Anglo-Indiana, Attacco Zvjaginsev-Krasenkow	1. c4 e6 2. Nc3 Nf6 3. Nf3 Bb4 4. g4
A18	Apertura Inglese: Variante Mikenas-Carls	1. c4 e6 2. Nc3 Nf6 3. e4
A18	Apertura Inglese: Variante Mikenas-Carls	1. c4 e6 2. Nc3 Nf6 3. e4 Nc6
A18	Apertura Inglese: Variante Mikenas-Carls	1. c4 e6 2. Nc3 Nf6 3. e4 d5 4. e5
A19	Apertura Inglese: Difesa Anglo-Indiana, Variante Flohr-Mikenas-Carls, Gambetto Nei	1. c4 e6 2. Nc3 Nf6 3. e4 c5 4. e5 Ng8
A19	Apertura Inglese: Mikenas-Carls, Siciliana	1. c4 e6 2. Nc3 Nf6 3. e4 c5
A20	Apertura Inglese: Variante del Trapano	1. c4 e5 2. g3 h5
A20	Apertura Inglese: Variante Inglese di Re	1. c4 e5
A20	Apertura Inglese: Variante Inglese di Re, Gambetto Kahiko-Hula	1. c4 e5 2. e3 Nf6 3. f4 exf4 4. Nf3
A20	Apertura Inglese: Variante Inglese di Re, Variante Nimzowitsch	1. c4 e5 2. Nf3
A20	Apertura Inglese: Variante Inglese di Re, Variante Nimzowitsch-Flohr	1. c4 e5 2. Nf3 e4
A21	Apertura Inglese: Variante Inglese di Re	1. c4 e5 2. Nc3 d6 3. Nf3
A21	Apertura Inglese: Variante Inglese di Re, Difesa Keres	1. c4 e5 2. Nc3 d6 3. g3 c6
A21	Apertura Inglese: Variante Inglese di Re, Contrattacco Kramnik-Shirov	1. c4 e5 2. Nc3 Bb4
A21	Apertura Inglese: Variante Inglese di Re, Siciliana a colori invertiti	1. c4 e5 2. Nc3
A21	Apertura Inglese: Variante Inglese di Re, Difesa Smyslov	1. c4 e5 2. Nc3 d6 3. Nf3 Bg4
A21	Apertura Inglese: Variante Inglese di Re, Difesa Troger	1. c4 e5 2. Nc3 Nc6 3. g3 d6 4. Bg2 Be6
A22	Apertura Inglese: Sistema Carls-Bremen	1. c4 e5 2. Nc3 Nf6 3. g3
A22	Apertura Inglese: Variante Inglese di Re, Gambetto Adhiban	1. c4 e5 2. Nc3 Nf6 3. Nf3 e4 4. Ng5 c6
A22	Apertura Inglese: Variante Inglese di Re, Gambetto Bellon	1. c4 e5 2. Nc3 Nf6 3. Nf3 e4 4. Ng5 b5
A22	Apertura Inglese: Variante Inglese di Re, Variante dei Due Cavalli	1. c4 e5 2. Nc3 Nf6
A22	Apertura Inglese: Variante Inglese di Re, Variante dei Due Cavalli, Dragone a colori invertiti	1. c4 e5 2. Nc3 Nf6 3. g3 d5
A22	Apertura Inglese: Variante Inglese di Re, Variante dei Due Cavalli, Sistema Smyslov	1. c4 e5 2. Nc3 Nf6 3. g3 Bb4
A22	Apertura Inglese: Inglese di Re, Gambetto Erbenheimer	1. c4 e5 2. Nc3 Nf6 3. Nf3 e4 4. Ng5 Ng4
A22	Apertura Inglese: Inglese di Re, Mazedonisch	1. c4 e5 2. Nc3 Nf6 3. f4
A23	Apertura Inglese: Variante Inglese di Re, Variante dei Due Cavalli, Variante Keres	1. c4 e5 2. Nc3 Nf6 3. g3 c6
A23	Apertura Inglese: Variante Inglese di Re, Variante dei Due Cavalli, Variante Keres	1. c4 e5 2. Nc3 Nf6 3. g3 Bc5 4. Bg2 c6
A24	Apertura Inglese: Variante Inglese di Re, Variante dei Due Cavalli, Linea del Fianchetto	1. c4 e5 2. Nc3 Nf6 3. g3 g6
A25	Apertura Inglese: Chiusa, Variante Taimanov	1. c4 e5 2. Nc3 Nc6 3. g3 g6 4. Rb1 Nh6 5. Bg2 Bg7
A25	Apertura Inglese: Chiusa, Variante Taimanov	1. c4 e5 2. Nc3 Nc6 3. g3 g6 4. Bg2 Bg7 5. e3 d6 6. Nge2 Nh6
A25	Apertura Inglese: Variante Inglese di Re, Variante Bremen-Hort	1. c4 e5 2. Nc3 Nc6 3. g3 g6 4. Bg2 Bg7 5. e3 d6 6. Nge2 Be6
A25	Apertura Inglese: Variante Inglese di Re, Sistema Chiuso	1. c4 e5 2. Nc3 Nc6 3. g3 g6 4. Bg2 Bg7 5. d3
A25	Apertura Inglese: Variante Inglese di Re, Attacco Ungherese	1. c4 e5 2. Nc3 Nc6 3. g3 g6 4. Bg2 Bg7 5. Rb1
A25	Apertura Inglese: Variante Inglese di Re, Siciliana Chiusa a colori invertiti	1. c4 e5 2. Nc3 Nc6
A25	Apertura Inglese: Variante Inglese di Re, Siciliana Chiusa a colori invertiti	1. c4 e5 2. g3 Nf6 3. Bg2 Nc6 4. Nc3 Bb4 5. Nd5
A25	Apertura Inglese: Variante Inglese di Re, Siciliana Chiusa a colori invertiti	1. c4 e5 2. g3 Nf6 3. Bg2 Nc6 4. Nc3 Bb4 5. e4 d6 6. Nge2
A25	Apertura Inglese: Variante Inglese di Re, Siciliana Chiusa a colori invertiti	1. c4 e5 2. g3 Nf6 3. Bg2 Nc6 4. Nc3 Bb4 5. e4 d6 6. Nge2 Bg4
A25	Apertura Inglese: Variante Inglese di Re, Siciliana Chiusa a colori invertiti	1. c4 e5 2. Nc3 Nf6 3. g3 Bb4 4. e4 O-O 5. Nge2 Nc6 6. Bg2
A25	Apertura Inglese: Variante Inglese di Re, Variante Taimanov	1. c4 e5 2. Nc3 Nc6 3. g3 g6 4. Bg2 Bg7
A26	Apertura Inglese: Variante Inglese di Re, Sistema Botvinnik	1. c4 e5 2. Nc3 Nc6 3. g3 g6 4. Bg2 Bg7 5. d3 d6 6. e4
A26	Apertura Inglese: Variante Inglese di Re, Sistema Chiuso, Simmetria Completa	1. c4 e5 2. Nc3 Nc6 3. g3 g6 4. Bg2 Bg7 5. d3 d6
A27	Apertura Inglese: Variante Inglese di Re, Sistema dei Tre Cavalli	1. c4 e5 2. Nc3 Nc6 3. Nf3
A28	Apertura Inglese: Sistema dei Quattro Cavalli, Variante Nimzowitsch	1. c4 e5 2. Nc3 Nf6 3. Nf3 Nc6 4. e4
A28	Apertura Inglese: Variante Inglese di Re, Variante dei Quattro Cavalli	1. c4 e5 2. Nc3 Nf6 3. Nf3 Nc6
A28	Apertura Inglese: Variante Inglese di Re, Variante dei Quattro Cavalli	1. c4 e5 2. Nc3 Nf6 3. Nf3 Nc6 4. d4 exd4 5. Nxd4 Bb4 6. Bg5 h6 7. Bh4 Bxc3+ 8. bxc3 Ne5
A28	Apertura Inglese: Variante Inglese di Re, Variante dei Quattro Cavalli, Variante Bradley della Spiaggia	1. c4 e5 2. Nc3 Nf6 3. Nf3 Nc6 4. d4 e4
A28	Apertura Inglese: Variante Inglese di Re, Variante dei Quattro Cavalli, Linea Flessibile	1. c4 e5 2. Nc3 Nf6 3. Nf3 Nc6 4. d3
A28	Apertura Inglese: Variante Inglese di Re, Variante dei Quattro Cavalli, Linea Korchnoi	1. c4 e5 2. Nc3 Nf6 3. Nf3 Nc6 4. a3
A28	Apertura Inglese: Variante Inglese di Re, Variante dei Quattro Cavalli, Linea Tranquilla	1. c4 e5 2. Nc3 Nf6 3. Nf3 Nc6 4. e3
A28	Apertura Inglese: Variante Inglese di Re, Variante dei Quattro Cavalli, Linea Tranquilla	1. c4 e5 2. Nc3 Nf6 3. Nf3 Nc6 4. e3 Bb4 5. Qc2 Bxc3
A28	Apertura Inglese: Variante Inglese di Re, Variante dei Quattro Cavalli, Linea Tranquilla	1. c4 e5 2. Nc3 Nf6 3. Nf3 Nc6 4. e3 Bb4 5. Qc2 O-O 6. Nd5 Re8 7. Qf5
A29	Apertura Inglese: Variante Inglese di Re, Variante dei Quattro Cavalli, Linea del Fianchetto	1. c4 e5 2. Nc3 Nf6 3. Nf3 Nc6 4. g3
A29	Apertura Inglese: Variante Inglese di Re, Variante dei Quattro Cavalli, Linea del Fianchetto	1. c4 e5 2. Nc3 Nf6 3. Nf3 Nc6 4. g3 Bb4
A29	Apertura Inglese: Variante Inglese di Re, Variante dei Quattro Cavalli, Linea del Fianchetto	1. c4 e5 2. Nc3 Nf6 3. Nf3 Nc6 4. g3 Bb4 5. Bg2 Bxc3 6. dxc3 d6 7. O-O O-O
A29	Apertura Inglese: Variante Inglese di Re, Variante dei Quattro Cavalli, Linea del Fianchetto	1. c4 e5 2. g3 Nf6 3. Bg2 d5 4. cxd5 Nxd5 5. Nf3 Nc6
A29	Apertura Inglese: Variante Inglese di Re, Variante dei Quattro Cavalli, Linea del Fianchetto	1. c4 e5 2. g3 Nf6 3. Bg2 d5 4. cxd5 Nxd5 5. Nf3 Nc6 6. d3
A29	Apertura Inglese: Variante Inglese di Re, Variante dei Quattro Cavalli, Linea del Fianchetto	1. c4 e5 2. g3 Nf6 3. Bg2 d5 4. cxd5 Nxd5 5. Nf3 Nc6 6. d3 Be7 7. O-O O-O
A29	Apertura Inglese: Variante Inglese di Re, Variante dei Quattro Cavalli, Linea del Fianchetto, ..Cc6 Ritardato	1. c4 e5 2. Nc3 Nf6 3. g3 Bb4 4. Bg2 O-O 5. Nf3 Re8 6. O-O e4 7. Nd4 Nc6
A29	Apertura Inglese: Variante Inglese di Re, Variante dei Quattro Cavalli, Linea del Fianchetto, con .. d6	1. c4 e5 2. Nc3 Nf6 3. Nf3 Nc6 4. g3 Bc5 5. d3 d6 6. Bg2
A29	Apertura Inglese: Variante Inglese di Re, Variante dei Quattro Cavalli, Linea del Fianchetto, con .. d6	1. c4 e5 2. Nc3 Nf6 3. Nf3 Nc6 4. g3 Bc5 5. d3 d6 6. Bg2 O-O 7. O-O
A29	Apertura Inglese: Variante Inglese di Re, Variante dei Quattro Cavalli, Linea del Fianchetto, con .. d6, Ae7	1. c4 e5 2. Nc3 Nf6 3. g3 Nc6 4. Bg2 d6 5. d3 Be7 6. Nf3 O-O
A29	Apertura Inglese: Variante Inglese di Re, Variante dei Quattro Cavalli, Linea del Fianchetto, con .. d6, a6	1. c4 e5 2. Nc3 Nf6 3. Nf3 Nc6 4. g3 Bc5 5. d3 d6 6. Bg2 a6
A29	Apertura Inglese: Variante Inglese di Re, Variante dei Quattro Cavalli, Linea del Fianchetto, con .. d6, h6	1. c4 e5 2. Nc3 Nf6 3. Nf3 Nc6 4. g3 Bc5 5. d3 d6 6. Bg2 h6
A29	Apertura Inglese: Variante Inglese di Re, Variante dei Quattro Cavalli, Linea del Fianchetto, con Ac5	1. c4 e5 2. Nc3 Nf6 3. Nf3 Nc6 4. g3 d5 5. cxd5 Nxd5 6. Bg2 Bc5
A29	Apertura Inglese: Variante Inglese di Re, Variante dei Quattro Cavalli, Linea del Fianchetto, con Cb6	1. c4 e5 2. Nc3 Nf6 3. Nf3 Nc6 4. g3 d5 5. cxd5 Nxd5 6. Bg2 Nb6
A30	Apertura Inglese: Variante Simmetrica	1. c4 c5
A30	Apertura Inglese: Variante Simmetrica	1. c4 c5 2. Nf3
A30	Apertura Inglese: Variante Simmetrica, Difesa del Riccio	1. c4 e6 2. Nf3 Nf6 3. Nc3 c5 4. g3 b6 5. Bg2 Bb7 6. O-O Be7
A30	Apertura Inglese: Variante Simmetrica, Gambetto Napolitano	1. c4 c5 2. Nf3 Nf6 3. b4
A30	Apertura Inglese: Simmetrica, Riccio, Formazione Flessibile	1. c4 e6 2. Nf3 c5 3. Nc3 Nf6 4. g3 b6 5. Bg2 Bb7 6. O-O Be7 7. d4 cxd4 8. Qxd4 d6 9. Rd1 a6 10. b3 Nbd7
A30	Apertura Inglese: Gambetto dell'Ala	1. c4 c5 2. b4
A31	Apertura Inglese: Variante Simmetrica, Variante Anti-Benoni	1. c4 Nf6 2. d4 c5 3. Nf3
A32	Apertura Inglese: Variante Simmetrica, Variante Anti-Benoni, Difesa Spielmann	1. c4 e6 2. d4 c5 3. Nf3 cxd4 4. Nxd4 Nf6
A33	Apertura Inglese: Variante Simmetrica, Variante Anti-Benoni, Variante Geller	1. c4 e6 2. Nf3 Nf6 3. Nc3 c5 4. d4 Nc6 5. g3 cxd4 6. Nxd4 Qb6
A33	Apertura Inglese: Variante Simmetrica, Variante Anti-Benoni, Difesa Spielmann	1. c4 e6 2. Nf3 Nf6 3. Nc3 c5 4. d4 cxd4 5. Nxd4 Nc6
A34	Apertura Inglese: Variante Simmetrica	1. c4 c5 2. Nf3 Nf6 3. Nc3 Nc6 4. g3 d5 5. d4 cxd4
A34	Apertura Inglese: Variante Simmetrica, Variante del Fianchetto	1. c4 Nf6 2. Nc3 c5 3. g3
A34	Apertura Inglese: Variante Simmetrica, Variante Normale	1. c4 c5 2. Nc3
A34	Apertura Inglese: Variante Simmetrica, Variante Rubinstein	1. c4 Nf6 2. Nc3 c5 3. g3 d5 4. cxd5 Nxd5 5. Bg2 Nc7
A34	Apertura Inglese: Variante Simmetrica, Variante Rubinstein	1. c4 c5 2. Nf3 Nf6 3. Nc3 d5 4. cxd5 Nxd5 5. g3 Nc6 6. Bg2 Nc7
A34	Apertura Inglese: Variante Simmetrica, Variante dei Tre Cavalli	1. c4 c5 2. Nc3 Nf6 3. Nf3
A35	Apertura Inglese: Variante Simmetrica	1. c4 c5 2. Nc3 Nf6 3. Nf3 e5
A35	Apertura Inglese: Variante Simmetrica, Variante dei Quattro Cavalli	1. c4 c5 2. Nf3 Nf6 3. Nc3 Nc6
A35	Apertura Inglese: Variante Simmetrica, Variante dei Quattro Cavalli, Sistema Keres-Parma	1. c4 c5 2. Nf3 Nf6 3. Nc3 Nc6 4. g3 e6
A35	Apertura Inglese: Variante Simmetrica, Variante dei Due Cavalli	1. c4 c5 2. Nc3 Nc6
A36	Apertura Inglese: Variante Simmetrica, Sistema Botvinnik	1. c4 c5 2. e4 Nc6 3. Nc3 g6 4. g3 Bg7 5. Bg2
A36	Apertura Inglese: Variante Simmetrica, Sistema Botvinnik Invertito, con e3	1. c4 c5 2. Nc3 Nc6 3. g3 g6 4. Bg2 Bg7 5. e3 e5
A36	Apertura Inglese: Variante Simmetrica, Due Cavalli, Variante del Fianchetto	1. c4 c5 2. Nc3 Nc6 3. g3
A36	Apertura Inglese: Variante Simmetrica, Variante Ultra-Simmetrica	1. c4 c5 2. g3 g6 3. Bg2 Bg7 4. Nc3 Nc6
A37	Apertura Inglese: Variante Simmetrica, Sistema Botvinnik Invertito, con Cf3	1. c4 c5 2. Nc3 Nc6 3. g3 g6 4. Bg2 Bg7 5. Nf3 e5
A37	Apertura Inglese: Variante Simmetrica, Sistema Botvinnik Invertito, con Cf3	1. c4 c5 2. Nc3 Nc6 3. g3 g6 4. Bg2 Bg7 5. Nf3 e5 6. O-O d6
A37	Apertura Inglese: Variante Simmetrica, Sistema Botvinnik Invertito, con Cf3	1. c4 c5 2. Nc3 Nc6 3. g3 g6 4. Bg2 Bg7 5. Nf3 e5 6. O-O Nge7
A37	Apertura Inglese: Variante Simmetrica, Sistema Botvinnik Invertito, con Cf3	1. c4 c5 2. Nc3 Nc6 3. g3 g6 4. Bg2 Bg7 5. Nf3 e5 6. O-O Nge7 7. a3
A37	Apertura Inglese: Variante Simmetrica, Sistema Botvinnik Invertito, con Cf3	1. c4 c5 2. Nc3 Nc6 3. g3 g6 4. Bg2 Bg7 5. Nf3 e5 6. O-O Nge7 7. d3
A37	Apertura Inglese: Variante Simmetrica, Sistema Botvinnik Invertito, con Cf3	1. c4 c5 2. Nc3 Nc6 3. g3 g6 4. Bg2 Bg7 5. Nf3 e5 6. O-O Nge7 7. d3 d6
A37	Apertura Inglese: Variante Simmetrica, Tre Cavalli, Variante del Fianchetto	1. c4 c5 2. Nc3 Nc6 3. g3 g6 4. Bg2 Bg7 5. Nf3
A37	Apertura Inglese: Variante Simmetrica, Tre Cavalli, Variante del Fianchetto	1. c4 c5 2. Nf3 Nc6 3. g3 g6 4. Bg2 Bg7 5. O-O d6 6. Nc3
A37	Apertura Inglese: Variante Simmetrica, Tre Cavalli, Variante del Fianchetto	1. c4 c5 2. Nf3 Nc6 3. g3 g6 4. Bg2 Bg7 5. O-O e6 6. Nc3
A38	Apertura Inglese: Variante Simmetrica, Doppio Fianchetto	1. c4 c5 2. Nc3 Nc6 3. g3 g6 4. Bg2 Bg7 5. Nf3 Nf6 6. O-O O-O 7. b3
A38	Apertura Inglese: Variante Simmetrica, Variante Duchamp	1. c4 Nf6 2. Nf3 g6 3. g3 Bg7 4. Bg2 O-O 5. O-O c5 6. Nc3 Nc6 7. d3
A38	Apertura Inglese: Variante Simmetrica, Linea Completa della Simmetria	1. c4 Nf6 2. Nf3 c5 3. Nc3 Nc6 4. g3 g6 5. Bg2 Bg7
A39	Apertura Inglese: Variante Simmetrica, Variante Mecking	1. c4 Nf6 2. Nf3 c5 3. Nc3 Nc6 4. g3 g6 5. Bg2 Bg7 6. O-O O-O 7. d4
A40	Difesa Australiana	1. d4 Na6
A40	Difesa Benoni: Ibrido Franco-Siciliano	1. d4 e6 2. c4 c5 3. d5 exd5 4. cxd5 d6 5. Nc3 g6 6. e4 Bg7 7. Nf3 Ne7
A40	Difesa Borg: Gambetto Borg	1. d4 g5
A40	Sistema Colle: Variante dello Pterodattilo	1. d4 g6 2. Nf3 Bg7 3. e3 c5 4. Bd3 Qa5+
A40	Sistema Colle: Variante del Siroccopteryx	1. d4 g6 2. Nf3 Bg7 3. e3 c5 4. Bd3 cxd4 5. Nxd4 Qa5+
A40	Difesa Inglese	1. d4 b6
A40	Difesa Inglese	1. d4 e6 2. c4 b6
A40	Difesa Inglese: Gambetto di Eastbourne	1. d4 b6 2. c4 Bb7 3. Nc3 e5
A40	Difesa Inglese: Gambetto Hartlaub Accettato	1. c4 e6 2. d4 b6 3. Nc3 Bb7 4. e4 f5 5. exf5 Nf6
A40	Difesa Inglese: Gambetto Hartlaub Rifiutato	1. c4 e6 2. d4 b6 3. Nc3 Bb7 4. e4 f5 5. d5
A40	Difesa Inglese: Variante Perrin	1. d4 e6 2. c4 b6 3. e4 Bb7 4. Bd3 Nc6
A40	Difesa Inglese: Gambetto Poli	1. d4 e6 2. c4 b6 3. e4 Bb7 4. f3 f5 5. exf5 Nh6
A40	Gambetto Englund	1. d4 e5
A40	Gambetto Englund Rifiutato	1. d4 e5 2. d5
A40	Gambetto Englund Rifiutato: Contrattacco Diemer	1. d4 e5 2. d5 Bc5 3. e4 Qh4
A40	Gambetto Englund Rifiutato: Alekhine a colori invertiti	1. d4 e5 2. Nf3
A40	Gambetto Englund Rifiutato: di Brooklyn a colori invertiti	1. d4 e5 2. Nf3 e4 3. Ng1
A40	Gambetto Englund Rifiutato: Francese a colori invertiti	1. d4 e5 2. e3
A40	Gambetto Englund Rifiutato: Krebs a colori invertiti	1. d4 e5 2. Nf3 e4
A40	Gambetto Englund Rifiutato: Mokele Mbembe a colori invertiti	1. d4 e5 2. Nf3 e4 3. Ne5
A40	Gambetto Englund: Gambetto Felbecker	1. d4 e5 2. dxe5 Nc6 3. Nf3 Bc5
A40	Gambetto Englund: Gambetto Hartlaub-Charlick	1. d4 e5 2. dxe5 d6
A40	Gambetto Englund: Linea principale	1. d4 e5 2. dxe5 Nc6 3. Nf3 Qe7
A40	Gambetto Englund: Gambetto della Zanzara	1. d4 e5 2. dxe5 Qh4
A40	Gambetto Englund: Gambetto Soller	1. d4 e5 2. dxe5 f6
A40	Gambetto Englund: Gambetto Soller Differito	1. d4 e5 2. dxe5 Nc6 3. Nf3 f6
A40	Gambetto Englund: Variante di Stoccolma	1. d4 e5 2. dxe5 Nc6 3. Nf3 Qe7 4. Qd5
A40	Gambetto Englund: Gambetto Zilbermints	1. d4 e5 2. dxe5 Nc6 3. Nf3 Nge7
A40	Difesa Horwitz	1. d4 e6
A40	Difesa Horwitz: Gambetto Zilbermints	1. d4 e6 2. c4 e5
A40	Difesa del Canguro	1. d4 e6 2. c4 Bb4+
A40	Difesa del Canguro: Difesa Keres, Variante Di trasposizione	1. d4 e6 2. c4 Bb4+ 3. Nc3
A40	Difesa Mikenas	1. d4 Nc6
A40	Difesa Mikenas: Variante Cannstatter	1. d4 Nc6 2. c4 e5 3. d5 Nd4
A40	Difesa Mikenas: Variante Lituana	1. d4 Nc6 2. c4 e5 3. d5 Nce7
A40	Difesa Mikenas: Gambetto Pozarek	1. d4 Nc6 2. c4 e5 3. dxe5 Nxe5 4. Nc3 Nxc4
A40	Difesa Moderna: Variante del Beefeater	1. d4 g6 2. c4 Bg7 3. Nc3 c5 4. d5 Bxc3+ 5. bxc3 f5
A40	Difesa Moderna: Difesa della Lucertola, Gambetto Pirc-Diemer	1. d4 g6 2. h4 Nf6 3. h5
A40	Difesa Montevideo	1. d4 Nc6 2. d5 Nb8
A40	Difesa Polacca	1. d4 b5
A40	Difesa Polacca: Gambetto Spassky Accettato	1. d4 b5 2. e4 Bb7 3. Bxb5
A40	Difesa dello Pterodattilo: Centrale, Pterodattilo Benoni del Beefeater	1. d4 g6 2. c4 Bg7 3. Nc3 c5 4. d5 d6 5. e4 Bxc3+ 6. bxc3 Qa5
A40	Difesa dello Pterodattilo: Centrale, Pterodattilo Benoni	1. d4 g6 2. c4 Bg7 3. e4 c5 4. d5 Qa5+
A40	Difesa dello Pterodattilo: Fianchetto, Pterodattilo Benoni di Donna	1. d4 g6 2. c4 Bg7 3. Nc3 c5 4. d5 Qa5
A40	Difesa dello Pterodattilo: Fianchetto, Pteranodonte di Donna	1. d4 g6 2. c4 Bg7 3. Nc3 c5 4. d5 Bxc3+ 5. bxc3 Qa5
A40	Difesa dello Pterodattilo: Fianchetto, Pterodattilo di Donna	1. d4 g6 2. Nf3 Bg7 3. g3 c5 4. Bg2 Qa5+
A40	Difesa dello Pterodattilo: Pterodattilo di Donna, Linea Tranquilla	1. d4 g6 2. c4 Bg7 3. Nc3 c5 4. e3
A40	Partita di Pedone di Donna	1. d4
A40	Partita di Pedone di Donna: Apertura Anglo-Slava	1. d4 c6 2. c4 d6
A40	Partita di Pedone di Donna: Difesa Moderna	1. d4 g6
A40	Slava Indiana: Gambetto Kudischewitsch	1. d4 c6 2. Nf3 Nf6 3. c4 b5
A40	Difesa Zaire	1. d4 Nc6 2. d5 Nb8 3. e4 Nf6 4. e5 Ng8
A41	Difesa Moderna	1. d4 g6 2. c4 Bg7 3. Nc3 d6
A41	Difesa Moderna: Difesa Neo-Moderna	1. d4 g6 2. c4 Bg7 3. e4 e5
A41	Difesa Vecchia Indiana	1. d4 d6 2. c4
A41	Partita di Pedone di Donna	1. d4 d6
A41	Partita di Pedone di Donna: Variante Rossolimo	1. d4 d6 2. Nf3 g6
A41	Difesa del Ratto: Ratto Inglese	1. d4 d6 2. c4 e5
A41	Difesa del Ratto: Ratto Inglese, Gambetto di Lisbona	1. d4 d6 2. c4 e5 3. dxe5 Nc6
A41	Difesa del Ratto: Ratto Inglese, Gambetto Pounds	1. d4 d6 2. c4 e5 3. dxe5 Be6
A41	Difesa Robatsch: Variante Rossolimo	1. d4 d6 2. Nf3 g6 3. c4 Bg7 4. e4 Bg4
A41	Difesa Wade	1. d4 d6 2. Nf3 Bg4
A41	Apertura Zukertort: Difesa Wade, Piano Chigorin	1. d4 d6 2. Nf3 Bg4 3. c4 Nd7 4. Qb3 Rb8
A42	Difesa Moderna: Sistema Averbakh	1. d4 g6 2. c4 Bg7 3. Nc3 d6 4. e4
A42	Difesa Moderna: Variante Averbakh, Pseudo-Sämisch	1. d4 g6 2. c4 Bg7 3. e4 d6 4. Be3 Nf6 5. f3
A42	Difesa Moderna: Variante Kotov	1. d4 g6 2. c4 Bg7 3. Nc3 d6 4. e4 Nc6
A42	Difesa Moderna: Variante Randspringer	1. d4 g6 2. c4 Bg7 3. Nc3 d6 4. e4 f5
A42	Difesa dello Pterodattilo	1. Nf3 c5 2. c4 g6 3. d4 Bg7 4. e4 Qa5+ 5. Nc3 d6
A42	Difesa dello Pterodattilo: Centrale, Bogolubovia	1. d4 g6 2. c4 Bg7 3. e4 d6 4. Nc3 c5 5. Nge2 Qa5
A43	Difesa Benoni: Gambetto Benoni Accettato	1. d4 c5 2. dxc5
A43	Difesa Benoni: Gambetto Benoni, Difesa Schlenker	1. d4 c5 2. dxc5 Na6
A43	Difesa Benoni: Difesa Benoni-Indiana	1. d4 c5 2. d5 Nf6
A43	Difesa Benoni: Difesa Benoni-Indiana, Ordine sul lato di Re di Mossa	1. d4 c5 2. d5 Nf6 3. Nf3
A43	Difesa Benoni: Gambetto Benoni-Staunton	1. d4 c5 2. d5 f5 3. e4
A43	Difesa Benoni: Gambetto del Cormorano	1. d4 c5 2. dxc5 b6
A43	Difesa Benoni: Benoni Francese	1. e4 e6 2. d4 c5 3. d5
A43	Difesa Benoni: Variante del Falco	1. d4 Nf6 2. Nf3 c5 3. d5 c4
A43	Difesa Benoni: Vecchia Benoni	1. d4 c5
A43	Difesa Benoni: Vecchia Benoni	1. d4 c5 2. d5
A43	Difesa Benoni: Vecchia Benoni	1. d4 c5 2. d5 d6
A43	Difesa Benoni: Vecchia Benoni, Formazione Mujannah	1. d4 c5 2. d5 f5
A43	Difesa Benoni: Vecchia Benoni, Variante Schmid	1. d4 c5 2. d5 d6 3. Nc3 g6
A43	Difesa Benoni: Variante della Lumaca	1. d4 c5 2. d5 Na6
A43	Difesa Benoni: Woozle	1. d4 c5 2. d5 Nf6 3. Nc3 Qa5
A43	Difesa Benoni: Gambetto Zilbermints-Benoni	1. d4 c5 2. b4
A43	Difesa Benoni: Gambetto Zilbermints-Benoni	1. d4 c5 2. Nf3 cxd4 3. b4
A43	Difesa Benoni: Gambetto Zilbermints-Benoni, Controgambetto Tamarkin	1. d4 c5 2. Nf3 cxd4 3. b4 e5
A43	Difesa Indiana: Pseudo-Benko	1. d4 Nf6 2. Nf3 c5 3. d5 b5
A43	Partita di Pedone di Donna: Gambetto Liedmann	1. d4 c5 2. c4 cxd4 3. e3
A44	Difesa Benoni: Vecchia Benoni	1. d4 c5 2. d5 e5
A44	Difesa Benoni: Semi-Benoni	1. d4 c5 2. d5 e5 3. e4 d6
A45	Attacco dell'Amazzone: Attacco Siberiano	1. d4 Nf6 2. Nc3 d5 3. Qd3
A45	Apertura Basca	1. d4 Nf6 2. b3
A45	Apertura Canard	1. d4 Nf6 2. f4
A45	Difesa Indiana	1. d4 Nf6
A45	Difesa Indiana: Sistema Accelerato di Londra	1. d4 Nf6 2. Bf4
A45	Difesa Indiana: Attacco Gedult	1. d4 Nf6 2. f3 d5 3. g4
A45	Difesa Indiana: Gambetto Gibbins-Weidenhagen	1. d4 Nf6 2. g4
A45	Difesa Indiana: Gambetto Gibbins-Weidenhagen Accettato	1. d4 Nf6 2. g4 Nxg4
A45	Difesa Indiana: Gambetto Gibbins-Weidenhagen, Falco Maltese	1. d4 Nf6 2. g4 Nxg4 3. f3 Nf6 4. e4
A45	Difesa Indiana: Gambetto Gibbins-Weidenhagen, Difesa Oshima	1. d4 Nf6 2. g4 e5
A45	Difesa Indiana: Gambetto Gibbins-Weidenhagen, Gambetto Stummer	1. d4 Nf6 2. g4 Nxg4 3. e4 d6 4. Be2 Nf6 5. Nc3
A45	Difesa Indiana: Gambetto Lazard	1. d4 Nf6 2. Nd2 e5
A45	Difesa Indiana: Gambetto Maddigan	1. d4 Nf6 2. Nc3 e5
A45	Difesa Indiana: Gambetto Omega	1. d4 Nf6 2. e4
A45	Difesa Indiana: Gambetto Omega, Gambetto Arafat	1. d4 Nf6 2. e4 Nxe4 3. Bd3 Nf6 4. Bg5
A45	Difesa Indiana: Attacco Viso Pallido, Gambetto Blackmar-Diemer Differito	1. d4 Nf6 2. f3 d5 3. e4
A45	Difesa Indiana: Variante di Pedone della Spinta	1. d4 Nf6 2. d5
A45	Difesa Indiana: Difesa Chigorin Invertita	1. d4 Nf6 2. Nc3 c5
A45	Difesa Indiana: Attacco Tartakower	1. d4 Nf6 2. g3
A45	Attacco Viso Pallido	1. d4 Nf6 2. f3
A45	Partita di Pedone di Donna: Variante Chigorin	1. d4 Nf6 2. Nc3 d5
A45	Partita di Pedone di Donna: Veresov, Attacco Richter	1. d4 Nf6 2. f3 d5 3. Nc3
A45	Attacco Trompowsky	1. d4 Nf6 2. Bg5
A45	Attacco Trompowsky: Variante Borg	1. d4 Nf6 2. Bg5 Ne4 3. Bf4 g5
A45	Attacco Trompowsky: Difesa Classica	1. d4 Nf6 2. Bg5 e6
A45	Attacco Trompowsky: Difesa Classica, Grande Variante del Centro	1. d4 Nf6 2. Bg5 e6 3. e4
A45	Attacco Trompowsky: Variante del Bordo	1. d4 Nf6 2. Bg5 Ne4 3. Bh4
A45	Attacco Trompowsky: Variante del Bordo, Gambetto Hergert	1. d4 Nf6 2. Bg5 Ne4 3. Bh4 c6 4. Nd2 Qa5 5. c3 Nxd2 6. Qxd2 d5 7. e4
A45	Attacco Trompowsky: Variante del Bordo, Gambetto Hergert	1. d4 Nf6 2. Bg5 Ne4 3. Bh4 d5 4. f3 Nf6 5. Nc3 Bf5 6. e4
A45	Attacco Trompowsky: Variante del Pedone Avvelenato	1. d4 Nf6 2. Bg5 c5 3. d5 Qb6 4. Nc3
A45	Attacco Trompowsky: Variante del Rapace	1. d4 Nf6 2. Bg5 Ne4 3. h4
A45	Attacco Trompowsky: Variante del Rapace, Gambetto Hergert	1. d4 Nf6 2. Bg5 Ne4 3. h4 Nxg5 4. hxg5 e5
A46	Difesa Döry	1. d4 Nf6 2. Nf3 Ne4
A46	Difesa Indiana: Ceco-Indiana	1. d4 Nf6 2. Nf3 c6
A46	Difesa Indiana: Variante dei Cavalli	1. d4 Nf6 2. Nf3
A46	Difesa Indiana: Variante dei Cavalli, Variante Alburt-Miles	1. d4 Nf6 2. Nf3 a6
A46	Difesa Indiana: Sistema di Londra	1. d4 Nf6 2. Nf3 e6 3. Bf4
A46	Difesa Indiana: Variante Polacca	1. d4 Nf6 2. Nf3 b5
A46	Difesa Indiana: Spielmann-Indiana	1. d4 Nf6 2. Nf3 c5
A46	Difesa Indiana: Difesa Wade-Tartakower	1. d4 Nf6 2. Nf3 d6
A46	Partita di Pedone di Donna: Attacco Torre, Variante Breyer	1. d4 Nf6 2. Nf3 e6 3. Bg5 d5 4. e3 c5 5. c3 Qb6
A46	Partita di Pedone di Donna: Attacco Veresov, Difesa Classica	1. d4 Nf6 2. Nf3 e6 3. Nc3 d5 4. Bg5
A46	Attacco Torre: Difesa Classica	1. d4 Nf6 2. Nf3 e6 3. Bg5
A46	Attacco Torre: Difesa Classica, Variante Nimzowitsch	1. d4 Nf6 2. Nf3 e6 3. Bg5 h6
A46	Attacco Torre: Difesa Classica, Gambetto Petrosian	1. d4 Nf6 2. Nf3 e6 3. Bg5 c5 4. e3 b6 5. d5
A46	Attacco Torre: Gambetto Wagner	1. d4 Nf6 2. Nf3 e6 3. Bg5 c5 4. e4
A46	Sistema Yusupov-Rubinstein	1. d4 Nf6 2. Nf3 e6 3. e3
A47	Difesa Indiana: Gambetto Schnepper	1. d4 Nf6 2. Nf3 b6 3. c3 e5
A47	Sistema Marienbad	1. d4 Nf6 2. Nf3 b6 3. g3 Bb7 4. Bg2 c5
A47	Sistema Marienbad: Variante Berg	1. d4 Nf6 2. Nf3 b6 3. g3 Bb7 4. Bg2 c5 5. c4 cxd4 6. Qxd4
A47	Difesa Pseudo-Indiana di Donna	1. d4 Nf6 2. Nf3 b6
A47	Difesa Pseudo-Indiana di Donna	1. d4 Nf6 2. Nf3 b6 3. e3 Bb7 4. Bd3 e6 5. Nbd2 c5 6. b3 Be7
A48	Difesa Est-Indiana	1. d4 Nf6 2. Nf3 g6
A48	Difesa Indiana: Sistema Colle, Variante Indiana di Re	1. d4 Nf6 2. Nf3 g6 3. e3 Bg7 4. Bd3 d6
A48	Sistema di Londra	1. d4 Nf6 2. Nf3 g6 3. Bf4
A48	Sistema di Londra	1. d4 Nf6 2. Nf3 g6 3. Bf4 Bg7 4. e3
A48	Sistema di Londra	1. d4 Nf6 2. Nf3 g6 3. Bf4 Bg7 4. e3 d6
A48	Sistema di Londra, con Ad3	1. d4 Nf6 2. Nf3 g6 3. Bf4 Bg7 4. e3 d6 5. Bd3
A48	Sistema di Londra, con Ae2	1. d4 Nf6 2. Nf3 g6 3. Bf4 Bg7 4. e3 d6 5. Be2
A48	Sistema di Londra, con Ae2	1. d4 Nf6 2. Nf3 g6 3. Bf4 Bg7 4. e3 d6 5. Be2 O-O
A48	Sistema di Londra, con Ae2	1. d4 Nf6 2. Nf3 g6 3. Bf4 Bg7 4. e3 d6 5. h3 c5 6. Be2
A48	Partita di Pedone di Donna: Attacco Barry	1. d4 Nf6 2. Nf3 g6 3. Nc3 d5 4. Bf4
A48	Partita di Pedone di Donna: Attacco Barry	1. d4 Nf6 2. Nf3 g6 3. Nc3 d5 4. Bf4 Bg7
A48	Partita di Pedone di Donna: Attacco Barry, Variante Grünfeld	1. d4 Nf6 2. Nf3 g6 3. Nc3 d5 4. Bf4 Bg7 5. e3 O-O 6. Be2
A48	Partita di Pedone di Donna: Attacco Barry, Attacco Tarzan	1. d4 Nf6 2. Nf3 g6 3. Nc3 d5 4. Bf4 Bg7 5. Qd2
A48	Partita di Pedone di Donna: Attacco Torre, Variante Grünfeld, Linea principale	1. d4 Nf6 2. Nf3 g6 3. Bg5 Bg7 4. Nbd2 d5 5. e3 O-O
A48	Attacco Torre: Difesa del Fianchetto	1. d4 Nf6 2. Nf3 g6 3. Bg5
A48	Attacco Torre: Difesa del Fianchetto, Variante Euwe	1. d4 Nf6 2. Nf3 g6 3. Bg5 Bg7 4. Nbd2 c5
A49	Difesa Indiana: Variante Przepiorka	1. d4 Nf6 2. Nf3 g6 3. g3
A50	Difesa Indiana: Gambetto Medusa	1. d4 Nf6 2. c4 g5
A50	Difesa Indiana: Variante Normale	1. d4 Nf6 2. c4
A50	Difesa Indiana: Gambetto dei Pirenei	1. d4 Nf6 2. c4 b5
A50	Difesa Messicana	1. d4 Nf6 2. c4 Nc6
A50	Difesa Messicana: Gambetto del Tafano	1. d4 Nf6 2. c4 Nc6 3. d5 Ne5 4. f4
A50	Indiana di Donna Accelerata	1. d4 Nf6 2. c4 b6
A50	Slava Indiana	1. d4 Nf6 2. c4 c6
A51	Difesa Indiana: Gambetto di Budapest	1. d4 Nf6 2. c4 e5
A51	Difesa Indiana: Gambetto di Budapest Accettato	1. d4 Nf6 2. c4 e5 3. dxe5
A51	Difesa Indiana: Gambetto di Budapest Accettato, Difesa Fajarowicz	1. d4 Nf6 2. c4 e5 3. dxe5 Ne4
A51	Difesa Indiana: Gambetto di Budapest Accettato, Difesa Fajarowicz, Variante Bonsdorf	1. d4 Nf6 2. c4 e5 3. dxe5 Ne4 4. a3
A51	Difesa Indiana: Gambetto di Budapest Accettato, Difesa Fajarowicz, Variante Steiner	1. d4 Nf6 2. c4 e5 3. dxe5 Ne4 4. Qc2
A52	Difesa Indiana: Gambetto di Budapest Accettato, Linea principale	1. d4 Nf6 2. c4 e5 3. dxe5 Ng4
A52	Difesa Indiana: Gambetto di Budapest Accettato, Linea principale, Variante Adler	1. d4 Nf6 2. c4 e5 3. dxe5 Ng4 4. Nf3
A52	Difesa Indiana: Gambetto di Budapest Accettato, Linea principale, Variante Alekhine	1. d4 Nf6 2. c4 e5 3. dxe5 Ng4 4. e4
A52	Difesa Indiana: Gambetto di Budapest Accettato, Linea principale, Variante Alekhine, Variante Abonyi	1. d4 Nf6 2. c4 e5 3. dxe5 Ng4 4. e4 Nxe5
A52	Difesa Indiana: Gambetto di Budapest Accettato, Linea principale, Variante Alekhine, Difesa Tartakower	1. d4 Nf6 2. c4 e5 3. dxe5 Ng4 4. e4 d6
A52	Difesa Indiana: Gambetto di Budapest Accettato, Linea principale, Variante Rubinstein	1. d4 Nf6 2. c4 e5 3. dxe5 Ng4 4. Bf4
A53	Difesa Vecchia Indiana	1. d4 Nf6 2. c4 d6
A53	Difesa Vecchia Indiana: Gambetto Invecchiato del Gibbone	1. d4 Nf6 2. c4 d6 3. g4
A53	Difesa Vecchia Indiana: Variante Ceca, con Cc3	1. d4 Nf6 2. c4 d6 3. Nc3 c6
A53	Difesa Vecchia Indiana: Variante Ceca, con Cf3	1. d4 Nf6 2. c4 d6 3. Nf3 c6
A53	Difesa Vecchia Indiana: Variante Janowski	1. d4 Nf6 2. c4 d6 3. Nc3 Bf5
A53	Difesa Vecchia Indiana: Variante Janowski, Variante del Fianchetto	1. d4 Nf6 2. c4 d6 3. Nc3 Bf5 4. g3
A53	Difesa Vecchia Indiana: Variante Janowski, Gambetto Grinberg	1. d4 Nf6 2. c4 d6 3. Nc3 Bf5 4. e4
A53	Difesa Vecchia Indiana: Variante Janowski, Linea principale	1. d4 Nf6 2. c4 d6 3. Nc3 Bf5 4. f3
A54	Difesa Vecchia Indiana: Variante Duz-Khotimirsky	1. d4 Nf6 2. c4 d6 3. Nc3 e5 4. e3 Nbd7 5. Bd3
A54	Difesa Vecchia Indiana: Tartakower-Indiana	1. d4 Nf6 2. c4 d6 3. Nf3 Bg4
A54	Difesa Vecchia Indiana: Variante dei Due Cavalli	1. d4 Nf6 2. c4 d6 3. Nc3 e5 4. Nf3
A54	Difesa Vecchia Indiana: Variante Ucraina	1. d4 Nf6 2. c4 d6 3. Nc3 e5
A55	Difesa Vecchia Indiana: Variante Normale	1. d4 Nf6 2. c4 d6 3. Nc3 Nbd7 4. e4 e5 5. Nf3
A56	Difesa Benoni	1. d4 Nf6 2. c4 c5
A56	Difesa Benoni: Difesa Benoni Ceca	1. d4 Nf6 2. c4 c5 3. d5 e5
A56	Difesa Benoni: Sistema Hromádka	1. d4 Nf6 2. c4 c5 3. d5 d6
A56	Difesa Benoni: Sistema Indiano di Re	1. d4 Nf6 2. c4 c5 3. d5 e5 4. Nc3 d6 5. e4 g6
A56	Difesa Benoni: Variante Weenink	1. d4 Nf6 2. c4 c5 3. dxc5 e6
A56	Difesa Grünfeld: Variante dei Tre Cavalli, Variante Burille, Tarrasch a colori invertiti	1. d4 Nf6 2. c4 c5 3. e3 g6 4. Nc3 Bg7 5. Nf3 O-O 6. Be2 cxd4 7. exd4 d5 8. O-O Nc6
A56	Difesa dell'Avvoltoio	1. d4 Nf6 2. c4 c5 3. d5 Ne4
A57	Gambetto Benko	1. d4 Nf6 2. c4 c5 3. d5 b5
A57	Gambetto Benko Accettato	1. d4 Nf6 2. c4 c5 3. d5 b5 4. cxb5 a6
A57	Gambetto Benko Accettato: Variante Dlugy	1. d4 Nf6 2. c4 c5 3. d5 b5 4. cxb5 a6 5. f3
A57	Gambetto Benko Accettato: Variante Moderna	1. d4 Nf6 2. c4 c5 3. d5 b5 4. cxb5 a6 5. e3
A57	Gambetto Benko Accettato: Variante di Pedone del Ritorno	1. d4 Nf6 2. c4 c5 3. d5 b5 4. cxb5 a6 5. b6
A57	Gambetto Benko Rifiutato: Attacco d'Alfiere	1. d4 Nf6 2. c4 c5 3. d5 b5 4. Bg5
A57	Gambetto Benko Rifiutato: Controgambetto di Hjørring	1. d4 Nf6 2. c4 c5 3. d5 b5 4. e4
A57	Gambetto Benko Rifiutato: Linea principale	1. d4 Nf6 2. c4 c5 3. d5 b5 4. Nf3
A57	Gambetto Benko Rifiutato: Pseudo-Sämisch	1. d4 Nf6 2. c4 c5 3. d5 b5 4. f3
A57	Gambetto Benko Rifiutato: Linea Tranquilla	1. d4 Nf6 2. c4 c5 3. d5 b5 4. Nd2
A57	Gambetto Benko Rifiutato: Variante Sosonko	1. d4 Nf6 2. c4 c5 3. d5 b5 4. a4
A57	Gambetto Benko: Controgambetto Mutkin	1. d4 Nf6 2. c4 c5 3. d5 b5 4. g4
A57	Gambetto Benko: Attacco Nescafe Frappe	1. d4 Nf6 2. c4 c5 3. d5 b5 4. cxb5 a6 5. Nc3 axb5 6. e4 b4 7. Nb5 d6 8. Bc4
A57	Gambetto Benko: Sistema Zaitsev	1. d4 Nf6 2. c4 c5 3. d5 b5 4. cxb5 a6 5. Nc3
A57	Gambetto Benko: Variante Zaitsev, Attacco Nescafe Frappe	1. d4 Nf6 2. c4 c5 3. d5 b5 4. cxb5 a6 5. Nc3 axb5 6. e4 b4 7. Nb5
A58	Gambetto Benko Accettato: Variante Centrale D'assalto	1. d4 Nf6 2. c4 c5 3. d5 b5 4. cxb5 a6 5. bxa6 g6 6. Nc3 Bxa6 7. f4
A58	Gambetto Benko Accettato: Variante del Fianchetto	1. d4 Nf6 2. c4 c5 3. d5 b5 4. cxb5 a6 5. bxa6 g6 6. Nc3 Bxa6 7. g3 d6 8. Bg2 Bg7 9. Nf3
A58	Gambetto Benko Accettato: Variante Completamente	1. d4 Nf6 2. c4 c5 3. d5 b5 4. cxb5 a6 5. bxa6
A58	Gambetto Benko: Variante del Fianchetto	1. d4 Nf6 2. c4 c5 3. d5 b5 4. cxb5 a6 5. bxa6 Bxa6 6. Nc3 d6 7. Nf3 g6 8. g3
A58	Gambetto Benko: Variante Cd2	1. d4 Nf6 2. c4 c5 3. d5 b5 4. cxb5 a6 5. bxa6 Bxa6 6. Nc3 d6 7. Nf3 g6 8. Nd2
A59	Gambetto Benko	1. d4 Nf6 2. c4 c5 3. d5 b5 4. cxb5 a6 5. bxa6 g6 6. Nc3 Bxa6 7. e4 Bxf1 8. Kxf1 d6 9. g3
A59	Gambetto Benko Accettato: Variante di Re della Passeggiata	1. d4 Nf6 2. c4 c5 3. d5 b5 4. cxb5 a6 5. bxa6 g6 6. Nc3 Bxa6 7. Nf3 d6 8. e4 Bxf1 9. Kxf1 Bg7 10. g3 O-O 11. Kg2
A59	Gambetto Benko Accettato: Jugoslava	1. d4 Nf6 2. c4 c5 3. d5 b5 4. cxb5 a6 5. bxa6 Bxa6 6. Nc3 d6 7. e4
A59	Gambetto Benko Accettato: Jugoslava	1. d4 Nf6 2. c4 c5 3. d5 b5 4. cxb5 a6 5. bxa6 g6 6. Nc3 Bxa6 7. e4 Bxf1 8. Kxf1 d6 9. Nge2
A60	Difesa Benoni: Variante Moderna	1. d4 Nf6 2. c4 c5 3. d5 e6
A60	Difesa Benoni: Variante Moderna, Variante del Serpente	1. d4 Nf6 2. c4 c5 3. d5 e6 4. Nc3 exd5 5. cxd5 Bd6
A61	Difesa Benoni	1. d4 Nf6 2. c4 e6 3. Nf3 c5 4. d5 exd5 5. cxd5 d6 6. Nc3 g6
A61	Difesa Benoni: Variante del Fianchetto	1. d4 Nf6 2. c4 e6 3. Nf3 c5 4. d5 exd5 5. cxd5 d6 6. Nc3 g6 7. g3
A61	Difesa Benoni: Variante del Cavallo del Giro	1. d4 Nf6 2. c4 e6 3. Nf3 c5 4. d5 exd5 5. cxd5 d6 6. Nc3 g6 7. Nd2
A61	Difesa Benoni: Variante Uhlmann	1. d4 Nf6 2. c4 e6 3. Nf3 c5 4. d5 exd5 5. cxd5 d6 6. Nc3 g6 7. Bg5
A62	Difesa Benoni: Variante del Fianchetto	1. d4 Nf6 2. c4 e6 3. g3 c5 4. d5 exd5 5. cxd5 d6 6. Nc3 g6 7. Bg2 Bg7 8. Nf3 O-O
A63	Difesa Benoni: Variante del Fianchetto, Difesa di Hastings	1. d4 Nf6 2. c4 e6 3. g3 c5 4. d5 exd5 5. cxd5 d6 6. Nc3 g6 7. Bg2 Bg7 8. Nf3 O-O 9. O-O Nbd7
A64	Difesa Benoni: Variante del Fianchetto, Difesa di Hastings, Linea principale	1. d4 Nf6 2. c4 e6 3. g3 c5 4. d5 exd5 5. cxd5 d6 6. Nc3 g6 7. Bg2 Bg7 8. Nf3 O-O 9. O-O a6 10. a4 Nbd7 11. Nd2 Re8
A65	Difesa Benoni: Linea del Pedone di Re	1. d4 Nf6 2. c4 c5 3. d5 e6 4. Nc3 exd5 5. cxd5 d6 6. e4
A65	Difesa Benoni: Linea del Pedone di Re	1. d4 Nf6 2. c4 c5 3. d5 e6 4. Nc3 exd5 5. cxd5 d6 6. e4 g6 7. f3 Bg7
A65	Difesa Benoni: Linea del Pedone di Re	1. d4 Nf6 2. c4 g6 3. f3 c5 4. d5 d6 5. e4 Bg7 6. Nc3 e6 7. Be3 O-O 8. Qd2 exd5 9. cxd5
A65	Difesa Benoni: Linea del Pedone di Re, con Ae3	1. d4 Nf6 2. c4 c5 3. d5 e6 4. Nc3 exd5 5. cxd5 d6 6. e4 g6 7. f3 Bg7 8. Be3
A65	Difesa Benoni: Linea del Pedone di Re, con Ag5	1. d4 Nf6 2. c4 g6 3. Nc3 Bg7 4. e4 d6 5. f3 O-O 6. Bg5 c5 7. d5
A65	Difesa Benoni: Linea del Pedone di Re, con Ag5	1. d4 Nf6 2. c4 c5 3. d5 e6 4. Nc3 exd5 5. cxd5 d6 6. e4 g6 7. f3 Bg7 8. Bg5
A65	Difesa Benoni: Linea del Pedone di Re, con Ag5	1. d4 Nf6 2. c4 g6 3. Nc3 Bg7 4. e4 d6 5. f3 O-O 6. Bg5 c5 7. d5 e6 8. Qd2 exd5 9. exd5
A65	Difesa Benoni: Linea del Pedone di Re, con Cge2	1. d4 Nf6 2. c4 c5 3. d5 e6 4. Nc3 exd5 5. cxd5 d6 6. e4 g6 7. f3 Bg7 8. Nge2
A65	Difesa Benoni: Linea del Pedone di Re, con Cge2	1. d4 Nf6 2. c4 g6 3. Nc3 Bg7 4. e4 d6 5. f3 O-O 6. Nge2 c5 7. d5 e6 8. Ng3 exd5 9. cxd5
A66	Difesa Benoni: Variante Mikenas	1. d4 Nf6 2. c4 c5 3. d5 e6 4. Nc3 exd5 5. cxd5 d6 6. e4 g6 7. f4 Bg7 8. e5
A66	Difesa Benoni: Variante di Pedone dell'Assalto	1. d4 Nf6 2. c4 c5 3. d5 e6 4. Nc3 exd5 5. cxd5 d6 6. e4 g6 7. f4
A67	Difesa Benoni: Variante Taimanov	1. d4 Nf6 2. c4 c5 3. d5 e6 4. Nc3 exd5 5. cxd5 d6 6. e4 g6 7. f4 Bg7 8. Bb5+
A68	Difesa Benoni: Attacco dei Quattro Pedoni	1. d4 Nf6 2. c4 c5 3. d5 e6 4. Nc3 exd5 5. cxd5 d6 6. e4 g6 7. f4 Bg7 8. Nf3 O-O
A69	Difesa Benoni: Attacco dei Quattro Pedoni, Linea principale	1. d4 Nf6 2. c4 c5 3. d5 e6 4. Nc3 exd5 5. cxd5 d6 6. e4 g6 7. f4 Bg7 8. Nf3 O-O 9. Be2 Re8
A70	Difesa Benoni: Variante Classica	1. d4 Nf6 2. c4 e6 3. Nf3 c5 4. d5 exd5 5. cxd5 d6 6. Nc3 g6 7. e4
A70	Difesa Benoni: Variante Classica, Nuova Variante York	1. d4 Nf6 2. c4 e6 3. Nf3 c5 4. d5 exd5 5. cxd5 d6 6. Nc3 g6 7. e4 Bg7 8. h3
A70	Difesa Benoni: Variante Classica, Variante Tradizionale	1. d4 Nf6 2. c4 e6 3. Nf3 c5 4. d5 exd5 5. cxd5 d6 6. Nc3 g6 7. e4 Bg7 8. Be2
A71	Difesa Benoni: Variante Classica, Attacco Averbakh-Grivas	1. d4 Nf6 2. c4 e6 3. Nf3 c5 4. d5 exd5 5. cxd5 d6 6. Nc3 g6 7. e4 Bg7 8. Bg5
A72	Difesa Benoni: Variante Classica	1. d4 Nf6 2. c4 c5 3. d5 e6 4. Nc3 exd5 5. cxd5 d6 6. e4 g6 7. Nf3 Bg7 8. Be2 O-O
A73	Difesa Benoni: Variante Classica, Linea principale	1. d4 Nf6 2. c4 c5 3. d5 e6 4. Nc3 exd5 5. cxd5 d6 6. e4 g6 7. Nf3 Bg7 8. Be2 O-O 9. O-O
A74	Difesa Benoni: Variante Classica, Linea Completa	1. d4 Nf6 2. c4 c5 3. d5 e6 4. Nc3 exd5 5. cxd5 d6 6. e4 g6 7. Nf3 Bg7 8. Be2 O-O 9. O-O a6 10. a4
A75	Difesa Benoni: Variante Classica, Contrattacco Argentino	1. d4 Nf6 2. c4 e6 3. Nf3 c5 4. d5 exd5 5. cxd5 d6 6. Nc3 g6 7. e4 Bg7 8. Be2 O-O 9. O-O a6 10. a4 Bg4
A76	Difesa Benoni: Variante Classica, Difesa Czerniak	1. d4 Nf6 2. c4 c5 3. d5 e6 4. Nc3 exd5 5. cxd5 d6 6. e4 g6 7. Nf3 Bg7 8. Be2 O-O 9. O-O Re8
A77	Difesa Benoni: Variante Classica, Difesa Czerniak, Linea Tal	1. d4 Nf6 2. c4 c5 3. d5 e6 4. Nc3 exd5 5. cxd5 d6 6. e4 g6 7. Nf3 Bg7 8. Be2 O-O 9. O-O Re8 10. Nd2
A78	Difesa Benoni: Variante Classica, Difesa Czerniak	1. d4 Nf6 2. c4 e6 3. Nf3 c5 4. d5 exd5 5. cxd5 d6 6. Nc3 g6 7. e4 Bg7 8. Be2 O-O 9. O-O Re8 10. Nd2 Na6
A79	Difesa Benoni: Variante Classica, Difesa Czerniak	1. d4 Nf6 2. c4 c5 3. d5 e6 4. Nc3 exd5 5. cxd5 d6 6. e4 g6 7. Nf3 Bg7 8. Be2 O-O 9. O-O Re8 10. Nd2 Na6 11. f3
A80	Difesa Olandese	1. d4 f5
A80	Difesa Olandese: Variante Alapin	1. d4 f5 2. Qd3
A80	Difesa Olandese: Variante Barcza	1. d4 f5 2. Nf3 Nf6 3. c3
A80	Difesa Olandese: Gambetto Hevendehl	1. d4 f5 2. g4 e5
A80	Difesa Olandese: Attacco Hopton	1. d4 f5 2. Bg5
A80	Difesa Olandese: Gambetto Janzen-Korchnoi	1. d4 f5 2. h3 Nf6 3. g4
A80	Difesa Olandese: Gambetto del Martin pescatore	1. d4 f5 2. Nc3 d5 3. e4
A80	Difesa Olandese: Attacco Korchnoi	1. d4 f5 2. h3
A80	Difesa Olandese: Gambetto Krejcik	1. d4 f5 2. g4
A80	Difesa Olandese: Gambetto Krejcik, Gambetto Tate	1. d4 f5 2. g4 fxg4 3. e4 d5 4. Nc3
A80	Difesa Olandese: Gambetto di Manhattan, Linea Anticlassica	1. d4 f5 2. Qd3 e6 3. g4
A80	Difesa Olandese: Gambetto di Manhattan, Anti-Leningrad	1. d4 f5 2. Qd3 g6 3. g4
A80	Difesa Olandese: Gambetto di Manhattan, Antimoderna	1. d4 f5 2. Qd3 d6 3. g4
A80	Difesa Olandese: Gambetto di Manhattan, Anti-Stonewall	1. d4 f5 2. Qd3 d5 3. g4
A80	Difesa Olandese: Gambetto Omega-Isis	1. d4 f5 2. Nf3 e5
A80	Difesa Olandese: Variante Raphael	1. d4 f5 2. Nc3
A80	Difesa Olandese: Gambetto Senechaud	1. d4 f5 2. Bf4 e6 3. g4
A80	Difesa Olandese: Gambetto Spielmann	1. d4 f5 2. Nc3 Nf6 3. g4
A80	Partita di Pedone di Donna: Attacco Veresov, Sistema Olandese	1. d4 f5 2. Nc3 d5
A81	Difesa Olandese: Variante Blackburne	1. d4 f5 2. g3 Nf6 3. Bg2 e6 4. Nh3
A81	Difesa Olandese: Attacco del Fianchetto	1. d4 f5 2. g3
A81	Difesa Olandese: Variante di Leningrado, Variante di Karlsbad	1. d4 f5 2. g3 g6 3. Bg2 Bg7 4. Nh3
A81	Difesa Olandese: di Leningrado, Sistema Basman	1. d4 f5 2. g3 c6 3. Bg2 g6 4. Nf3 Bg7 5. O-O Nh6
A81	Difesa Olandese: Variante Semi-Leningrad	1. d4 f5 2. g3 Nf6 3. Bg2 g6
A82	Difesa Olandese: Secondo Gambetto di Blackmar	1. d4 f5 2. e4 fxe4 3. Nc3 Nf6 4. f3
A82	Difesa Olandese: Gambetto Staunton	1. d4 f5 2. e4
A82	Difesa Olandese: Gambetto Staunton Accettato	1. d4 f5 2. e4 fxe4
A82	Difesa Olandese: Gambetto Staunton, Attacco Americano	1. d4 f5 2. e4 fxe4 3. Nd2
A82	Difesa Olandese: Gambetto Staunton, Variante Tartakower	1. d4 f5 2. e4 fxe4 3. Nc3 Nf6 4. g4
A82	Difesa del Ratto: Difesa Balogh	1. e4 d6 2. d4 f5
A83	Difesa Olandese: Gambetto Staunton	1. d4 f5 2. e4 fxe4 3. Nc3 Nf6 4. Bg5
A83	Difesa Olandese: Gambetto Staunton, Variante Alekhine	1. d4 f5 2. e4 fxe4 3. Nc3 Nf6 4. Bg5 g6 5. h4
A83	Difesa Olandese: Gambetto Staunton, Variante Chigorin	1. d4 f5 2. e4 fxe4 3. Nc3 Nf6 4. Bg5 c6
A83	Difesa Olandese: Gambetto Staunton, Variante Lasker	1. d4 f5 2. e4 fxe4 3. Nc3 Nf6 4. Bg5 g6 5. f3
A83	Difesa Olandese: Gambetto Staunton, Variante Nimzowitsch	1. d4 f5 2. e4 fxe4 3. Nc3 Nf6 4. Bg5 b6
A84	Difesa Olandese	1. d4 f5 2. c4
A84	Difesa Olandese: Gambetto Bellon	1. d4 f5 2. c4 e6 3. e4
A84	Difesa Olandese: Variante Bladel	1. d4 f5 2. c4 g6 3. Nc3 Nh6
A84	Difesa Olandese: Variante Classica	1. d4 f5 2. c4 e6
A84	Difesa Olandese: Variante Krause	1. d4 f5 2. c4 Nf6 3. Nc3 d6 4. Nf3 Nc6
A84	Difesa Olandese: Variante Normale	1. d4 f5 2. c4 Nf6
A84	Difesa Olandese: Variante Rubinstein	1. d4 f5 2. c4 e6 3. Nc3
A85	Difesa Olandese: Variante del Cavallo di Donna	1. d4 f5 2. c4 Nf6 3. Nc3
A86	Difesa Olandese: Variante del Fianchetto	1. d4 f5 2. c4 Nf6 3. g3
A86	Difesa Olandese: Sistema Hort-Antoshin	1. d4 f5 2. c4 Nf6 3. g3 d6 4. Bg2 c6 5. Nc3 Qc7
A86	Difesa Olandese: Variante di Leningrado	1. d4 f5 2. c4 Nf6 3. g3 g6
A87	Difesa Olandese: Variante di Leningrado	1. d4 f5 2. c4 Nf6 3. g3 g6 4. Bg2 Bg7 5. Nf3
A88	Difesa Olandese: Variante di Leningrado, Variante di Varsavia	1. d4 f5 2. g3 Nf6 3. Bg2 g6 4. Nf3 Bg7 5. O-O O-O 6. c4 d6 7. Nc3 c6
A89	Difesa Olandese: Variante di Leningrado, Variante Matulovic	1. d4 f5 2. g3 Nf6 3. Bg2 g6 4. Nf3 Bg7 5. O-O O-O 6. c4 d6 7. Nc3 Nc6
A90	Difesa Olandese: Variante Classica	1. d4 f5 2. c4 Nf6 3. g3 e6 4. Bg2
A90	Difesa Olandese: Variante Classica	1. d4 f5 2. c4 Nf6 3. g3 e6 4. Bg2 d5 5. Nf3
A90	Difesa Olandese: Variante Nimzo-Olandese	1. d4 f5 2. c4 Nf6 3. g3 e6 4. Bg2 Bb4+
A90	Difesa Olandese: Variante Nimzo-Olandese, Variante Alekhine	1. d4 f5 2. c4 Nf6 3. g3 e6 4. Bg2 Bb4+ 5. Bd2 Be7
A90	Difesa Olandese: Variante Stonewall, Variante Moderna	1. d4 f5 2. c4 e6 3. Nf3 Nf6 4. g3 c6 5. Bg2 d5 6. O-O Bd6
A91	Difesa Olandese: Variante Classica	1. d4 f5 2. c4 Nf6 3. g3 e6 4. Bg2 Be7
A91	Difesa Olandese: Variante Classica, Attacco Blackburne	1. d4 f5 2. c4 Nf6 3. g3 e6 4. Bg2 Be7 5. Nh3
A92	Difesa Olandese: Variante Alekhine	1. d4 f5 2. c4 Nf6 3. g3 e6 4. Bg2 Be7 5. Nf3 O-O 6. O-O Ne4
A92	Difesa Olandese: Variante Classica	1. d4 f5 2. c4 Nf6 3. g3 e6 4. Bg2 Be7 5. Nf3 O-O
A92	Difesa Olandese: Variante Stonewall	1. d4 f5 2. c4 Nf6 3. g3 e6 4. Bg2 Be7 5. Nf3 O-O 6. O-O d5 7. Nc3
A92	Difesa Olandese: Variante Stonewall	1. d4 f5 2. c4 Nf6 3. g3 e6 4. Bg2 Be7 5. Nf3 O-O 6. O-O d5
A93	Difesa Olandese: Variante Stonewall, Variante Botvinnik	1. d4 f5 2. c4 Nf6 3. g3 e6 4. Bg2 Be7 5. Nf3 O-O 6. O-O d5 7. b3
A94	Difesa Olandese: Variante Stonewall	1. d4 f5 2. c4 Nf6 3. g3 e6 4. Bg2 Be7 5. Nf3 O-O 6. O-O d5 7. b3 c6 8. Ba3
A95	Difesa Olandese: Variante Stonewall	1. d4 f5 2. c4 Nf6 3. g3 e6 4. Bg2 Be7 5. Nf3 O-O 6. O-O d5 7. Nc3 c6
A95	Difesa Olandese: Variante Stonewall, Variante Chekhover	1. d4 f5 2. c4 Nf6 3. g3 e6 4. Bg2 Be7 5. Nf3 O-O 6. O-O d5 7. Nc3 c6 8. Qc2 Qe8 9. Bg5
A96	Difesa Olandese: Variante Classica	1. d4 f5 2. c4 Nf6 3. g3 e6 4. Bg2 Be7 5. Nf3 O-O 6. O-O d6
A96	Difesa Olandese: Variante Classica, Variante Buenos Aires	1. d4 f5 2. c4 Nf6 3. g3 e6 4. Bg2 Be7 5. Nf3 O-O 6. O-O d6 7. Nc3 a5
A96	Difesa Olandese: Variante Classica, Variante Huisl	1. d4 f5 2. c4 Nf6 3. g3 e6 4. Bg2 Be7 5. Nf3 O-O 6. O-O d6 7. Nc3 Ne4
A97	Difesa Olandese: Variante Classica, Variante Ilyin-Zhenevsky	1. d4 f5 2. c4 Nf6 3. g3 e6 4. Bg2 Be7 5. Nf3 O-O 6. O-O d6 7. Nc3 Qe8
A97	Difesa Olandese: Variante Classica, Variante Ilyin-Zhenevsky, Variante Winter	1. d4 f5 2. c4 Nf6 3. g3 e6 4. Bg2 Be7 5. Nf3 O-O 6. O-O d6 7. Nc3 Qe8 8. Re1
A98	Difesa Olandese: Variante Classica, Variante Ilyin-Zhenevsky, Linea Alatortsev-Lisitsyn	1. d4 f5 2. c4 Nf6 3. g3 e6 4. Bg2 Be7 5. Nf3 O-O 6. O-O d6 7. Nc3 Qe8 8. Qc2
A99	Difesa Olandese: Variante Classica, Variante Ilyin-Zhenevsky, Linea principale Moderna	1. d4 f5 2. c4 Nf6 3. g3 e6 4. Bg2 Be7 5. Nf3 O-O 6. O-O d6 7. Nc3 Qe8 8. b3
B00	Difesa Barnes	1. e4 f6
B00	Difesa Borg	1. e4 g5
B00	Difesa Borg: Gambetto Borg	1. e4 g5 2. d4 Bg7
B00	Difesa Borg: Gambetto di Troon	1. e4 g5 2. d4 h6 3. h4 g4
B00	Difesa Borg: Gambetto Zilbermints	1. e4 g5 2. d4 e5
B00	Difesa Carr	1. e4 h6
B00	Difesa Carr: Gambetto Zilbermints	1. e4 h6 2. d4 e5
B00	Gambetto Duras	1. e4 f5
B00	Difesa della Volpe Fritta	1. e4 f6 2. d4 Kf7
B00	Difesa Goldsmith	1. e4 h5
B00	Difesa Goldsmith: Difesa di Picklepuss	1. e4 h5 2. d4 Nf6
B00	Difesa dell'Ippopotamo	1. e4 Nh6
B00	Difesa dell'Ippopotamo	1. e4 Nh6 2. d4 g6 3. c4 f6
B00	Partita di Pedone di Re	1. e4
B00	Difesa del Lemming	1. e4 Na6
B00	Difesa del Leone: Mascella del Leone	1. e4 d6 2. d4 Nf6 3. f3
B00	Difesa Nimzowitsch	1. e4 Nc6
B00	Difesa Nimzowitsch	1. e4 Nc6 2. d4
B00	Difesa Nimzowitsch: Variante Breyer	1. e4 Nc6 2. Nc3 Nf6 3. d4 e5
B00	Difesa Nimzowitsch: Controgambetto del Colorado	1. e4 Nc6 2. Nf3 f5
B00	Difesa Nimzowitsch: Controgambetto del Colorado Accettato	1. e4 Nc6 2. Nf3 f5 3. exf5
B00	Difesa Nimzowitsch: Variante	1. e4 Nc6 2. Nf3
B00	Difesa Nimzowitsch: Difesa El Columpio	1. e4 Nc6 2. Nf3 Nf6 3. e5 Ng4
B00	Difesa Nimzowitsch: Difesa El Columpio, Gambetto El Columpio	1. e4 Nc6 2. Nf3 Nf6 3. e5 Ng4 4. d4 d6 5. h3 Nh6 6. e6
B00	Difesa Nimzowitsch: Difesa El Columpio, Variante di Cambio	1. e4 Nc6 2. Nf3 Nf6 3. e5 Ng4 4. d4 d6 5. h3 Nh6 6. exd6
B00	Difesa Nimzowitsch: Difesa El Columpio, Variante dell'Inchiodatura	1. e4 Nc6 2. Nf3 Nf6 3. e5 Ng4 4. d4 d6 5. h3 Nh6 6. Bb5
B00	Difesa Nimzowitsch: Variante Franco-Nimzowitsch	1. e4 Nc6 2. Nf3 e6
B00	Difesa Nimzowitsch: Collegamento Francese	1. e4 Nc6 2. Nc3 e6
B00	Difesa Nimzowitsch: Gambetto Hornung	1. e4 Nc6 2. d4 d5 3. Be3
B00	Difesa Nimzowitsch: Variante Kennedy	1. e4 Nc6 2. d4 e5
B00	Difesa Nimzowitsch: Variante Kennedy, Gambetto Bielefelder	1. e4 Nc6 2. d4 e5 3. dxe5 Bc5
B00	Difesa Nimzowitsch: Variante Kennedy, Gambetto del Martello	1. e4 Nc6 2. d4 e5 3. dxe5 f6
B00	Difesa Nimzowitsch: Variante Kennedy, Gambetto di Herford	1. e4 Nc6 2. d4 e5 3. dxe5 Qh4
B00	Difesa Nimzowitsch: Variante Kennedy, Attacco Keres	1. e4 Nc6 2. d4 e5 3. dxe5 Nxe5 4. Nc3
B00	Difesa Nimzowitsch: Variante Kennedy, Variante Linksspringer	1. e4 Nc6 2. d4 e5 3. d5
B00	Difesa Nimzowitsch: Variante Kennedy, Linea principale	1. e4 Nc6 2. d4 e5 3. dxe5 Nxe5 4. f4 Ng6
B00	Difesa Nimzowitsch: Variante Kennedy, Attacco Paulsen	1. e4 Nc6 2. d4 e5 3. dxe5 Nxe5 4. Nf3
B00	Difesa Nimzowitsch: Variante Kennedy, Difesa Riemann	1. e4 Nc6 2. d4 e5 3. dxe5 Nxe5 4. f4 Nc6
B00	Difesa Nimzowitsch: Variante Kennedy, Gambetto Smet de	1. e4 Nc6 2. d4 e5 3. dxe5 d6
B00	Difesa Nimzowitsch: Variante Mikenas	1. e4 Nc6 2. d4 d6
B00	Difesa Nimzowitsch: Difesa Neo-Mongoloid	1. e4 Nc6 2. d4 f6
B00	Difesa Nimzowitsch: Collegamento Pirc	1. e4 Nc6 2. Nc3 g6
B00	Difesa Nimzowitsch: Variante Pseudo-Spagnola	1. e4 Nc6 2. Bb5
B00	Difesa Nimzowitsch: Variante Scandinava	1. e4 Nc6 2. d4 d5
B00	Difesa Nimzowitsch: Variante Scandinava, Gambetto di Aquisgrana	1. e4 Nc6 2. d4 d5 3. exd5 Nb4
B00	Difesa Nimzowitsch: Variante Scandinava, Variante d'Avanzata	1. e4 Nc6 2. d4 d5 3. e5
B00	Difesa Nimzowitsch: Variante Scandinava, Variante Bogoljubow	1. e4 Nc6 2. d4 d5 3. Nc3
B00	Difesa Nimzowitsch: Variante Scandinava, Variante Bogoljubow	1. e4 Nc6 2. d4 d5 3. Nc3 dxe4
B00	Difesa Nimzowitsch: Variante Scandinava, Variante Bogoljubow, Gambetto Brandics	1. e4 Nc6 2. d4 d5 3. Nc3 a6
B00	Difesa Nimzowitsch: Variante Scandinava, Variante Bogoljubow, Gambetto Erben	1. e4 Nc6 2. d4 d5 3. Nc3 g6
B00	Difesa Nimzowitsch: Variante Scandinava, Variante Bogoljubow, Gambetto Heinola-Deppe	1. e4 Nc6 2. d4 d5 3. Nc3 e5
B00	Difesa Nimzowitsch: Variante Scandinava, Variante Bogoljubow, Gambetto Nimzowitsch	1. e4 Nc6 2. d4 d5 3. Nc3 dxe4 4. d5 Ne5
B00	Difesa Nimzowitsch: Variante Scandinava, Variante Bogoljubow, Gambetto Richter	1. e4 Nc6 2. d4 d5 3. Nc3 dxe4 4. d5 Nb8 5. f3
B00	Difesa Nimzowitsch: Variante Scandinava, Variante Bogoljubow, Variante Vehre	1. e4 Nc6 2. d4 d5 3. Nc3 Nf6
B00	Difesa Nimzowitsch: Variante Scandinava, Variante di Cambio	1. e4 Nc6 2. d4 d5 3. exd5 Qxd5
B00	Difesa Nimzowitsch: Variante Scandinava, Variante di Cambio, Gambetto Marshall	1. e4 Nc6 2. d4 d5 3. exd5 Qxd5 4. Nc3
B00	Difesa Nimzowitsch: Gambetto Wheeler	1. e4 Nc6 2. b4
B00	Difesa Nimzowitsch: Variante Williams	1. e4 Nc6 2. Nf3 d6
B00	Difesa Nimzowitsch: Variante della Marmotta	1. e4 Nc6 2. d4 a6
B00	Difesa Owen	1. e4 b6
B00	Difesa Owen: Difesa del Guatemala	1. e4 b6 2. d4 Ba6
B00	Difesa Owen: Gambetto Hekili-Loa	1. e4 b6 2. d4 c5 3. dxc5 Nc6
B00	Difesa Owen: Gambetto Matovinsky	1. e4 b6 2. d4 Bb7 3. Bd3 f5 4. exf5 Bxg2 5. Qh5+ g6
B00	Difesa Owen: Gambetto Naselwaus	1. e4 b6 2. d4 Bb7 3. Bg5
B00	Difesa Owen: Gambetto Smith	1. e4 b6 2. d4 Bb7 3. Nf3
B00	Difesa Owen: Variante dell'Unicorno	1. e4 f6 2. d4 b6 3. c4 Bb7
B00	Difesa Owen: Gambetto del Vento	1. e4 b6 2. d4 Bb7 3. f3 e5
B00	Difesa Pirc	1. e4 d6
B00	Difesa Pirc	1. e4 d6 2. d4
B00	Difesa Pirc	1. e4 d6 2. d4 Nf6
B00	Difesa Pirc: Gambetto Roscher	1. e4 d6 2. d4 Nf6 3. Nf3
B00	Difesa del Ratto: Difesa Antal	1. e4 d6 2. d4 Nd7
B00	Difesa del Ratto: Gambetto Fuller	1. e4 d6 2. f4 d5 3. exd5 Nf6
B00	Difesa del Ratto: Armonista	1. e4 d6 2. f4
B00	Difesa del Ratto: Attacco Petruccioli	1. e4 d6 2. h4
B00	Difesa del Ratto: Attacco della Punta	1. e4 d6 2. g4
B00	Difesa San Giorgio	1. e4 a6
B00	Difesa San Giorgio: Variante Polacca	1. e4 a6 2. d4 b5 3. Nf3 Bb7 4. Bd3 e6
B00	Difesa San Giorgio: Variante San Jorge	1. e4 a6 2. d4 b5 3. Nf3 Bb7 4. Bd3 d6 5. O-O g6 6. c3 Bg7
B00	Difesa San Giorgio: Gambetto Zilbermints	1. e4 a6 2. d4 e5
B00	Apertura Van Geet: Gambetto Berlinese	1. e4 Nc6 2. d4 d5 3. Nc3 dxe4 4. d5
B00	Difesa Ware	1. e4 a5
B00	Difesa Ware: Difesa di Snagglepuss	1. e4 a5 2. d4 Nc6
B01	Difesa Scandinava	1. e4 d5
B01	Difesa Scandinava	1. e4 d5 2. b3
B01	Difesa Scandinava: Contrattacco Anderssen	1. e4 d5 2. exd5 Qxd5 3. Nc3 Qa5 4. d4 e5
B01	Difesa Scandinava: Contrattacco Anderssen, Variante Collijn	1. e4 d5 2. exd5 Qxd5 3. Nc3 Qa5 4. d4 e5 5. Nf3 Bg4
B01	Difesa Scandinava: Contrattacco Anderssen, Sistema di Göteborg	1. e4 d5 2. exd5 Qxd5 3. Nc3 Qa5 4. d4 e5 5. Nf3
B01	Difesa Scandinava: Contrattacco Anderssen, Attacco Ortodosso	1. e4 d5 2. exd5 Qxd5 3. Nc3 Qa5 4. d4 e5 5. dxe5 Nc6 6. Nf3 Bb4 7. Bd2
B01	Difesa Scandinava: Gambetto Blackburne	1. e4 d5 2. exd5 c6 3. dxc6 Nxc6
B01	Difesa Scandinava: Gambetto Blackburne-Kloosterboer	1. e4 d5 2. exd5 c6
B01	Difesa Scandinava: Gambetto Boehnke	1. e4 d5 2. exd5 e5 3. dxe6 Bxe6
B01	Difesa Scandinava: Variante Bronstein	1. e4 d5 2. exd5 Qxd5 3. Nc3 Qd6 4. d4 Nf6 5. Nf3 a6
B01	Difesa Scandinava: Variante Classica	1. e4 d5 2. exd5 Qxd5 3. Nc3 Qa5 4. d4 Nf6 5. Nf3 Bf5
B01	Difesa Scandinava: Variante Grünfeld	1. e4 d5 2. exd5 Qxd5 3. Nc3 Qa5 4. d4 Nf6 5. Nf3 Bf5 6. Ne5 c6 7. g4
B01	Difesa Scandinava: Difesa Gubinsky-Melts	1. e4 d5 2. exd5 Qxd5 3. Nc3 Qd6
B01	Difesa Scandinava: Gambetto Icelandic-Palme	1. e4 d5 2. exd5 Nf6 3. c4 e6
B01	Difesa Scandinava: Variante di Kiel	1. e4 d5 2. exd5 Nf6 3. d4 Nxd5 4. c4 Nb4
B01	Difesa Scandinava: Gambetto Kloosterboer	1. e4 d5 2. exd5 c6 3. dxc6 e5
B01	Difesa Scandinava: Gambetto Kádas	1. e4 d5 2. exd5 Nf6 3. d4 c6 4. dxc6 e5
B01	Difesa Scandinava: Variante Lasker	1. e4 d5 2. exd5 Qxd5 3. Nc3 Qa5 4. d4 Nf6 5. Nf3 Bg4 6. h3
B01	Difesa Scandinava: Linea principale	1. e4 d5 2. exd5 Qxd5 3. Nc3 Qa5
B01	Difesa Scandinava: Linea principale, Gambetto Leonhardt	1. e4 d5 2. exd5 Qxd5 3. Nc3 Qa5 4. b4
B01	Difesa Scandinava: Linea principale, Variante Mieses	1. e4 d5 2. exd5 Qxd5 3. Nc3 Qa5 4. d4 Nf6
B01	Difesa Scandinava: Variante Marshall	1. e4 d5 2. exd5 Nf6 3. d4 Nxd5
B01	Difesa Scandinava: Variante Mieses-Kotroc	1. e4 d5 2. exd5 Qxd5
B01	Difesa Scandinava: Variante Moderna	1. e4 d5 2. exd5 Nf6
B01	Difesa Scandinava: Variante Moderna	1. e4 d5 2. exd5 Nf6 3. d4
B01	Difesa Scandinava: Variante Moderna, Variante Gipslis	1. e4 d5 2. exd5 Nf6 3. d4 Nxd5 4. Nf3 Bg4
B01	Difesa Scandinava: Variante Moderna, Gambetto dell'Ala	1. e4 d5 2. exd5 Nf6 3. d4 g6 4. c4 b5
B01	Difesa Scandinava: Trasferimento Panov	1. e4 d5 2. exd5 Nf6 3. c4 c6
B01	Difesa Scandinava: Gambetto Portoghese	1. e4 d5 2. exd5 Nf6 3. d4 Bg4
B01	Difesa Scandinava: Gambetto Portoghese, Variante del Banchiere	1. e4 d5 2. exd5 Nf6 3. d4 Bg4 4. f3 Bf5 5. c4
B01	Difesa Scandinava: Gambetto Portoghese, Variante Classica	1. e4 d5 2. exd5 Nf6 3. d4 Bg4 4. Nf3
B01	Difesa Scandinava: Gambetto Portoghese, Confutazione per Corrispondenza	1. e4 d5 2. exd5 Nf6 3. d4 Bg4 4. f3 Bf5 5. g4
B01	Difesa Scandinava: Gambetto Portoghese, Variante del Gomito	1. e4 d5 2. exd5 Nf6 3. d4 Bg4 4. Bb5+ c6
B01	Difesa Scandinava: Gambetto Portoghese, Variante Jadoul	1. e4 d5 2. exd5 Nf6 3. d4 Bg4 4. f3 Bf5 5. Bb5+ Nbd7 6. c4
B01	Difesa Scandinava: Gambetto Portoghese, Variante Lusophobe	1. e4 d5 2. exd5 Nf6 3. d4 Bg4 4. Bb5+ Nbd7 5. Be2
B01	Difesa Scandinava: Gambetto Portoghese, Variante del Rimescolamento di Melbourne	1. e4 d5 2. exd5 Nf6 3. d4 Bg4 4. f3 Bf5 5. Bb5+ Nbd7 6. Nc3
B01	Difesa Scandinava: Gambetto Portoghese, Variante Wuss	1. e4 d5 2. exd5 Nf6 3. d4 Bg4 4. Be2
B01	Difesa Scandinava: Variante Richter	1. e4 d5 2. exd5 Nf6 3. d4 Nxd5 4. Nf3 g6
B01	Difesa Scandinava: Variante Richter	1. e4 d5 2. exd5 Nf6 3. d4 g6
B01	Difesa Scandinava: Variante Schiller-Pytel	1. e4 d5 2. exd5 Qxd5 3. Nc3 Qd6 4. d4 c6
B01	Difesa Scandinava: Variante Schiller-Pytel, Variante Moderna	1. e4 d5 2. exd5 Qxd5 3. Nc3 Qd6 4. d4 Nf6 5. Bc4 c6 6. Nge2 Bf5 7. Bf4 Qb4
B01	Difesa Scandinava: Variante Valenciana	1. e4 d5 2. exd5 Qxd5 3. Nc3 Qd8
B01	Difesa Scandinava: Variante Valenciana, Variante Ilundain	1. e4 d5 2. exd5 Qxd5 3. Nc3 Qd8 4. d4 Nf6 5. Nf3 c6
B01	Difesa Scandinava: Variante Valenciana, Linea principale	1. e4 d5 2. exd5 Qxd5 3. Nc3 Qd8 4. d4 Nf6 5. Nf3 Bg4
B01	Difesa Scandinava: Gambetto Zilbermints	1. e4 d5 2. b4
B01	Apertura Van Geet: Difesa Grünfeld	1. e4 d5 2. Nc3 dxe4 3. Nxe4 e5
B02	Difesa Alekhine	1. e4 Nf6
B02	Difesa Alekhine: Variante di Brooklyn	1. e4 Nf6 2. e5 Ng8
B02	Difesa Alekhine: Variante di Brooklyn, Variante delle Everglades	1. e4 Nf6 2. e5 Ng8 3. d4 f5
B02	Difesa Alekhine: Attacco Buckley	1. e4 Nf6 2. e5 Nd5 3. Na3
B02	Difesa Alekhine: Variante della Caccia, Gambetto Lasker da Simultanea	1. e4 Nf6 2. e5 Nd5 3. c4 Nb6 4. c5 Nd5 5. Bc4 e6 6. Nc3
B02	Difesa Alekhine: Variante della Caccia, Gambetto Matsukevich	1. e4 Nf6 2. e5 Nd5 3. c4 Nb6 4. c5 Nd5 5. Nc3 Nxc3 6. dxc3 d6 7. Bg5
B02	Difesa Alekhine: Variante della Caccia, Gambetto Mikenas	1. e4 Nf6 2. e5 Nd5 3. c4 Nb6 4. c5 Nd5 5. Bc4 e6 6. Nc3 d6 7. Nxd5 exd5 8. Bxd5
B02	Difesa Alekhine: Variante Kmoch	1. e4 Nf6 2. e5 Nd5 3. Bc4 Nb6 4. Bb3 c5 5. d3
B02	Difesa Alekhine: Variante Krejcik	1. e4 Nf6 2. Bc4
B02	Difesa Alekhine: Variante Krejcik, Gambetto Krejcik	1. e4 Nf6 2. Bc4 Nxe4 3. Bxf7+
B02	Difesa Alekhine: Variante Maróczy	1. e4 Nf6 2. d3
B02	Difesa Alekhine: Mokele Mbembe	1. e4 Nf6 2. e5 Ne4
B02	Difesa Alekhine: Mokele Mbembe, Linea Moderna	1. e4 Nf6 2. e5 Ne4 3. d4 f6
B02	Difesa Alekhine: Mokele Mbembe, Difesa Vavra	1. e4 Nf6 2. e5 Ne4 3. d4 e6
B02	Difesa Alekhine: Variante Normale	1. e4 Nf6 2. e5 Nd5
B02	Difesa Alekhine: Variante Scandinava	1. e4 Nf6 2. Nc3 d5
B02	Difesa Alekhine: Variante Scandinava, Gambetto Geschev	1. e4 Nf6 2. Nc3 d5 3. exd5 c6
B02	Difesa Alekhine: Variante Scandinava, Gambetto Myers	1. e4 Nf6 2. Nc3 d5 3. d3 dxe4 4. Bg5
B02	Difesa Alekhine: Gambetto Spielmann	1. e4 Nf6 2. Nc3 d5 3. e5 Nfd7 4. e6
B02	Difesa Alekhine: Variante Steiner	1. e4 Nf6 2. e5 Nd5 3. c4 Nb6 4. b3
B02	Difesa Alekhine: Attacco Sämisch	1. e4 Nf6 2. e5 Nd5 3. Nc3
B02	Difesa Alekhine: Lo Scoiattolo	1. e4 Nf6 2. e5 Nd5 3. c4 Nf4
B02	Difesa Alekhine: Attacco dei Due Pedoni	1. e4 Nf6 2. e5 Nd5 3. c4
B02	Difesa Alekhine: Attacco dei Due Pedoni, Variante Lasker	1. e4 Nf6 2. e5 Nd5 3. c4 Nb6 4. c5
B02	Difesa Alekhine: Attacco dei Due Pedoni, Variante Mikenas	1. e4 Nf6 2. e5 Nd5 3. c4 Nb6 4. c5 Nd5 5. Bc4 e6 6. Nc3 d6
B02	Difesa Alekhine: Attacco dei Due Pedoni, Variante Tate	1. e4 Nf6 2. e5 Nd5 3. c4 Nb6 4. a4
B02	Difesa Alekhine: Variante Welling	1. e4 Nf6 2. e5 Nd5 3. b3
B03	Difesa Alekhine	1. e4 Nf6 2. e5 Nd5 3. d4
B03	Difesa Alekhine	1. e4 Nf6 2. e5 Nd5 3. d4 d6
B03	Difesa Alekhine	1. e4 Nf6 2. e5 Nd5 3. d4 d6 4. c4
B03	Difesa Alekhine: Variante Balogh	1. e4 Nf6 2. e5 Nd5 3. d4 d6 4. Bc4
B03	Difesa Alekhine: Variante di Cambio	1. e4 Nf6 2. e5 Nd5 3. d4 d6 4. c4 Nb6 5. exd6
B03	Difesa Alekhine: Variante di Cambio, Variante Karpov	1. e4 Nf6 2. e5 Nd5 3. d4 d6 4. c4 Nb6 5. exd6 cxd6 6. Nc3 g6 7. h3 Bg7 8. Nf3 O-O 9. Be2 Nc6 10. O-O Bf5 11. Bf4
B03	Difesa Alekhine: Variante di Cambio, Variante di Voronež	1. e4 Nf6 2. e5 Nd5 3. d4 d6 4. c4 Nb6 5. exd6 cxd6 6. Nc3 g6 7. Be3 Bg7 8. Rc1 O-O 9. b3
B03	Difesa Alekhine: Attacco dei Quattro Pedoni	1. e4 Nf6 2. e5 Nd5 3. d4 d6 4. c4 Nb6 5. f4
B03	Difesa Alekhine: Attacco dei Quattro Pedoni, Gambetto di Cambridge	1. e4 Nf6 2. e5 Nd5 3. d4 d6 4. c4 Nb6 5. f4 g5
B03	Difesa Alekhine: Attacco dei Quattro Pedoni, Variante del Fianchetto	1. e4 Nf6 2. e5 Nd5 3. d4 d6 4. c4 Nb6 5. f4 g6
B03	Difesa Alekhine: Attacco dei Quattro Pedoni, Variante Ilyin-Zhenevsky	1. e4 Nf6 2. e5 Nd5 3. d4 d6 4. c4 Nb6 5. f4 dxe5 6. fxe5 Nc6 7. Nf3 Bg4 8. e6 fxe6 9. c5
B03	Difesa Alekhine: Attacco dei Quattro Pedoni, Variante Korchnoi	1. e4 Nf6 2. e5 Nd5 3. d4 d6 4. c4 Nb6 5. f4 dxe5 6. fxe5 Bf5 7. Nc3 e6 8. Nf3 Be7 9. Be2 O-O 10. O-O f6
B03	Difesa Alekhine: Attacco dei Quattro Pedoni, Linea principale	1. e4 Nf6 2. e5 Nd5 3. d4 d6 4. c4 Nb6 5. f4 dxe5 6. fxe5 Nc6 7. Be3
B03	Difesa Alekhine: Attacco dei Quattro Pedoni, Variante Tartakower	1. e4 Nf6 2. e5 Nd5 3. d4 d6 4. c4 Nb6 5. f4 dxe5 6. fxe5 Nc6 7. Be3 Bf5 8. Nc3 e6 9. Nf3 Qd7 10. Be2 O-O-O 11. O-O Be7
B03	Difesa Alekhine: Attacco dei Quattro Pedoni, Variante Trifunovic	1. e4 Nf6 2. e5 Nd5 3. d4 d6 4. c4 Nb6 5. f4 Bf5
B03	Difesa Alekhine: Variante della Caccia	1. e4 Nf6 2. e5 Nd5 3. d4 d6 4. c4 Nb6 5. c5
B03	Difesa Alekhine: Variante Moderna, Gambetto Alekhine	1. e4 Nf6 2. e5 Nd5 3. d4 d6 4. c4 Nb6 5. Nf3 Bg4 6. Be2
B03	Difesa Alekhine: Gambetto O'Sullivan	1. e4 Nf6 2. e5 Nd5 3. d4 b5
B04	Difesa Alekhine: Variante Moderna	1. e4 Nf6 2. e5 Nd5 3. d4 d6 4. Nf3
B04	Difesa Alekhine: Variante Moderna, Variante Alburt	1. e4 Nf6 2. e5 Nd5 3. d4 d6 4. Nf3 g6
B04	Difesa Alekhine: Variante Moderna, Variante Keres	1. e4 Nf6 2. e5 Nd5 3. d4 d6 4. Nf3 g6 5. Bc4 Nb6 6. Bb3 Bg7 7. a4
B04	Difesa Alekhine: Variante Moderna, Variante Larsen	1. e4 Nf6 2. e5 Nd5 3. d4 d6 4. Nf3 dxe5
B04	Difesa Alekhine: Variante Moderna, Variante Larsen-Haakert	1. e4 Nf6 2. e5 Nd5 3. d4 d6 4. Nf3 Nc6
B04	Difesa Alekhine: Variante Moderna, Variante Schmid	1. e4 Nf6 2. e5 Nd5 3. d4 d6 4. Nf3 Nb6
B05	Difesa Alekhine: Variante Moderna, Variante Alekhine	1. e4 Nf6 2. e5 Nd5 3. d4 d6 4. Nf3 Bg4 5. c4
B05	Difesa Alekhine: Variante Moderna, Variante Flohr	1. e4 Nf6 2. e5 Nd5 3. d4 d6 4. Nf3 Bg4 5. Be2 c6
B05	Difesa Alekhine: Variante Moderna, Linea principale	1. e4 Nf6 2. e5 Nd5 3. d4 d6 4. Nf3 Bg4
B05	Difesa Alekhine: Variante Moderna, Variante Panov	1. e4 Nf6 2. e5 Nd5 3. d4 d6 4. Nf3 Bg4 5. h3
B05	Difesa Alekhine: Variante Moderna, Attacco Vitolins	1. e4 Nf6 2. e5 Nd5 3. d4 d6 4. Nf3 Bg4 5. c4 Nb6 6. d5
B06	Difesa Moderna	1. e4 g6
B06	Difesa Moderna	1. e4 g6 2. d4 Bg7
B06	Difesa Moderna: Antimoderna	1. e4 g6 2. d4 Bg7 3. Nc3 c6 4. Bc4 d6 5. Qe2
B06	Difesa Moderna: Attacco d'Alfiere	1. e4 g6 2. d4 Bg7 3. Bc4
B06	Difesa Moderna: Attacco d'Alfiere, Gambetto Bücker	1. e4 g6 2. d4 Bg7 3. Bc4 b5
B06	Difesa Moderna: Attacco d'Alfiere, Sedere della Scimmia	1. e4 g6 2. Bc4 Bg7 3. Qf3 e6 4. d4 Bxd4
B06	Difesa Moderna: Variante Dunworthy	1. e4 g6 2. d4 Bg7 3. c4 d5 4. exd5 c6 5. dxc6 Bxd4
B06	Difesa Moderna: Gambetto del Fianchetto	1. e4 g6 2. d4 f5
B06	Difesa Moderna: Difesa Gurgenidze	1. e4 g6 2. d4 Bg7 3. Nc3 c6 4. f4 d5 5. e5 h5
B06	Difesa Moderna: Difesa della Lucertola, Gambetto Mittenberger	1. e4 g6 2. d4 Bg7 3. Nc3 d5
B06	Difesa Moderna: Gambetto Masur	1. e4 g6 2. d4 Nh6 3. Nc3 f5 4. Bxh6 Bxh6 5. exf5 O-O
B06	Difesa Moderna: Pterodattilo Moderno	1. e4 g6 2. d4 Bg7 3. Nc3 c5
B06	Difesa Moderna: Difesa Mongredien, con Cc3	1. e4 g6 2. d4 Bg7 3. Nc3 b6
B06	Difesa Moderna: Difesa Mongredien, con Cf3	1. e4 g6 2. d4 Bg7 3. Nf3 b6
B06	Difesa Moderna: Difesa Norvegese	1. e4 g6 2. d4 Nf6
B06	Difesa Moderna: Difesa Norvegese, Gambetto Norvegese	1. e4 g6 2. d4 Nf6 3. e5 Nh5 4. Be2 d6
B06	Difesa Moderna: Attacco Pseudo-Austriaco	1. e4 g6 2. d4 Bg7 3. Nc3 d6 4. f4
B06	Difesa Moderna: Variante Semi-Averbakh, Variante dello Pterodattilo Rifiutata	1. e4 g6 2. d4 Bg7 3. c4 c5 4. Nf3 d6 5. Be2 Qa5+
B06	Difesa Moderna: Difesa Standard	1. e4 g6 2. d4 Bg7 3. Nc3 d6
B06	Difesa Moderna: Linea Standard	1. e4 g6 2. d4 Bg7 3. Nc3
B06	Difesa Moderna: Attacco dei Tre Pedoni	1. e4 g6 2. d4 Bg7 3. f4
B06	Difesa Moderna: Variante dei Due Cavalli	1. e4 g6 2. d4 Bg7 3. Nc3 d6 4. Nf3
B06	Difesa Moderna: Variante dei Due Cavalli, Variante Suttles	1. e4 g6 2. d4 Bg7 3. Nc3 c6 4. Nf3 d6
B06	Difesa Moderna: Variante dei Due Cavalli, Variante Suttles, Gambetto Tal	1. e4 g6 2. d4 Bg7 3. Nc3 d6 4. Nf3 c6 5. Bg5 Qb6 6. Qd2 Qxb2
B06	Difesa Moderna: Gambetto Westermann	1. e4 g6 2. d4 Bg7 3. Bd2
B06	Difesa Moderna: Gambetto del Vento	1. e4 g6 2. d4 Bg7 3. Bd3
B06	Difesa dello Pterodattilo: Austriaca, Occidentale dell'Austriadattilo	1. e4 g6 2. d4 Bg7 3. f4 c5 4. Nf3 Qa5+
B06	Difesa dello Pterodattilo: Austriaca, Pterodattilo Grand Prix	1. e4 g6 2. Nc3 Bg7 3. f4 c5 4. Nf3 Qa5
B06	Difesa dello Pterodattilo: Austriaca, Pteranodonte	1. e4 g6 2. d4 Bg7 3. f4 c5 4. c3 Qa5
B06	Difesa dello Pterodattilo: Centrale, Anhanguera	1. e4 g6 2. d4 Bg7 3. c4 c5 4. Nc3 d6 5. Be3 Qa5
B06	Difesa dello Pterodattilo: Centrale, Quetzalcoatlo Benoni	1. e4 g6 2. d4 Bg7 3. c4 c5 4. d5 d6 5. Nc3 Qa5
B06	Difesa dello Pterodattilo: Centrale, Gambetto del Quetzalcoatlo	1. e4 g6 2. d4 Bg7 3. c4 c5 4. Nc3 d6 5. dxc5 Qa5
B06	Difesa dello Pterodattilo: Orientale, Anhanguera	1. e4 g6 2. d4 Bg7 3. Nc3 c5 4. Be3
B06	Difesa dello Pterodattilo: Orientale, Benoni	1. d4 g6 2. e4 Bg7 3. Nc3 c5 4. d5
B06	Difesa dello Pterodattilo: Orientale, Pteranodonte Benoni	1. e4 g6 2. d4 Bg7 3. Nc3 c5 4. d5 Bxc3+ 5. bxc3 Qa5
B06	Difesa dello Pterodattilo: Orientale, Pterodattilo Benoni	1. d4 g6 2. Nc3 Bg7 3. e4 c5 4. d5 Qa5
B06	Difesa dello Pterodattilo: Orientale, Pteranodonte	1. e4 g6 2. d4 Bg7 3. Nc3 c5 4. dxc5 Bxc3+ 5. bxc3 Qa5
B06	Difesa dello Pterodattilo: Orientale, Ramforinco	1. e4 g6 2. d4 Bg7 3. Nc3 c5 4. dxc5 Qa5
B06	Difesa dello Pterodattilo: Fianchetto, Pterodattilo di Re	1. e4 g6 2. d4 Bg7 3. g3 c5 4. Nf3 Qa5+
B06	Difesa dello Pterodattilo: Fianchetto, Ramforinco	1. e4 g6 2. d4 Bg7 3. g3 c5 4. dxc5 Qa5+
B06	Difesa dello Pterodattilo: Siciliana, Quetzalcoatlo	1. e4 g6 2. d4 Bg7 3. Nc3 c5 4. Nf3 Qa5 5. Be2 d6
B06	Difesa dello Pterodattilo: Siciliana, Siroccopteryx	1. e4 g6 2. d4 Bg7 3. Nc3 c5 4. Nf3 Qa5 5. Bc4
B06	Difesa dello Pterodattilo: Occidentale, Anhanguera	1. e4 g6 2. d4 Bg7 3. Nf3 c5 4. Be3 Qa5+
B06	Difesa dello Pterodattilo: Occidentale, Siroccopteryx	1. e4 g6 2. Nf3 Bg7 3. d4 c5 4. Bc4 cxd4 5. Nxd4 Qa5+
B06	Difesa del Ratto: Gurgenidze Accelerata	1. e4 g6 2. d4 d6 3. Nc3 c6
B07	Difesa Ceca	1. e4 d6 2. d4 Nf6 3. Nc3 c6
B07	Partita di Pedone di Re: Difesa Maróczy	1. e4 d6 2. d4 e5
B07	Difesa del Leone	1. e4 d6 2. d4 Nf6 3. Nc3 Nbd7
B07	Difesa del Leone: Anti-Philidor	1. e4 d6 2. d4 Nf6 3. Nc3 Nbd7 4. f4
B07	Difesa del Leone: Anti-Philidor, Caverna del Leone	1. e4 d6 2. d4 Nf6 3. Nc3 Nbd7 4. f4 e5
B07	Difesa del Leone: Anti-Philidor, Caverna del Leone, Gambetto del Leone dell'Artiglio	1. e4 d6 2. d4 Nf6 3. Nc3 Nbd7 4. f4 e5 5. Nf3 exd4 6. Qxd4 c6 7. Bc4 d5
B07	Difesa del Leone: Attacco della Baionetta	1. e4 d6 2. d4 Nf6 3. Nc3 Nbd7 4. g4
B07	Difesa Moderna: Sistema di Geller	1. e4 g6 2. d4 Bg7 3. Nf3 d6 4. c3
B07	Difesa Pirc	1. e4 d6 2. d4 Nf6 3. Nc3 g6
B07	Difesa Pirc: Attacco 150	1. e4 d6 2. d4 Nf6 3. Nc3 g6 4. Be3 c6 5. Qd2
B07	Difesa Pirc: Attacco 150, Difesa Interna della Bambola	1. e4 d6 2. d4 Nf6 3. Nc3 g6 4. Be3 c6 5. Qd2 Bg4
B07	Difesa Pirc: Attacco 150, Attacco Sveshnikov-Jansa	1. e4 d6 2. d4 Nf6 3. Nc3 g6 4. Be3 c6 5. h3
B07	Difesa Pirc: Attacco della Baionetta	1. e4 d6 2. d4 Nf6 3. Nc3 g6 4. Be2 Bg7 5. h4
B07	Difesa Pirc: Variante Byrne	1. e4 d6 2. d4 Nf6 3. Nc3 g6 4. Bg5
B07	Difesa Pirc: Variante Cinese	1. e4 d6 2. d4 Nf6 3. Nc3 g6 4. Be2 Bg7 5. g4
B07	Difesa Pirc: Sistema Kholmov	1. e4 d6 2. d4 Nf6 3. Nc3 g6 4. Bc4
B07	Difesa Pirc: Sistema Sveshnikov	1. e4 d6 2. d4 Nf6 3. Nc3 g6 4. g3
B08	Difesa Pirc: Variante Classica	1. e4 d6 2. d4 Nf6 3. Nc3 g6 4. Nf3
B08	Difesa Pirc: Variante Classica	1. e4 d6 2. d4 Nf6 3. Nc3 g6 4. Nf3 Bg7
B08	Difesa Pirc: Variante Classica, Sistema Tranquillo	1. e4 d6 2. d4 Nf6 3. Nc3 g6 4. Nf3 Bg7 5. Be2
B08	Difesa Pirc: Variante Classica, Sistema Tranquillo, Linea Chigorin	1. e4 d6 2. d4 Nf6 3. Nc3 g6 4. Nf3 Bg7 5. Be2 O-O 6. O-O Nc6
B08	Difesa Pirc: Variante Classica, Sistema Tranquillo, Difesa Ceca	1. e4 d6 2. d4 Nf6 3. Nc3 g6 4. Nf3 Bg7 5. Be2 O-O 6. O-O c6
B08	Difesa Pirc: Variante Classica, Sistema Tranquillo, Difesa Parma	1. e4 d6 2. d4 Nf6 3. Nc3 g6 4. Nf3 Bg7 5. Be2 O-O 6. O-O Bg4
B08	Difesa Pirc: Variante Classica, Variante Schlechter	1. e4 d6 2. d4 Nf6 3. Nc3 g6 4. Nf3 Bg7 5. h3
B09	Difesa Pirc: Attacco Austriaco	1. e4 d6 2. d4 Nf6 3. Nc3 g6 4. f4
B09	Difesa Pirc: Attacco Austriaco	1. e4 d6 2. d4 Nf6 3. Nc3 g6 4. f4 Bg7 5. Nf3 O-O
B09	Difesa Pirc: Attacco Austriaco, Formazione del Dragone	1. e4 d6 2. d4 Nf6 3. Nc3 g6 4. f4 Bg7 5. Nf3 c5
B09	Difesa Pirc: Attacco Austriaco, Variante Kurajica	1. e4 d6 2. d4 Nf6 3. Nc3 g6 4. f4 Bg7 5. Nf3 O-O 6. Be3
B09	Difesa Pirc: Attacco Austriaco, Variante Ljubojevic	1. e4 d6 2. d4 Nf6 3. Nc3 g6 4. f4 Bg7 5. Bc4
B09	Difesa Pirc: Attacco Austriaco, Attacco Unzicker	1. e4 d6 2. d4 Nf6 3. Nc3 g6 4. f4 Bg7 5. Nf3 O-O 6. e5
B09	Difesa Pirc: Attacco Austriaco, Attacco Unzicker, Variante Bronstein	1. e4 d6 2. d4 Nf6 3. Nc3 g6 4. f4 Bg7 5. Nf3 O-O 6. e5 Nfd7 7. h4
B09	Difesa Pirc: Attacco Austriaco, Variante Weiss	1. e4 d6 2. d4 Nf6 3. Nc3 g6 4. f4 Bg7 5. Nf3 O-O 6. Bd3
B10	Difesa Caro-Kann	1. e4 c6
B10	Difesa Caro-Kann	1. e4 c6 2. Nc3
B10	Difesa Caro-Kann	1. e4 c6 2. Nc3 d5
B10	Difesa Caro-Kann: Attacco Panov Accelerato	1. e4 c6 2. c4
B10	Difesa Caro-Kann: Attacco Panov Accelerato	1. e4 c6 2. c4 d5
B10	Difesa Caro-Kann: Attacco Panov Accelerato, Variante Moderna	1. e4 c6 2. c4 d5 3. exd5 cxd5 4. cxd5 Nf6
B10	Difesa Caro-Kann: Attacco Panov Accelerato, Variante Aperta	1. e4 c6 2. c4 e5
B10	Difesa Caro-Kann: Attacco Panov Accelerato, Pseudo-Scandinava	1. e4 c6 2. c4 d5 3. exd5 Qxd5
B10	Difesa Caro-Kann: Attacco Panov Accelerato, Attacco Van Weersel	1. e4 c6 2. c4 d5 3. cxd5 cxd5 4. Qb3
B10	Difesa Caro-Kann: Attacco dell'Apocalisse	1. e4 c6 2. Nf3 d5 3. exd5 cxd5 4. Ne5
B10	Difesa Caro-Kann: Variante Breyer	1. e4 c6 2. d3
B10	Difesa Caro-Kann: Variante Breyer, Attacco Stein	1. e4 c6 2. d3 d5 3. Nd2 g6 4. Ngf3 Bg7 5. g3 e5 6. Bg2 Ne7 7. O-O O-O 8. b4
B10	Difesa Caro-Kann: Gambetto Dinic	1. e4 c6 2. Nf3 d5 3. d3 dxe4 4. Ng5
B10	Difesa Caro-Kann: Offerta del Finale	1. e4 c6 2. Nf3 d5 3. d3
B10	Difesa Caro-Kann: Variante del Finale	1. e4 c6 2. Nf3 d5 3. d3 dxe4 4. dxe4 Qxd1+ 5. Kxd1
B10	Difesa Caro-Kann: Attacco Euwe	1. e4 c6 2. b3
B10	Difesa Caro-Kann: Variante Goldman	1. e4 c6 2. Nc3 d5 3. Qf3
B10	Difesa Caro-Kann: Gambetto Hector	1. e4 c6 2. Nc3 d5 3. Nf3 dxe4 4. Ng5
B10	Difesa Caro-Kann: Attacco Hillbilly	1. e4 c6 2. Bc4
B10	Difesa Caro-Kann: Attacco Hillbilly, Gambetto Schaeffer	1. e4 c6 2. Bc4 d5 3. Bb3 dxe4 4. Qh5
B10	Difesa Caro-Kann: Attacco Labahn	1. e4 c6 2. b4
B10	Difesa Caro-Kann: Attacco Labahn, Doppio Gambetto	1. e4 c6 2. b4 d5 3. b5
B10	Difesa Caro-Kann: Attacco Labahn, Variante Polacca	1. e4 c6 2. b4 e5 3. Bb2
B10	Difesa Caro-Kann: Gambetto Scorpion-Horus	1. e4 c6 2. Nc3 d5 3. d3 dxe4 4. Bg5
B10	Difesa Caro-Kann: Variante della Punta	1. e4 c6 2. g4
B10	Difesa Caro-Kann: Variante della Punta, Gambetto Scorpion-Grob	1. e4 c6 2. g4 d5 3. Nc3 dxe4 4. d3
B10	Difesa Caro-Kann: Attacco San Patrizio	1. e4 c6 2. Nc3 d5 3. h3
B10	Difesa Caro-Kann: Gambetto Toikkanen	1. e4 c6 2. c4 d5 3. e5
B10	Difesa Caro-Kann: Attacco dei Due Cavalli	1. e4 c6 2. Nc3 d5 3. Nf3
B11	Difesa Caro-Kann: Attacco dei Due Cavalli, Variante Mindeno	1. e4 c6 2. Nc3 d5 3. Nf3 Bg4
B11	Difesa Caro-Kann: Attacco dei Due Cavalli, Variante Mindeno, Linea di Cambio	1. e4 c6 2. Nc3 d5 3. Nf3 Bg4 4. h3 Bxf3
B11	Difesa Caro-Kann: Attacco dei Due Cavalli, Variante Mindeno, Linea della Ritirata	1. e4 c6 2. Nc3 d5 3. Nf3 Bg4 4. h3 Bh5
B12	Difesa Caro-Kann	1. e4 c6 2. d4
B12	Difesa Caro-Kann	1. e4 c6 2. d4 d5
B12	Difesa Caro-Kann: Variante d'Avanzata	1. e4 c6 2. d4 d5 3. e5
B12	Difesa Caro-Kann: Variante d'Avanzata, Attacco della Baionetta	1. e4 c6 2. d4 d5 3. e5 Bf5 4. g4
B12	Difesa Caro-Kann: Variante d'Avanzata, Difesa Botvinnik-Carls	1. e4 c6 2. d4 d5 3. e5 c5
B12	Difesa Caro-Kann: Variante d'Avanzata, Variante Bronstein	1. e4 c6 2. d4 d5 3. e5 Bf5 4. Ne2
B12	Difesa Caro-Kann: Variante d'Avanzata, Attacco Prins	1. e4 c6 2. d4 d5 3. e5 Bf5 4. b4
B12	Difesa Caro-Kann: Variante d'Avanzata, Variante Corta	1. e4 c6 2. d4 d5 3. e5 Bf5 4. Nf3
B12	Difesa Caro-Kann: Variante d'Avanzata, Variante Tal	1. e4 c6 2. d4 d5 3. e5 Bf5 4. h4
B12	Difesa Caro-Kann: Variante d'Avanzata, Attacco Van der Wiel	1. e4 c6 2. d4 d5 3. e5 Bf5 4. Nc3
B12	Difesa Caro-Kann: Variante d'Avanzata, Attacco Van der Wiel	1. e4 c6 2. d4 d5 3. e5 Bf5 4. Nc3 e6 5. g4 Bg6 6. Nge2 c5 7. h4
B12	Difesa Caro-Kann: Variante d'Avanzata, Attacco Van der Wiel, Difesa Dreyev	1. e4 c6 2. d4 d5 3. e5 Bf5 4. Nc3 Qb6
B12	Difesa Caro-Kann: Avanzata, Variante Corta	1. e4 c6 2. d4 d5 3. e5 Bf5 4. c3 e6 5. Be2
B12	Difesa Caro-Kann: Difesa De Bruycker	1. e4 c6 2. d4 Na6
B12	Difesa Caro-Kann: Difesa De Bruycker	1. e4 c6 2. d4 Na6 3. Nc3 Nc7
B12	Difesa Caro-Kann: Variante di Edimburgo	1. e4 c6 2. d4 d5 3. Nd2 Qb6
B12	Difesa Caro-Kann: Variante Maróczy	1. e4 c6 2. d4 d5 3. f3
B12	Difesa Caro-Kann: Variante Maróczy, Gambetto Maróczy	1. e4 c6 2. d4 d5 3. f3 dxe4 4. fxe4 e5 5. Nf3 exd4 6. Bc4
B12	Difesa Caro-Kann: Variante Masi	1. e4 c6 2. d4 Nf6
B12	Difesa Caro-Kann: Difesa del Massachusetts	1. e4 c6 2. d4 f5
B12	Difesa Caro-Kann: Attacco Mieses, Gambetto Landau	1. e4 c6 2. d4 d5 3. Bd3 Nf6 4. e5 Nfd7 5. e6
B12	Difesa Caro-Kann: Gambetto Mieses	1. e4 c6 2. d4 d5 3. Be3
B12	Difesa Caro-Kann: Variante Moderna	1. e4 c6 2. d4 d5 3. Nd2
B12	Difesa Caro-Kann: Gambetto Ulysses	1. e4 c6 2. d4 d5 3. Nf3 dxe4 4. Ng5
B13	Difesa Caro-Kann: Variante di Cambio	1. e4 c6 2. d4 d5 3. exd5
B13	Difesa Caro-Kann: Variante di Cambio	1. e4 c6 2. d4 d5 3. exd5 cxd5
B13	Difesa Caro-Kann: Variante di Cambio	1. e4 c6 2. d4 d5 3. exd5 cxd5 4. Bf4
B13	Difesa Caro-Kann: Variante di Cambio	1. e4 c6 2. d4 d5 3. exd5 cxd5 4. Nf3 Nc6
B13	Difesa Caro-Kann: Variante di Cambio, Attacco Bulla	1. e4 c6 2. d4 d5 3. exd5 cxd5 4. g4
B13	Difesa Caro-Kann: Variante di Cambio, Variante Rubinstein	1. e4 c6 2. d4 d5 3. exd5 cxd5 4. Bd3 Nc6 5. c3 Nf6 6. Bf4
B13	Difesa Caro-Kann: Attacco Panov	1. e4 c6 2. d4 d5 3. exd5 cxd5 4. c4
B13	Difesa Caro-Kann: Attacco Panov	1. e4 c6 2. d4 d5 3. exd5 cxd5 4. c4 Nf6 5. Nc3
B13	Difesa Caro-Kann: Attacco Panov, Attacco Gunderam	1. e4 c6 2. d4 d5 3. exd5 cxd5 4. c4 Nf6 5. c5
B13	Difesa Caro-Kann: Attacco Panov, Difesa Moderna	1. e4 c6 2. d4 d5 3. exd5 cxd5 4. c4 Nf6 5. Nc3 Nc6
B13	Difesa Caro-Kann: Attacco Panov, Difesa Moderna, Linea di Karlsbad	1. e4 c6 2. d4 d5 3. exd5 cxd5 4. c4 Nf6 5. Nc3 Nc6 6. Bg5 e6
B13	Difesa Caro-Kann: Attacco Panov, Difesa Moderna, Linea Czerniak	1. e4 c6 2. d4 d5 3. exd5 cxd5 4. c4 Nf6 5. Nc3 Nc6 6. Bg5 Qa5
B13	Difesa Caro-Kann: Attacco Panov, Difesa Moderna, Linea Mieses	1. e4 c6 2. d4 d5 3. exd5 cxd5 4. c4 Nf6 5. Nc3 Nc6 6. Nf3 Bg4
B13	Difesa Caro-Kann: Attacco Panov, Difesa Moderna, Linea Reifir-Spielmann	1. e4 c6 2. d4 d5 3. exd5 cxd5 4. c4 Nf6 5. Nc3 Nc6 6. Bg5 Qb6
B13	Difesa Caro-Kann: Panov-Botvinnik, Difesa Herzog	1. e4 c6 2. d4 d5 3. exd5 cxd5 4. c4 Nf6 5. Nc3 Nc6 6. Bg5 dxc4 7. d5 Na5
B14	Difesa Caro-Kann: Attacco Panov	1. e4 c6 2. d4 d5 3. exd5 cxd5 4. c4 Nf6 5. Nc3 e6
B14	Difesa Caro-Kann: Attacco Panov	1. e4 c6 2. d4 d5 3. exd5 cxd5 4. c4 Nc6 5. Nc3 Nf6 6. Nf3 e6 7. cxd5 exd5 8. Bb5 Bg4
B14	Difesa Caro-Kann: Attacco Panov	1. e4 c6 2. d4 d5 3. exd5 cxd5 4. c4 Nc6 5. Nc3 Nf6 6. Nf3 e6 7. cxd5 exd5 8. Bb5 Bd6 9. Bg5 O-O 10. O-O
B14	Difesa Caro-Kann: Attacco Panov	1. e4 c6 2. d4 d5 3. exd5 cxd5 4. c4 Nf6 5. Nc3 Nc6 6. Nf3 e6 7. c5
B14	Difesa Caro-Kann: Attacco Panov, Difesa del Fianchetto	1. e4 c6 2. d4 d5 3. exd5 cxd5 4. c4 Nf6 5. Nc3 g6
B14	Difesa Caro-Kann: Attacco Panov, Difesa del Fianchetto, Gambetto del Fianchetto	1. e4 c6 2. d4 d5 3. exd5 cxd5 4. c4 Nf6 5. Nc3 g6 6. cxd5 Bg7
B14	Difesa Caro-Kann: Attacco Panov, Linea principale	1. e4 c6 2. d4 d5 3. exd5 cxd5 4. c4 Nf6 5. Nc3 e6 6. Nf3 Bb4
B15	Difesa Caro-Kann	1. e4 c6 2. d4 d5 3. Nc3
B15	Difesa Caro-Kann	1. e4 c6 2. d4 d5 3. Nc3 dxe4
B15	Difesa Caro-Kann: Gambetto Alekhine	1. e4 c6 2. d4 d5 3. Nc3 dxe4 4. Nxe4 Nf6 5. Bd3
B15	Difesa Caro-Kann: Gambetto Alieno	1. e4 c6 2. d4 d5 3. Nc3 dxe4 4. Nxe4 Nf6 5. Ng5 h6 6. Nxf7
B15	Difesa Caro-Kann: Attacco Campomanes	1. e4 c6 2. d4 d5 3. Nc3 Nf6
B15	Difesa Caro-Kann: Variante Forgacs	1. e4 c6 2. d4 d5 3. Nc3 dxe4 4. Nxe4 Nf6 5. Nxf6+ exf6 6. Bc4
B15	Difesa Caro-Kann: Contrattacco Gurgenidze	1. e4 c6 2. d4 d5 3. Nc3 b5
B15	Difesa Caro-Kann: Sistema Gurgenidze	1. e4 c6 2. d4 d5 3. Nc3 g6
B15	Difesa Caro-Kann: Linea principale	1. e4 c6 2. d4 d5 3. Nd2 dxe4 4. Nxe4
B15	Difesa Caro-Kann: Gambetto Rasa-Studier	1. e4 c6 2. d4 d5 3. Nc3 dxe4 4. f3
B15	Difesa Caro-Kann: Variante Tartakower	1. e4 c6 2. d4 d5 3. Nc3 dxe4 4. Nxe4 Nf6 5. Nxf6+ exf6
B15	Difesa Caro-Kann: Variante Tartakower, Linea Perlis	1. e4 c6 2. d4 d5 3. Nc3 dxe4 4. Nxe4 Nf6 5. Nxf6+ exf6 6. c3 Bd6 7. Bd3 O-O 8. Qc2 h6
B15	Difesa Caro-Kann: Gambetto von Hennig	1. e4 c6 2. d4 d5 3. Nc3 dxe4 4. Bc4
B16	Difesa Caro-Kann: Variante Bronstein-Larsen	1. e4 c6 2. d4 d5 3. Nc3 dxe4 4. Nxe4 Nf6 5. Nxf6+ gxf6
B16	Difesa Caro-Kann: Variante Finlandese	1. e4 c6 2. d4 d5 3. Nd2 dxe4 4. Nxe4 h6
B17	Difesa Caro-Kann: Variante Karpov	1. e4 c6 2. d4 d5 3. Nd2 dxe4 4. Nxe4 Nd7
B17	Difesa Caro-Kann: Variante Karpov, Linea principale Moderna	1. e4 c6 2. d4 d5 3. Nd2 dxe4 4. Nxe4 Nd7 5. Ng5 Ngf6 6. Bd3 e6 7. N1f3 Bd6 8. Qe2 h6 9. Ne4 Nxe4 10. Qxe4
B17	Difesa Caro-Kann: Variante Karpov, Variante Moderna	1. e4 c6 2. d4 d5 3. Nd2 dxe4 4. Nxe4 Nd7 5. Ng5
B17	Difesa Caro-Kann: Variante Karpov, Variante Moderna, Difesa Ivanchuk	1. e4 c6 2. d4 d5 3. Nd2 dxe4 4. Nxe4 Nd7 5. Ng5 Ndf6
B17	Difesa Caro-Kann: Variante Karpov, Variante Moderna, Attacco Kasparov	1. e4 c6 2. d4 d5 3. Nc3 dxe4 4. Nxe4 Nd7 5. Nf3 Ngf6 6. Ng3
B17	Difesa Caro-Kann: Variante Karpov, Variante Smyslov	1. e4 c6 2. d4 d5 3. Nd2 dxe4 4. Nxe4 Nd7 5. Bc4 Ngf6 6. Ng5 e6 7. Qe2 Nb6
B17	Difesa Caro-Kann: Variante Karpov, Variante Smyslov, Linea principale	1. e4 c6 2. d4 d5 3. Nd2 dxe4 4. Nxe4 Nd7 5. Bc4 Ngf6 6. Ng5 e6 7. Qe2 Nb6 8. Bb3
B17	Difesa Caro-Kann: Variante Karpov, Attacco Tiviakov-Fischer	1. e4 c6 2. d4 d5 3. Nd2 dxe4 4. Nxe4 Nd7 5. Bc4 Ngf6 6. Nxf6+ Nxf6
B18	Difesa Caro-Kann: Variante Classica	1. e4 c6 2. d4 d5 3. Nd2 dxe4 4. Nxe4 Bf5
B18	Difesa Caro-Kann: Variante Classica, Variante Flohr	1. e4 c6 2. d4 d5 3. Nd2 dxe4 4. Nxe4 Bf5 5. Ng3 Bg6 6. Nh3
B18	Difesa Caro-Kann: Variante Classica, Linea principale	1. e4 c6 2. d4 d5 3. Nd2 dxe4 4. Nxe4 Bf5 5. Ng3 Bg6 6. h4
B18	Difesa Caro-Kann: Variante Classica, Attacco Maróczy	1. e4 c6 2. d4 d5 3. Nd2 dxe4 4. Nxe4 Bf5 5. Ng3 Bg6 6. f4
B18	Difesa Caro-Kann: Gambetto Marziano	1. e4 c6 2. d4 d5 3. Nd2 dxe4 4. Nxe4 Bf5 5. Ng5 Bg6 6. N1f3 h6 7. Ne6
B19	Difesa Caro-Kann: Variante Classica	1. e4 c6 2. d4 d5 3. Nd2 dxe4 4. Nxe4 Bf5 5. Ng3 Bg6 6. h4 h6 7. Nf3 Nd7
B19	Difesa Caro-Kann: Variante Classica, Sistema Lobron	1. e4 c6 2. d4 d5 3. Nd2 dxe4 4. Nxe4 Bf5 5. Ng3 Bg6 6. h4 h6 7. Nf3 Nd7 8. h5 Bh7 9. Bd3 Bxd3 10. Qxd3 e6 11. Bd2 Ngf6 12. O-O-O Be7
B19	Difesa Caro-Kann: Variante Classica, Variante Seirawan	1. e4 c6 2. d4 d5 3. Nd2 dxe4 4. Nxe4 Bf5 5. Ng3 Bg6 6. h4 h6 7. Nf3 Nd7 8. h5 Bh7 9. Bd3 Bxd3 10. Qxd3 Ngf6 11. Bd2 e6 12. O-O-O Bd6
B19	Difesa Caro-Kann: Variante Classica, Variante Spassky	1. e4 c6 2. d4 d5 3. Nd2 dxe4 4. Nxe4 Bf5 5. Ng3 Bg6 6. h4 h6 7. Nf3 Nd7 8. h5
B20	Difesa Siciliana	1. e4 c5
B20	Difesa Siciliana: Attacco dell'Amazzone	1. e4 c5 2. Qg4
B20	Difesa Siciliana: Grande Formazione del Morsetto	1. e4 c5 2. d3 Nc6 3. c3 d6 4. f4
B20	Difesa Siciliana: Attacco Bowdler	1. e4 c5 2. Bc4
B20	Difesa Siciliana: Variante del Mattone	1. e4 c5 2. Nh3
B20	Difesa Siciliana: Attacco Czerniak	1. e4 c5 2. b3
B20	Difesa Siciliana: Attacco Czerniak, Variante di Donna del Fianchetto	1. e4 c5 2. b3 b6
B20	Difesa Siciliana: Attacco Euwe, Gambetto Prins	1. e4 c5 2. b3 d5 3. Bb2
B20	Difesa Siciliana: Variante Gloria	1. e4 c5 2. c4 d6 3. Nc3 Nc6 4. g3 h5
B20	Difesa Siciliana: Variante Grob	1. e4 c5 2. g4
B20	Difesa Siciliana: Variante Keres	1. e4 c5 2. Ne2
B20	Difesa Siciliana: Apertura di Re di David	1. e4 c5 2. Ke2
B20	Difesa Siciliana: Variante Kronberger	1. e4 c5 2. Na3
B20	Difesa Siciliana: Variante Kronberger, Gambetto Nemeth	1. e4 c5 2. Na3 Nc6 3. d4 cxd4 4. Bc4
B20	Difesa Siciliana: Attacco Lasker-Dunne	1. e4 c5 2. g3
B20	Difesa Siciliana: Variante Mengarini	1. e4 c5 2. a3
B20	Difesa Siciliana: Attacco Myers, con a4	1. e4 c5 2. a4
B20	Difesa Siciliana: Attacco Myers, con h4	1. e4 c5 2. h4
B20	Difesa Siciliana: Variante Staunton-Cochrane	1. e4 c5 2. c4
B20	Difesa Siciliana: Gambetto dell'Ala	1. e4 c5 2. b4
B20	Difesa Siciliana: Gambetto dell'Ala, Variante Abrahams	1. e4 c5 2. b4 cxb4 3. Bb2
B20	Difesa Siciliana: Gambetto dell'Ala, Variante di Karlsbad	1. e4 c5 2. b4 cxb4 3. a3 bxa3
B20	Difesa Siciliana: Gambetto dell'Ala, Variante Marienbad	1. e4 c5 2. b4 cxb4 3. a3 d5 4. exd5 Qxd5 5. Bb2
B20	Difesa Siciliana: Gambetto dell'Ala, Variante Marshall	1. e4 c5 2. b4 cxb4 3. a3
B20	Difesa Siciliana: Gambetto dell'Ala, Gambetto Nanu	1. e4 c5 2. b4 cxb4 3. a3 d5 4. exd5 Qxd5 5. Nf3 e5 6. c4 Qe6 7. Bd3
B20	Difesa Siciliana: Gambetto dell'Ala, Difesa Rumena	1. e4 c5 2. b4 cxb4 3. a3 d5 4. exd5 Qxd5 5. Nf3 e5 6. Bb2 Nc6 7. c4 Qe6
B20	Difesa Siciliana: Gambetto dell'Ala, Variante Santasiere	1. e4 c5 2. b4 cxb4 3. c4
B21	Apertura Bird: Variante Olandese, Gambetto Batavo	1. e4 c5 2. f4 d5 3. Nf3 dxe4
B21	Difesa Siciliana: Gambetto Coles Siciliano	1. e4 c5 2. d4 cxd4 3. Qxd4 Nc6 4. Qd1 Nf6 5. Bc4
B21	Difesa Siciliana: Gambetto Halasz	1. e4 c5 2. d4 cxd4 3. f4
B21	Difesa Siciliana: Attacco McDonnell	1. e4 c5 2. f4
B21	Difesa Siciliana: Attacco McDonnell, Gambetto Tal	1. e4 c5 2. f4 d5 3. exd5 Nf6
B21	Difesa Siciliana: Attacco McDonnell, Variante del Gabinetto	1. e4 c5 2. f4 d5 3. Nc3
B21	Difesa Siciliana: Gambetto Morphy	1. e4 c5 2. d4 cxd4 3. Nf3
B21	Difesa Siciliana: Gambetto Morphy, Gambetto Andreaschek	1. e4 c5 2. d4 cxd4 3. Nf3 e5 4. c3
B21	Difesa Siciliana: Gambetto Smith-Morra	1. e4 c5 2. d4
B21	Difesa Siciliana: Gambetto Smith-Morra	1. e4 c5 2. d4 cxd4 3. c3
B21	Difesa Siciliana: Gambetto Smith-Morra Accettato	1. e4 c5 2. d4 cxd4 3. c3 dxc3
B21	Difesa Siciliana: Gambetto Smith-Morra Accettato, Difesa di Chicago	1. e4 c5 2. d4 cxd4 3. c3 dxc3 4. Nxc3 Nc6 5. Bc4 e6 6. Nf3 d6 7. O-O a6 8. Qe2 b5 9. Bb3 Ra7
B21	Difesa Siciliana: Gambetto Smith-Morra Accettato, Difesa di Chicago	1. e4 c5 2. d4 cxd4 3. c3 dxc3 4. Nxc3 d6 5. Nf3 e6 6. Bc4 Nf6 7. O-O a6
B21	Difesa Siciliana: Gambetto Smith-Morra Accettato, Formazione Classica	1. e4 c5 2. d4 cxd4 3. c3 dxc3 4. Nxc3 Nc6 5. Nf3 d6 6. Bc4 a6 7. O-O Nf6
B21	Difesa Siciliana: Gambetto Smith-Morra Accettato, Variante Danese	1. e4 c5 2. d4 cxd4 3. c3 dxc3 4. Nf3
B21	Difesa Siciliana: Gambetto Smith-Morra Accettato, Difesa del Fianchetto	1. e4 c5 2. d4 cxd4 3. c3 dxc3 4. Nxc3 g6
B21	Difesa Siciliana: Gambetto Smith-Morra Accettato, Difesa del Fianchetto	1. e4 c5 2. d4 cxd4 3. c3 dxc3 4. Nxc3 Nc6 5. Nf3 g6
B21	Difesa Siciliana: Gambetto Smith-Morra Accettato, Difesa del Fianchetto	1. e4 c5 2. d4 cxd4 3. c3 dxc3 4. Nxc3 Nc6 5. Nf3 d6 6. Bc4 g6
B21	Difesa Siciliana: Gambetto Smith-Morra Accettato, Difesa del Fianchetto	1. e4 c5 2. d4 cxd4 3. c3 dxc3 4. Nxc3 d6 5. Nf3 g6
B21	Difesa Siciliana: Gambetto Smith-Morra Accettato, Difesa Finegold	1. e4 c5 2. d4 cxd4 3. c3 dxc3 4. Nxc3 e6 5. Nf3 d6 6. Bc4 a6 7. O-O Be7 8. Qe2 Nf6
B21	Difesa Siciliana: Gambetto Smith-Morra Accettato, Formazione Kan	1. e4 c5 2. d4 cxd4 3. c3 dxc3 4. Nxc3 e6 5. Nf3 a6
B21	Difesa Siciliana: Gambetto Smith-Morra Accettato, Difesa Larsen	1. e4 c5 2. d4 cxd4 3. c3 dxc3 4. Nxc3 Nc6 5. Nf3 e6 6. Bc4 Qc7 7. Qe2 a6 8. O-O Bd6
B21	Difesa Siciliana: Gambetto Smith-Morra Accettato, Difesa Morphy	1. e4 c5 2. d4 cxd4 3. c3 dxc3 4. Nxc3 Nc6 5. Nf3 e6 6. Bc4 Bc5
B21	Difesa Siciliana: Gambetto Smith-Morra Accettato, Difesa Morphy Differita	1. e4 c5 2. d4 cxd4 3. c3 dxc3 4. Nxc3 Nc6 5. Nf3 e6 6. Bc4 a6 7. O-O b5 8. Bb3 Bc5
B21	Difesa Siciliana: Gambetto Smith-Morra Accettato, Formazione Paulsen	1. e4 c5 2. d4 cxd4 3. c3 dxc3 4. Nxc3 Nc6 5. Nf3 e6 6. Bc4 a6
B21	Difesa Siciliana: Gambetto Smith-Morra Accettato, Difesa dell'Inchiodatura	1. e4 c5 2. d4 cxd4 3. c3 dxc3 4. Nxc3 Nc6 5. Nf3 e6 6. Bc4 Bb4
B21	Difesa Siciliana: Gambetto Smith-Morra Accettato, Formazione Scheveningen	1. e4 c5 2. d4 cxd4 3. c3 dxc3 4. Nxc3 Nc6 5. Nf3 d6 6. Bc4 e6
B21	Difesa Siciliana: Gambetto Smith-Morra Accettato, Variante Siberiana	1. e4 c5 2. d4 cxd4 3. c3 dxc3 4. Nxc3 Nc6 5. Nf3 e6 6. Bc4 Qc7
B21	Difesa Siciliana: Gambetto Smith-Morra Accettato, Variante Siberiana, Trappola Siberiana	1. e4 c5 2. d4 cxd4 3. c3 dxc3 4. Nxc3 Nc6 5. Nf3 e6 6. Bc4 Qc7 7. Qe2 Nf6 8. O-O Ng4
B21	Difesa Siciliana: Gambetto Smith-Morra Accettato, Formazione Sozin	1. e4 c5 2. d4 cxd4 3. c3 dxc3 4. Nxc3 Nc6 5. Bc4 e6 6. Nf3 d6 7. O-O a6 8. Qe2 b5
B21	Difesa Siciliana: Gambetto Smith-Morra Accettato, Formazione Taimanov	1. e4 c5 2. d4 cxd4 3. c3 dxc3 4. Nxc3 e6 5. Bc4 a6 6. Nf3 Ne7
B21	Difesa Siciliana: Gambetto Smith-Morra Rifiutato, Formazione Alapin	1. e4 c5 2. d4 cxd4 3. c3 Nf6
B21	Difesa Siciliana: Gambetto Smith-Morra Rifiutato, Formazione del Centro	1. e4 c5 2. d4 cxd4 3. c3 e5
B21	Difesa Siciliana: Gambetto Smith-Morra Rifiutato, Variante Dubois	1. e4 c5 2. d4 cxd4 3. c3 d3 4. c4
B21	Difesa Siciliana: Gambetto Smith-Morra Rifiutato, Variante della Spinta	1. e4 c5 2. d4 cxd4 3. c3 d3
B21	Difesa Siciliana: Gambetto Smith-Morra Rifiutato, Formazione Scandinava	1. e4 c5 2. d4 cxd4 3. c3 d5
B21	Difesa Siciliana: Gambetto Smith-Morra Rifiutato, Formazione dell'Ala	1. e4 c5 2. d4 cxd4 3. c3 Qa5
B22	Difesa Siciliana: Variante Alapin	1. e4 c5 2. c3
B22	Difesa Siciliana: Variante Alapin, Gambetto Anti-Alapin	1. e4 c5 2. c3 d5 3. exd5 Nf6
B22	Difesa Siciliana: Variante Alapin, Difesa di Barmen	1. e4 c5 2. c3 d5 3. exd5 Qxd5
B22	Difesa Siciliana: Variante Alapin, Difesa di Barmen	1. e4 c5 2. c3 d5 3. exd5 Qxd5 4. d4 g6 5. Nf3
B22	Difesa Siciliana: Variante Alapin, Difesa di Barmen	1. e4 c5 2. c3 d5 3. exd5 Qxd5 4. d4 Nc6 5. Nf3
B22	Difesa Siciliana: Variante Alapin, Difesa di Barmen, Cambio Centrale	1. e4 c5 2. c3 d5 3. exd5 Qxd5 4. d4 cxd4 5. cxd4 Nc6 6. Nf3 Bg4
B22	Difesa Siciliana: Variante Alapin, Difesa di Barmen, Variante del Finale	1. e4 c5 2. c3 d5 3. exd5 Qxd5 4. d4 cxd4 5. cxd4 Nc6 6. Nf3 Bg4 7. Nc3 Bxf3 8. gxf3 Qxd4 9. Qxd4 Nxd4
B22	Difesa Siciliana: Variante Alapin, Difesa di Barmen, Attacco Milner-Barry	1. e4 c5 2. c3 d5 3. exd5 Qxd5 4. d4 Nc6 5. Nf3 cxd4 6. cxd4 e5 7. Nc3 Bb4 8. Be2
B22	Difesa Siciliana: Variante Alapin, Difesa di Barmen, Linea Moderna	1. e4 c5 2. c3 d5 3. exd5 Qxd5 4. d4 Nf6 5. Nf3 Bg4
B22	Difesa Siciliana: Variante Alapin, Smith-Morra	1. e4 c5 2. c3 Nf6 3. e5 Nd5 4. d4 cxd4
B22	Difesa Siciliana: Variante Alapin, Attacco Stoltz	1. e4 c5 2. c3 Nf6 3. e5 Nd5 4. Nf3 Nc6 5. Bc4 Nb6 6. Bb3
B22	Difesa Siciliana: Variante Alapin, Attacco Stoltz, Linea Ivanchuk	1. e4 c5 2. c3 Nf6 3. e5 Nd5 4. Nf3 Nc6 5. Bc4 Nb6 6. Bb3 c4 7. Bc2 Qc7 8. Qe2 g5
B22	Difesa Siciliana: Variante Alapin Ritardata	1. e4 c5 2. Nf3 e6 3. c3 d5 4. exd5 Qxd5 5. d4 Nf6
B22	Difesa Siciliana: Variante Alapin Ritardata	1. e4 c5 2. Nf3 e6 3. c3 d5 4. exd5 exd5 5. Bb5+ Nc6 6. O-O Bd6 7. d4
B22	Difesa Siciliana: Variante Heidenfeld	1. e4 c5 2. c3 Nf6 3. e5 Nd5 4. Nf3 Nc6 5. Na3
B23	Difesa Siciliana: Chiusa	1. e4 c5 2. Nc3
B23	Difesa Siciliana: Chiusa	1. e4 c5 2. Nc3 e6
B23	Difesa Siciliana: Chiusa	1. e4 c5 2. Nc3 e6 3. g3
B23	Difesa Siciliana: Chiusa, Variante Carlsen	1. e4 c5 2. Nc3 d6 3. d4 cxd4 4. Qxd4 Nc6 5. Qd2
B23	Difesa Siciliana: Chiusa, Variante del Camaleonte	1. e4 c5 2. Nc3 Nc6 3. Nge2
B23	Difesa Siciliana: Chiusa, Attacco Grob	1. e4 c5 2. Nc3 Nc6 3. g4
B23	Difesa Siciliana: Chiusa, Difesa Korchnoi	1. e4 c5 2. Nc3 e6 3. g3 d5
B23	Difesa Siciliana: Chiusa, Attacco di Portland	1. e4 c5 2. Nc3 Nc6 3. d3 g6 4. g4
B23	Difesa Siciliana: Chiusa, Tradizionale	1. e4 c5 2. Nc3 Nc6
B23	Difesa Siciliana: Attacco Grand Prix	1. e4 c5 2. Nc3 Nc6 3. f4
B23	Difesa Siciliana: Attacco Grand Prix, Variante Schofman	1. e4 c5 2. Nc3 Nc6 3. f4 g6 4. Nf3 Bg7 5. Bc4 e6 6. f5
B24	Difesa Siciliana: Chiusa	1. e4 c5 2. Nc3 Nc6 3. g3 g6
B24	Difesa Siciliana: Chiusa	1. e4 c5 2. Nc3 Nc6 3. g3 g6 4. Bg2 Bg7
B24	Difesa Siciliana: Chiusa, Variante del Fianchetto	1. e4 c5 2. Nc3 Nc6 3. g3
B24	Difesa Siciliana: Chiusa, Variante Smyslov	1. e4 c5 2. Nc3 Nc6 3. g3 g6 4. Bg2 Bg7 5. d3 e6 6. Be3 Nd4 7. Nce2
B25	Difesa Siciliana: Chiusa	1. e4 c5 2. Nc3 Nc6 3. g3 g6 4. Bg2 Bg7 5. d3 d6
B25	Difesa Siciliana: Chiusa	1. e4 c5 2. Nc3 Nc6 3. g3 g6 4. Bg2 Bg7 5. d3 d6 6. f4
B25	Difesa Siciliana: Chiusa, Difesa Botvinnik, Variante del Bordo	1. e4 c5 2. Nc3 Nc6 3. g3 g6 4. Bg2 Bg7 5. d3 d6 6. f4 e5 7. Nh3 Nge7
B25	Difesa Siciliana: Chiusa, Difesa Botvinnik, con Cge2	1. e4 c5 2. Nc3 Nc6 3. g3 g6 4. Bg2 Bg7 5. d3 d6 6. Nge2 e5
B25	Difesa Siciliana: Chiusa, Difesa Botvinnik, con f4	1. e4 c5 2. Nc3 Nc6 3. g3 g6 4. Bg2 Bg7 5. d3 d6 6. f4 e5
B26	Difesa Siciliana: Chiusa	1. e4 c5 2. Nc3 Nc6 3. g3 g6 4. Bg2 Bg7 5. d3 d6 6. Be3
B27	Difesa Moderna: Variante dello Pterodattilo	1. e4 c5 2. Nf3 g6 3. d4 Bg7 4. Nc3 Qa5
B27	Difesa dello Pterodattilo: Siciliana, Anhanguera	1. e4 c5 2. Nf3 g6 3. d4 Bg7 4. Nc3 Qa5 5. Be3
B27	Difesa dello Pterodattilo: Siciliana, Gambetto Benoni	1. e4 c5 2. Nf3 g6 3. d4 Bg7 4. Nc3 Qa5 5. d5
B27	Difesa dello Pterodattilo: Siciliana, Pteranodonte	1. e4 c5 2. Nf3 g6 3. d4 Bg7 4. dxc5 Qa5+ 5. Nc3 Bxc3+ 6. bxc3
B27	Difesa dello Pterodattilo: Siciliana, Ramforinco	1. e4 c5 2. Nf3 g6 3. d4 Bg7 4. dxc5 Qa5+ 5. Nc3
B27	Difesa dello Pterodattilo: Siciliana, Schiodatura	1. e4 c5 2. Nf3 g6 3. d4 Bg7 4. Nc3 Qa5 5. Bd2
B27	Difesa dello Pterodattilo: Occidentale, Pterodattilo	1. e4 c5 2. Nf3 g6 3. c3 Bg7 4. d4 Qa5
B27	Difesa dello Pterodattilo: Occidentale, Ramforinco	1. e4 c5 2. Nf3 g6 3. d4 Bg7 4. dxc5 Qa5+
B27	Difesa Siciliana	1. e4 c5 2. Nf3
B27	Difesa Siciliana: Estensione di Acton	1. e4 c5 2. Nf3 g6 3. c4 Bh6
B27	Difesa Siciliana: Gambetto di Bruxelles	1. e4 c5 2. Nf3 f5
B27	Difesa Siciliana: Variante Bücker	1. e4 c5 2. Nf3 h6
B27	Difesa Siciliana: Gambetto Doppio Olandese	1. e4 c5 2. Nf3 f5 3. exf5 Nh6
B27	Difesa Siciliana: Variante Frederico	1. e4 c5 2. Nf3 g6 3. d4 f5
B27	Difesa Siciliana: Dragone Iperaccelerato	1. e4 c5 2. Nf3 g6
B27	Difesa Siciliana: Dragone Iperaccelerato	1. e4 c5 2. Nf3 g6 3. d4
B27	Difesa Siciliana: Pterodattilo Iperaccelerato	1. e4 c5 2. Nf3 g6 3. d4 Bg7
B27	Difesa Siciliana: Pterodattilo Iperaccelerato, Variante di Cambio	1. e4 c5 2. Nf3 g6 3. d4 Bg7 4. dxc5 Qa5+ 5. Nc3 Bxc3+ 6. bxc3 Qxc3+
B27	Difesa Siciliana: Variante di Jalalabad	1. e4 c5 2. Nf3 e5
B27	Difesa Siciliana: Variante Katalimov	1. e4 c5 2. Nf3 b6
B27	Difesa Siciliana: Variante della Mangusta	1. e4 c5 2. Nf3 Qa5
B27	Difesa Siciliana: Gambetto Polacco	1. e4 c5 2. Nf3 b5
B27	Difesa Siciliana: Variante Quinteros	1. e4 c5 2. Nf3 Qc7
B28	Difesa Siciliana: Variante O'Kelly	1. e4 c5 2. Nf3 a6
B28	Difesa Siciliana: Variante O'Kelly, Sistema Aronin	1. e4 c5 2. Nf3 a6 3. Be2
B28	Difesa Siciliana: Variante O'Kelly, Sistema Kieseritzky	1. e4 c5 2. Nf3 a6 3. b3
B28	Difesa Siciliana: Variante O'Kelly, Morsa Maróczy	1. e4 c5 2. Nf3 a6 3. c4
B28	Difesa Siciliana: Variante O'Kelly, Morsa Maróczy, Linea Paulsen	1. e4 c5 2. Nf3 a6 3. c4 e6
B28	Difesa Siciliana: Variante O'Kelly, Morsa Maróczy, Linea Robatsch	1. e4 c5 2. Nf3 a6 3. c4 d6
B28	Difesa Siciliana: Variante O'Kelly, Sistema Normale	1. e4 c5 2. Nf3 a6 3. d4
B28	Difesa Siciliana: Variante O'Kelly, Sistema Normale, Gambetto Cortlever	1. e4 c5 2. Nf3 a6 3. d4 cxd4 4. Bc4
B28	Difesa Siciliana: Variante O'Kelly, Sistema Normale, Linea Smith-Morra	1. e4 c5 2. Nf3 a6 3. d4 cxd4 4. c3
B28	Difesa Siciliana: Variante O'Kelly, Sistema Normale, Linea Taimanov	1. e4 c5 2. Nf3 a6 3. d4 cxd4 4. Nxd4 e5
B28	Difesa Siciliana: Variante O'Kelly, Sistema Normale, Linea Zagorovsky	1. e4 c5 2. Nf3 a6 3. d4 cxd4 4. Qxd4
B28	Difesa Siciliana: Variante O'Kelly, Sistema Tranquillo	1. e4 c5 2. Nf3 a6 3. d3
B28	Difesa Siciliana: Variante O'Kelly, Sistema Réti	1. e4 c5 2. Nf3 a6 3. g3
B28	Difesa Siciliana: Variante O'Kelly, Sistema di Venezia	1. e4 c5 2. Nf3 a6 3. c3
B28	Difesa Siciliana: Variante O'Kelly, Sistema di Venezia, Linea Barcza	1. e4 c5 2. Nf3 a6 3. c3 Nf6
B28	Difesa Siciliana: Variante O'Kelly, Sistema di Venezia, Linea di Gambetto	1. e4 c5 2. Nf3 a6 3. c3 d5 4. exd5 Nf6
B28	Difesa Siciliana: Variante O'Kelly, Sistema di Venezia, Linea Ljubojevic	1. e4 c5 2. Nf3 a6 3. c3 b5
B28	Difesa Siciliana: Variante O'Kelly, Sistema di Venezia, Linea Steiner	1. e4 c5 2. Nf3 a6 3. c3 d6
B28	Difesa Siciliana: Variante O'Kelly, Gambetto dell'Ala	1. e4 c5 2. Nf3 a6 3. b4
B28	Difesa Siciliana: Variante O'Kelly, Sistema di Erevan	1. e4 c5 2. Nf3 a6 3. Nc3
B29	Difesa Siciliana: Variante Nimzowitsch	1. e4 c5 2. Nf3 Nf6
B29	Difesa Siciliana: Variante Nimzowitsch, Variante d'Avanzata	1. e4 c5 2. Nf3 Nf6 3. e5
B29	Difesa Siciliana: Variante Nimzowitsch, Variante Chiusa	1. e4 c5 2. Nf3 Nf6 3. Nc3
B29	Difesa Siciliana: Variante Nimzowitsch, Variante di Cambio	1. e4 c5 2. Nf3 Nf6 3. e5 Nd5 4. Nc3 Nxc3
B29	Difesa Siciliana: Variante Nimzowitsch, Linea principale	1. e4 c5 2. Nf3 Nf6 3. e5 Nd5 4. Nc3 e6 5. Nxd5 exd5 6. d4 Nc6
B30	Difesa Siciliana: Chiusa, Variante Anti-Sveshnikov	1. e4 c5 2. Nf3 Nc6 3. Nc3 e5
B30	Difesa Siciliana: Chiusa, Variante Anti-Sveshnikov, Linea Kharlov-Kramnik	1. e4 c5 2. Nf3 Nc6 3. Nc3 e5 4. Bc4 Be7 5. d3 d6 6. Nd2 Bg5
B30	Difesa Siciliana: Chiusa, Variante Anti-Sveshnikov, con Cf6	1. e4 c5 2. Nf3 Nc6 3. Nc3 e5 4. Bc4 Be7 5. d3 Nf6
B30	Difesa Siciliana: Chiusa, Variante Anti-Sveshnikov, con d6	1. e4 c5 2. Nf3 Nc6 3. Nc3 e5 4. Bc4 Be7 5. d3 d6
B30	Difesa Siciliana: Attacco Nyezhmetdinov-Rossolimo	1. e4 c5 2. Nf3 Nc6 3. Bb5
B30	Difesa Siciliana: Attacco Nyezhmetdinov-Rossolimo, Difesa della Ritirata di Brooklyn	1. e4 c5 2. Nf3 Nc6 3. Bb5 Nb8
B30	Difesa Siciliana: Attacco Nyezhmetdinov-Rossolimo, Gambetto San Francisco	1. e4 c5 2. Nf3 Nc6 3. Bb5 Na5 4. b4
B30	Difesa Siciliana: Vecchia Siciliana	1. e4 c5 2. Nf3 Nc6
B30	Difesa Siciliana: Gambetto di Portsmouth	1. e4 c5 2. Nf3 Nc6 3. b4
B31	Difesa Siciliana: Attacco Nyezhmetdinov-Rossolimo, Variante del Fianchetto	1. e4 c5 2. Nf3 Nc6 3. Bb5 g6
B31	Difesa Siciliana: Attacco Nyezhmetdinov-Rossolimo, Variante del Fianchetto, Gambetto Gufeld	1. e4 c5 2. Nf3 Nc6 3. Bb5 g6 4. O-O Bg7 5. c3 e5 6. d4
B31	Difesa Siciliana: Attacco Nyezhmetdinov-Rossolimo, Variante del Fianchetto, Gambetto Lutikov	1. e4 c5 2. Nf3 Nc6 3. Bb5 g6 4. O-O Bg7 5. c3 Nf6 6. d4
B31	Difesa Siciliana: Attacco Nyezhmetdinov-Rossolimo, Variante del Fianchetto, Attacco Totsky	1. e4 c5 2. Nf3 Nc6 3. Bb5 g6 4. O-O Bg7 5. c3 Nf6 6. Qa4
B31	Difesa Siciliana: Attacco Nyezhmetdinov-Rossolimo, Variante Gurgenidze	1. e4 c5 2. Nf3 Nc6 3. Bb5 g6 4. O-O Bg7 5. Re1 e5 6. b4
B32	Difesa Siciliana: Dragone Accelerato	1. e4 c5 2. Nf3 Nc6 3. d4 cxd4 4. Nxd4 g6
B32	Difesa Siciliana: Variante Flohr	1. e4 c5 2. Nf3 Nc6 3. d4 cxd4 4. Nxd4 Qc7
B32	Difesa Siciliana: Variante Franco-Siciliana	1. e4 c5 2. Nf3 Nc6 3. d4 e6
B32	Difesa Siciliana: Variante Godiva	1. e4 c5 2. Nf3 Nc6 3. d4 cxd4 4. Nxd4 Qb6
B32	Difesa Siciliana: Variante Kalashnikov	1. e4 c5 2. Nf3 Nc6 3. d4 cxd4 4. Nxd4 e5 5. Nb5 d6
B32	Difesa Siciliana: Variante Löwenthal	1. e4 c5 2. Nf3 Nc6 3. d4 cxd4 4. Nxd4 e5
B32	Difesa Siciliana: Variante Nimzo-Americana	1. e4 c5 2. Nf3 Nc6 3. d4 cxd4 4. Nxd4 d5
B32	Difesa Siciliana: Variante O'Kelly, Morsa Maróczy, Linea Geller	1. e4 c5 2. Nf3 Nc6 3. d4 cxd4 4. Nxd4 a6 5. c4 e5
B32	Difesa Siciliana: Aperta	1. e4 c5 2. Nf3 Nc6 3. d4
B32	Difesa Siciliana: Aperta	1. e4 c5 2. Nf3 Nc6 3. d4 cxd4
B32	Difesa Siciliana: Aperta	1. e4 c5 2. Nf3 Nc6 3. d4 cxd4 4. Nxd4
B33	Difesa Siciliana: Variante Lasker-Pelikan	1. e4 c5 2. Nf3 Nc6 3. d4 cxd4 4. Nxd4 Nf6 5. Nc3 e5
B33	Difesa Siciliana: Variante Lasker-Pelikan, Variante Bird	1. e4 c5 2. Nf3 Nc6 3. d4 cxd4 4. Nxd4 Nf6 5. Nc3 e5 6. Ndb5 d6 7. Bg5 a6 8. Na3 Be6
B33	Difesa Siciliana: Variante Lasker-Pelikan, Variante di Cambio	1. e4 c5 2. Nf3 Nc6 3. d4 cxd4 4. Nxd4 Nf6 5. Nc3 e5 6. Nxc6
B33	Difesa Siciliana: Variante Lasker-Pelikan, Variante della Ritirata	1. e4 c5 2. Nf3 Nc6 3. d4 cxd4 4. Nxd4 Nf6 5. Nc3 e5 6. Nf3
B33	Difesa Siciliana: Variante Lasker-Pelikan, Variante Schlechter	1. e4 c5 2. Nf3 Nc6 3. d4 cxd4 4. Nxd4 Nf6 5. Nc3 e5 6. Nb3
B33	Difesa Siciliana: Variante Lasker-Pelikan, Variante Sveshnikov	1. e4 c5 2. Nf3 Nc6 3. d4 cxd4 4. Nxd4 Nf6 5. Nc3 e5 6. Ndb5 d6 7. Bg5 a6 8. Na3 b5
B33	Difesa Siciliana: Variante Lasker-Pelikan, Variante Sveshnikov	1. e4 c5 2. Nf3 Nc6 3. d4 cxd4 4. Nxd4 Nf6 5. Nc3 e5 6. Ndb5 d6 7. Bg5 a6 8. Na3 b5 9. Bxf6 gxf6 10. Nd5 f5
B33	Difesa Siciliana: Variante Lasker-Pelikan, Variante Sveshnikov, Variante di Čeljabinsk	1. e4 c5 2. Nf3 Nc6 3. d4 cxd4 4. Nxd4 Nf6 5. Nc3 e5 6. Ndb5 d6 7. Bg5 a6 8. Na3 b5 9. Nd5
B33	Difesa Siciliana: Variante Lasker-Pelikan, Variante Sveshnikov, Variante di Novosibirsk	1. e4 c5 2. Nf3 Nc6 3. d4 cxd4 4. Nxd4 Nf6 5. Nc3 e5 6. Ndb5 d6 7. Bg5 a6 8. Na3 b5 9. Bxf6 gxf6 10. Nd5 Bg7
B33	Difesa Siciliana: Variante Lasker-Pelikan, Variante Sveshnikov, Sacrificio di Peresypkin	1. e4 c5 2. Nf3 Nc6 3. d4 cxd4 4. Nxd4 Nf6 5. Nc3 e5 6. Ndb5 d6 7. Bg5 a6 8. Na3 b5 9. Bxf6 gxf6 10. Nd5 f5 11. Bxb5
B33	Difesa Siciliana: Aperta	1. e4 c5 2. Nf3 Nc6 3. d4 cxd4 4. Nxd4 Nf6
B34	Difesa Siciliana: Dragone Accelerato, Variante di Cambio	1. e4 c5 2. Nf3 Nc6 3. d4 cxd4 4. Nxd4 g6 5. Nxc6
B34	Difesa Siciliana: Dragone Accelerato, Variante Moderna	1. e4 c5 2. Nf3 Nc6 3. d4 cxd4 4. Nxd4 g6 5. Nc3
B35	Difesa Siciliana: Dragone Accelerato, Variante Ac4 Moderna	1. e4 c5 2. Nf3 Nc6 3. d4 cxd4 4. Nxd4 g6 5. Nc3 Bg7 6. Be3 Nf6 7. Bc4
B35	Difesa Siciliana: Variante del Dragone, Variante Ac4 Moderna	1. e4 c5 2. Nf3 Nc6 3. d4 cxd4 4. Nxd4 g6 5. Nc3 Bg7 6. Be3 Nf6 7. Bc4 d6
B36	Difesa Siciliana: Dragone Accelerato, Morsa Maróczy	1. e4 c5 2. Nf3 Nc6 3. d4 cxd4 4. Nxd4 g6 5. c4
B36	Difesa Siciliana: Dragone Accelerato, Morsa Maróczy, Variante Gurgenidze	1. e4 c5 2. Nf3 Nc6 3. d4 cxd4 4. Nxd4 g6 5. c4 Nf6 6. Nc3 Nxd4 7. Qxd4 d6
B37	Difesa Siciliana: Dragone Accelerato, Morsa Maróczy	1. e4 c5 2. Nf3 Nc6 3. d4 cxd4 4. Nxd4 g6 5. c4 Bg7
B37	Difesa Siciliana: Dragone Accelerato, Variante Simagin	1. e4 c5 2. Nf3 Nc6 3. d4 cxd4 4. Nxd4 g6 5. c4 Bg7 6. Nc2 d6 7. Be2 Nh6
B38	Difesa Siciliana: Dragone Accelerato, Morsa Maróczy	1. e4 c5 2. Nf3 Nc6 3. d4 cxd4 4. Nxd4 g6 5. c4 Bg7 6. Be3
B39	Difesa Siciliana: Dragone Accelerato, Morsa Maróczy, Variante Breyer	1. e4 c5 2. Nf3 Nc6 3. d4 cxd4 4. Nxd4 g6 5. c4 Bg7 6. Be3 Nf6 7. Nc3 Ng4
B40	Difesa Siciliana: Variante Alapin, Variante Sherzer	1. e4 c5 2. Nf3 e6 3. c3 Nf6 4. e5 Nd5 5. d4 Nc6
B40	Difesa Siciliana: Variante Alapin Ritardata, con e6	1. e4 c5 2. Nf3 e6 3. c3
B40	Difesa Siciliana: Variante Drazic	1. e4 c5 2. Nf3 e6 3. d4 a6
B40	Difesa Siciliana: Variante Francese	1. e4 c5 2. Nf3 e6
B40	Difesa Siciliana: Variante Francese, Normale	1. e4 c5 2. Nf3 e6 3. d4 cxd4 4. Nxd4 Nf6
B40	Difesa Siciliana: Variante Francese, Aperta	1. e4 c5 2. Nf3 e6 3. d4 cxd4
B40	Difesa Siciliana: Variante Francese, Attacco Westerinen	1. e4 c5 2. Nf3 e6 3. b3
B40	Difesa Siciliana: Variante Gaw-Paw	1. e4 c5 2. Nf3 e6 3. d4 cxd4 4. Nxd4 Nf6 5. Nc3 Qb6
B40	Difesa Siciliana: Variante Kan, Attacco dell'Ala, Variante del Fianchetto	1. e4 c5 2. Nf3 e6 3. Nc3 a6 4. g3 b5 5. d4 cxd4 6. Nxd4
B40	Difesa Siciliana: Variante Kramnik	1. e4 c5 2. Nf3 e6 3. c4
B40	Difesa Siciliana: Variante Kveinis	1. e4 c5 2. Nf3 e6 3. d4 cxd4 4. Nxd4 Qb6
B40	Difesa Siciliana: Contrattacco Marshall	1. e4 c5 2. Nf3 e6 3. d4 d5
B40	Difesa Siciliana: Difesa Paulsen-Basman	1. e4 c5 2. Nf3 e6 3. d4 cxd4 4. Nxd4 Bc5
B40	Difesa Siciliana: Variante dell'Inchiodatura	1. e4 c5 2. Nf3 e6 3. d4 cxd4 4. Nxd4 Nf6 5. Nc3 Bb4
B40	Difesa Siciliana: Variante dell'Inchiodatura, Variante Jaffe	1. e4 c5 2. Nf3 e6 3. d4 cxd4 4. Nxd4 Nf6 5. Nc3 Bb4 6. Bd3 e5
B40	Difesa Siciliana: Variante dell'Inchiodatura, Variante Koch	1. e4 c5 2. Nf3 e6 3. d4 cxd4 4. Nxd4 Nf6 5. Nc3 Bb4 6. e5
B40	Difesa Siciliana: Gambetto Smith-Morra Differito	1. e4 c5 2. Nf3 e6 3. d4 cxd4 4. c3
B40	Difesa Siciliana: Gambetto dell'Ala Differito	1. e4 c5 2. Nf3 e6 3. b4
B41	Difesa Siciliana: Variante Kan	1. e4 c5 2. Nf3 e6 3. d4 cxd4 4. Nxd4 a6
B41	Difesa Siciliana: Variante Kan, Morsa Maróczy, Variante Bronstein	1. e4 c5 2. Nf3 e6 3. d4 cxd4 4. Nxd4 a6 5. c4 Nf6 6. Nc3 Bb4 7. Bd3 Nc6
B41	Difesa Siciliana: Variante Kan, Morsa Maróczy, Variante Bronstein	1. e4 c5 2. Nf3 e6 3. d4 cxd4 4. Nxd4 a6 5. c4 Nf6 6. Nc3 Bb4 7. Bd3 Nc6 8. Bc2
B41	Difesa Siciliana: Variante Kan, Morsa Maróczy, Variante del Riccio	1. e4 c5 2. Nf3 e6 3. d4 cxd4 4. Nxd4 a6 5. c4 g6
B41	Difesa Siciliana: Variante Kan, Morsa Maróczy, Variante Réti	1. e4 c5 2. Nf3 e6 3. d4 cxd4 4. Nxd4 a6 5. c4
B42	Difesa Siciliana: Variante Kan, Variante Gipslis	1. e4 c5 2. Nf3 e6 3. d4 cxd4 4. Nxd4 a6 5. Bd3 Nf6 6. O-O d6 7. c4 g6
B42	Difesa Siciliana: Variante Kan, Variante Moderna	1. e4 c5 2. Nf3 e6 3. d4 cxd4 4. Nxd4 a6 5. Bd3
B42	Difesa Siciliana: Variante Kan, Variante Polugaevsky	1. e4 c5 2. Nf3 e6 3. d4 cxd4 4. Nxd4 a6 5. Bd3 Bc5
B42	Difesa Siciliana: Variante Kan, Variante Svizzera del Formaggio	1. e4 c5 2. Nf3 e6 3. d4 cxd4 4. Nxd4 a6 5. Bd3 g6
B43	Difesa Siciliana: Variante Kan, Variante di Cavallo	1. e4 c5 2. Nf3 e6 3. d4 cxd4 4. Nxd4 a6 5. Nc3
B43	Difesa Siciliana: Variante Kan, Attacco dell'Ala	1. e4 c5 2. Nf3 e6 3. d4 cxd4 4. Nxd4 a6 5. Nc3 b5
B43	Difesa Siciliana: Variante Kan, Attacco dell'Ala, Sogno di Christiansen	1. e4 c5 2. Nf3 e6 3. d4 cxd4 4. Nxd4 a6 5. Nc3 b5 6. Bd3 Qb6 7. Be3 Bc5 8. Qg4
B43	Difesa Siciliana: Variante Kan, Attacco dell'Ala, Attacco Spraggett	1. e4 c5 2. Nf3 e6 3. d4 cxd4 4. Nxd4 a6 5. Nc3 b5 6. Bd3 Qb6 7. Nf3
B44	Difesa Siciliana: Variante Taimanov	1. e4 c5 2. Nf3 e6 3. d4 cxd4 4. Nxd4 Nc6
B44	Difesa Siciliana: Variante Taimanov, Gambetto Gary	1. e4 c5 2. Nf3 e6 3. d4 cxd4 4. Nxd4 Nc6 5. Nb5 d6 6. c4 Nf6 7. N1c3 a6 8. Na3 d5
B44	Difesa Siciliana: Variante Taimanov, Linea Moderna	1. e4 c5 2. Nf3 e6 3. d4 cxd4 4. Nxd4 Nc6 5. Nb5 d6 6. c4 Nf6 7. N1c3 a6 8. Na3 Be7 9. Be2 O-O 10. O-O b6
B44	Difesa Siciliana: Variante Taimanov, Variante Szén	1. e4 c5 2. Nf3 e6 3. d4 cxd4 4. Nxd4 Nc6 5. Nb5
B45	Difesa Siciliana: Variante dei Quattro Cavalli	1. e4 c5 2. Nf3 e6 3. d4 cxd4 4. Nxd4 Nc6 5. Nc3 Nf6
B45	Difesa Siciliana: Variante dei Quattro Cavalli, Attacco Americano	1. e4 c5 2. Nf3 e6 3. d4 cxd4 4. Nxd4 Nc6 5. Nc3 Nf6 6. Ndb5 Bb4 7. Nd6+
B45	Difesa Siciliana: Variante dei Quattro Cavalli, Variante del Cobra	1. e4 c5 2. Nf3 e6 3. d4 cxd4 4. Nxd4 Nc6 5. Nc3 Nf6 6. Ndb5 Bc5
B45	Difesa Siciliana: Variante dei Quattro Cavalli, Variante di Cambio	1. e4 c5 2. Nf3 e6 3. d4 cxd4 4. Nxd4 Nc6 5. Nc3 Nf6 6. Nxc6
B45	Difesa Siciliana: Variante dei Quattro Cavalli, Trasferimento Sveshnikov	1. e4 c5 2. Nf3 e6 3. d4 cxd4 4. Nxd4 Nc6 5. Nc3 Nf6 6. Ndb5 d6
B45	Difesa Siciliana: Variante Taimanov	1. e4 c5 2. Nf3 e6 3. d4 cxd4 4. Nxd4 Nc6 5. Nc3
B46	Difesa Siciliana: Variante Taimanov	1. e4 c5 2. Nf3 e6 3. d4 cxd4 4. Nxd4 Nc6 5. Nc3 a6
B47	Difesa Siciliana: Variante Taimanov, Variante Bastrikov	1. e4 c5 2. Nf3 e6 3. d4 cxd4 4. Nxd4 Nc6 5. Nc3 Qc7
B47	Difesa Siciliana: Variante Taimanov, Variante Bastrikov, Gambetto Ponomariov	1. e4 c5 2. Nf3 e6 3. d4 cxd4 4. Nxd4 Nc6 5. Nc3 Qc7 6. Ndb5 Qb8 7. Be3 a6 8. Bb6
B48	Difesa Siciliana: Variante Taimanov, Variante Bastrikov, Attacco Inglese	1. e4 c5 2. Nf3 e6 3. d4 cxd4 4. Nxd4 Nc6 5. Nc3 Qc7 6. Be3
B49	Difesa Siciliana: Variante Taimanov, Variante Bastrikov	1. e4 c5 2. Nf3 e6 3. d4 cxd4 4. Nxd4 Nc6 5. Nc3 Qc7 6. Be3 a6 7. Be2
B50	Difesa Siciliana	1. e4 c5 2. Nf3 d6 3. d4
B50	Difesa Siciliana	1. e4 c5 2. Nf3 d6 3. d4 cxd4
B50	Difesa Siciliana: Variante Alapin Ritardata, Doppio Gambetto Basman-Palatnik	1. e4 c5 2. Nf3 d6 3. c3 Nf6 4. Be2 Nc6 5. d4 cxd4 6. cxd4 Nxe4 7. d5 Qa5+ 8. Nc3 Nxc3 9. bxc3
B50	Difesa Siciliana: Variante Alapin Ritardata, Gambetto Basman-Palatnik	1. e4 c5 2. Nf3 d6 3. c3 Nf6 4. Be2 Nc6 5. d4 cxd4 6. cxd4 Nxe4
B50	Difesa Siciliana: Variante Alapin Ritardata, con d6	1. e4 c5 2. Nf3 d6 3. c3
B50	Difesa Siciliana: Sistema Kopec	1. e4 c5 2. Nf3 d6 3. Bd3
B50	Difesa Siciliana: Gambetto Kotov	1. e4 c5 2. Nf3 d6 3. g3 b5
B50	Difesa Siciliana: Varianti Moderna	1. e4 c5 2. Nf3 d6
B50	Difesa Siciliana: Varianti Moderna, Ordine Anti-Dxd4 di Mossa	1. e4 c5 2. Nf3 d6 3. d4 Nf6
B50	Difesa Siciliana: Varianti Moderna, Ordine Anti-Dxd4 di Mossa Accettato	1. e4 c5 2. Nf3 d6 3. d4 Nf6 4. dxc5 Nxe4
B50	Difesa Siciliana: Varianti Moderna, Tartakower	1. e4 c5 2. Nf3 d6 3. d4 cxd4 4. c3
B50	Difesa Siciliana: Gambetto dell'Ala, Variante	1. e4 c5 2. Nf3 d6 3. b4
B51	Difesa Siciliana: Variante di Mosca	1. e4 c5 2. Nf3 d6 3. Bb5+
B51	Difesa Siciliana: Variante di Mosca, Gambetto Dorfman	1. e4 c5 2. Nf3 d6 3. Bb5+ Nc6 4. O-O Bd7 5. Qe2 g6 6. e5
B51	Difesa Siciliana: Variante di Mosca, Gambetto di Mosca	1. e4 c5 2. Nf3 d6 3. Bb5+ Nc6 4. O-O Bd7 5. c3 Nf6 6. Re1 a6 7. Bxc6 Bxc6 8. d4 Bxe4 9. Bg5
B52	Difesa Siciliana: Variante di Mosca, Gambetto Haag	1. e4 c5 2. Nf3 d6 3. Bb5+ Bd7 4. Bxd7+ Qxd7 5. O-O Nc6 6. c3 Nf6 7. d4
B52	Difesa Siciliana: Variante di Mosca, Linea principale	1. e4 c5 2. Nf3 d6 3. Bb5+ Bd7
B52	Difesa Siciliana: Variante di Mosca, Variante Sokolsky	1. e4 c5 2. Nf3 d6 3. Bb5+ Bd7 4. Bxd7+ Qxd7 5. c4
B53	Difesa Siciliana: Variante Chekhover	1. e4 c5 2. Nf3 d6 3. d4 cxd4 4. Qxd4
B53	Difesa Siciliana: Variante Chekhover, Difesa Zaitsev	1. e4 c5 2. Nf3 d6 3. d4 cxd4 4. Qxd4 Nc6 5. Bb5 Qd7
B54	Difesa Siciliana: Variante del Dragone, Dragone Accelerato	1. e4 c5 2. Nf3 d6 3. d4 cxd4 4. Nxd4 g6
B54	Difesa Siciliana: Varianti Moderna, Gambetto Ginsberg	1. e4 c5 2. Nf3 d6 3. d4 cxd4 4. Nxd4 Nf6 5. Bc4
B54	Difesa Siciliana: Varianti Moderna, Linea principale	1. e4 c5 2. Nf3 d6 3. d4 cxd4 4. Nxd4 Nf6
B54	Difesa Siciliana: Variante Prins	1. e4 c5 2. Nf3 d6 3. d4 cxd4 4. Nxd4 Nf6 5. f3
B55	Difesa Siciliana: Variante Prins, Attacco di Venezia	1. e4 c5 2. Nf3 d6 3. d4 cxd4 4. Nxd4 Nf6 5. f3 e5 6. Bb5+
B56	Difesa Siciliana: Variante Classica	1. e4 c5 2. Nf3 d6 3. d4 cxd4 4. Nxd4 Nf6 5. Nc3 Nc6
B56	Difesa Siciliana: Variante Classica, Variante del Fianchetto	1. e4 c5 2. Nf3 d6 3. d4 cxd4 4. Nxd4 Nf6 5. Nc3 Nc6 6. g3
B56	Difesa Siciliana: Variante Kupreichik	1. e4 c5 2. Nf3 d6 3. d4 cxd4 4. Nxd4 Nf6 5. Nc3 Bd7
B56	Difesa Siciliana: Variante Spielmann	1. e4 c5 2. Nf3 Nc6 3. d4 cxd4 4. Nxd4 Nf6 5. Nc3 d6 6. Nde2
B56	Difesa Siciliana: Attacco di Venezia	1. e4 c5 2. Nf3 d6 3. d4 cxd4 4. Nxd4 Nf6 5. Nc3 e5 6. Bb5+
B57	Difesa Siciliana: Variante Classica, Variante Anti-Sozin	1. e4 c5 2. Nf3 Nc6 3. d4 cxd4 4. Nxd4 Nf6 5. Nc3 d6 6. Bc4 Qb6
B57	Difesa Siciliana: Variante Classica, Attacco Sozin	1. e4 c5 2. Nf3 d6 3. d4 cxd4 4. Nxd4 Nf6 5. Nc3 Nc6 6. Bc4
B57	Difesa Siciliana: Trappola Magnus Smith	1. e4 c5 2. Nf3 Nc6 3. d4 cxd4 4. Nxd4 Nf6 5. Nc3 d6 6. Bc4 g6 7. Nxc6 bxc6 8. e5
B58	Difesa Siciliana: Variante Boleslavsky	1. e4 c5 2. Nf3 d6 3. d4 cxd4 4. Nxd4 Nf6 5. Nc3 Nc6 6. Be2 e5
B58	Difesa Siciliana: Variante Boleslavsky, Variante Louma	1. e4 c5 2. Nf3 Nc6 3. d4 cxd4 4. Nxd4 Nf6 5. Nc3 d6 6. Be2 e5 7. Nxc6
B58	Difesa Siciliana: Variante Classica	1. e4 c5 2. Nf3 d6 3. d4 cxd4 4. Nxd4 Nf6 5. Nc3 Nc6 6. Be2
B58	Difesa Siciliana: Variante Classica, Trasferimento del Dragone	1. e4 c5 2. Nf3 d6 3. d4 cxd4 4. Nxd4 Nf6 5. Nc3 Nc6 6. Be2 Nxd4 7. Qxd4 g6
B59	Difesa Siciliana: Variante Boleslavsky	1. e4 c5 2. Nf3 Nc6 3. d4 cxd4 4. Nxd4 Nf6 5. Nc3 d6 6. Be2 e5 7. Nb3
B60	Difesa Siciliana: Variante Richter-Rauzer	1. e4 c5 2. Nf3 d6 3. d4 cxd4 4. Nxd4 Nf6 5. Nc3 Nc6 6. Bg5
B60	Difesa Siciliana: Variante Richter-Rauzer, Variante del Dragone	1. e4 c5 2. Nf3 Nc6 3. d4 cxd4 4. Nxd4 Nf6 5. Nc3 d6 6. Bg5 g6
B60	Difesa Siciliana: Variante Richter-Rauzer, Variante Moderna	1. e4 c5 2. Nf3 d6 3. d4 cxd4 4. Nxd4 Nf6 5. Nc3 Nc6 6. Bg5 Bd7
B61	Difesa Siciliana: Variante Richter-Rauzer, Variante Moderna	1. e4 c5 2. Nf3 Nc6 3. d4 cxd4 4. Nxd4 Nf6 5. Nc3 d6 6. Bg5 Bd7 7. Qd2
B62	Difesa Siciliana: Variante Richter-Rauzer	1. e4 c5 2. Nf3 d6 3. d4 cxd4 4. Nxd4 Nf6 5. Nc3 Nc6 6. Bg5 e6
B62	Difesa Siciliana: Variante Richter-Rauzer	1. e4 c5 2. Nf3 d6 3. d4 cxd4 4. Nxd4 Nf6 5. Nc3 Nc6 6. Bg5 e6 7. Qd3
B62	Difesa Siciliana: Variante Richter-Rauzer, Variante di Cambio	1. e4 c5 2. Nf3 d6 3. d4 cxd4 4. Nxd4 Nf6 5. Nc3 Nc6 6. Bg5 e6 7. Nxc6
B62	Difesa Siciliana: Variante Richter-Rauzer, Variante di Poděbrady	1. e4 c5 2. Nf3 Nc6 3. d4 cxd4 4. Nxd4 Nf6 5. Nc3 d6 6. Bg5 e6 7. Nb3
B62	Difesa Siciliana: Variante Richter-Rauzer, Variante Vitolins	1. e4 c5 2. Nf3 d6 3. d4 cxd4 4. Nxd4 Nf6 5. Nc3 Nc6 6. Bg5 e6 7. Bb5
B63	Difesa Siciliana: Variante Richter-Rauzer, Variante Classica	1. e4 c5 2. Nf3 d6 3. d4 cxd4 4. Nxd4 Nf6 5. Nc3 Nc6 6. Bg5 e6 7. Qd2 Be7
B63	Difesa Siciliana: Variante Richter-Rauzer, Variante Classica, Linea Kantscher	1. e4 c5 2. Nf3 d6 3. d4 cxd4 4. Nxd4 Nf6 5. Nc3 Nc6 6. Bg5 e6 7. Qd2 Be7 8. O-O-O Nxd4 9. Qxd4 a6 10. f4 b5
B63	Difesa Siciliana: Variante Richter-Rauzer, Variante Ivanov	1. e4 c5 2. Nf3 d6 3. d4 cxd4 4. Nxd4 Nf6 5. Nc3 Nc6 6. Bg5 e6 7. Qd2 Qb6
B63	Difesa Siciliana: Variante Richter-Rauzer, Variante Tradizionale	1. e4 c5 2. Nf3 d6 3. d4 cxd4 4. Nxd4 Nf6 5. Nc3 Nc6 6. Bg5 e6 7. Qd2
B64	Difesa Siciliana: Variante Richter-Rauzer, Variante Classica	1. e4 c5 2. Nf3 Nc6 3. d4 cxd4 4. Nxd4 Nf6 5. Nc3 d6 6. Bg5 e6 7. Qd2 Be7 8. O-O-O O-O 9. f4 e5
B64	Difesa Siciliana: Variante Richter-Rauzer, Variante Classica	1. e4 c5 2. Nf3 d6 3. d4 cxd4 4. Nxd4 Nf6 5. Nc3 Nc6 6. Bg5 e6 7. Qd2 Be7 8. O-O-O O-O 9. f4
B65	Difesa Siciliana: Variante Richter-Rauzer, Variante Classica	1. e4 c5 2. Nf3 d6 3. d4 cxd4 4. Nxd4 Nf6 5. Nc3 Nc6 6. Bg5 e6 7. Qd2 Be7 8. O-O-O O-O 9. f4 Nxd4 10. Qxd4
B65	Difesa Siciliana: Variante Richter-Rauzer, Attacco Rauzer	1. e4 c5 2. Nf3 d6 3. d4 cxd4 4. Nxd4 Nf6 5. Nc3 Nc6 6. Bg5 e6 7. Qd2 Be7 8. O-O-O O-O 9. f4 Nxd4
B66	Difesa Siciliana: Variante Richter-Rauzer, Variante Neo-Moderna, Deviazioni Anticipata	1. e4 c5 2. Nf3 d6 3. d4 cxd4 4. Nxd4 Nf6 5. Nc3 Nc6 6. Bg5 e6 7. Qd2 a6
B67	Difesa Siciliana: Variante Richter-Rauzer, Variante Neo-Moderna	1. e4 c5 2. Nf3 Nc6 3. d4 cxd4 4. Nxd4 Nf6 5. Nc3 d6 6. Bg5 e6 7. Qd2 a6 8. O-O-O Bd7
B68	Difesa Siciliana: Variante Richter-Rauzer, Variante Neo-Moderna	1. e4 c5 2. Nf3 Nc6 3. d4 cxd4 4. Nxd4 Nf6 5. Nc3 d6 6. Bg5 e6 7. Qd2 a6 8. O-O-O Bd7 9. f4 Be7
B69	Difesa Siciliana: Variante Richter-Rauzer, Variante Neo-Moderna, Attacco Nyezhmetdinov	1. e4 c5 2. Nf3 Nc6 3. d4 cxd4 4. Nxd4 Nf6 5. Nc3 d6 6. Bg5 e6 7. Qd2 a6 8. O-O-O Bd7 9. f4 Be7 10. Nf3 b5 11. Bxf6
B70	Difesa Siciliana: Variante del Dragone	1. e4 c5 2. Nf3 d6 3. d4 cxd4 4. Nxd4 Nf6 5. Nc3 g6
B70	Difesa Siciliana: Variante del Dragone, Variante Classica	1. e4 c5 2. Nf3 d6 3. d4 cxd4 4. Nxd4 Nf6 5. Nc3 g6 6. Be2
B70	Difesa Siciliana: Variante del Dragone, Variante del Fianchetto	1. e4 c5 2. Nf3 d6 3. d4 cxd4 4. Nxd4 Nf6 5. Nc3 g6 6. g3
B71	Difesa Siciliana: Variante del Dragone, Variante Levenfish	1. e4 c5 2. Nf3 d6 3. d4 cxd4 4. Nxd4 Nf6 5. Nc3 g6 6. f4
B71	Difesa Siciliana: Variante del Dragone, Variante Levenfish, Linea principale	1. e4 c5 2. Nf3 d6 3. d4 cxd4 4. Nxd4 Nf6 5. Nc3 g6 6. f4 Nbd7
B72	Difesa Siciliana: Variante del Dragone	1. e4 c5 2. Nf3 d6 3. d4 cxd4 4. Nxd4 Nf6 5. Nc3 g6 6. Be3
B72	Difesa Siciliana: Variante del Dragone, Variante Classica	1. e4 c5 2. Nf3 d6 3. d4 cxd4 4. Nxd4 Nf6 5. Nc3 g6 6. Be3 Bg7 7. Be2
B72	Difesa Siciliana: Variante del Dragone, Variante Classica	1. e4 c5 2. Nf3 d6 3. d4 cxd4 4. Nxd4 Nf6 5. Nc3 g6 6. Be3 Bg7 7. Be2 Nc6
B72	Difesa Siciliana: Variante del Dragone, Variante Classica	1. e4 c5 2. Nf3 d6 3. d4 cxd4 4. Nxd4 Nf6 5. Nc3 g6 6. Be3 Bg7 7. Be2 Nc6 8. Nb3
B72	Difesa Siciliana: Variante del Dragone, Variante Classica, Variante di Amsterdam	1. e4 c5 2. Nf3 Nc6 3. d4 cxd4 4. Nxd4 Nf6 5. Nc3 d6 6. Be2 g6 7. Be3 Bg7 8. Qd2
B72	Difesa Siciliana: Variante del Dragone, Variante Classica, Variante Grigoriev	1. e4 c5 2. Nf3 Nc6 3. d4 cxd4 4. Nxd4 Nf6 5. Nc3 d6 6. Be2 g6 7. Be3 Bg7 8. Qd2 O-O 9. O-O-O
B73	Difesa Siciliana: Variante del Dragone, Variante Classica	1. e4 c5 2. Nf3 d6 3. d4 cxd4 4. Nxd4 Nf6 5. Nc3 g6 6. Be2 Bg7 7. O-O Nc6 8. Be3
B73	Difesa Siciliana: Variante del Dragone, Variante Classica, Variante di Batteria	1. e4 c5 2. Nf3 d6 3. d4 cxd4 4. Nxd4 Nf6 5. Nc3 g6 6. Be2 Bg7 7. O-O O-O 8. Be3 Nc6 9. Qd2
B73	Difesa Siciliana: Variante del Dragone, Variante Classica, Gambetto Zollner	1. e4 c5 2. Nf3 Nc6 3. d4 cxd4 4. Nxd4 g6 5. Be3 Bg7 6. Be2 Nf6 7. Nc3 O-O 8. O-O d6 9. f4 Qb6 10. e5
B74	Difesa Siciliana: Variante del Dragone, Variante Classica, Linea Alekhine	1. e4 c5 2. Nf3 Nc6 3. d4 cxd4 4. Nxd4 g6 5. Nc3 Bg7 6. Be3 Nf6 7. Be2 O-O 8. O-O d6 9. Nb3 a5
B74	Difesa Siciliana: Variante del Dragone, Variante Classica, Difesa Bernard	1. e4 c5 2. Nf3 g6 3. d4 cxd4 4. Nxd4 Nf6 5. Nc3 d6 6. Be2 Bg7 7. O-O O-O 8. Be3 Nc6 9. Nb3 Be6 10. f4 Na5 11. f5 Bc4 12. Bd3 Bxd3 13. cxd3 d5
B74	Difesa Siciliana: Variante del Dragone, Variante Classica, Linea Maróczy	1. e4 c5 2. Nf3 d6 3. d4 cxd4 4. Nxd4 Nf6 5. Nc3 g6 6. Be2 Bg7 7. O-O O-O 8. Be3 Nc6 9. Nb3 Be6 10. f4 Na5
B74	Difesa Siciliana: Variante del Dragone, Variante Classica, Linea Normale	1. e4 c5 2. Nf3 d6 3. d4 cxd4 4. Nxd4 Nf6 5. Nc3 g6 6. Be2 Bg7 7. O-O O-O 8. Be3 Nc6 9. Nb3
B74	Difesa Siciliana: Variante del Dragone, Variante Classica, Variante Spielmann	1. e4 c5 2. Nf3 Nc6 3. d4 cxd4 4. Nxd4 g6 5. Nc3 Bg7 6. Be3 Nf6 7. Be2 O-O 8. Nb3 d6 9. O-O Be6 10. f4 Na5 11. f5 Bc4 12. Bd3
B74	Difesa Siciliana: Variante del Dragone, Variante Classica, Attacco di Stoccolma	1. e4 c5 2. Nc3 d6 3. f4 Nc6 4. Nf3 g6 5. d4 cxd4 6. Nxd4 Bg7 7. Be3 Nf6 8. Be2 O-O 9. Nb3 Be6 10. O-O Na5 11. f5 Bc4 12. Nxa5 Bxe2 13. Qxe2 Qxa5 14. g4
B74	Difesa Siciliana: Variante del Dragone, Variante Classica, Linea Tartakower	1. e4 c5 2. Nf3 d6 3. d4 cxd4 4. Nxd4 Nf6 5. Nc3 g6 6. Be2 Bg7 7. O-O O-O 8. Be3 Nc6 9. Nb3 Be6 10. f4 Qc8
B75	Difesa Siciliana: Variante del Dragone, Attacco Jugoslavo, Linea Belezky	1. e4 c5 2. Nf3 d6 3. d4 cxd4 4. Nxd4 Nf6 5. Nc3 g6 6. Be3 Bg7 7. f3 Nc6
B75	Difesa Siciliana: Variante del Dragone, Attacco Jugoslavo, Deviazioni Anticipata	1. e4 c5 2. Nf3 d6 3. d4 cxd4 4. Nxd4 Nf6 5. Nc3 g6 6. Be3 Bg7 7. f3
B75	Difesa Siciliana: Variante del Dragone, Attacco Jugoslavo, Dragone Ungherese	1. e4 c5 2. Nf3 d6 3. d4 cxd4 4. Nxd4 Nf6 5. Nc3 g6 6. Be3 Nc6 7. f3 h5
B76	Difesa Siciliana: Variante del Dragone, Attacco Jugoslavo	1. e4 c5 2. Nf3 d6 3. d4 cxd4 4. Nxd4 Nf6 5. Nc3 g6 6. Be3 Bg7 7. f3 O-O
B76	Difesa Siciliana: Variante del Dragone, Attacco Jugoslavo	1. e4 c5 2. Nf3 d6 3. d4 cxd4 4. Nxd4 Nf6 5. Nc3 g6 6. Be3 Bg7 7. f3 O-O 8. Qd2 Nc6
B76	Difesa Siciliana: Variante del Dragone, Attacco Jugoslavo, Linea Moderna	1. e4 c5 2. Nf3 d6 3. d4 cxd4 4. Nxd4 Nf6 5. Nc3 g6 6. Be3 Bg7 7. f3 Nc6 8. Qd2 O-O 9. O-O-O
B76	Difesa Siciliana: Variante del Dragone, Attacco Jugoslavo, Variante Panov	1. e4 c5 2. Nf3 d6 3. d4 cxd4 4. Nxd4 Nf6 5. Nc3 g6 6. Be3 Bg7 7. f3 O-O 8. Qd2 Nc6 9. g4
B77	Difesa Siciliana: Variante del Dragone, Attacco Jugoslavo, Variante Byrne	1. e4 c5 2. Nf3 d6 3. d4 cxd4 4. Nxd4 Nf6 5. Nc3 g6 6. Be3 Bg7 7. f3 O-O 8. Qd2 Nc6 9. Bc4 a5
B77	Difesa Siciliana: Variante del Dragone, Attacco Jugoslavo, Variante Czerniak	1. e4 c5 2. Nf3 d6 3. d4 cxd4 4. Nxd4 Nf6 5. Nc3 g6 6. Be3 Bg7 7. f3 Nc6 8. Qd2 O-O 9. Bc4 Nxd4 10. Bxd4 Be6
B77	Difesa Siciliana: Variante del Dragone, Attacco Jugoslavo, Variante Czerniak	1. e4 c5 2. Nf3 d6 3. d4 cxd4 4. Nxd4 Nf6 5. Nc3 g6 6. Be3 Bg7 7. f3 Nc6 8. Qd2 O-O 9. Bc4 Nxd4 10. Bxd4 Be6 11. Bb3 Qa5
B77	Difesa Siciliana: Variante del Dragone, Attacco Jugoslavo, Linea principale	1. e4 c5 2. Nf3 d6 3. d4 cxd4 4. Nxd4 Nf6 5. Nc3 g6 6. Be3 Bg7 7. f3 O-O 8. Qd2 Nc6 9. Bc4
B77	Difesa Siciliana: Variante del Dragone, Attacco Jugoslavo, Linea principale	1. e4 c5 2. Nf3 d6 3. d4 cxd4 4. Nxd4 Nf6 5. Nc3 g6 6. Be3 Bg7 7. f3 O-O 8. Qd2 Nc6 9. Bc4 Bd7
B77	Difesa Siciliana: Variante del Dragone, Attacco Jugoslavo, Linea principale	1. e4 c5 2. Nf3 d6 3. d4 cxd4 4. Nxd4 Nf6 5. Nc3 g6 6. Be3 Bg7 7. f3 O-O 8. Qd2 Nc6 9. Bc4 Bd7 10. Bb3
B77	Difesa Siciliana: Variante del Dragone, Attacco Jugoslavo, Variante Sosonko	1. e4 c5 2. Nf3 d6 3. d4 cxd4 4. Nxd4 Nf6 5. Nc3 g6 6. Be3 Bg7 7. f3 Nc6 8. Qd2 O-O 9. Bc4 Nd7
B78	Difesa Siciliana: Variante del Dragone, Attacco Jugoslavo	1. e4 c5 2. Nf3 d6 3. d4 cxd4 4. Nxd4 Nf6 5. Nc3 g6 6. Be3 Bg7 7. f3 O-O 8. Qd2 Nc6 9. Bc4 Bd7 10. O-O-O
B78	Difesa Siciliana: Variante del Dragone, Attacco Jugoslavo, Dragone Cinese	1. e4 c5 2. Nf3 d6 3. d4 cxd4 4. Nxd4 Nf6 5. Nc3 g6 6. Be3 Bg7 7. f3 O-O 8. Qd2 Nc6 9. Bc4 Bd7 10. O-O-O Rb8
B78	Difesa Siciliana: Variante del Dragone, Attacco Jugoslavo, Vecchia Linea	1. e4 c5 2. Nf3 d6 3. d4 cxd4 4. Nxd4 Nf6 5. Nc3 g6 6. Be3 Bg7 7. f3 O-O 8. Qd2 Nc6 9. Bc4 Bd7 10. O-O-O Rc8
B78	Difesa Siciliana: Variante del Dragone, Attacco Jugoslavo, Variante Topalov	1. e4 c5 2. Nf3 d6 3. d4 cxd4 4. Nxd4 Nf6 5. Nc3 g6 6. Be3 Bg7 7. f3 O-O 8. Qd2 Nc6 9. Bc4 Bd7 10. O-O-O Rc8 11. Bb3 Nxd4 12. Bxd4
B79	Difesa Siciliana: Variante del Dragone, Attacco Jugoslavo	1. e4 c5 2. Nf3 d6 3. d4 cxd4 4. Nxd4 Nf6 5. Nc3 g6 6. Be3 Bg7 7. f3 O-O 8. Qd2 Nc6 9. Bc4 Bd7 10. h4 Qa5 11. O-O-O Rfc8 12. Bb3
B79	Difesa Siciliana: Variante del Dragone, Attacco Jugoslavo, Variante Soltis	1. e4 c5 2. Nf3 d6 3. d4 cxd4 4. Nxd4 Nf6 5. Nc3 g6 6. Be3 Bg7 7. f3 O-O 8. Qd2 Nc6 9. Bc4 Bd7 10. O-O-O Qa5 11. h4 Rfc8 12. Bb3 h5
B80	Difesa Siciliana: Variante Scheveningen	1. e4 c5 2. Nf3 e6 3. d4 cxd4 4. Nxd4 Nf6 5. Nc3 d6
B80	Difesa Siciliana: Variante Scheveningen, Attacco Inglese, con Dd2	1. e4 c5 2. Nf3 d6 3. d4 cxd4 4. Nxd4 Nf6 5. Nc3 a6 6. Be3 e6 7. Qd2
B80	Difesa Siciliana: Variante Scheveningen, Variante del Fianchetto	1. e4 c5 2. Nf3 e6 3. d4 cxd4 4. Nxd4 Nf6 5. Nc3 d6 6. g3
B80	Difesa Siciliana: Variante Scheveningen, Variante Vitolins	1. e4 c5 2. Nf3 e6 3. d4 cxd4 4. Nxd4 Nf6 5. Nc3 d6 6. Bb5+
B81	Difesa Siciliana: Variante Scheveningen, Attacco Keres	1. e4 c5 2. Nf3 e6 3. d4 cxd4 4. Nxd4 Nf6 5. Nc3 d6 6. g4
B82	Difesa Siciliana: Variante Scheveningen, Attacco Matanovic	1. e4 c5 2. Nf3 e6 3. d4 cxd4 4. Nxd4 Nf6 5. Nc3 d6 6. f4
B82	Difesa Siciliana: Variante Scheveningen, Variante Tal	1. e4 c5 2. Nf3 e6 3. d4 cxd4 4. Nxd4 Nf6 5. Nc3 d6 6. f4 Nc6 7. Be3 Be7 8. Qf3
B83	Difesa Siciliana: Variante Scheveningen, Variante Classica	1. e4 c5 2. Nf3 e6 3. d4 cxd4 4. Nxd4 Nf6 5. Nc3 d6 6. Be2
B83	Difesa Siciliana: Variante Scheveningen, Variante Moderna	1. e4 c5 2. Nf3 e6 3. d4 cxd4 4. Nxd4 Nc6 5. Nc3 d6 6. Be2 Nf6
B83	Difesa Siciliana: Variante Scheveningen, Variante Moderna	1. e4 c5 2. Nf3 e6 3. d4 cxd4 4. Nxd4 Nf6 5. Nc3 d6 6. Be2 Be7 7. O-O O-O 8. f4 Nc6 9. Be3
B83	Difesa Siciliana: Variante Scheveningen, Variante Moderna	1. e4 c5 2. Nf3 e6 3. d4 cxd4 4. Nxd4 Nf6 5. Nc3 d6 6. Be2 Be7 7. O-O O-O 8. f4 Nc6 9. Be3 Bd7 10. Nb3
B84	Difesa Siciliana: Variante Najdorf, Variante Scheveningen	1. e4 c5 2. Nf3 d6 3. d4 cxd4 4. Nxd4 Nf6 5. Nc3 a6 6. Be2 e6 7. O-O Nbd7
B84	Difesa Siciliana: Variante Scheveningen, Variante Classica	1. e4 c5 2. Nf3 d6 3. d4 cxd4 4. Nxd4 Nf6 5. Nc3 a6 6. Be2 e6
B84	Difesa Siciliana: Variante Scheveningen, Variante Classica	1. e4 c5 2. Nf3 d6 3. d4 cxd4 4. Nxd4 Nf6 5. Nc3 a6 6. Be2 e6 7. O-O Qc7
B85	Difesa Siciliana: Variante Scheveningen, Linea principale Classica	1. e4 c5 2. Nf3 e6 3. d4 cxd4 4. Nxd4 Nc6 5. Nc3 Qc7 6. Be2 a6 7. O-O Nf6 8. Be3 Be7 9. f4 d6 10. Qe1 O-O
B85	Difesa Siciliana: Variante Scheveningen, Variante Classica, Variante Paulsen	1. e4 c5 2. Nf3 d6 3. d4 cxd4 4. Nxd4 Nf6 5. Nc3 a6 6. f4 e6 7. Be2 Qc7 8. O-O Nc6
B85	Difesa Siciliana: Variante Scheveningen, Variante Classica, Variante Paulsen	1. e4 c5 2. Nf3 e6 3. d4 cxd4 4. Nxd4 Nc6 5. Nc3 Qc7 6. Be2 a6 7. O-O Nf6 8. Be3 d6 9. f4
B85	Difesa Siciliana: Variante Scheveningen, Variante Classica, Variante Paulsen	1. e4 c5 2. Nf3 e6 3. d4 cxd4 4. Nxd4 Nc6 5. Nc3 Qc7 6. Be2 a6 7. O-O Nf6 8. Kh1 Be7 9. f4 d6 10. a4
B86	Difesa Siciliana: Attacco Sozin	1. e4 c5 2. Nf3 e6 3. d4 cxd4 4. Nxd4 Nf6 5. Nc3 d6 6. Bc4
B87	Difesa Siciliana: Attacco Sozin, Variante Flank	1. e4 c5 2. Nf3 d6 3. d4 cxd4 4. Nxd4 Nf6 5. Nc3 a6 6. Bc4 e6 7. Bb3 b5
B88	Difesa Siciliana: Attacco Sozin, Variante Fischer	1. e4 c5 2. Nf3 Nc6 3. d4 cxd4 4. Nxd4 Nf6 5. Nc3 d6 6. Bc4 e6 7. Bb3 Be7 8. Be3 O-O 9. f4
B88	Difesa Siciliana: Attacco Sozin, Variante Leonhardt	1. e4 c5 2. Nf3 Nc6 3. d4 cxd4 4. Nxd4 Nf6 5. Nc3 d6 6. Bc4 e6
B89	Difesa Siciliana: Attacco Sozin, Linea principale	1. e4 c5 2. Nf3 Nc6 3. d4 cxd4 4. Nxd4 Nf6 5. Nc3 d6 6. Bc4 e6 7. Be3
B89	Difesa Siciliana: Attacco Sozin, Linea principale, Variante Sherbakov	1. e4 c5 2. Nf3 d6 3. d4 cxd4 4. Nxd4 Nf6 5. Nc3 Nc6 6. Bc4 e6 7. Be3 Be7 8. Bb3 O-O 9. O-O Na5 10. f4 b6
B89	Difesa Siciliana: Attacco Velimirovic	1. e4 c5 2. Nf3 Nc6 3. d4 cxd4 4. Nxd4 Nf6 5. Nc3 d6 6. Bc4 e6 7. Be3 Be7 8. Qe2
B90	Difesa Siciliana: Variante Najdorf	1. e4 c5 2. Nf3 d6 3. d4 cxd4 4. Nxd4 Nf6 5. Nc3 a6
B90	Difesa Siciliana: Variante Najdorf, Attacco Adams	1. e4 c5 2. Nf3 d6 3. d4 cxd4 4. Nxd4 Nf6 5. Nc3 a6 6. h3
B90	Difesa Siciliana: Variante Najdorf, Gambetto Dekker	1. e4 c5 2. Nf3 d6 3. d4 cxd4 4. Nxd4 Nf6 5. Nc3 a6 6. g4
B90	Difesa Siciliana: Variante Najdorf, Attacco Inglese	1. e4 c5 2. Nf3 d6 3. d4 cxd4 4. Nxd4 Nf6 5. Nc3 a6 6. Be3
B90	Difesa Siciliana: Variante Najdorf, Attacco Inglese	1. e4 c5 2. Nf3 d6 3. d4 cxd4 4. Nxd4 Nf6 5. Nc3 a6 6. Be3 e5 7. Nb3 Be6 8. f3
B90	Difesa Siciliana: Variante Najdorf, Attacco Inglese	1. e4 c5 2. Nf3 d6 3. d4 cxd4 4. Nxd4 Nf6 5. Nc3 a6 6. Be3 e5 7. Nb3 Be7 8. f3
B90	Difesa Siciliana: Variante Najdorf, Attacco Inglese	1. e4 c5 2. Nf3 d6 3. d4 cxd4 4. Nxd4 Nf6 5. Nc3 a6 6. Be3 e5 7. Nb3 Be6 8. h3
B90	Difesa Siciliana: Variante Najdorf, Attacco Inglese	1. e4 c5 2. Nf3 d6 3. d4 cxd4 4. Nxd4 Nf6 5. Nc3 a6 6. Be3 e5 7. Nb3 Be7 8. h3
B90	Difesa Siciliana: Variante Najdorf, Attacco Inglese, Anti-Inglese	1. e4 c5 2. Nf3 d6 3. d4 cxd4 4. Nxd4 Nf6 5. Nc3 a6 6. Be3 Ng4
B90	Difesa Siciliana: Variante Najdorf, Attacco Lipnitsky	1. e4 c5 2. Nf3 d6 3. d4 cxd4 4. Nxd4 Nf6 5. Nc3 a6 6. Bc4
B90	Difesa Siciliana: Variante Najdorf, Attacco Petronić	1. e4 c5 2. Nf3 d6 3. d4 cxd4 4. Nxd4 Nf6 5. Nc3 a6 6. Rg1
B90	Difesa Siciliana: Variante Najdorf, Variante Yates	1. e4 c5 2. Nf3 d6 3. d4 cxd4 4. Nxd4 Nf6 5. Nc3 a6 6. Bd3
B90	Difesa Siciliana: Variante Scheveningen, Attacco Keres Ritardato	1. e4 c5 2. Nf3 d6 3. d4 cxd4 4. Nxd4 Nf6 5. Nc3 a6 6. Be3 e6 7. g4
B90	Difesa Siciliana: Variante Scheveningen, Attacco Keres Ritardato, Gambetto Perenyi	1. e4 c5 2. Nf3 d6 3. d4 cxd4 4. Nxd4 Nf6 5. Nc3 a6 6. Be3 e6 7. g4 e5 8. Nf5 g6 9. g5
B90	Difesa Siciliana: Variante Scheveningen, Attacco Inglese, con f3	1. e4 c5 2. Nf3 d6 3. d4 cxd4 4. Nxd4 Nf6 5. Nc3 a6 6. Be3 e6 7. f3
B91	Difesa Siciliana: Variante Najdorf, Variante di Zagabria	1. e4 c5 2. Nf3 d6 3. d4 cxd4 4. Nxd4 Nf6 5. Nc3 a6 6. g3
B92	Difesa Siciliana: Variante Najdorf, Variante Opocensky	1. e4 c5 2. Nf3 d6 3. d4 cxd4 4. Nxd4 Nf6 5. Nc3 a6 6. Be2
B92	Difesa Siciliana: Variante Najdorf, Variante Opocensky	1. e4 c5 2. Nf3 Nf6 3. Nc3 d6 4. d4 cxd4 5. Nxd4 a6 6. Be2 e5 7. Nb3 Be6 8. Be3
B92	Difesa Siciliana: Variante Najdorf, Variante Opocensky, Linea Moderna	1. e4 c5 2. Nf3 d6 3. d4 cxd4 4. Nxd4 Nf6 5. Nc3 a6 6. Be2 e5 7. Nb3 Be7 8. O-O Be6
B92	Difesa Siciliana: Variante Najdorf, Variante Opocensky, Linea Tradizionale	1. e4 c5 2. Nf3 d6 3. d4 cxd4 4. Nxd4 Nf6 5. Nc3 a6 6. Be2 e5 7. Nb3 Be7 8. O-O O-O
B93	Difesa Siciliana: Variante Najdorf, Variante di Amsterdam	1. e4 c5 2. Nf3 d6 3. d4 cxd4 4. Nxd4 Nf6 5. Nc3 a6 6. f4
B94	Difesa Siciliana: Variante Najdorf	1. e4 c5 2. Nf3 d6 3. d4 cxd4 4. Nxd4 Nf6 5. Nc3 a6 6. Bg5
B94	Difesa Siciliana: Variante Najdorf, Variante Ivkov	1. e4 c5 2. Nf3 d6 3. d4 cxd4 4. Nxd4 Nf6 5. Nc3 a6 6. Bg5 Nbd7 7. Bc4 Qa5 8. Qd2 e6 9. O-O-O b5 10. Bb3 Bb7 11. Rhe1 Nc5 12. e5
B95	Difesa Siciliana: Variante Najdorf	1. e4 c5 2. Nf3 d6 3. d4 cxd4 4. Nxd4 Nf6 5. Nc3 a6 6. Bg5 e6
B96	Difesa Siciliana: Variante Najdorf	1. e4 c5 2. Nf3 d6 3. d4 cxd4 4. Nxd4 Nf6 5. Nc3 a6 6. Bg5 e6 7. f4
B96	Difesa Siciliana: Variante Najdorf, Difesa Neoclassica	1. e4 c5 2. Nf3 d6 3. d4 cxd4 4. Nxd4 Nf6 5. Nc3 a6 6. Bg5 e6 7. f4 Nc6
B96	Difesa Siciliana: Variante Najdorf, Variante Polugaevsky	1. e4 c5 2. Nf3 d6 3. d4 cxd4 4. Nxd4 Nf6 5. Nc3 a6 6. Bg5 e6 7. f4 b5
B96	Difesa Siciliana: Variante Najdorf, Variante Polugaevsky, Linea Simagin	1. e4 c5 2. Nf3 d6 3. d4 cxd4 4. Nxd4 Nf6 5. Nc3 a6 6. Bg5 e6 7. f4 b5 8. e5 dxe5 9. fxe5 Qc7 10. Qe2
B97	Difesa Siciliana: Variante Najdorf, Pedone Avvelenato Accettato	1. e4 c5 2. Nf3 d6 3. d4 cxd4 4. Nxd4 Nf6 5. Nc3 a6 6. Bg5 e6 7. f4 Qb6 8. Qd2 Qxb2 9. Rb1 Qa3
B97	Difesa Siciliana: Variante Najdorf, Variante del Pedone Avvelenato	1. e4 c5 2. Nf3 d6 3. d4 cxd4 4. Nxd4 Nf6 5. Nc3 a6 6. Bg5 e6 7. f4 Qb6
B98	Difesa Siciliana: Variante Najdorf	1. e4 c5 2. Nf3 d6 3. d4 cxd4 4. Nxd4 Nf6 5. Nc3 a6 6. Bg5 e6 7. f4 Be7
B98	Difesa Siciliana: Variante Najdorf, Variante Browne	1. e4 c5 2. Nf3 d6 3. d4 cxd4 4. Nxd4 Nf6 5. Nc3 a6 6. Bg5 e6 7. f4 Be7 8. Qf3 h6 9. Bh4 Qc7
B98	Difesa Siciliana: Variante Najdorf, Variante di Göteborg	1. e4 c5 2. Nf3 d6 3. d4 cxd4 4. Nxd4 Nf6 5. Nc3 a6 6. Bg5 e6 7. f4 Be7 8. Qf3 h6 9. Bh4 g5
B98	Difesa Siciliana: Variante Najdorf, Linea Tradizionale	1. e4 c5 2. Nf3 d6 3. d4 cxd4 4. Nxd4 Nf6 5. Nc3 a6 6. Bg5 e6 7. f4 Be7 8. Qf3 Qc7
B99	Difesa Siciliana: Variante Najdorf, Linea principale	1. e4 c5 2. Nf3 d6 3. d4 cxd4 4. Nxd4 Nf6 5. Nc3 a6 6. Bg5 e6 7. f4 Be7 8. Qf3 Qc7 9. O-O-O Nbd7
C00	Difesa Francese	1. e4 e6
C00	Difesa Francese	1. e4 e6 2. d4 d5
C00	Difesa Francese: Gambetto Alapin	1. e4 e6 2. d4 d5 3. Be3
C00	Difesa Francese: Gambetto Baeuerle	1. e4 e6 2. d4 b5
C00	Difesa Francese: Gambetto Banzai-Leong	1. e4 e6 2. b4
C00	Difesa Francese: Gambetto Banzai-Leong, Gambetto Pinova	1. e4 e6 2. b4 Bxb4 3. e5
C00	Difesa Francese: Invito Bird	1. e4 e6 2. Bb5
C00	Difesa Francese: Gambetto Carlson	1. e4 e6 2. d4 d5 3. Nf3 dxe4 4. Ne5
C00	Difesa Francese: Variante Chigorin	1. e4 e6 2. Qe2
C00	Difesa Francese: Gambetto Diemer-Duhm	1. e4 e6 2. d4 d5 3. c4
C00	Difesa Francese: Gambetto Diemer-Duhm Accettato	1. e4 e6 2. d4 d5 3. c4 dxe4
C00	Difesa Francese: Gambetto Franco-Hiva	1. e4 e6 2. d4 f5
C00	Difesa Francese: Gambetto Franco-Hiva Accettato	1. e4 e6 2. d4 f5 3. exf5
C00	Difesa Francese: Difesa Franco-Siciliana	1. e4 e6 2. d4 c5
C00	Difesa Francese: Gambetto Hoffmann	1. e4 e6 2. d4 d5 3. Qe2 e5 4. f4 exf4
C00	Difesa Francese: Attacco Horwitz	1. e4 e6 2. b3
C00	Difesa Francese: Attacco Horwitz, Gambetto Papa-Ticulat	1. e4 e6 2. b3 d5 3. Bb2
C00	Difesa Francese: Attacco Indiano di Re	1. e4 e6 2. d3
C00	Difesa Francese: Attacco Indiano di Re, Gambetto Franco-Hiva	1. e4 e6 2. d3 f5
C00	Difesa Francese: Variante di Cavallo	1. e4 e6 2. Nf3
C00	Difesa Francese: Variante di Cavallo, Gambetto Franco-Hiva	1. e4 e6 2. Nf3 f5
C00	Difesa Francese: Variante La Bourdonnais	1. e4 e6 2. f4
C00	Difesa Francese: Variante La Bourdonnais, Gambetto Reuter	1. e4 e6 2. f4 d5 3. Nf3 dxe4
C00	Difesa Francese: Difesa Mediterranea	1. e4 e6 2. d4 Nf6
C00	Difesa Francese: Gambetto Morphy	1. e4 e6 2. d4 d5 3. Nh3
C00	Difesa Francese: Variante Normale	1. e4 e6 2. d4
C00	Difesa Francese: Gambetto Orthoschnapp	1. e4 e6 2. c4 d5 3. cxd5 exd5 4. Qb3
C00	Difesa Francese: Variante Pelikan	1. e4 e6 2. Nc3 d5 3. f4
C00	Difesa Francese: Gambetto Perseus	1. e4 e6 2. d4 d5 3. Nf3
C00	Difesa Francese: Cavallo di Donna	1. e4 e6 2. Nc3
C00	Difesa Francese: Formazione Philidor Invertita	1. e4 e6 2. d3 d5 3. Nd2 Nf6 4. Ngf3 Nc6 5. Be2
C00	Difesa Francese: Attacco Réti-Spielmann	1. e4 e6 2. g3
C00	Difesa Francese: Variante Schlechter	1. e4 e6 2. d4 d5 3. Bd3
C00	Difesa Francese: Difesa San Giorgio	1. e4 e6 2. d4 a6
C00	Difesa Francese: Difesa San Giorgio, Gambetto Sanky-George	1. e4 e6 2. d4 a6 3. c4 b5
C00	Difesa Francese: Difesa San Giorgio, Gambetto San Giorgio	1. e4 e6 2. d4 a6 3. c4 b5 4. cxb5 axb5
C00	Difesa Francese: Difesa San Giorgio, Attacco dei Tre Pedone	1. e4 e6 2. d4 a6 3. c4
C00	Difesa Francese: Difesa San Giorgio, Linea Tradizionale	1. e4 e6 2. d4 a6 3. Nf3 b5 4. Bd3 c5 5. c3 Bb7 6. O-O Nf6
C00	Difesa Francese: Variante Steiner	1. e4 e6 2. c4
C00	Difesa Francese: Attacco Steinitz	1. e4 e6 2. e5
C00	Difesa Francese: Variante dei Due Cavalli	1. e4 e6 2. Nf3 d5 3. Nc3
C00	Difesa Francese: Gambetto dell'Ala	1. e4 e6 2. Nf3 d5 3. e5 c5 4. b4
C00	Difesa del Ratto: Piccola Difesa del Centro	1. d4 e6 2. e4 d6
C01	Difesa Francese: Variante di Cambio	1. e4 e6 2. d4 d5 3. exd5
C01	Difesa Francese: Variante di Cambio	1. e4 e6 2. d4 d5 3. exd5 exd5 4. Nf3
C01	Difesa Francese: Variante di Cambio	1. e4 e6 2. d4 d5 3. exd5 exd5 4. Nc3
C01	Difesa Francese: Variante di Cambio, Variante Bogoljubow	1. e4 e6 2. d4 d5 3. exd5 exd5 4. Nc3 Nf6 5. Bg5 Nc6
C01	Difesa Francese: Variante di Cambio, Variante Monte Carlo	1. e4 e6 2. d4 d5 3. exd5 exd5 4. c4
C01	Difesa Francese: Variante di Cambio, Variante Svenonius	1. e4 e6 2. d4 d5 3. Nc3 Nf6 4. exd5 exd5 5. Bg5
C02	Difesa Francese: Variante d'Avanzata	1. e4 e6 2. d4 d5 3. e5
C02	Difesa Francese: Variante d'Avanzata	1. e4 e6 2. d4 d5 3. e5 c5
C02	Difesa Francese: Variante d'Avanzata	1. e4 e6 2. d4 d5 3. e5 c5 4. c3
C02	Difesa Francese: Variante d'Avanzata	1. e4 e6 2. d4 d5 3. e5 c5 4. c3 Nc6
C02	Difesa Francese: Variante d'Avanzata, Variante Euwe	1. e4 e6 2. d4 d5 3. e5 c5 4. c3 Nc6 5. Nf3 Bd7
C02	Difesa Francese: Variante d'Avanzata, Scambio Esteso d'Alfiere	1. e4 e6 2. d4 d5 3. e5 Bd7
C02	Difesa Francese: Variante d'Avanzata, Gambetto Frenkel	1. e4 e6 2. d4 d5 3. e5 c5 4. b4
C02	Difesa Francese: Variante d'Avanzata, Variante Kupreichik	1. e4 e6 2. d4 d5 3. e5 c5 4. c3 Nc6 5. Be3
C02	Difesa Francese: Variante d'Avanzata, Variante Lputian	1. e4 e6 2. d4 d5 3. e5 c5 4. c3 Nc6 5. Nf3 Qb6 6. a3 Nh6
C02	Difesa Francese: Variante d'Avanzata, Linea principale	1. e4 e6 2. d4 d5 3. e5 c5 4. c3 Nc6 5. Nf3 Qb6 6. a3
C02	Difesa Francese: Variante d'Avanzata, Gambetto Milner-Barry	1. e4 e6 2. d4 d5 3. e5 c5 4. c3 Nc6 5. Nf3 Qb6 6. Bd3
C02	Difesa Francese: Variante d'Avanzata, Gambetto Milner-Barry, Variante Hector	1. e4 e6 2. d4 d5 3. e5 c5 4. c3 Nc6 5. Nf3 Qb6 6. Bd3 cxd4 7. O-O
C02	Difesa Francese: Variante d'Avanzata, Gambetto Milner-Barry, Variante Hector	1. e4 e6 2. d4 d5 3. e5 c5 4. c3 Nc6 5. Nf3 Qb6 6. Bd3 cxd4 7. O-O Bd7 8. Re1
C02	Difesa Francese: Variante d'Avanzata, Gambetto Milner-Barry, Linea principale	1. e4 e6 2. d4 d5 3. e5 c5 4. c3 Nc6 5. Nf3 Qb6 6. Bd3 cxd4 7. cxd4 Bd7 8. O-O
C02	Difesa Francese: Variante d'Avanzata, Gambetto Milner-Barry, Variante Sørensen	1. e4 e6 2. d4 d5 3. e5 c5 4. c3 Nc6 5. Nf3 Qb6 6. Bd3 cxd4 7. cxd4 Bd7 8. O-O Nxd4 9. Ng5
C02	Difesa Francese: Variante d'Avanzata, Attacco Nimzowitsch	1. e4 e6 2. d4 d5 3. e5 c5 4. Qg4
C02	Difesa Francese: Variante d'Avanzata, Gambetto Nimzowitsch	1. e4 e6 2. d4 d5 3. e5 c5 4. Qg4 cxd4 5. Nf3
C02	Difesa Francese: Variante d'Avanzata, Sistema Nimzowitsch	1. e4 e6 2. d4 d5 3. e5 c5 4. Nf3
C02	Difesa Francese: Variante d'Avanzata, Attacco Paulsen	1. e4 e6 2. d4 d5 3. e5 c5 4. c3 Nc6 5. Nf3
C02	Difesa Francese: Variante d'Avanzata, Gambetto Ruisdonk	1. e4 e6 2. d4 d5 3. e5 c5 4. Nf3 cxd4 5. Bd3
C02	Difesa Francese: Variante d'Avanzata, Variante Steinitz	1. e4 e6 2. d4 d5 3. e5 c5 4. dxc5
C02	Difesa Francese: Variante d'Avanzata, Variante Wade	1. e4 e6 2. d4 d5 3. e5 c5 4. c3 Qb6 5. Nf3 Bd7
C03	Difesa Francese: Variante Tarrasch	1. e4 e6 2. d4 d5 3. Nd2
C03	Difesa Francese: Variante Tarrasch, Difesa Guimard	1. e4 e6 2. d4 d5 3. Nd2 Nc6
C03	Difesa Francese: Variante Tarrasch, Difesa Guimard, Variante di Thunderbunny	1. e4 e6 2. d4 d5 3. Nd2 Nc6 4. c3 dxe4 5. Nxe4 e5
C03	Difesa Francese: Variante Tarrasch, Variante Haberditz	1. e4 e6 2. d4 d5 3. Nd2 f5
C03	Difesa Francese: Variante Tarrasch, Sistema Moderno	1. e4 e6 2. d4 d5 3. Nd2 a6
C03	Difesa Francese: Variante Tarrasch, Variante Morozevich	1. e4 e6 2. d4 d5 3. Nd2 Be7
C04	Difesa Francese: Variante Tarrasch, Difesa Guimard, Linea principale	1. e4 e6 2. d4 d5 3. Nd2 Nc6 4. Ngf3 Nf6
C05	Difesa Francese: Variante Tarrasch, Variante Botvinnik	1. e4 e6 2. d4 d5 3. Nd2 Nf6 4. e5 Nfd7 5. Bd3 c5 6. c3 b6
C05	Difesa Francese: Variante Tarrasch, Variante Chiusa	1. e4 e6 2. d4 d5 3. Nd2 Nf6
C05	Difesa Francese: Variante Tarrasch, Variante Chiusa	1. e4 e6 2. d4 d5 3. Nd2 Nf6 4. e5 Nfd7 5. Bd3 c5 6. c3 Nc6
C05	Difesa Francese: Variante Tarrasch, Variante di Pedone del Centro	1. e4 e6 2. d4 d5 3. Nd2 Nf6 4. e5 Nfd7 5. f4
C06	Difesa Francese: Variante Tarrasch, Variante Chiusa, Linea principale	1. e4 e6 2. d4 d5 3. Nd2 Nf6 4. e5 Nfd7 5. Bd3 c5 6. c3 Nc6 7. Ne2 cxd4 8. cxd4
C06	Difesa Francese: Variante Tarrasch, Variante di Leningrado	1. e4 e6 2. d4 d5 3. Nd2 Nf6 4. e5 Nfd7 5. Bd3 c5 6. c3 Nc6 7. Ne2 cxd4 8. cxd4 Nb6
C07	Difesa Francese: Variante Tarrasch, Difesa Chistyakov	1. e4 e6 2. d4 d5 3. Nd2 c5 4. exd5 Qxd5
C07	Difesa Francese: Variante Tarrasch, Difesa Chistyakov, Linea Moderna	1. e4 e6 2. d4 d5 3. Nd2 c5 4. exd5 Qxd5 5. Ngf3 cxd4 6. Bc4 Qd6 7. O-O Nf6 8. Nb3 Nc6 9. Nbxd4 Nxd4 10. Nxd4 a6
C07	Difesa Francese: Variante Tarrasch, Variante Eliskases	1. e4 e6 2. d4 d5 3. Nd2 c5 4. exd5 Qxd5 5. Ngf3 cxd4 6. Bc4 Qd8
C07	Difesa Francese: Variante Tarrasch, Sistema Aperto	1. e4 e6 2. d4 d5 3. Nd2 c5
C07	Difesa Francese: Variante Tarrasch, Sistema Aperto, Linea Euwe-Keres	1. e4 e6 2. d4 d5 3. Nd2 c5 4. Ngf3
C07	Difesa Francese: Variante Tarrasch, Sistema Aperto, Gambetto Shaposhnikov	1. e4 e6 2. d4 d5 3. Nd2 c5 4. exd5 Nf6
C07	Difesa Francese: Variante Tarrasch, Sistema Aperto, Linea Süchting	1. e4 e6 2. d4 d5 3. Nd2 c5 4. c3
C08	Difesa Francese: Variante Tarrasch, Sistema Aperto	1. e4 e6 2. d4 d5 3. Nd2 c5 4. exd5 exd5
C08	Difesa Francese: Variante Tarrasch, Sistema Aperto, Linea d'Avanzata	1. e4 e6 2. d4 d5 3. Nd2 c5 4. exd5 exd5 5. Ngf3 c4
C09	Difesa Francese: Variante Tarrasch, Sistema Aperto, Linea principale	1. e4 e6 2. d4 d5 3. Nd2 c5 4. exd5 exd5 5. Ngf3 Nc6
C09	Difesa Francese: Variante Tarrasch, Sistema Aperto, Linea principale	1. e4 e6 2. d4 d5 3. Nd2 c5 4. exd5 exd5 5. Ngf3 Nc6 6. Bb5 Bd6 7. dxc5 Bxc5 8. O-O Ne7 9. c3
C10	Difesa Francese: Variante Hecht-Reefschläger	1. e4 e6 2. d4 d5 3. Nc3 Nc6
C10	Difesa Francese: Gambetto Marshall	1. e4 e6 2. d4 d5 3. Nc3 c5
C10	Difesa Francese: Variante Paulsen	1. e4 e6 2. d4 d5 3. Nc3
C10	Difesa Francese: Variante Rubinstein	1. e4 e6 2. d4 d5 3. Nc3 dxe4
C10	Difesa Francese: Variante Rubinstein, Difesa Blackburne	1. e4 e6 2. d4 d5 3. Nc3 dxe4 4. Nxe4 Nd7
C10	Difesa Francese: Variante Rubinstein, Linea Capablanca	1. e4 e6 2. d4 d5 3. Nc3 dxe4 4. Nxe4 Nd7 5. Nf3 Ngf6 6. Nxf6+ Nxf6 7. Ne5
C10	Difesa Francese: Variante Rubinstein, Gambetto Ellis	1. e4 e6 2. d4 d5 3. Nc3 dxe4 4. Nxe4 e5
C10	Difesa Francese: Variante Rubinstein, Variante Fort Knox	1. e4 e6 2. d4 d5 3. Nc3 dxe4 4. Nxe4 Bd7 5. Nf3 Bc6
C10	Difesa Francese: Variante Rubinstein, Attacco Kasparov	1. e4 e6 2. d4 d5 3. Nd2 dxe4 4. Nxe4 Nd7 5. Nf3 Ngf6 6. Nxf6+ Nxf6 7. c3
C10	Difesa Francese: Variante Rubinstein, Variante Maric	1. e4 e6 2. d4 d5 3. Nc3 dxe4 4. Nxe4 Qd5
C11	Difesa Francese: Variante Classica	1. e4 e6 2. d4 d5 3. Nc3 Nf6
C11	Difesa Francese: Variante Classica	1. e4 e6 2. d4 d5 3. Nc3 Nf6 4. Bg5
C11	Difesa Francese: Variante Classica, Variante Burn	1. e4 e6 2. d4 d5 3. Nc3 Nf6 4. Bg5 dxe4
C11	Difesa Francese: Variante Classica, Variante Burn, Linea principale	1. e4 e6 2. d4 d5 3. Nc3 Nf6 4. Bg5 dxe4 5. Nxe4 Be7 6. Bxf6 Bxf6 7. Nf3 O-O
C11	Difesa Francese: Variante Classica, Variante Burn, Linea Morozevich	1. e4 e6 2. d4 d5 3. Nc3 Nf6 4. Bg5 dxe4 5. Nxe4 Be7 6. Bxf6 gxf6
C11	Difesa Francese: Variante Classica, Variante Ritardata di Cambio	1. e4 e6 2. d4 d5 3. Nc3 Nf6 4. exd5
C11	Difesa Francese: Variante Classica, Variante Shirov-Anand	1. e4 e6 2. d4 d5 3. Nc3 Nf6 4. e5 Nfd7 5. Nce2
C11	Difesa Francese: Variante Classica, Variante Steinitz	1. e4 e6 2. d4 d5 3. Nc3 Nf6 4. e5
C11	Difesa Francese: Variante Classica, Variante Svizzera	1. e4 e6 2. d4 d5 3. Nc3 Nf6 4. Bd3
C11	Difesa Francese: Variante Henneberger	1. e4 e6 2. d4 d5 3. Nc3 Nf6 4. Be3
C11	Difesa Francese: Variante Steinitz	1. e4 e6 2. d4 d5 3. Nc3 a6 4. Nf3 Nf6 5. e5 Nfd7
C11	Difesa Francese: Variante Steinitz	1. e4 e6 2. d4 d5 3. Nc3 a6 4. Nf3 Nf6 5. e5 Nfd7 6. a3
C11	Difesa Francese: Variante Steinitz	1. e4 e6 2. d4 d5 3. Nc3 a6 4. Nf3 Nf6 5. e5 Nfd7 6. Ne2
C11	Difesa Francese: Variante Steinitz	1. e4 e6 2. d4 d5 3. Nc3 Nf6 4. e5 Nfd7 5. f4 c5 6. dxc5 Nc6
C11	Difesa Francese: Variante Steinitz	1. e4 e6 2. d4 d5 3. Nc3 Nf6 4. e5 Nfd7 5. f4 c5 6. Nf3
C11	Difesa Francese: Variante Steinitz, Variante Boleslavsky	1. e4 e6 2. d4 d5 3. Nc3 Nf6 4. e5 Nfd7 5. f4 c5 6. Nf3 Nc6 7. Be3
C11	Difesa Francese: Variante Steinitz, Variante d'Attacco di Bradford	1. e4 e6 2. d4 d5 3. Nc3 Nf6 4. e5 Nfd7 5. f4 c5 6. dxc5 Bxc5 7. Qg4
C11	Difesa Francese: Variante Steinitz, Variante Brodsky-Jones	1. e4 e6 2. d4 d5 3. Nc3 Nf6 4. e5 Nfd7 5. f4 c5 6. dxc5 Nc6 7. a3 Bxc5 8. Qg4 O-O 9. Nf3 f6
C11	Difesa Francese: Variante Steinitz, Attacco Gledhill	1. e4 e6 2. d4 d5 3. Nc3 Nf6 4. e5 Nfd7 5. Qg4
C12	Difesa Francese: Variante McCutcheon	1. e4 e6 2. d4 d5 3. Nc3 Nf6 4. Bg5 Bb4
C12	Difesa Francese: Variante McCutcheon, Variante d'Avanzata	1. e4 e6 2. d4 d5 3. Nc3 Nf6 4. Bg5 Bb4 5. e5
C12	Difesa Francese: Variante McCutcheon, Variante Bernstein	1. e4 e6 2. d4 d5 3. Nc3 Nf6 4. Bg5 Bb4 5. e5 h6 6. Bh4
C12	Difesa Francese: Variante McCutcheon, Variante Bogoljubow	1. e4 e6 2. d4 d5 3. Nc3 Nf6 4. Bg5 Bb4 5. exd5 Qxd5 6. Bxf6 gxf6 7. Qd2 Qa5
C12	Difesa Francese: Variante McCutcheon, Variante Chigorin	1. e4 e6 2. d4 d5 3. Nc3 Nf6 4. Bg5 Bb4 5. e5 h6 6. exf6
C12	Difesa Francese: Variante McCutcheon, Variante Olland Dr.	1. e4 e6 2. d4 d5 3. Nc3 Nf6 4. Bg5 Bb4 5. e5 h6 6. Bc1
C12	Difesa Francese: Variante McCutcheon, Variante Duras	1. e4 e6 2. Nc3 d5 3. d4 Nf6 4. Bg5 Bb4 5. e5 h6 6. Bd2 Bxc3 7. bxc3 Ne4 8. Qg4 Kf8 9. Bc1
C12	Difesa Francese: Variante McCutcheon, Variante di Cambio	1. e4 e6 2. d4 d5 3. Nc3 Nf6 4. Bg5 Bb4 5. exd5
C12	Difesa Francese: Variante McCutcheon, Variante Grigoriev	1. e4 e6 2. d4 d5 3. Nc3 Nf6 4. Bg5 Bb4 5. e5 h6 6. exf6 hxg5 7. fxg7 Rg8 8. h4 gxh4 9. Qg4
C12	Difesa Francese: Variante McCutcheon, Variante Janowski	1. e4 e6 2. d4 d5 3. Nc3 Nf6 4. Bg5 Bb4 5. e5 h6 6. Be3
C12	Difesa Francese: Variante McCutcheon, Variante Lasker	1. e4 e6 2. d4 d5 3. Nc3 Nf6 4. Bg5 Bb4 5. e5 h6 6. Bd2 Bxc3
C12	Difesa Francese: Variante McCutcheon, Variante Lasker	1. e4 e6 2. d4 d5 3. Nc3 Nf6 4. Bg5 Bb4 5. e5 h6 6. Bd2 Bxc3 7. bxc3 Ne4 8. Qg4 g6
C12	Difesa Francese: Variante McCutcheon, Variante Tartakower	1. e4 e6 2. d4 d5 3. Nc3 Nf6 4. Bg5 Bb4 5. e5 h6 6. Bd2 Nfd7
C13	Difesa Francese: Attacco Alekhine-Chatard	1. e4 e6 2. d4 d5 3. Nc3 Nf6 4. Bg5 Be7 5. e5 Nfd7 6. h4
C13	Difesa Francese: Attacco Alekhine-Chatard, Gambetto Albin-Chatard	1. e4 e6 2. d4 d5 3. Nc3 Nf6 4. Bg5 Be7 5. e5 Nfd7 6. h4 Bxg5 7. hxg5 Qxg5
C13	Difesa Francese: Attacco Alekhine-Chatard, Variante Breyer	1. e4 e6 2. d4 d5 3. Nc3 Nf6 4. Bg5 Be7 5. e5 Nfd7 6. h4 c5
C13	Difesa Francese: Attacco Alekhine-Chatard, Variante Maróczy	1. e4 e6 2. d4 d5 3. Nc3 Nf6 4. Bg5 Be7 5. e5 Nfd7 6. h4 a6
C13	Difesa Francese: Attacco Alekhine-Chatard, Variante Spielmann	1. e4 e6 2. d4 d5 3. Nc3 Nf6 4. Bg5 Be7 5. e5 Nfd7 6. h4 O-O
C13	Difesa Francese: Attacco Alekhine-Chatard, Variante Teichmann	1. e4 e6 2. d4 d5 3. Nc3 Nf6 4. Bg5 Be7 5. e5 Nfd7 6. h4 f6
C13	Difesa Francese: Variante Classica	1. e4 e6 2. d4 d5 3. Nc3 Nf6 4. Bg5 dxe4 5. Nxe4 Be7
C13	Difesa Francese: Variante Classica, Variante di Francoforte	1. e4 e6 2. d4 d5 3. Nc3 Nf6 4. Bg5 Be7 5. e5 Ng8 6. Be3 b6
C13	Difesa Francese: Variante Classica, Variante Normale	1. e4 e6 2. d4 d5 3. Nc3 Nf6 4. Bg5 Be7
C13	Difesa Francese: Variante Classica, Attacco Richter	1. e4 e6 2. d4 d5 3. Nc3 Nf6 4. Bg5 Be7 5. Bxf6
C13	Difesa Francese: Variante Classica, Attacco Richter	1. e4 e6 2. d4 d5 3. Nc3 Nf6 4. Bg5 Be7 5. Bxf6 Bxf6 6. e5 Be7 7. Qg4
C13	Difesa Francese: Variante Classica, Variante Tartakower	1. e4 e6 2. d4 d5 3. Nc3 Nf6 4. Bg5 Be7 5. e5 Ne4
C13	Difesa Francese: Variante Classica, Variante Vistaneckis	1. e4 e6 2. d4 d5 3. Nc3 Nf6 4. Bg5 Be7 5. e5 Ng8
C14	Difesa Francese: Variante Classica	1. e4 e6 2. d4 d5 3. Nc3 a6 4. Nf3 Nf6 5. e5 Nfd7 6. Bg5
C14	Difesa Francese: Variante Classica	1. e4 e6 2. d4 d5 3. Nc3 Nf6 4. Bg5 Be7 5. e5 Nfd7 6. Bxe7 Qxe7
C14	Difesa Francese: Variante Classica, Variante Alapin	1. e4 e6 2. d4 d5 3. Nc3 Nf6 4. Bg5 Be7 5. e5 Nfd7 6. Bxe7 Qxe7 7. Nb5
C14	Difesa Francese: Variante Classica, Variante Pollock	1. e4 e6 2. d4 d5 3. Nc3 Nf6 4. Bg5 Be7 5. e5 Nfd7 6. Bxe7 Qxe7 7. Qg4
C14	Difesa Francese: Variante Classica, Variante Rubinstein	1. e4 e6 2. d4 d5 3. Nc3 Nf6 4. Bg5 Be7 5. e5 Nfd7 6. Bxe7 Qxe7 7. Qd2
C14	Difesa Francese: Variante Classica, Variante Stahlberg	1. e4 e6 2. d4 d5 3. Nc3 Nf6 4. Bg5 Be7 5. e5 Nfd7 6. Bxe7 Qxe7 7. f4 O-O 8. Nf3 c5 9. Qd2 Nc6 10. O-O-O c4
C14	Difesa Francese: Variante Classica, Variante Steinitz	1. e4 e6 2. d4 d5 3. Nc3 Nf6 4. Bg5 Be7 5. e5 Nfd7 6. Bxe7 Qxe7 7. f4
C14	Difesa Francese: Variante Classica, Variante Tarrasch	1. e4 e6 2. d4 d5 3. Nc3 Nf6 4. Bg5 Be7 5. e5 Nfd7 6. Bxe7 Qxe7 7. Bd3
C15	Difesa Francese: Variante McCutcheon, Gambetto del Lupo	1. e4 e6 2. d4 d5 3. Nc3 Bb4 4. Ne2 Nf6 5. Bg5
C15	Difesa Francese: Variante Winawer	1. e4 e6 2. d4 d5 3. Nc3 Bb4
C15	Difesa Francese: Variante Winawer, Gambetto Alekhine Accettato	1. e4 e6 2. d4 d5 3. Nc3 Bb4 4. Ne2 dxe4 5. a3 Bxc3+
C15	Difesa Francese: Variante Winawer, Gambetto Alekhine, Variante Alatortsev	1. e4 e6 2. d4 d5 3. Nc3 Bb4 4. Ne2 dxe4 5. a3 Be7 6. Nxe4 Nf6 7. N2g3 O-O 8. Be2 Nc6
C15	Difesa Francese: Variante Winawer, Gambetto Alekhine, Variante Kan	1. e4 e6 2. d4 d5 3. Nc3 Bb4 4. Ne2 dxe4 5. a3 Bxc3+ 6. Nxc3 Nc6
C15	Difesa Francese: Variante Winawer, Gambetto Alekhine-Maróczy	1. e4 e6 2. d4 d5 3. Nc3 Bb4 4. Ne2
C15	Difesa Francese: Variante Winawer, Variante Ritardata di Cambio	1. e4 e6 2. d4 d5 3. Nc3 Bb4 4. exd5
C15	Difesa Francese: Variante Winawer, Variante di Cambio, Attacco Canal	1. e4 e6 2. d4 d5 3. Nc3 Bb4 4. exd5 exd5 5. Bd3 Ne7 6. Qh5
C15	Difesa Francese: Variante Winawer, Variante Fingerslip	1. e4 e6 2. d4 d5 3. Nc3 Bb4 4. Bd2
C15	Difesa Francese: Variante Winawer, Variante Fingerslip, Doppio Gambetto Kunin	1. e4 e6 2. d4 d5 3. Nc3 Bb4 4. Bd2 dxe4 5. Qg4 Qxd4
C15	Difesa Francese: Variante Winawer, Variante Fingerslip, Linea principale	1. e4 e6 2. d4 d5 3. Nc3 Bb4 4. Bd2 dxe4 5. Qg4 Nf6 6. Qxg7 Rg8 7. Qh6
C15	Difesa Francese: Variante Winawer, Variante Fingerslip, Linea di Schwarz	1. e4 e6 2. d4 d5 3. Nc3 Bb4 4. Bd2 Ne7 5. Nb1
C15	Difesa Francese: Variante Winawer, Variante Kondratiyev	1. e4 e6 2. d4 d5 3. Nc3 Bb4 4. Bd3 c5 5. exd5 Qxd5 6. Bd2
C15	Difesa Francese: Variante Winawer, Gambetto Winckelmann-Reimer	1. e4 e6 2. d4 d5 3. Nc3 Bb4 4. a3 Bxc3+ 5. bxc3 dxe4 6. f3
C16	Difesa Francese: Variante Winawer, Variante d'Avanzata	1. e4 e6 2. d4 d5 3. Nc3 Bb4 4. e5
C16	Difesa Francese: Variante Winawer, Variante Petrosian	1. e4 e6 2. d4 d5 3. Nc3 Bb4 4. e5 Qd7
C17	Difesa Francese: Variante Winawer, Variante d'Avanzata	1. e4 e6 2. d4 d5 3. Nc3 Bb4 4. e5 c5
C17	Difesa Francese: Variante Winawer, Variante d'Avanzata	1. e4 e6 2. d4 d5 3. Nc3 Bb4 4. e5 c5 5. a3
C17	Difesa Francese: Variante Winawer, Variante d'Avanzata	1. e4 e6 2. d4 d5 3. Nc3 Bb4 4. e5 c5 5. a3 cxd4 6. axb4 dxc3 7. Nf3
C17	Difesa Francese: Variante Winawer, Variante d'Avanzata, Variante di Mosca	1. e4 e6 2. d4 d5 3. Nc3 Bb4 4. e5 c5 5. Qg4
C17	Difesa Francese: Variante Winawer, Variante Bogoljubow	1. e4 e6 2. d4 d5 3. Nc3 Bb4 4. e5 c5 5. Bd2
C17	Difesa Francese: Variante Winawer, Variante Bogoljubow, Difesa Islandese	1. e4 e6 2. d4 d5 3. Nc3 Bb4 4. e5 c5 5. Bd2 Ne7 6. f4
C17	Difesa Francese: Variante Winawer, Variante Maróczy-Wallis	1. e4 e6 2. d4 d5 3. Nc3 Bb4 4. e5 c5 5. a3 cxd4 6. axb4 dxc3
C17	Difesa Francese: Variante Winawer, Variante della Ritirata	1. e4 e6 2. d4 d5 3. Nc3 Bb4 4. e5 c5 5. a3 Ba5
C17	Difesa Francese: Variante Winawer, Variante della Ritirata, Linea Armena	1. e4 e6 2. d4 d5 3. Nc3 Bb4 4. e5 c5 5. a3 Ba5 6. b4 cxd4
C18	Difesa Francese: Variante Winawer, Variante d'Avanzata	1. e4 e6 2. d4 d5 3. Nc3 Bb4 4. e5 c5 5. a3 Bxc3+ 6. bxc3
C18	Difesa Francese: Variante Winawer, Variante d'Avanzata	1. e4 e6 2. d4 d5 3. Nc3 Bb4 4. e5 c5 5. a3 Bxc3+ 6. bxc3 Ne7
C18	Difesa Francese: Variante Winawer, Variante d'Avanzata, con Ad3	1. e4 e6 2. d4 d5 3. Nc3 Bb4 4. e5 c5 5. a3 Bxc3+ 6. bxc3 Ne7 7. Bd3
C18	Difesa Francese: Variante Winawer, Variante d'Avanzata, con Ad3	1. e4 e6 2. d4 d5 3. Nc3 Bb4 4. e5 c5 5. a3 Bxc3+ 6. bxc3 Ne7 7. Bd3 Qc7
C18	Difesa Francese: Variante Winawer, Variante d'Avanzata, con h4	1. e4 e6 2. d4 d5 3. Nc3 Bb4 4. e5 c5 5. a3 Bxc3+ 6. bxc3 Ne7 7. h4
C18	Difesa Francese: Variante Winawer, Variante d'Avanzata, con h4	1. e4 e6 2. d4 d5 3. Nc3 Bb4 4. e5 c5 5. a3 Bxc3+ 6. bxc3 Ne7 7. h4 Qc7
C18	Difesa Francese: Variante Winawer, Variante Classica	1. e4 e6 2. d4 d5 3. Nc3 Bb4 4. e5 c5 5. a3 Bxc3+ 6. bxc3 Qc7
C18	Difesa Francese: Variante Winawer, Variante Eingorn	1. e4 e6 2. d4 d5 3. Nc3 Bb4 4. e5 c5 5. a3 Bxc3+ 6. bxc3 Ne7 7. Qg4 Kf8
C18	Difesa Francese: Variante Winawer, Variante del Pedone Avvelenato	1. e4 e6 2. d4 d5 3. Nc3 Bb4 4. e5 c5 5. a3 Bxc3+ 6. bxc3 Ne7 7. Qg4 Qc7
C18	Difesa Francese: Variante Winawer, Variante del Pedone Avvelenato	1. e4 e6 2. d4 d5 3. Nc3 Bb4 4. e5 c5 5. a3 Bxc3+ 6. bxc3 Ne7 7. Qg4 cxd4 8. Qxg7
C18	Difesa Francese: Variante Winawer, Variante del Pedone Avvelenato	1. e4 e6 2. d4 d5 3. Nc3 Bb4 4. e5 c5 5. a3 Bxc3+ 6. bxc3 Ne7 7. Qg4 cxd4 8. Qxg7 Rg8 9. Qxh7 Nbc6
C18	Difesa Francese: Variante Winawer, Variante Avvelenata di Pedone Rifiutata	1. e4 e6 2. d4 d5 3. Nc3 Bb4 4. e5 c5 5. a3 Bxc3+ 6. bxc3 Ne7 7. Qg4 Qc7 8. Bd3
C18	Difesa Francese: Variante Winawer, Variante del Pedone Avvelenato, Linea principale	1. e4 e6 2. d4 d5 3. Nc3 Bb4 4. e5 c5 5. a3 Bxc3+ 6. bxc3 Ne7 7. Qg4 Qc7 8. Qxg7 Rg8 9. Qxh7 cxd4 10. Ne2
C18	Difesa Francese: Variante Winawer, Variante del Pedone Avvelenato, Variante Paoli	1. e4 e6 2. d4 d5 3. Nc3 Bb4 4. e5 c5 5. a3 Bxc3+ 6. bxc3 Ne7 7. Qg4 Qc7 8. Qxg7 Rg8 9. Qxh7 cxd4 10. Kd1
C18	Difesa Francese: Variante Winawer, Variante Portisch-Hook	1. e4 e6 2. d4 d5 3. Nc3 Bb4 4. e5 c5 5. a3 Bxc3+ 6. bxc3 Qa5
C18	Difesa Francese: Variante Winawer, Variante di Varsavia	1. e4 e6 2. d4 d5 3. Nc3 Bb4 4. e5 c5 5. a3 Bxc3+ 6. bxc3 Ne7 7. Qg4 O-O
C19	Difesa Francese: Variante Winawer, Variante d'Avanzata, Variante Smyslov	1. e4 e6 2. d4 d5 3. Nc3 Bb4 4. e5 Ne7 5. a3 Bxc3+ 6. bxc3 c5 7. a4
C19	Difesa Francese: Variante Winawer, Variante d'Avanzata, Variante Smyslov	1. e4 e6 2. d4 d5 3. Nc3 Bb4 4. e5 Ne7 5. a3 Bxc3+ 6. bxc3 c5 7. a4 Qc7
C19	Difesa Francese: Variante Winawer, Variante Posizionale	1. e4 e6 2. d4 d5 3. Nc3 Bb4 4. e5 c5 5. a3 Bxc3+ 6. bxc3 Ne7 7. a4 Nbc6 8. Nf3
C19	Difesa Francese: Variante Winawer, Variante Posizionale	1. e4 e6 2. d4 d5 3. Nc3 Bb4 4. e5 c5 5. a3 Bxc3+ 6. bxc3 Ne7 7. a4 Nbc6 8. Nf3 Qa5 9. Qd2
C19	Difesa Francese: Variante Winawer, Variante Posizionale	1. e4 e6 2. d4 d5 3. Nc3 Bb4 4. e5 c5 5. a3 Bxc3+ 6. bxc3 Ne7 7. a4 Nbc6 8. Nf3 Qa5 9. Qd2 Bd7
C19	Difesa Francese: Variante Winawer, Variante Posizionale	1. e4 e6 2. d4 d5 3. Nc3 Bb4 4. e5 c5 5. a3 Bxc3+ 6. bxc3 Ne7 7. a4 Nbc6 8. Nf3 Qa5 9. Bd2
C19	Difesa Francese: Variante Winawer, Variante Posizionale	1. e4 e6 2. d4 d5 3. Nc3 Bb4 4. e5 c5 5. a3 Bxc3+ 6. bxc3 Ne7 7. a4 Nbc6 8. Nf3 Qa5 9. Bd2 Bd7
C19	Difesa Francese: Variante Winawer, Variante Posizionale	1. e4 e6 2. d4 d5 3. Nc3 Bb4 4. e5 c5 5. a3 Bxc3+ 6. bxc3 Ne7 7. a4 Nbc6 8. Nf3 Qa5 9. Bd2 c4
C19	Difesa Francese: Variante Winawer, Variante Posizionale	1. e4 e6 2. d4 d5 3. Nc3 Bb4 4. e5 c5 5. a3 Bxc3+ 6. bxc3 Ne7 7. Nf3
C19	Difesa Francese: Variante Winawer, Variante Posizionale	1. e4 e6 2. d4 d5 3. Nc3 Bb4 4. e5 c5 5. a3 Bxc3+ 6. bxc3 Nc6 7. Nf3 Nge7
C19	Difesa Francese: Variante Winawer, Variante Posizionale	1. e4 e6 2. d4 d5 3. Nc3 Bb4 4. e5 c5 5. a3 Bxc3+ 6. bxc3 Ne7 7. Nf3 Qc7
C19	Difesa Francese: Variante Winawer, Variante Posizionale	1. e4 e6 2. d4 d5 3. Nc3 Bb4 4. e5 c5 5. a3 Bxc3+ 6. bxc3 Ne7 7. Nf3 Qc7 8. h4
C19	Difesa Francese: Variante Winawer, Variante Posizionale	1. e4 e6 2. d4 d5 3. Nc3 Bb4 4. e5 c5 5. a3 Bxc3+ 6. bxc3 Ne7 7. Bd3 Nbc6 8. Nf3
C19	Difesa Francese: Variante Winawer, Variante Posizionale	1. e4 e6 2. d4 d5 3. Nc3 Bb4 4. e5 c5 5. a3 Bxc3+ 6. bxc3 Nc6 7. Nf3 Qa5 8. Bd2 Nge7
C20	Apertura Barnes: Walkerling	1. f3 e5 2. e4 Nf6 3. Bc4
C20	Attacco Bongcloud	1. e4 e5 2. Ke2
C20	Partita del Centro	1. e4 e5 2. d4
C20	Apertura Inglese: La Balena	1. e4 e5 2. c4
C20	Partita di Pedone di Re	1. e4 e5
C20	Partita di Pedone di Re: Apertura Alapin	1. e4 e5 2. Ne2
C20	Partita di Pedone di Re: Gambetto Bavarese	1. e4 e5 2. c4 d5
C20	Partita di Pedone di Re: Gambetto Beyer	1. e4 e5 2. d4 d5
C20	Partita di Pedone di Re: Variante della Vongola, Gambetto di Re Invertito	1. e4 e5 2. d3 f5
C20	Partita di Pedone di Re: Variante della Vongola, Gambetto Radisch	1. e4 e5 2. d3 Nf6 3. f4 Bc5
C20	Partita di Pedone di Re: Apertura di Re della Testa	1. e4 e5 2. f3
C20	Partita di Pedone di Re: Apertura di Re della Testa	1. e4 e5 2. f3 Nf6 3. Nc3
C20	Partita di Pedone di Re: Variante Leonardis	1. e4 e5 2. d3
C20	Partita di Pedone di Re: Attacco MacLeod	1. e4 e5 2. c3
C20	Partita di Pedone di Re: Attacco MacLeod, Gambetto Lasa	1. e4 e5 2. c3 f5
C20	Partita di Pedone di Re: Attacco MacLeod, Gambetto Norwalde	1. e4 e5 2. c3 d5 3. Qh5 Bd6
C20	Partita di Pedone di Re: Apertura di Mengarini	1. e4 e5 2. a3
C20	Partita di Pedone di Re: Attacco Napoleon	1. e4 e5 2. Qf3
C20	Partita di Pedone di Re: Gambetto Philidor	1. e4 e5 2. d4 d6 3. dxe5 Bd7
C20	Partita di Pedone di Re: Apertura della Tartaruga	1. e4 e5 2. Bd3
C20	Partita di Pedone di Re: Attacco Ribelle di Donna	1. e4 e5 2. Qh5
C20	Partita di Pedone di Re: Attacco Ribelle di Donna, Controgambetto dei Bambini	1. e4 e5 2. Qh5 Nf6
C20	Partita di Pedone di Re: Attacco Ribelle di Donna, Gambetto Mellon	1. e4 e5 2. Qh5 Nc6 3. Bc4 Nh6 4. d3 g6 5. Qf3 f6 6. Ne2 d5
C20	Partita di Pedone di Re: Gambetto Weber	1. e4 e5 2. d3 d5 3. exd5 c6 4. dxc6 Nxc6
C20	Apertura di Pedone di Re	1. e4 e5 2. b3
C20	Apertura di Pedone di Re: Speers	1. e4 e5 2. Qg4 Nf6 3. Qf5
C20	Apertura di Pedone di Re: Gambetto Van Hooydoon	1. e4 e5 2. Qe2 Nc6 3. c3 Nf6 4. Nf3 Bc5 5. d4 exd4 6. cxd4 Nxd4
C20	Apertura Portoghese	1. e4 e5 2. Bb5
C20	Apertura Portoghese: Gambetto Miguel	1. e4 e5 2. Bb5 Bc5 3. b4
C20	Apertura Portoghese: Gambetto Portoghese	1. e4 e5 2. Bb5 Nf6 3. d4
C21	Partita del Centro	1. e4 e5 2. d4 exd4 3. Qxd4
C21	Partita del Centro Accettata	1. e4 e5 2. d4 exd4
C21	Partita del Centro: Gambetto Halasz-McDonnell	1. e4 e5 2. d4 exd4 3. f4
C21	Partita del Centro: Gambetto Halasz-McDonnell, Variante del Coccodrillo	1. e4 e5 2. d4 exd4 3. f4 Bc5 4. Nf3 Nc6 5. c3
C21	Partita del Centro: Variante Kieseritzky	1. e4 e5 2. d4 exd4 3. Nf3
C21	Partita del Centro: Variante Kieseritzky	1. e4 e5 2. d4 exd4 3. Nf3 c5
C21	Partita del Centro: Variante Kieseritzky	1. e4 e5 2. d4 exd4 3. Nf3 c5 4. Bc4
C21	Partita del Centro: Gambetto Lanc-Arnold	1. e4 e5 2. d4 exd4 3. Nf3 Bc5 4. c3
C21	Partita del Centro: Gambetto Lanc-Arnold, Gambetto Schippler	1. e4 e5 2. d4 exd4 3. Nf3 Bc5 4. c3 dxc3 5. Bc4
C21	Partita del Centro: Gambetto Ross	1. e4 e5 2. d4 exd4 3. Bd3
C21	Partita del Centro: Gambetto von der Lasa	1. e4 e5 2. d4 exd4 3. Bc4
C21	Gambetto Danese	1. e4 e5 2. d4 exd4 3. c3
C21	Gambetto Danese Accettato	1. e4 e5 2. d4 exd4 3. c3 dxc3
C21	Gambetto Danese Accettato: Difesa Chigorin	1. e4 e5 2. d4 exd4 3. c3 dxc3 4. Bc4 cxb2 5. Bxb2 Qe7
C21	Gambetto Danese Accettato: Difesa Classica	1. e4 e5 2. d4 exd4 3. c3 dxc3 4. Bc4 cxb2 5. Bxb2 Nf6
C21	Gambetto Danese Accettato: Difesa di Copenaghen	1. e4 e5 2. d4 exd4 3. c3 dxc3 4. Bc4 cxb2 5. Bxb2 Bb4+
C21	Gambetto Danese Accettato: Difesa Schlechter	1. e4 e5 2. d4 exd4 3. c3 dxc3 4. Bc4 cxb2 5. Bxb2 d5
C21	Gambetto Danese Accettato: Difesa Svenonius	1. e4 e5 2. d4 exd4 3. c3 Ne7
C21	Gambetto Danese Rifiutato: Difesa Sörensen	1. e4 e5 2. d4 exd4 3. c3 d5
C22	Partita del Centro: Variante Berger	1. e4 e5 2. d4 exd4 3. Qxd4 Nc6 4. Qe3 Nf6
C22	Partita del Centro: Variante Charousek	1. e4 e5 2. d4 exd4 3. Qxd4 Nc6 4. Qe3 Bb4+ 5. c3 Be7
C22	Partita del Centro: Variante Hall	1. e4 e5 2. d4 exd4 3. Qxd4 Nc6 4. Qc4
C22	Partita del Centro: Variante Kupreichik	1. e4 e5 2. d4 exd4 3. Qxd4 Nc6 4. Qe3 Nf6 5. Nc3 Bb4 6. Bd2 O-O 7. O-O-O Re8 8. Bc4 d6 9. Nh3
C22	Partita del Centro: Variante Normale	1. e4 e5 2. d4 exd4 3. Qxd4 Nc6
C22	Partita del Centro: Variante d'Attacco Paulsen	1. e4 e5 2. d4 exd4 3. Qxd4 Nc6 4. Qe3
C22	Partita del Centro: Variante l'Hermet	1. e4 e5 2. d4 exd4 3. Qxd4 Nc6 4. Qe3 f5
C23	Apertura d'Alfiere	1. e4 e5 2. Bc4
C23	Apertura d'Alfiere: Gambetto Anderssen	1. e4 e5 2. Bc4 b5 3. Bxb5 c6
C23	Apertura d'Alfiere: Variante Boi	1. e4 e5 2. Bc4 Bc5
C23	Apertura d'Alfiere: Controgambetto Calabrese	1. e4 e5 2. Bc4 f5
C23	Apertura d'Alfiere: Controgambetto Calabrese, Variante Jaenisch	1. e4 e5 2. Bc4 f5 3. d3
C23	Apertura d'Alfiere: Gambetto dei Quattro Pedoni	1. e4 e5 2. Bc4 Bc5 3. b4 Bxb4 4. f4 exf4 5. Nf3 Be7 6. d4 Bh4+ 7. g3 fxg3 8. O-O gxh2+ 9. Kh1
C23	Apertura d'Alfiere: Gambetto Khan	1. e4 e5 2. Bc4 d5
C23	Apertura d'Alfiere: Controgambetto Lewis	1. e4 e5 2. Bc4 Bc5 3. c3 d5
C23	Apertura d'Alfiere: Controgambetto Lewis	1. e4 e5 2. Bc4 Bc5 3. c3 d5 4. Bxd5 Nf6
C23	Apertura d'Alfiere: Controgambetto Lewis, Variante Walker	1. e4 e5 2. Bc4 Bc5 3. c3 d5 4. Bxd5 Nf6 5. d4
C23	Apertura d'Alfiere: Gambetto Lewis	1. e4 e5 2. Bc4 Bc5 3. d4
C23	Apertura d'Alfiere: Variante Lisitsyn	1. e4 e5 2. Bc4 c6 3. d4 d5 4. exd5 cxd5 5. Bb5+ Bd7 6. Bxd7+ Nxd7 7. dxe5 Nxe5 8. Ne2
C23	Apertura d'Alfiere: Gambetto Lopez	1. e4 e5 2. Bc4 Bc5 3. Qe2 Nc6 4. c3 Nf6 5. f4
C23	Apertura d'Alfiere: Variante Lopez	1. e4 e5 2. Bc4 Bc5 3. Qe2
C23	Apertura d'Alfiere: Variante Lopez, Gambetto Lopez	1. e4 e5 2. Bc4 Bc5 3. Qe2 Nf6 4. f4
C23	Apertura d'Alfiere: Gambetto McDonnell	1. e4 e5 2. Bc4 Bc5 3. b4
C23	Apertura d'Alfiere: Gambetto McDonnell, Gambetto La Bourdonnais-Denker	1. e4 e5 2. Bc4 Bc5 3. b4 Bxb4 4. c3
C23	Apertura d'Alfiere: Gambetto McDonnell, Doppio Gambetto McDonnell	1. e4 e5 2. Bc4 Bc5 3. b4 Bxb4 4. f4
C23	Apertura d'Alfiere: Contrattacco Philidor	1. e4 e5 2. Bc4 c6
C23	Apertura d'Alfiere: Variante Philidor	1. e4 e5 2. Bc4 Bc5 3. c3
C23	Apertura d'Alfiere: Variante Pratt	1. e4 e5 2. Bc4 Bc5 3. c3 Nf6 4. d4 exd4 5. e5 d5 6. exf6 dxc4 7. Qh5 O-O
C23	Apertura d'Alfiere: Gambetto Stein	1. e4 e5 2. Bc4 Bc5 3. f4
C23	Apertura d'Alfiere: Gambetto Thorold	1. e4 e5 2. Bc4 b5 3. Bxb5 f5
C23	Apertura d'Alfiere: Variante Rio del	1. e4 e5 2. Bc4 Bc5 3. c3 Qg5
C24	Apertura d'Alfiere: Difesa Berlinese	1. e4 e5 2. Bc4 Nf6
C24	Apertura d'Alfiere: Difesa Berlinese, Gambetto Greco	1. e4 e5 2. Bc4 Nf6 3. f4
C24	Apertura d'Alfiere: Follia Kitchener	1. e4 e5 2. Bc4 Nf6 3. d3 Be7 4. Nf3 O-O
C24	Apertura d'Alfiere: Gambetto Krejcik	1. e4 e5 2. Bc4 Nf6 3. f3 Bc5 4. Ne2 Nc6 5. b4
C24	Apertura d'Alfiere: Gambetto Pachman	1. e4 e5 2. Bc4 Nf6 3. Ne2 Nxe4 4. Nec3
C24	Apertura d'Alfiere: Difesa Paulsen	1. e4 e5 2. Bc4 Nf6 3. d3 c6
C24	Apertura d'Alfiere: Gambetto Ponziani	1. e4 e5 2. Bc4 Nf6 3. d4
C24	Apertura d'Alfiere: Gambetto Urusov, Variante Panov	1. e4 e5 2. Bc4 Nf6 3. d4 exd4 4. Nf3 d5 5. exd5 Bb4+ 6. c3 Qe7+
C24	Apertura d'Alfiere: Ibrido Viennese	1. e4 e5 2. Bc4 Nf6 3. d3 Nc6 4. Nc3
C24	Apertura d'Alfiere: Gambetto di Varsavia	1. e4 e5 2. Bc4 Nf6 3. d4 exd4 4. c3
C25	Gambetto Viennese, con la Difesa Max Lange	1. e4 e5 2. Nc3 Nc6 3. f4
C25	Gambetto Viennese, con la Difesa Max Lange: Difesa Cunningham	1. e4 e5 2. Nc3 Nc6 3. f4 exf4 4. Nf3 Be7
C25	Gambetto Viennese, con la Difesa Max Lange: Gambetto Hamppe-Allgaier	1. e4 e5 2. Nc3 Nc6 3. f4 exf4 4. Nf3 g5 5. h4 g4 6. Ng5
C25	Gambetto Viennese, con la Difesa Max Lange: Gambetto Hamppe-Allgaier, Variante Alapin	1. e4 e5 2. Nc3 Nc6 3. f4 exf4 4. Nf3 g5 5. h4 g4 6. Ng5 d6
C25	Gambetto Viennese, con la Difesa Max Lange: Gambetto Hamppe-Allgaier, Variante Thorold	1. e4 e5 2. f4 exf4 3. Nf3 Nc6 4. Nc3 g5 5. h4 g4 6. Ng5 h6 7. Nxf7 Kxf7 8. d4
C25	Gambetto Viennese, con la Difesa Max Lange: Gambetto Hamppe-Muzio	1. e4 e5 2. Nc3 Nc6 3. f4 exf4 4. Nf3 g5 5. Bc4 g4 6. O-O gxf3
C25	Gambetto Viennese, con la Difesa Max Lange: Variante di Cavallo	1. e4 e5 2. Nc3 Nc6 3. f4 exf4 4. Nf3
C25	Gambetto Viennese, con la Difesa Max Lange: Gambetto Pierce	1. e4 e5 2. Nc3 Nc6 3. f4 exf4 4. Nf3 g5 5. d4
C25	Gambetto Viennese, con la Difesa Max Lange: Gambetto Quelle	1. e4 e5 2. Nc3 Nc6 3. f4 Bc5 4. fxe5 d6
C25	Gambetto Viennese, con la Difesa Max Lange: Gambetto Steinitz	1. e4 e5 2. Nc3 Nc6 3. f4 exf4 4. d4
C25	Gambetto Viennese, con la Difesa Max Lange: Gambetto Steinitz, Difesa Fraser-Minckwitz	1. e4 e5 2. Nc3 Nc6 3. f4 exf4 4. d4 Qh4+ 5. Ke2 b6
C25	Gambetto Viennese, con la Difesa Max Lange: Gambetto Steinitz, Linea principale	1. e4 e5 2. Nc3 Nc6 3. f4 exf4 4. d4 Qh4+ 5. Ke2
C25	Gambetto Viennese, con la Difesa Max Lange: Gambetto Steinitz, Difesa Paulsen	1. e4 e5 2. Nc3 Nc6 3. f4 exf4 4. d4 Qh4+ 5. Ke2 d6
C25	Gambetto Viennese, con la Difesa Max Lange: Gambetto Steinitz, Difesa Sörensen	1. e4 e5 2. Nc3 Nc6 3. f4 exf4 4. d4 Qh4+ 5. Ke2 g5
C25	Gambetto Viennese, con la Difesa Max Lange: Gambetto Steinitz, Difesa Zukertort	1. e4 e5 2. Nc3 Nc6 3. f4 exf4 4. d4 Qh4+ 5. Ke2 d5
C25	Partita Viennese	1. e4 e5 2. Nc3
C25	Partita Viennese: Difesa Anderssen	1. e4 e5 2. Nc3 Bc5
C25	Partita Viennese: Gambetto Fyfe	1. e4 e5 2. Nc3 Nc6 3. d4
C25	Partita Viennese: Attacco della Giraffa	1. e4 e5 2. Nc3 Bc5 3. Qg4
C25	Partita Viennese: Variante Hamppe-Meitner	1. e4 e5 2. Nc3 Bc5 3. Na4
C25	Partita Viennese: Gambetto Hamppe-Muzio	1. e4 e5 2. Nc3 Nc6 3. f4 exf4 4. Nf3 g5 5. Bc4 g4 6. O-O
C25	Partita Viennese: Hamppe-Muzio, Variante Dubois	1. e4 e5 2. Nc3 Nc6 3. f4 exf4 4. Nf3 g5 5. Bc4 g4 6. O-O gxf3 7. Qxf3 Ne5 8. Qxf4 Qf6
C25	Partita Viennese: Difesa Max Lange	1. e4 e5 2. Nc3 Nc6
C25	Partita Viennese: Gambetto di Omaha	1. e4 e5 2. Nc3 d6 3. f4
C25	Partita Viennese: Variante Paulsen	1. e4 e5 2. Nc3 Nc6 3. g3
C25	Partita Viennese: Variante Paulsen	1. e4 e5 2. Nc3 Nc6 3. g3 Nf6 4. Bg2 Bc5 5. Nge2 d5
C25	Partita Viennese: Variante Paulsen, Gambetto Mariotti	1. e4 e5 2. Nc3 Nc6 3. g3 Bc5 4. Bg2 h5 5. Nf3 h4
C25	Partita Viennese: Controgambetto Philidor	1. e4 e5 2. Nc3 Nc6 3. d4 f5
C25	Partita Viennese: Gambetto Pierce, Attacco Rushmere	1. e4 e5 2. Nc3 Nc6 3. f4 exf4 4. Nf3 g5 5. d4 g4 6. Bc4 gxf3 7. O-O d5 8. exd5 Bg4 9. dxc6
C25	Partita Viennese: Variante Stanley, Gambetto Meitner-Mieses	1. e4 e5 2. Nc3 Nc6 3. Bc4 Bc5 4. Qg4 Qf6 5. Nd5
C25	Partita Viennese: Controgambetto Zhuravlev	1. e4 e5 2. Nc3 Bb4 3. Qg4 Nf6
C26	Apertura d'Alfiere: Gambetto Horwitz	1. e4 e5 2. Bc4 Nf6 3. Nc3 b5
C26	Apertura d'Alfiere: Ibrido Viennese, Attacco Spielmann	1. e4 e5 2. Nc3 Nf6 3. Bc4 Bc5 4. d3
C26	Partita Viennese: Variante Falkbeer	1. e4 e5 2. Nc3 Nf6
C26	Partita Viennese: Variante Mengarini	1. e4 e5 2. Nc3 Nf6 3. a3
C26	Partita Viennese: Variante Mieses	1. e4 e5 2. Nc3 Nf6 3. g3
C26	Partita Viennese: Variante Mieses, Gambetto Erben	1. e4 e5 2. Nc3 Nf6 3. g3 d5 4. exd5 c6
C26	Partita Viennese: Variante Paulsen, Gambetto Pollock	1. e4 e5 2. Nc3 Nf6 3. g3 Bc5 4. Bg2 Nc6 5. Nge2 d5 6. exd5
C26	Partita Viennese: Variante Stanley	1. e4 e5 2. Nc3 Nf6 3. Bc4
C26	Partita Viennese: Variante Stanley, Gambetto dell'Eifel	1. e4 e5 2. Nc3 Nf6 3. Bc4 Bc5 4. Nge2 b5
C26	Partita Viennese: Variante Stanley, Spagnola a colori invertiti	1. e4 e5 2. Nc3 Nf6 3. Bc4 Bb4
C27	Apertura d'Alfiere: Gambetto Boden-Kieseritzky	1. e4 e5 2. Nf3 Nf6 3. Bc4 Nxe4 4. Nc3
C27	Apertura d'Alfiere: Gambetto Boden-Kieseritzky, Difesa Lichtenhein	1. e4 e5 2. Nf3 Nf6 3. Bc4 Nxe4 4. Nc3 d5
C27	Partita Viennese: Gambetto Adams'	1. e4 e5 2. Nc3 Nf6 3. Bc4 Nxe4 4. Qh5 Nd6 5. Bb3 Nc6 6. d4
C27	Partita Viennese: Variante Frankenstein-Dracula	1. e4 e5 2. Nc3 Nf6 3. Bc4 Nxe4
C27	Partita Viennese: Variante Stanley, Variante Alekhine	1. e4 e5 2. Nc3 Nf6 3. Bc4 Nxe4 4. Qh5 Nd6 5. Bb3 Be7 6. Nf3 Nc6 7. Nxe5
C27	Partita Viennese: Variante Stanley, Variante Frankenstein-Dracula	1. e4 e5 2. Nc3 Nf6 3. Bc4 Nxe4 4. Qh5 Nd6 5. Bb3 Nc6 6. Nb5 g6 7. Qf3 f5 8. Qd5 Qe7 9. Nxc7+ Kd8 10. Nxa8 b6
C27	Partita Viennese: Variante Stanley, Mostro Rifiutato	1. e4 e5 2. Nc3 Nf6 3. Bc4 Nxe4 4. Qh5 Nd6 5. Bb3 Be7
C28	Apertura d'Alfiere: Ibrido Viennese, Variante Hromádka	1. e4 e5 2. Nc3 Nc6 3. Bc4 Nf6 4. d3 Bb4 5. Ne2
C28	Partita Viennese: Variante Stanley, Gambetto Bronstein	1. e4 e5 2. Nc3 Nc6 3. Bc4 Nf6 4. f4 Nxe4 5. Nf3
C28	Partita Viennese: Variante Stanley, Variante dei Tre Cavalli	1. e4 e5 2. Nc3 Nc6 3. Bc4 Nf6
C29	Partita Viennese: Variante Heyde	1. e4 e5 2. Nc3 Nf6 3. f4 d5 4. fxe5 Nxe4 5. Qf3 f5 6. d4
C29	Partita Viennese: Gambetto Viennese	1. e4 e5 2. Nc3 Nf6 3. f4
C29	Partita Viennese: Gambetto Viennese, Variante Bardeleben	1. e4 e5 2. Nc3 Nf6 3. f4 d5 4. fxe5 Nxe4 5. Qf3 f5
C29	Partita Viennese: Gambetto Viennese, Variante Breyer	1. e4 e5 2. Nc3 Nf6 3. f4 d5 4. fxe5 Nxe4 5. Nf3 Be7
C29	Partita Viennese: Gambetto Viennese, Variante Kaufmann	1. e4 e5 2. Nc3 Nf6 3. f4 d5 4. fxe5 Nxe4 5. Nf3 Bg4 6. Qe2
C29	Partita Viennese: Gambetto Viennese, Linea principale	1. e4 e5 2. Nc3 Nf6 3. f4 d5
C29	Partita Viennese: Gambetto Viennese, Variante Moderna	1. e4 e5 2. Nc3 Nf6 3. f4 d5 4. fxe5 Nxe4 5. d3
C29	Partita Viennese: Gambetto Viennese, Attacco Paulsen	1. e4 e5 2. Nc3 Nf6 3. f4 d5 4. fxe5 Nxe4 5. Qf3
C29	Partita Viennese: Gambetto Viennese, Variante Steinitz	1. e4 e5 2. Nc3 Nf6 3. f4 d5 4. d3
C29	Partita Viennese: Gambetto Viennese, Trappola Wurzburger	1. e4 e5 2. Nc3 Nf6 3. f4 d5 4. fxe5 Nxe4 5. d3 Qh4+ 6. g3 Nxg3 7. Nf3 Qh5 8. Nxd5
C30	Gambetto di Re	1. e4 e5 2. f4
C30	Gambetto di Re Rifiutato: Variante Classica	1. e4 e5 2. f4 Bc5
C30	Gambetto di Re Rifiutato: Variante Classica	1. e4 e5 2. f4 Bc5 3. Nf3 d6 4. c3
C30	Gambetto di Re Rifiutato: Variante Classica, Attacco Euwe	1. e4 e5 2. f4 Bc5 3. Nf3 d6 4. c3 Bg4 5. fxe5 dxe5 6. Qa4+
C30	Gambetto di Re Rifiutato: Variante Classica, Controgambetto Rotlewi	1. e4 e5 2. f4 Bc5 3. Nf3 d6 4. b4
C30	Gambetto di Re Rifiutato: Variante Classica, Controgambetto Rubinstein	1. e4 e5 2. f4 Bc5 3. Nf3 d6 4. c3 f5
C30	Gambetto di Re Rifiutato: Variante Classica, Attacco Walthoffen	1. e4 e5 2. f4 Bc5 3. Qh5
C30	Gambetto di Re Rifiutato: Classica, Variante Hanham	1. e4 e5 2. f4 Bc5 3. Nf3 d6 4. Nc3 Nd7
C30	Gambetto di Re Rifiutato: Classica, Variante Réti	1. e4 e5 2. f4 Bc5 3. Nf3 d6 4. c3 f5 5. fxe5 dxe5 6. d4 exd4 7. Bc4
C30	Gambetto di Re Rifiutato: Classica, Variante Soldatenkov	1. e4 e5 2. f4 Bc5 3. Nf3 d6 4. fxe5
C30	Gambetto di Re Rifiutato: Classica, Variante Svenonius	1. e4 e5 2. Bc4 Nc6 3. Nc3 Nf6 4. d3 Bc5 5. f4 d6 6. Nf3 Bg4 7. h3 Bxf3 8. Qxf3 exf4
C30	Gambetto di Re Rifiutato: Gambetto Hobbs-Zilbermints	1. e4 e5 2. f4 Nc6 3. Nf3 g5 4. fxg5 h6
C30	Gambetto di Re Rifiutato: Difesa Keene	1. e4 e5 2. f4 Qh4+ 3. g3 Qe7
C30	Gambetto di Re Rifiutato: Difesa di Keene	1. e4 e5 2. f4 Qh4+
C30	Gambetto di Re Rifiutato: Difesa di Keene	1. e4 e5 2. f4 Qh4+ 3. g3
C30	Gambetto di Re Rifiutato: Difesa della Mafia	1. e4 c5 2. f4 e5
C30	Gambetto di Re Rifiutato: Difesa Miles	1. e4 e5 2. f4 Nc6 3. Nf3 f5
C30	Gambetto di Re Rifiutato: Variante Norwalde	1. e4 e5 2. f4 Qf6
C30	Gambetto di Re Rifiutato: Variante Norwalde, Gambetto Bücker	1. e4 e5 2. f4 Qf6 3. Nc3 Qxf4 4. Nf3 Bb4 5. Bc4
C30	Gambetto di Re Rifiutato: Variante Norwalde, Variante Schubert	1. e4 e5 2. f4 Qf6 3. Nc3 Qxf4 4. d4
C30	Gambetto di Re Rifiutato: Controgambetto Panteldakis	1. e4 e5 2. f4 f5
C30	Gambetto di Re Rifiutato: Controgambetto Panteldakis, Variante Greco	1. e4 e5 2. f4 f5 3. exf5 Qh4+
C30	Gambetto di Re Rifiutato: Controgambetto Panteldakis, Linea di Pedone di Sacrificio	1. e4 e5 2. f4 f5 3. exf5 exf4 4. Qh5+ g6 5. fxg6 Qe7+ 6. Kd1
C30	Gambetto di Re Rifiutato: Controgambetto Panteldakis, Difesa di Schiller	1. e4 e5 2. f4 f5 3. exf5 Bc5
C30	Gambetto di Re Rifiutato: Controgambetto Panteldakis, Linea Shirazi	1. e4 e5 2. f4 f5 3. exf5 exf4 4. Qh5+ Ke7
C30	Gambetto di Re Rifiutato: Controgambetto Panteldakis, Variante Simmetrica	1. e4 e5 2. f4 f5 3. exf5 exf4 4. Nf3 d5 5. d4 Bd6 6. Bd3
C30	Gambetto di Re Rifiutato: Difesa Russa	1. e4 e5 2. f4 Nf6
C30	Gambetto di Re Rifiutato: Difesa del Cavallo di Donna	1. e4 e5 2. f4 Nc6
C30	Gambetto di Re Rifiutato: Controgambetto Senechaud	1. e4 e5 2. f4 Bc5 3. Nf3 g5
C30	Gambetto di Re Rifiutato: Gambetto Soller-Zilbermints	1. e4 e5 2. f4 f6 3. fxe5 Nc6
C30	Gambetto di Re Rifiutato: Doppio Controgambetto Zilbermints	1. e4 e5 2. f4 g5
C30	Gambetto di Re Rifiutato: Doppio Gambetto Zilbermints	1. e4 e5 2. f4 Nc6 3. Nf3 g5
C31	Gambetto di Re Rifiutato: Controgambetto Falkbeer	1. e4 e5 2. f4 d5
C31	Gambetto di Re Rifiutato: Controgambetto Falkbeer Accettato	1. e4 e5 2. f4 d5 3. exd5
C31	Gambetto di Re Rifiutato: Controgambetto Falkbeer, Attacco Anderssen	1. e4 e5 2. f4 d5 3. exd5 e4 4. Bb5+
C31	Gambetto di Re Rifiutato: Controgambetto Falkbeer, Attacco Blackburne	1. e4 e5 2. f4 d5 3. Nf3
C31	Gambetto di Re Rifiutato: Controgambetto Falkbeer, Gambetto Charousek	1. e4 e5 2. f4 d5 3. exd5 e4 4. d3
C31	Gambetto di Re Rifiutato: Controgambetto Falkbeer, Gambetto Charousek, Difesa Morphy	1. e4 e5 2. Nc3 Nf6 3. f4 d5 4. exd5 e4 5. d3 Bb4 6. Bd2 e3
C31	Gambetto di Re Rifiutato: Controgambetto Falkbeer, Gambetto Hinrichsen	1. e4 e5 2. f4 d5 3. d4
C31	Gambetto di Re Rifiutato: Controgambetto Falkbeer, Gambetto Miles	1. e4 e5 2. f4 d5 3. exd5 Bc5
C31	Gambetto di Re Rifiutato: Controgambetto Falkbeer, Variante Milner-Barry	1. e4 e5 2. f4 d5 3. Nc3
C31	Gambetto di Re Rifiutato: Controgambetto Falkbeer, Trasferimento Moderno	1. e4 e5 2. f4 d5 3. exd5 exf4
C31	Gambetto di Re Rifiutato: Controgambetto Falkbeer, Controgambetto Nimzowitsch-Marshall	1. e4 e5 2. f4 d5 3. exd5 c6
C31	Gambetto di Re Rifiutato: Controgambetto Falkbeer, Gambetto Pickler	1. e4 e5 2. f4 d5 3. exd5 c6 4. dxc6 Bc5
C31	Gambetto di Re Rifiutato: Controgambetto Falkbeer, Variante Rubinstein	1. e4 e5 2. f4 d5 3. exd5 e4 4. Nc3 Nf6 5. Qe2
C31	Gambetto di Re Rifiutato: Controgambetto Falkbeer, Linea Staunton	1. e4 e5 2. f4 d5 3. exd5 e4
C31	Apertura Van Geet: Difesa Grünfeld, Gambetto Steiner	1. e4 e5 2. f4 d5 3. Nc3 dxe4 4. Nxe4
C32	Gambetto di Re Rifiutato: Controgambetto Falkbeer, Variante Alapin	1. e4 e5 2. f4 d5 3. exd5 e4 4. d3 Nf6 5. dxe4 Nxe4 6. Nf3 Bc5 7. Qe2 Bf2+ 8. Kd1 Qxd5+ 9. Nfd2
C32	Gambetto di Re Rifiutato: Controgambetto Falkbeer, Gambetto Charousek	1. e4 e5 2. f4 d5 3. exd5 e4 4. d3 Nf6 5. dxe4 Nxe4 6. Qe2
C32	Gambetto di Re Rifiutato: Controgambetto Falkbeer, Gambetto Charousek Accettato	1. e4 e5 2. f4 d5 3. exd5 e4 4. d3 Nf6 5. dxe4
C32	Gambetto di Re Rifiutato: Controgambetto Falkbeer, Gambetto Charousek, Variante Keres	1. e4 e5 2. f4 d5 3. exd5 e4 4. d3 Nf6 5. Nd2
C32	Gambetto di Re Rifiutato: Controgambetto Falkbeer, Gambetto Charousek, Linea principale	1. e4 e5 2. f4 d5 3. exd5 e4 4. d3 Nf6 5. dxe4 Nxe4 6. Nf3 Bc5 7. Qe2 Bf5
C32	Gambetto di Re Rifiutato: Controgambetto Falkbeer, Gambetto Charousek, Vecchia Linea	1. e4 e5 2. f4 d5 3. exd5 e4 4. d3 Nf6 5. Qe2
C32	Gambetto di Re Rifiutato: Controgambetto Falkbeer, Variante Charousek	1. e4 e5 2. f4 d5 3. exd5 e4 4. d3 Nf6 5. dxe4 Nxe4 6. Qe2 Qxd5 7. Nd2 f5 8. g4
C32	Gambetto di Re Rifiutato: Controgambetto Falkbeer, Variante Tarrasch	1. e4 e5 2. f4 d5 3. exd5 e4 4. d3 Nf6 5. dxe4 Nxe4 6. Nf3 Bc5 7. Qe2 Bf5 8. g4 O-O
C33	Gambetto di Re Accettato	1. e4 e5 2. f4 exf4
C33	Gambetto di Re Accettato: Gambetto Basman	1. e4 e5 2. f4 exf4 3. Qe2
C33	Gambetto di Re Accettato: Gambetto dell'Alfiere	1. e4 e5 2. f4 exf4 3. Bc4
C33	Gambetto di Re Accettato: Gambetto dell'Alfiere, Difesa Anderssen	1. e4 e5 2. f4 exf4 3. Bc4 g5
C33	Gambetto di Re Accettato: Gambetto dell'Alfiere, Variante Anderssen	1. e4 e5 2. f4 exf4 3. Bc4 d5 4. Bxd5 c6
C33	Gambetto di Re Accettato: Gambetto dell'Alfiere, Controgambetto Bledow	1. e4 e5 2. f4 exf4 3. Bc4 d5 4. Bxd5 Nf6
C33	Gambetto di Re Accettato: Gambetto dell'Alfiere, Variante Bledow	1. e4 e5 2. f4 exf4 3. Bc4 d5
C33	Gambetto di Re Accettato: Gambetto dell'Alfiere, Variante Boden	1. e4 e5 2. f4 exf4 3. Bc4 Qh4+ 4. Kf1 Nc6
C33	Gambetto di Re Accettato: Gambetto dell'Alfiere, Difesa Bogoljubow	1. e4 e5 2. f4 exf4 3. Bc4 Nf6 4. Nc3 c6
C33	Gambetto di Re Accettato: Gambetto dell'Alfiere, Variante Bogoljubow	1. e4 e5 2. f4 exf4 3. Bc4 Nf6 4. Nc3
C33	Gambetto di Re Accettato: Gambetto dell'Alfiere, Variante Boren-Svenonius	1. e4 e5 2. f4 exf4 3. Bc4 d5 4. Bxd5 Qh4+ 5. Kf1 Bd6
C33	Gambetto di Re Accettato: Gambetto dell'Alfiere, Controgambetto Bryan	1. e4 e5 2. f4 exf4 3. Bc4 Qh4+ 4. Kf1 b5
C33	Gambetto di Re Accettato: Gambetto dell'Alfiere, Attacco di Chigorin	1. e4 e5 2. f4 exf4 3. Bc4 Qh4+ 4. Kf1 d5 5. Bxd5 g5 6. g3
C33	Gambetto di Re Accettato: Gambetto dell'Alfiere, Difesa Classica	1. e4 e5 2. f4 exf4 3. Bc4 Qh4+ 4. Kf1 Ne7 5. Nc3 g5 6. d4 Bg7
C33	Gambetto di Re Accettato: Gambetto dell'Alfiere, Difesa Classica, Attacco Cozio	1. e4 e5 2. f4 exf4 3. Bc4 Qh4+ 4. Kf1 g5 5. Qf3
C33	Gambetto di Re Accettato: Gambetto dell'Alfiere, Difesa Cozio	1. e4 e5 2. f4 exf4 3. Bc4 Nf6
C33	Gambetto di Re Accettato: Gambetto dell'Alfiere, Variante Cozio	1. e4 e5 2. f4 exf4 3. Bc4 Qh4+ 4. Kf1 d6
C33	Gambetto di Re Accettato: Gambetto dell'Alfiere, Prima Variante Jaenisch	1. e4 e5 2. f4 exf4 3. Bc4 Qh4+ 4. Kf1 Nf6
C33	Gambetto di Re Accettato: Gambetto dell'Alfiere, Variante Fraser	1. e4 e5 2. f4 exf4 3. Bc4 Qh4+ 4. Kf1 g5 5. Nc3 Bg7 6. g3 fxg3 7. Qf3
C33	Gambetto di Re Accettato: Gambetto dell'Alfiere, Gambetto Gianutio	1. e4 e5 2. f4 exf4 3. Bc4 f5
C33	Gambetto di Re Accettato: Gambetto dell'Alfiere, Variante Greco	1. e4 e5 2. f4 exf4 3. Bc4 Qh4+ 4. Kf1 Bc5
C33	Gambetto di Re Accettato: Gambetto dell'Alfiere, Attacco Grimm	1. e4 e5 2. f4 exf4 3. Bc4 Qh4+ 4. Kf1 g5 5. Nc3 Bg7 6. d4 d6 7. e5
C33	Gambetto di Re Accettato: Gambetto dell'Alfiere, Gambetto Kieseritzky	1. e4 e5 2. f4 exf4 3. Bc4 b5
C33	Gambetto di Re Accettato: Gambetto dell'Alfiere, Difesa Lopez	1. e4 e5 2. f4 exf4 3. Bc4 c6
C33	Gambetto di Re Accettato: Gambetto dell'Alfiere, Variante Lopez	1. e4 e5 2. f4 exf4 3. Bc4 Qh4+ 4. Kf1 g5
C33	Gambetto di Re Accettato: Gambetto dell'Alfiere, Difesa Maurian	1. e4 e5 2. f4 exf4 3. Bc4 Nc6
C33	Gambetto di Re Accettato: Gambetto dell'Alfiere, Attacco McDonnell	1. e4 e5 2. f4 exf4 3. Bc4 Qh4+ 4. Kf1 g5 5. Nc3 Bg7 6. d4 Ne7 7. g3
C33	Gambetto di Re Accettato: Gambetto dell'Alfiere, Attacco McDonnell	1. e4 e5 2. f4 exf4 3. Bc4 Qh4+ 4. Kf1 g5 5. Nc3 Bg7 6. g3
C33	Gambetto di Re Accettato: Gambetto dell'Alfiere, Attacco Paulsen	1. e4 e5 2. f4 exf4 3. Bc4 Nf6 4. Nc3 Bb4 5. e5
C33	Gambetto di Re Accettato: Gambetto dell'Alfiere, Difesa Steinitz	1. e4 e5 2. f4 exf4 3. Bc4 Ne7
C33	Gambetto di Re Accettato: Gambetto Breyer	1. e4 e5 2. f4 exf4 3. Qf3
C33	Gambetto di Re Accettato: Gambetto Carrera	1. e4 e5 2. f4 exf4 3. Qh5
C33	Gambetto di Re Accettato: Variante del Dodo	1. e4 e5 2. f4 exf4 3. Qg4
C33	Gambetto di Re Accettato: Variante Eisenberg	1. e4 e5 2. f4 exf4 3. Nh3
C33	Gambetto di Re Accettato: Gambetto Gaga	1. e4 e5 2. f4 exf4 3. g3
C33	Gambetto di Re Accettato: Controgambetto Lopez-Gianutio, Variante Hein	1. e4 e5 2. f4 exf4 3. Bc4 f5 4. Qe2 Qh4+ 5. Kd1 fxe4 6. Nc3 Kd8
C33	Gambetto di Re Accettato: Gambetto Mason-Keres	1. e4 e5 2. f4 exf4 3. Nc3
C33	Gambetto di Re Accettato: Gambetto Orsini	1. e4 e5 2. f4 exf4 3. b3
C33	Gambetto di Re Accettato: Gambetto di Parigi	1. e4 e5 2. f4 exf4 3. Ne2
C33	Gambetto di Re Accettato: Gambetto Schurig, con Ab5	1. e4 e5 2. f4 exf4 3. Bb5
C33	Gambetto di Re Accettato: Gambetto Schurig, con Ad3	1. e4 e5 2. f4 exf4 3. Bd3
C33	Gambetto di Re Accettato: Gambetto Stamma	1. e4 e5 2. f4 exf4 3. h4
C33	Gambetto di Re Accettato: Gambetto Tartakower	1. e4 e5 2. f4 exf4 3. Be2
C33	Gambetto di Re Accettato: Gambetto Tartakower, Difesa Weiss	1. e4 e5 2. f4 exf4 3. Be2 f5 4. exf5 d6
C33	Gambetto di Re Accettato: Cespuglio rotolante	1. e4 e5 2. f4 exf4 3. Kf2
C33	Gambetto di Re Accettato: Gambetto Villemson	1. e4 e5 2. f4 exf4 3. d4
C34	Gambetto di Re Accettato: Difesa Becker	1. e4 e5 2. f4 exf4 3. Nf3 h6
C34	Gambetto di Re Accettato: Variante Bonsch-Osmolovsky	1. e4 e5 2. f4 exf4 3. Nf3 Ne7
C34	Gambetto di Re Accettato: Difesa Fischer	1. e4 e5 2. f4 exf4 3. Nf3 d6
C34	Gambetto di Re Accettato: Difesa Fischer, Gambetto Schulder	1. e4 e5 2. f4 exf4 3. Nf3 d6 4. b4
C34	Gambetto di Re Accettato: Difesa Fischer, Variante Spagnola	1. e4 e5 2. f4 exf4 3. Nf3 d6 4. d4 Nf6 5. Bd3
C34	Gambetto di Re Accettato: Controgambetto Gianutio	1. e4 e5 2. f4 exf4 3. Nf3 f5
C34	Gambetto di Re Accettato: Gambetto Greco	1. e4 e5 2. f4 exf4 3. Nf3 d6 4. Bc4 h6 5. d4 g5 6. h4 Bg7
C34	Gambetto di Re Accettato: Gambetto del Cavallo di Re	1. e4 e5 2. f4 exf4 3. Nf3 g5
C34	Gambetto di Re Accettato: Gambetto del Cavallo di Re	1. e4 e5 2. f4 exf4 3. Nf3
C34	Gambetto di Re Accettato: Difesa MacLeod	1. e4 e5 2. f4 exf4 3. Nf3 Nc6
C34	Gambetto di Re Accettato: Difesa Schallopp	1. e4 e5 2. f4 exf4 3. Nf3 Nf6
C34	Gambetto di Re Accettato: Difesa Schallopp, Attacco di Tashkent	1. e4 e5 2. f4 exf4 3. Nf3 Nf6 4. e5 Nh5 5. g4
C34	Gambetto di Re Accettato: Difesa Wagenbach	1. e4 e5 2. f4 exf4 3. Nf3 h5
C35	Gambetto di Re Accettato: Difesa Cunningham	1. e4 e5 2. f4 exf4 3. Nf3 Be7
C35	Gambetto di Re Accettato: Difesa Cunningham, Gambetto Bertin	1. e4 e5 2. f4 exf4 3. Nf3 Be7 4. Bc4 Bh4+ 5. g3
C35	Gambetto di Re Accettato: Difesa Cunningham, Gambetto Bertin	1. e4 e5 2. f4 exf4 3. Nf3 Be7 4. Bc4 Bh4+ 5. g3 fxg3 6. O-O gxh2+ 7. Kh1
C35	Gambetto di Re Accettato: Difesa Cunningham, Difesa McCormick	1. e4 e5 2. f4 exf4 3. Nf3 Be7 4. Bc4 Nf6
C36	Gambetto di Re Accettato: Difesa di Abbazia	1. e4 e5 2. f4 exf4 3. Nf3 d5 4. exd5 Nf6
C36	Gambetto di Re Accettato: Difesa di Abbazia, Linea principale	1. e4 e5 2. f4 exf4 3. Nf3 d5 4. exd5 Nf6 5. Bb5+ c6 6. dxc6 bxc6 7. Bc4 Nd5
C36	Gambetto di Re Accettato: Difesa Moderna	1. e4 e5 2. f4 exf4 3. Nf3 d5
C36	Gambetto di Re Accettato: Difesa Moderna	1. e4 e5 2. f4 exf4 3. Nf3 d5 4. exd5
C37	Gambetto di Re Accettato: Gambetto Australiano	1. e4 e5 2. f4 exf4 3. Nf3 g5 4. Bc4 g4 5. h4
C37	Gambetto di Re Accettato: Gambetto Blachly	1. e4 e5 2. f4 exf4 3. Nf3 Nc6 4. Bc4 g5
C37	Gambetto di Re Accettato: Doppio Gambetto Muzio	1. e4 e5 2. f4 exf4 3. Nf3 g5 4. Bc4 g4 5. O-O gxf3 6. Qxf3 Qf6 7. e5 Qxe5 8. Bxf7+
C37	Gambetto di Re Accettato: Doppio Gambetto Muzio, Gambetto Baldwin	1. e4 e5 2. f4 exf4 3. Nf3 g5 4. Bc4 g4 5. O-O gxf3 6. Qxf3 Qf6 7. Nc3 Qd4+ 8. Kh1 Qxc4 9. Nd5
C37	Gambetto di Re Accettato: Doppio Gambetto Muzio, Gambetto Bello	1. e4 e5 2. f4 exf4 3. Nf3 g5 4. Bc4 g4 5. O-O gxf3 6. Qxf3 Qf6 7. Nc3
C37	Gambetto di Re Accettato: Doppio Gambetto Muzio, Difesa Paulsen	1. e4 e5 2. f4 exf4 3. Nf3 g5 4. Bc4 g4 5. O-O gxf3 6. Qxf3 Qf6 7. e5 Qxe5 8. d3 Bh6 9. Nc3 Ne7 10. Bd2 Nbc6 11. Rae1
C37	Gambetto di Re Accettato: Doppio Gambetto Muzio, Gambetto Young	1. e4 e5 2. f4 exf4 3. Nf3 g5 4. Bc4 g4 5. O-O gxf3 6. Qxf3 Qf6 7. Bxf7+ Kxf7 8. d4 Qxd4+ 9. Be3 Qf6 10. Nc3 fxe3
C37	Gambetto di Re Accettato: Gambetto Ghulam-Kassim	1. e4 e5 2. f4 exf4 3. Nf3 g5 4. Bc4 g4 5. d4
C37	Gambetto di Re Accettato: Gambetto Ghulam-Kassim	1. e4 e5 2. f4 exf4 3. Nf3 g5 4. Bc4 g4 5. d4 gxf3 6. Qxf3
C37	Gambetto di Re Accettato: Gambetto del Cavallo di Re	1. e4 e5 2. f4 exf4 3. Nf3 g5 4. Bc4
C37	Gambetto di Re Accettato: Gambetto Kotov	1. e4 e5 2. f4 exf4 3. Nf3 g5 4. Bc4 g4 5. d4 gxf3 6. Bxf4
C37	Gambetto di Re Accettato: Gambetto Lolli	1. e4 e5 2. f4 exf4 3. Nf3 g5 4. Bc4 g4 5. Bxf7+
C37	Gambetto di Re Accettato: Gambetto Lolli, Variante Young	1. e4 e5 2. f4 exf4 3. Nf3 g5 4. Bc4 g4 5. Bxf7+ Kxf7 6. O-O gxf3 7. Qxf3 Qf6 8. d4 Qxd4+ 9. Be3 Qf6 10. Nc3
C37	Gambetto di Re Accettato: Gambetto McDonnell	1. e4 e5 2. f4 exf4 3. Nf3 g5 4. Bc4 g4 5. Nc3
C37	Gambetto di Re Accettato: Controgambetto Middleton	1. e4 e5 2. f4 exf4 3. Nf3 g5 4. Bc4 d6 5. O-O Bg4 6. h3 h5 7. hxg4 hxg4
C37	Gambetto di Re Accettato: Gambetto Muzio Accettato, Difesa di From	1. e4 e5 2. f4 exf4 3. Nf3 g5 4. Bc4 g4 5. O-O gxf3 6. Qxf3 Qe7
C37	Gambetto di Re Accettato: Gambetto Muzio, Difesa Brentano	1. e4 e5 2. f4 exf4 3. Nf3 g5 4. Bc4 g4 5. O-O d5
C37	Gambetto di Re Accettato: Gambetto Muzio, Difesa Holloway	1. e4 e5 2. f4 exf4 3. Nf3 g5 4. Bc4 g4 5. O-O gxf3 6. Qxf3 Nc6
C37	Gambetto di Re Accettato: Gambetto Muzio, Contrattacco Kling Horwitz e	1. e4 e5 2. f4 exf4 3. Nf3 g5 4. Bc4 g4 5. O-O Qe7
C37	Gambetto di Re Accettato: Gambetto Muzio, Difesa Sarratt	1. e4 e5 2. f4 exf4 3. Nf3 g5 4. Bc4 g4 5. O-O gxf3 6. Qxf3 Qf6
C37	Gambetto di Re Accettato: Gambetto Muzio, Gambetto Muzio Selvaggio	1. e4 e5 2. f4 exf4 3. Nf3 g5 4. Bc4 g4 5. O-O
C37	Gambetto di Re Accettato: Gambetto Quaade	1. e4 e5 2. f4 exf4 3. Nf3 g5 4. Nc3
C37	Gambetto di Re Accettato: Gambetto Rosentreter	1. e4 e5 2. f4 exf4 3. Nf3 g5 4. d4
C37	Gambetto di Re Accettato: Gambetto Rosentreter, Gambetto Bird	1. e4 e5 2. f4 exf4 3. Nf3 g5 4. d4 g4 5. Ne5 Qh4+ 6. g3
C37	Gambetto di Re Accettato: Gambetto Rosentreter, Gambetto Sörensen	1. e4 e5 2. f4 exf4 3. Nf3 g5 4. d4 g4 5. Nc3
C37	Gambetto di Re Accettato: Gambetto Rosentreter, Variante Testa	1. e4 e5 2. f4 exf4 3. Nf3 g5 4. d4 g4 5. Bxf4
C37	Gambetto di Re Accettato: Gambetto Salvio	1. e4 e5 2. f4 exf4 3. Nf3 g5 4. Bc4 g4 5. Ne5
C37	Gambetto di Re Accettato: Gambetto Salvio, Contrattacco Anderssen	1. e4 e5 2. f4 exf4 3. Nf3 g5 4. Bc4 g4 5. Ne5 Qh4+ 6. Kf1 Nh6 7. d4 d6
C37	Gambetto di Re Accettato: Gambetto Salvio, Gambetto Cochrane	1. e4 e5 2. f4 exf4 3. Nf3 g5 4. Bc4 g4 5. Ne5 Qh4+ 6. Kf1 f3
C37	Gambetto di Re Accettato: Gambetto Salvio, Difesa Santa Maria	1. e4 e5 2. f4 exf4 3. Nf3 g5 4. Bc4 g4 5. Ne5 Qh4+ 6. Kf1 Nf6
C37	Gambetto di Re Accettato: Gambetto Salvio, Difesa Silberschmidt	1. e4 e5 2. f4 exf4 3. Nf3 g5 4. Bc4 g4 5. Ne5 Qh4+ 6. Kf1 Nh6
C37	Gambetto di Re Accettato: Gambetto Salvio, Variante Viennese	1. e4 e5 2. f4 exf4 3. Nf3 g5 4. Bc4 g4 5. Ne5 Qh4+ 6. Kf1 Nc6
C37	Gambetto di Re Accettato: Gambetto Silberschmidt	1. e4 e5 2. f4 exf4 3. Nf3 g5 4. Bc4 g4 5. Ne5 Qh4+ 6. Kf1 Nh6 7. d4 f3
C37	Gambetto di Re Accettato: Gambetto Sörensen	1. e4 e5 2. f4 exf4 3. Nf3 g5 4. d4 g4 5. Ne5
C38	Gambetto di Re Accettato: Gambetto Greco	1. e4 e5 2. f4 exf4 3. Nf3 g5 4. Bc4 Bg7 5. h4 h6 6. d4 d6 7. Nc3 c6 8. hxg5 hxg5 9. Rxh8 Bxh8 10. Ne5
C38	Gambetto di Re Accettato: Gambetto Hanstein	1. e4 e5 2. f4 exf4 3. Nf3 g5 4. Bc4 Bg7 5. O-O
C38	Gambetto di Re Accettato: Gambetto Mayet	1. e4 e5 2. f4 exf4 3. Nf3 g5 4. Bc4 Bg7 5. d4 d6 6. c3
C38	Gambetto di Re Accettato: Gambetto Philidor	1. e4 e5 2. f4 exf4 3. Nf3 g5 4. Bc4 Bg7 5. h4
C38	Gambetto di Re Accettato: Gambetto Philidor, Variante Schultz	1. e4 e5 2. f4 exf4 3. Nf3 h6 4. Bc4 d6 5. d4 g5 6. h4 Bg7 7. Qd3
C38	Gambetto di Re Accettato: Variante Tradizionale	1. e4 e5 2. f4 exf4 3. Nf3 g5 4. Bc4 Bg7
C39	Gambetto di Re Accettato: Gambetto Allgaier	1. e4 e5 2. f4 exf4 3. Nf3 g5 4. h4 g4 5. Ng5
C39	Gambetto di Re Accettato: Gambetto Allgaier, Attacco Thorold	1. e4 e5 2. f4 exf4 3. Nf3 g5 4. h4 g4 5. Ng5 h6 6. Nxf7 Kxf7 7. d4
C39	Gambetto di Re Accettato: Gambetto Allgaier, Attacco Urusov	1. e4 e5 2. f4 exf4 3. Nf3 g5 4. h4 g4 5. Ng5 h6 6. Nxf7 Kxf7 7. Bc4+
C39	Gambetto di Re Accettato: Allgaier, Gambetto Blackburne	1. e4 e5 2. f4 exf4 3. Nf3 g5 4. h4 g4 5. Ng5 h6 6. Nxf7 Kxf7 7. Nc3
C39	Gambetto di Re Accettato: Allgaier, Variante Cook	1. e4 e5 2. f4 exf4 3. Nf3 g5 4. h4 g4 5. Ng5 h6 6. Nxf7 Kxf7 7. d4 d5 8. Bxf4 dxe4 9. Bc4+ Kg7 10. Be5+
C39	Gambetto di Re Accettato: Allgaier, Difesa Horny	1. e4 e5 2. f4 exf4 3. Nf3 g5 4. h4 g4 5. Ng5 h6 6. Nxf7 Kxf7 7. Qxg4 Nf6 8. Qxf4 Bd6
C39	Gambetto di Re Accettato: Allgaier, Difesa Schlechter	1. e4 e5 2. f4 exf4 3. Nf3 g5 4. h4 g4 5. Ng5 Nf6
C39	Gambetto di Re Accettato: Allgaier, Attacco Urusov	1. e4 e5 2. f4 exf4 3. Nf3 g5 4. h4 g4 5. Ng5 h6 6. Nxf7 Kxf7 7. Bc4+ d5 8. Bxd5+ Kg7 9. d4
C39	Gambetto di Re Accettato: Gambetto Kieseritzky	1. e4 e5 2. f4 exf4 3. Nf3 g5 4. h4 g4 5. Ne5
C39	Gambetto di Re Accettato: Gambetto Kieseritzky, Difesa Anderssen	1. e4 e5 2. f4 exf4 3. Nf3 g5 4. h4 g4 5. Ne5 Nf6 6. Bc4 d5 7. exd5 Bd6
C39	Gambetto di Re Accettato: Gambetto Kieseritzky, Gambetto Anderssen-Cordel	1. e4 e5 2. f4 exf4 3. Nf3 g5 4. h4 g4 5. Ne5 Nf6 6. Bc4 d5 7. exd5 Bd6 8. d4 Nh5 9. Bxf4 Nxf4
C39	Gambetto di Re Accettato: Gambetto Kieseritzky, Difesa Berlinese	1. e4 e5 2. f4 exf4 3. Nf3 g5 4. h4 g4 5. Ne5 Nf6
C39	Gambetto di Re Accettato: Gambetto Kieseritzky, Difesa Berlinese, Variante Rubinstein	1. e4 e5 2. f4 exf4 3. Nf3 g5 4. h4 g4 5. Ne5 Nf6 6. d4
C39	Gambetto di Re Accettato: Gambetto Kieseritzky, Difesa Berlinese, Variante Riviere de	1. e4 e5 2. f4 exf4 3. Nf3 g5 4. h4 g4 5. Ne5 Nf6 6. Nxg4 d5
C39	Gambetto di Re Accettato: Gambetto Kieseritzky, Difesa Brentano	1. e4 e5 2. f4 exf4 3. Nf3 g5 4. h4 g4 5. Ne5 d5
C39	Gambetto di Re Accettato: Gambetto Kieseritzky, Difesa Brentano	1. e4 e5 2. f4 exf4 3. Nf3 g5 4. h4 g4 5. Ne5 d5 6. d4 Nf6 7. Bxf4
C39	Gambetto di Re Accettato: Gambetto Kieseritzky, Difesa Brentano, Variante Caro	1. e4 e5 2. f4 exf4 3. Nf3 g5 4. h4 g4 5. Ne5 d5 6. d4 Nf6 7. Bxf4 Nxe4 8. Nd2
C39	Gambetto di Re Accettato: Gambetto Kieseritzky, Gambetto Cotter	1. e4 e5 2. f4 exf4 3. Nf3 g5 4. h4 g4 5. Ng5 h6 6. Nxf7
C39	Gambetto di Re Accettato: Gambetto Kieseritzky, Difesa Kolisch	1. e4 e5 2. f4 exf4 3. Nf3 g5 4. h4 g4 5. Ne5 d6
C39	Gambetto di Re Accettato: Gambetto Kieseritzky, Frusta Lunga	1. e4 e5 2. f4 exf4 3. Nf3 g5 4. h4 g4 5. Ne5 h5
C39	Gambetto di Re Accettato: Gambetto Kieseritzky, Difesa Neumann	1. e4 e5 2. f4 exf4 3. Nf3 g5 4. h4 g4 5. Ne5 Nc6
C39	Gambetto di Re Accettato: Gambetto Kieseritzky, Difesa Paulsen	1. e4 e5 2. f4 exf4 3. Nf3 g5 4. h4 g4 5. Ne5 Bg7
C39	Gambetto di Re Accettato: Gambetto Kieseritzky, Difesa Paulsen Differita	1. e4 e5 2. f4 exf4 3. Nf3 g5 4. h4 g4 5. Ne5 Nf6 6. Bc4 d5 7. exd5 Bg7
C39	Gambetto di Re Accettato: Gambetto Kieseritzky, Gambetto Rice	1. e4 e5 2. f4 exf4 3. Nf3 g5 4. h4 g4 5. Ne5 Nf6 6. Bc4 d5 7. exd5 Bd6 8. O-O Bxe5
C39	Gambetto di Re Accettato: Gambetto Kieseritzky, Difesa Rosenthal	1. e4 e5 2. f4 exf4 3. Nf3 g5 4. h4 g4 5. Ne5 Qe7
C39	Gambetto di Re Accettato: Kieseritzky, Difesa Lunga della Frusta, Variante Jaenisch	1. e4 e5 2. f4 exf4 3. Nf3 g5 4. h4 g4 5. Ne5 h5 6. Bc4 Rh7 7. d4 Bh6 8. Nc3
C39	Gambetto di Re Accettato: Kieseritzky, Difesa Polerio	1. e4 e5 2. f4 exf4 3. Nf3 g5 4. h4 g4 5. Ne5 Be7
C39	Gambetto di Re Accettato: Kieseritzky, Gambetto Rice	1. e4 e5 2. f4 exf4 3. Nf3 g5 4. h4 g4 5. Ne5 Nf6 6. Bc4 d5 7. exd5 Bd6 8. O-O
C39	Gambetto di Re Accettato: Kieseritzky, Difesa Salvio, Variante Cozio	1. e4 e5 2. f4 exf4 3. Nf3 g5 4. h4 g4 5. Ne5 Qe7 6. d4 f5 7. Bc4
C39	Gambetto di Re Accettato: Gambetto del Cavallo di Re	1. e4 e5 2. f4 exf4 3. Nf3 g5 4. h4
C40	Gambetto dell'Elefante	1. e4 e5 2. Nf3 d5
C40	Gambetto dell'Elefante: Gambetto Maróczy	1. e4 e5 2. Nf3 d5 3. exd5 Bd6
C40	Gambetto dell'Elefante: Controgambetto Paulsen	1. e4 e5 2. Nf3 d5 3. exd5 e4
C40	Gambetto dell'Elefante: Variante della Vespa	1. e4 e5 2. Nf3 d5 3. Nxe5 dxe4 4. Bc4 Qg5
C40	Difesa Gunderam	1. e4 e5 2. Nf3 Qe7
C40	Apertura di Cavallo di Re	1. e4 e5 2. Nf3
C40	Partita di Pedone di Re: Gambetto Busch-Gass	1. e4 e5 2. Nf3 Bc5
C40	Partita di Pedone di Re: Gambetto Busch-Gass, Gambetto Chiodini	1. e4 e5 2. Nf3 Bc5 3. Nxe5 Nc6
C40	Partita di Pedone di Re: Difesa Damiano	1. e4 e5 2. Nf3 f6
C40	Partita di Pedone di Re: Difesa Damiano, Gambetto Damiano	1. e4 e5 2. Nf3 f6 3. Nxe5 fxe5 4. Qh5+ g6 5. Qxe5+ Qe7 6. Qxh8
C40	Partita di Pedone di Re: Difesa Damiano, Gambetto Damiano, Gambetto Chigorin	1. e4 e5 2. Nf3 f6 3. Nxe5 Qe7 4. Nf3 d5
C40	Partita di Pedone di Re: Difesa Gunderam, Gambetto Gunderam	1. e4 e5 2. Nf3 Qe7 3. Bc4 f5
C40	Partita di Pedone di Re: Gambetto Gunderam	1. e4 e5 2. Nf3 c6
C40	Partita di Pedone di Re: Gambetto La Bourdonnais	1. e4 e5 2. Nf3 Qf6 3. Bc4 Qg6 4. O-O
C40	Partita di Pedone di Re: Difesa McConnell	1. e4 e5 2. Nf3 Qf6
C40	Gambetto Lettone	1. e4 e5 2. Nf3 f5
C40	Gambetto Lettone Accettato	1. e4 e5 2. Nf3 f5 3. exf5
C40	Gambetto Lettone Accettato: Variante Bilguer	1. e4 e5 2. Nf3 f5 3. Nxe5 Qf6 4. d4 d6 5. Nc4
C40	Gambetto Lettone Accettato: Attacco Bronstein	1. e4 e5 2. Nf3 f5 3. Nxe5 Qf6 4. d4 d6 5. Nc4 fxe4 6. Be2
C40	Gambetto Lettone Accettato: Gambetto Bronstein	1. e4 e5 2. Nf3 f5 3. Nxe5 Qf6 4. d4 d6 5. Nc4 fxe4 6. Qh5+ g6 7. Qe2
C40	Gambetto Lettone Accettato: Variante Foltys	1. e4 e5 2. Nf3 f5 3. Nxe5 Qf6 4. Nc4 fxe4 5. d3
C40	Gambetto Lettone Accettato: Variante Foltys-Leonhardt	1. e4 e5 2. Nf3 f5 3. Nxe5 Qf6 4. Nc4
C40	Gambetto Lettone Accettato: Variante Leonhardt	1. e4 e5 2. Nf3 f5 3. Nxe5 Qf6 4. Nc4 fxe4 5. Nc3
C40	Gambetto Lettone Accettato: Linea principale	1. e4 e5 2. Nf3 f5 3. Nxe5 Qf6 4. d4
C40	Gambetto Lettone Accettato: Attacco Nimzowitsch	1. e4 e5 2. Nf3 f5 3. Nxe5 Qf6 4. d4 d6 5. Nc4 fxe4 6. Ne3
C40	Gambetto Lettone: Variante Behting	1. e4 e5 2. Nf3 f5 3. Bc4 fxe4 4. Nxe5 Qg5 5. Nf7 Qxg2 6. Rf1 d5 7. Nxh8 Nf6
C40	Gambetto Lettone: Controgambetto del Cavatappi	1. e4 e5 2. Nf3 f5 3. Bc4 fxe4 4. Nxe5 Nf6
C40	Gambetto Lettone: Gambetto del Cavatappi	1. e4 e5 2. Nf3 f5 3. Nxe5 Nf6 4. Bc4 fxe4 5. Nf7 Qe7 6. Nxh8 d5
C40	Gambetto Lettone: Controgambetto Diepstraten	1. e4 e5 2. Nf3 f5 3. c4
C40	Gambetto Lettone: Difesa Fraser	1. e4 e5 2. Nf3 f5 3. Nxe5 Nc6
C40	Gambetto Lettone: Variante Greco	1. e4 e5 2. Nf3 f5 3. Nxe5 Qe7
C40	Gambetto Lettone: Gambetto dell'Aragosta	1. e4 e5 2. Nf3 f5 3. g4
C40	Gambetto Lettone: Controgambetto Mason	1. e4 e5 2. Nf3 f5 3. d4
C40	Gambetto Lettone: Attacco Mayet	1. e4 e5 2. Nf3 f5 3. Bc4
C40	Gambetto Lettone: Attacco Mayet, Difesa Morgado	1. e4 e5 2. Nf3 f5 3. Bc4 Nf6
C40	Gambetto Lettone: Attacco Mayet, Variante del Pedone Avvelenato	1. e4 e5 2. Nf3 f5 3. Bc4 fxe4 4. Nxe5 Qg5 5. d4 Qxg2
C40	Gambetto Lettone: Attacco Mayet, Variante Polerio-Svedenborg	1. e4 e5 2. Nf3 f5 3. Bc4 fxe4 4. Nxe5 d5
C40	Gambetto Lettone: Attacco Mayet, Gambetto Strautins	1. e4 e5 2. Nf3 f5 3. Bc4 b5
C40	Gambetto Lettone: Variante Mlotkowski	1. e4 e5 2. Nf3 f5 3. Nc3
C40	Gambetto Lettone: Gambetto Senechaud	1. e4 e5 2. Nf3 f5 3. b4
C41	Difesa Philidor	1. e4 e5 2. Nf3 d6
C41	Difesa Philidor	1. e4 e5 2. Nf3 d6 3. d4
C41	Difesa Philidor	1. e4 e5 2. Nf3 d6 3. Bc4
C41	Difesa Philidor	1. e4 e5 2. Nf3 d6 3. Bc4 Be7
C41	Difesa Philidor: Gambetto Albin-Blackburne	1. e4 e5 2. Nf3 d6 3. d4 Bg4 4. dxe5 Nd7
C41	Difesa Philidor: Variante Berger	1. e4 e5 2. Nf3 d6 3. d4 exd4 4. Nxd4 Nf6 5. Nc3 Be7 6. Be2 O-O 7. O-O c5 8. Nf3 Nc6 9. Bg5 Be6 10. Re1
C41	Difesa Philidor: Gambetto Bird	1. e4 e5 2. Nf3 d6 3. d4 exd4 4. c3
C41	Difesa Philidor: Variante Boden	1. e4 e5 2. Nf3 d6 3. d4 exd4 4. Qxd4 Bd7
C41	Difesa Philidor: Variante di Cambio	1. e4 e5 2. Nf3 d6 3. d4 exd4
C41	Difesa Philidor: Variante di Cambio	1. e4 e5 2. Nf3 d6 3. d4 exd4 4. Nxd4
C41	Difesa Philidor: Variante di Cambio	1. e4 e5 2. Nf3 d6 3. d4 exd4 4. Nxd4 Nf6
C41	Difesa Philidor: Variante Hanham	1. e4 e5 2. Nf3 d6 3. d4 Nd7
C41	Difesa Philidor: Variante Hanham, Variante Delmar	1. e4 e5 2. Nf3 d6 3. d4 Nd7 4. Bc4 c6 5. c3
C41	Difesa Philidor: Variante Hanham, Variante Krause	1. e4 e5 2. Nf3 d6 3. d4 Nd7 4. Bc4 c6 5. O-O
C41	Difesa Philidor: Variante Hanham, Variante Schlechter	1. e4 e5 2. Nf3 d6 3. d4 Nd7 4. Bc4 c6 5. Nc3
C41	Difesa Philidor: Variante Hanham, Variante Tagliente	1. e4 e5 2. Nf3 d6 3. d4 Nd7 4. Bc4 Nb6
C41	Difesa Philidor: Variante Hanham, Variante Steiner	1. e4 e5 2. Nf3 d6 3. d4 Nd7 4. Bc4 c6 5. O-O Be7 6. dxe5
C41	Difesa Philidor: Hanham, Variante Kmoch	1. e4 e5 2. Nf3 d6 3. d4 Nd7 4. Bc4 c6 5. Ng5
C41	Difesa Philidor: Variante Larsen	1. e4 e5 2. Nf3 d6 3. d4 exd4 4. Nxd4 g6
C41	Difesa Philidor: Variante del Leone	1. e4 e5 2. Nf3 d6 3. d4 Nf6 4. Nc3 Nbd7
C41	Difesa Philidor: Variante del Leone, Sacrificio d'Alfiere	1. e4 e5 2. Nf3 d6 3. d4 Nf6 4. Nc3 Nbd7 5. Bc4 Be7 6. Bxf7+
C41	Difesa Philidor: Variante del Leone, Sacrificio Ritardato d'Alfiere	1. e4 d6 2. d4 Nf6 3. Nc3 Nbd7 4. Nf3 e5 5. Bc4 Be7 6. dxe5 dxe5 7. Bxf7+
C41	Difesa Philidor: Variante del Leone, Linea Forzante	1. e4 e5 2. Nf3 d6 3. d4 Nf6 4. Nc3 Nbd7 5. Bc4 Be7 6. Ng5 O-O 7. Bxf7+ Rxf7 8. Ne6
C41	Difesa Philidor: Variante del Leone, Artiglio del Leone, con Ac4 e h6	1. e4 e5 2. Nf3 d6 3. d4 Nf6 4. Nc3 Nbd7 5. Bc4 Be7 6. O-O h6
C41	Difesa Philidor: Variante del Leone, Artiglio del Leone, con Ae2 e c6	1. e4 e5 2. Nf3 d6 3. d4 Nf6 4. Nc3 Nbd7 5. Be2 Be7 6. O-O c6
C41	Difesa Philidor: Variante del Leone, Gambetto Shirov	1. e4 e5 2. Nf3 d6 3. d4 Nd7 4. Nc3 Ngf6 5. g4
C41	Difesa Philidor: Variante del Leone, Variante Sozin	1. e4 d6 2. d4 Nf6 3. Nc3 e5 4. Nf3 Nbd7 5. Bc4 Be7 6. O-O O-O 7. Qe2 c6 8. a4 exd4
C41	Difesa Philidor: Controgambetto Lopez	1. e4 e5 2. Nf3 d6 3. Bc4 f5
C41	Difesa Philidor: Controgambetto Lopez, Variante Jaenisch	1. e4 e5 2. Nf3 d6 3. d4 f5 4. Bc4 exd4 5. Ng5 Nh6 6. Nxh7
C41	Difesa Philidor: Gambetto Morphy	1. e4 e5 2. Nf3 d6 3. d4 exd4 4. Bc4
C41	Difesa Philidor: Variante Nimzowitsch	1. e4 e5 2. Nf3 d6 3. d4 Nf6
C41	Difesa Philidor: Variante Nimzowitsch	1. e4 e5 2. Nf3 d6 3. d4 Nf6 4. dxe5
C41	Difesa Philidor: Variante Nimzowitsch, Variante Klein	1. e4 e5 2. Nf3 d6 3. d4 Nf6 4. Bc4
C41	Difesa Philidor: Variante Nimzowitsch, Variante Rellstab	1. e4 e5 2. Nf3 d6 3. d4 Nf6 4. dxe5 Nxe4 5. Qd5
C41	Difesa Philidor: Variante Nimzowitsch, Variante Sokolsky	1. e4 e5 2. Nf3 d6 3. d4 Nf6 4. dxe5 Nxe4 5. Nbd2
C41	Difesa Philidor: Nimzowitsch, Variante Larobok	1. e4 e5 2. Nf3 d6 3. d4 Nf6 4. Nc3 Nbd7 5. Bc4 Be7 6. Ng5 O-O 7. Bxf7+
C41	Difesa Philidor: Nimzowitsch, Variante Locock	1. e4 e5 2. Nf3 d6 3. d4 Nf6 4. Ng5
C41	Difesa Philidor: Attacco Paulsen	1. e4 e5 2. Nf3 d6 3. d4 exd4 4. Nxd4 d5 5. exd5
C41	Difesa Philidor: Controgambetto Philidor	1. e4 e5 2. Nf3 d6 3. d4 f5
C41	Difesa Philidor: Controgambetto Philidor, Variante Berger	1. e4 e5 2. Nf3 d6 3. d4 f5 4. dxe5 fxe4 5. Ng5 d5 6. e6 Bc5 7. Nc3
C41	Difesa Philidor: Controgambetto Philidor, Variante Zukertort	1. e4 e5 2. Nf3 d6 3. d4 f5 4. Nc3
C41	Difesa Philidor: Controgambetto Philidor, Attacco Rio del	1. e4 e5 2. Nf3 d6 3. d4 f5 4. dxe5 fxe4 5. Ng5 d5 6. e6
C41	Difesa Philidor: Gambetto Philidor	1. e4 e5 2. Nf3 d6 3. d4 Bd7
C41	Difesa Philidor: Variante Steinitz	1. e4 e5 2. Nf3 d6 3. Bc4 Be7 4. c3
C42	Difesa Russa	1. e4 e5 2. Nf3 Nf6
C42	Difesa Russa	1. e4 e5 2. Nf3 Nf6 3. Nxe5
C42	Difesa Russa	1. e4 e5 2. Nf3 Nf6 3. Nxe5 d6
C42	Difesa Russa	1. e4 e5 2. Nf3 Nf6 3. Nxe5 d6 4. Nf3
C42	Difesa Russa	1. e4 e5 2. Nf3 Nf6 3. Nxe5 d6 4. Nf3 Nxe4
C42	Difesa Russa: Attacco Classico	1. e4 e5 2. Nf3 Nf6 3. Nxe5 d6 4. Nf3 Nxe4 5. d4
C42	Difesa Russa: Attacco Classico, Variante Berger	1. e4 e5 2. Nf3 Nf6 3. Nxe5 d6 4. Nf3 Nxe4 5. d4 d5 6. Bd3 Be7 7. O-O Nc6 8. Re1 Bg4 9. c3 f5 10. Nbd2
C42	Difesa Russa: Attacco Classico, Variante Chigorin	1. e4 e5 2. Nf3 Nf6 3. Nxe5 d6 4. Nf3 Nxe4 5. d4 d5 6. Bd3 Be7 7. O-O Nc6 8. Re1
C42	Difesa Russa: Attacco Classico, Variante Chigorin, Attacco Browne	1. e4 e5 2. Nf3 Nf6 3. Nxe5 d6 4. Nf3 Nxe4 5. d4 d5 6. Bd3 Nc6 7. O-O Be7 8. c4 Nb4 9. cxd5
C42	Difesa Russa: Attacco Classico, Variante Chigorin, Linea principale	1. e4 e5 2. Nf3 Nf6 3. Nxe5 d6 4. Nf3 Nxe4 5. d4 d5 6. Bd3 Nc6 7. O-O Be7 8. c4 Nb4 9. Be2
C42	Difesa Russa: Attacco Classico, Variante Chiusa	1. e4 e5 2. Nf3 Nf6 3. Nxe5 d6 4. Nf3 Nxe4 5. d4 Nf6
C42	Difesa Russa: Attacco Classico, Variante Jaenisch	1. e4 e5 2. Nf3 Nf6 3. Nxe5 d6 4. Nf3 Nxe4 5. d4 d5 6. Bd3 Nc6 7. O-O Be7 8. c4
C42	Difesa Russa: Attacco Classico, Variante Krause	1. e4 e5 2. Nf3 Nf6 3. Nxe5 d6 4. Nf3 Nxe4 5. d4 d5 6. Bd3 Nc6 7. O-O Be7 8. Re1 Bg4 9. c3 f5 10. c4
C42	Difesa Russa: Attacco Classico, Trappola Marshall	1. e4 e5 2. Nf3 Nf6 3. Nxe5 d6 4. Nf3 Nxe4 5. d4 d5 6. Bd3 Bd6 7. O-O O-O 8. c4 Bg4 9. cxd5 f5 10. Re1 Bxh2+
C42	Difesa Russa: Attacco Classico, Variante Marshall	1. e4 e5 2. Nf3 Nf6 3. Nxe5 d6 4. Nf3 Nxe4 5. d4 d5 6. Bd3 Bd6
C42	Difesa Russa: Attacco Classico, Variante Marshall, Gambetto Cinese	1. e4 e5 2. Nf3 Nf6 3. Nxe5 d6 4. Nf3 Nxe4 5. d4 d5 6. Bd3 Bd6 7. O-O O-O 8. c4 c6 9. Re1 Bg4
C42	Difesa Russa: Attacco Classico, Variante Maróczy	1. e4 e5 2. Nf3 Nf6 3. Nxe5 d6 4. Nf3 Nxe4 5. d4 d5 6. Bd3 Be7 7. O-O Nc6 8. Re1 Bg4 9. c3 f5 10. c4 Bh4
C42	Difesa Russa: Attacco Classico, Variante Mason	1. e4 e5 2. Nf3 Nf6 3. Nxe5 d6 4. Nf3 Nxe4 5. d4 d5 6. Bd3 Be7 7. O-O O-O
C42	Difesa Russa: Attacco Classico, Variante Mason-Showalter	1. e4 e5 2. Nf3 Nf6 3. Nxe5 d6 4. Nf3 Nxe4 5. d4 d5 6. Bd3 Nc6
C42	Difesa Russa: Attacco Classico, Variante Staunton	1. e4 e5 2. Nf3 Nf6 3. Nxe5 d6 4. Nf3 Nxe4 5. d4 d5 6. Bd3 Bd6 7. O-O O-O 8. c4 c6
C42	Difesa Russa: Attacco Classico, Variante Tarrasch	1. e4 e5 2. Nf3 Nf6 3. Nxe5 d6 4. Nf3 Nxe4 5. d4 d5 6. Bd3 Bd6 7. O-O O-O 8. c4 Bg4
C42	Difesa Russa: Gambetto Cochrane	1. e4 e5 2. Nf3 Nf6 3. Nxe5 d6 4. Nxf7
C42	Difesa Russa: Gambetto Cochrane, Linea d'Alfiere dello Scacco	1. e4 e5 2. Nf3 Nf6 3. Nxe5 d6 4. Nxf7 Kxf7 5. Bc4+
C42	Difesa Russa: Gambetto Cochrane, Variante del Centro	1. e4 e5 2. Nf3 Nf6 3. Nxe5 d6 4. Nxf7 Kxf7 5. d4
C42	Difesa Russa: Attacco Cozio	1. e4 e5 2. Nf3 Nf6 3. Nxe5 d6 4. Nf3 Nxe4 5. Qe2
C42	Difesa Russa: Variante Damiano	1. e4 e5 2. Nf3 Nf6 3. Nxe5 Nxe4
C42	Difesa Russa: Variante Damiano, Gambetto Kholmov	1. e4 e5 2. Nf3 Nf6 3. Nxe5 Nxe4 4. Qe2 Qe7
C42	Difesa Russa: Attacco Francese	1. e4 e5 2. Nf3 Nf6 3. Nxe5 d6 4. Nf3 Nxe4 5. d3
C42	Difesa Russa: Variante Italiana	1. e4 e5 2. Nf3 Nf6 3. Bc4
C42	Difesa Russa: Variante Karklins-Martinovsky	1. e4 e5 2. Nf3 Nf6 3. Nxe5 d6 4. Nd3
C42	Difesa Russa: Attacco Kaufmann	1. e4 e5 2. Nf3 Nf6 3. Nxe5 d6 4. Nf3 Nxe4 5. c4
C42	Difesa Russa: Attacco del Millennio	1. e4 e5 2. Nf3 Nf6 3. Nxe5 d6 4. Nf3 Nxe4 5. Bd3
C42	Difesa Russa: Gambetto Moody	1. e4 e5 2. Nf3 Nf6 3. Qe2 Nc6 4. d4
C42	Difesa Russa: Attacco Nimzowitsch	1. e4 e5 2. Nf3 Nf6 3. Nxe5 d6 4. Nf3 Nxe4 5. Nc3
C42	Difesa Russa: Attacco Paulsen	1. e4 e5 2. Nf3 Nf6 3. Nxe5 d6 4. Nc4
C42	Difesa Russa: Gambetto di Stafford	1. e4 e5 2. Nf3 Nf6 3. Nxe5 Nc6
C42	Difesa Russa: Gambetto di Stafford Accettato	1. e4 e5 2. Nf3 Nf6 3. Nxe5 Nc6 4. Nxc6 dxc6
C42	Difesa Russa: Gambetto di Stafford Accettato	1. e4 e5 2. Nf3 Nf6 3. Nxe5 Nc6 4. Nxc6 dxc6 5. Nc3 Bc5
C42	Difesa Russa: Gambetto di Stafford Accettato	1. e4 e5 2. Nf3 Nf6 3. Nxe5 Nc6 4. Nxc6 dxc6 5. d3 Bc5
C42	Difesa Russa: Partita dei Tre Cavalli	1. e4 e5 2. Nf3 Nf6 3. Nc3
C43	Apertura d'Alfiere: Gambetto Urusov	1. e4 e5 2. Bc4 Nf6 3. d4 exd4 4. Nf3
C43	Apertura d'Alfiere: Gambetto Urusov, Gambetto Keidansky	1. e4 e5 2. Bc4 Nf6 3. d4 exd4 4. Nf3 Nxe4 5. Qxd4
C43	Difesa Russa: Attacco Moderno	1. e4 e5 2. Nf3 Nf6 3. d4
C43	Difesa Russa: Attacco Moderno	1. e4 e5 2. Nf3 Nf6 3. d4 exd4
C43	Difesa Russa: Attacco Moderno, Variante Bardeleben	1. e4 e5 2. Nf3 Nf6 3. d4 exd4 4. e5 Ne4 5. Qe2 Nc5 6. Nxd4 Nc6
C43	Difesa Russa: Attacco Moderno, Attacco del Centro	1. e4 e5 2. Nf3 Nf6 3. d4 exd4 4. e5 Ne4 5. Qxd4
C43	Difesa Russa: Attacco Moderno, Variante del Centro	1. e4 e5 2. Nf3 Nf6 3. d4 Nxe4 4. Bd3
C43	Difesa Russa: Attacco Moderno, Variante Murrey	1. e4 e5 2. Nf3 Nf6 3. d4 Nxe4 4. Bd3 Nc6
C43	Difesa Russa: Attacco Moderno, Variante Steinitz	1. e4 e5 2. Nf3 Nf6 3. d4 exd4 4. e5 Ne4 5. Qe2
C43	Difesa Russa: Attacco Moderno, Variante Simmetrica	1. e4 e5 2. Nf3 Nf6 3. d4 d5
C43	Difesa Russa: Attacco Moderno, Gambetto Tal	1. e4 e5 2. Nf3 Nf6 3. d4 exd4 4. e5 Ne4 5. Bb5
C43	Difesa Russa: Attacco Moderno, Variante Trifunovic	1. e4 e5 2. Nf3 Nf6 3. d4 Nxe4 4. Bd3 d5 5. Nxe5 Bd6 6. O-O O-O 7. c4 Bxe5
C44	Apertura di Dresda: Il Folletto	1. e4 e5 2. Nf3 Nc6 3. c4 Nf6 4. Nxe5
C44	Gambetto Irlandese	1. e4 e5 2. Nf3 Nc6 3. Nxe5
C44	Apertura di Cavallo di Re: Konstantinopolsky	1. e4 e5 2. Nf3 Nc6 3. g3
C44	Apertura di Cavallo di Re: Variante Normale	1. e4 e5 2. Nf3 Nc6
C44	Partita di Pedone di Re: Apertura di Dresda	1. e4 e5 2. Nf3 Nc6 3. c4
C44	Partita di Pedone di Re: Gambetto Pachman dell'Ala	1. e4 e5 2. Nf3 Nc6 3. b4
C44	Partita di Pedone di Re: Gambetto Schulze-Müller	1. e4 e5 2. Nf3 Nc6 3. Nxe5 Nxe5 4. d4
C44	Partita di Pedone di Re: Apertura Tayler	1. e4 e5 2. Nf3 Nc6 3. Be2
C44	Partita di Pedone di Re: Apertura Tayler	1. e4 e5 2. Nf3 Nc6 3. Be2 Nf6 4. d4
C44	Partita di Pedone di Re: Apertura Tayler, Gambetto Basman	1. e4 e5 2. Nf3 Nc6 3. Be2 Nf6 4. d4 exd4 5. e5
C44	Partita di Pedone di Re: Apertura Tayler, Hanham a colori invertiti	1. e4 e5 2. Nf3 Nc6 3. Be2 Nf6 4. d3 d5 5. Nbd2
C44	Gambetto Lettone: Gambetto della Vongola	1. e4 e5 2. Nf3 Nc6 3. d3 f5 4. exf5
C44	Apertura Ponziani	1. e4 e5 2. Nf3 Nc6 3. c3
C44	Apertura Ponziani: Gambetto Caro	1. e4 e5 2. Nf3 Nc6 3. c3 d5 4. Qa4 Bd7
C44	Apertura Ponziani: Contrattacco Jaenisch	1. e4 e5 2. Nf3 Nc6 3. c3 Nf6
C44	Apertura Ponziani: Contrattacco Jaenisch	1. e4 e5 2. Nf3 Nc6 3. c3 Nf6 4. d3
C44	Apertura Ponziani: Contrattacco Jaenisch	1. e4 e5 2. Nf3 Nc6 3. c3 Nf6 4. d3 d5
C44	Apertura Ponziani: Contrattacco Jaenisch	1. e4 e5 2. Nf3 Nc6 3. c3 Nf6 4. d3 d5 5. Nbd2
C44	Apertura Ponziani: Variante Leonhardt	1. e4 e5 2. Nf3 Nc6 3. c3 d5 4. Qa4 Nf6
C44	Apertura Ponziani: Gambetto Neumann	1. e4 e5 2. Nf3 Nc6 3. c3 Nf6 4. Bc4
C44	Apertura Ponziani: Controgambetto Ponziani	1. e4 e5 2. Nf3 Nc6 3. c3 f5
C44	Apertura Ponziani: Controgambetto Ponziani, Attacco Schmidt	1. e4 e5 2. Nf3 Nc6 3. c3 f5 4. d4 d6 5. d5
C44	Apertura Ponziani: Variante Romanishin	1. e4 e5 2. Nf3 Nc6 3. c3 Be7
C44	Apertura Ponziani: Variante Réti	1. e4 e5 2. Nf3 Nc6 3. c3 Nge7
C44	Apertura Ponziani: Variante Spagnola	1. e4 e5 2. Nf3 Nc6 3. c3 d5 4. Bb5
C44	Apertura Ponziani: Variante Spagnola, Attacco Harrwitz, Gambetto Nikitin	1. e4 e5 2. Nf3 Nc6 3. c3 d5 4. Bb5 dxe4 5. Nxe5 Qd5 6. Qa4
C44	Apertura Ponziani: Variante Steinitz	1. e4 e5 2. Nf3 Nc6 3. c3 d5 4. Qa4 f6
C44	Apertura Ponziani: Gambetto Vukovic	1. e4 e5 2. Nf3 Nc6 3. c3 Nf6 4. d4 Nxe4 5. d5 Bc5
C44	Partita Scozzese	1. e4 e5 2. Nf3 Nc6 3. d4
C44	Partita Scozzese	1. e4 e5 2. Nf3 Nc6 3. d4 exd4
C44	Partita Scozzese: Difesa Benima	1. e4 e5 2. Nf3 Nc6 3. Bc4 Be7 4. d4 exd4
C44	Partita Scozzese: Variante Cochrane	1. e4 e5 2. Nf3 Nc6 3. d4 exd4 4. Bc4 Bb4+ 5. c3 dxc3 6. bxc3 Ba5 7. e5
C44	Partita Scozzese: Difesa Cochrane-Shumov	1. e4 e5 2. Nf3 Nc6 3. d4 exd4 4. Bc4 Bc5 5. Ng5 Nh6 6. Nxf7 Nxf7 7. Bxf7+ Kxf7 8. Qh5+ g6 9. Qxc5 d5
C44	Partita Scozzese: Gambetto Göring	1. e4 e5 2. Nf3 Nc6 3. d4 exd4 4. c3
C44	Partita Scozzese: Gambetto Göring, Variante Bardeleben	1. e4 e5 2. Nf3 Nc6 3. d4 exd4 4. c3 dxc3 5. Bc4 Nf6 6. Nxc3 Bb4
C44	Partita Scozzese: Gambetto Göring, Doppio Sacrificio di Pedone	1. e4 e5 2. Nf3 Nc6 3. d4 exd4 4. c3 dxc3 5. Bc4
C44	Partita Scozzese: Gambetto Göring, Linea principale	1. e4 e5 2. Nf3 Nc6 3. d4 exd4 4. c3 dxc3 5. Nxc3 Bb4
C44	Partita Scozzese: Variante Hanneken	1. e4 e5 2. Nf3 Nc6 3. d4 exd4 4. Bc4 Bb4+ 5. c3 dxc3 6. O-O cxb2 7. Bxb2 Nf6 8. Ng5 O-O 9. e5 Nxe5
C44	Partita Scozzese: Gambetto Haxo	1. e4 e5 2. Nf3 Nc6 3. d4 exd4 4. Bc4 Bc5
C44	Partita Scozzese: Variante Lolli	1. e4 e5 2. Nf3 Nc6 3. d4 Nxd4
C44	Partita Scozzese: Variante Lolli	1. e4 e5 2. Nf3 Nc6 3. d4 Nxd4 4. Nxd4 exd4 5. Qxd4
C44	Partita Scozzese: Gambetto Napoleon	1. e4 e5 2. Nf3 Nc6 3. d4 Nxd4 4. Nxd4 exd4 5. Bc4
C44	Partita Scozzese: Gambetto Relfsson	1. e4 e5 2. Nf3 Nc6 3. d4 exd4 4. Bb5
C44	Partita Scozzese: Gambetto Scozzese	1. e4 e5 2. Nf3 Nc6 3. d4 exd4 4. Bc4
C44	Partita Scozzese: Gambetto Scozzese, Variante d'Avanzata	1. e4 e5 2. Nf3 Nc6 3. d4 exd4 4. Bc4 Nf6 5. e5
C44	Partita Scozzese: Gambetto Scozzese, Variante Cochrane-Anderssen	1. e4 e5 2. Nf3 Nc6 3. d4 exd4 4. Bc4 Bc5 5. O-O d6 6. c3 Bg4
C44	Partita Scozzese: Gambetto Scozzese, Difesa Dubois Réti	1. e4 e5 2. Nf3 Nc6 3. Bc4 Nf6 4. d4 exd4
C44	Partita Scozzese: Gambetto Scozzese, Gambetto Göring Rifiutato	1. e4 e5 2. Nf3 Nc6 3. d4 exd4 4. c3 d5
C44	Partita Scozzese: Gambetto Scozzese, Variante sul lato di Re	1. e4 e5 2. Nf3 Nc6 3. Bc4 Nf6 4. d4 exd4 5. e5 Ng4
C44	Partita Scozzese: Gambetto Scozzese, Difesa di Londra	1. e4 e5 2. Nf3 Nc6 3. d4 exd4 4. Bc4 Bb4+
C44	Partita Scozzese: Gambetto Scozzese, Variante Sarratt	1. e4 e5 2. Nf3 Nc6 3. d4 exd4 4. Bc4 Bc5 5. Ng5
C44	Partita Scozzese: Matto Sea-Cadet	1. e4 e5 2. Nf3 Nc6 3. d4 exd4 4. c3 dxc3 5. Nxc3 d6 6. Bc4 Bg4 7. O-O Ne5 8. Nxe5 Bxd1 9. Bxf7+ Ke7 10. Nd5#
C44	Partita Scozzese: Attacco Vitzthum	1. e4 e5 2. Nf3 Nc6 3. d4 exd4 4. Bc4 Bc5 5. Ng5 Nh6 6. Qh5
C45	Partita Scozzese	1. e4 e5 2. Nf3 Nc6 3. d4 exd4 4. Nxd4
C45	Partita Scozzese	1. e4 e5 2. Nf3 Nc6 3. d4 exd4 4. Nxd4 Qh4 5. Nb5 Bb4+ 6. Bd2
C45	Partita Scozzese: Gambetto Alekhine	1. e4 e5 2. Nf3 Nc6 3. d4 exd4 4. Nxd4 Nf6 5. e5
C45	Partita Scozzese: Attacco Blumenfeld	1. e4 e5 2. Nf3 Nc6 3. d4 exd4 4. Nxd4 Bc5 5. Be3 Qf6 6. Nb5
C45	Partita Scozzese: Variante Braune	1. e4 e5 2. Nf3 Nc6 3. d4 exd4 4. Nxd4 Qh4 5. Be3
C45	Partita Scozzese: Variante Classica	1. e4 e5 2. Nf3 Nc6 3. d4 exd4 4. Nxd4 Bc5
C45	Partita Scozzese: Variante Classica, Attacco Blackburne	1. e4 e5 2. Nf3 Nc6 3. d4 exd4 4. Nxd4 Bc5 5. Be3 Qf6 6. c3 Nge7 7. Qd2
C45	Partita Scozzese: Variante Classica, Variante di Intermezzo	1. e4 e5 2. Nf3 Nc6 3. d4 exd4 4. Nxd4 Bc5 5. Nxc6 Qf6
C45	Partita Scozzese: Variante Classica, Variante del Millennio	1. e4 e5 2. Nf3 Nc6 3. d4 exd4 4. Nxd4 Bc5 5. Be3 Qf6 6. c3 Qg6
C45	Partita Scozzese: Variante Fraser	1. e4 e5 2. Nf3 Nc6 3. d4 exd4 4. Nxd4 Qh4 5. Nf3
C45	Partita Scozzese: Variante Ghulam-Kassim	1. e4 e5 2. Nf3 Nc6 3. d4 exd4 4. Nxd4 Nxd4 5. Qxd4 d6 6. Bd3
C45	Partita Scozzese: Variante Gottschall	1. e4 e5 2. Nf3 Nc6 3. d4 exd4 4. Nxd4 Bc5 5. Be3 Qf6 6. c3 Nge7 7. Qd2 d5 8. Nb5 Bxe3 9. Qxe3 O-O 10. Nxc7 Rb8 11. Nxd5 Nxd5 12. exd5 Nb4
C45	Partita Scozzese: Attacco Horwitz	1. e4 e5 2. Nf3 Nc6 3. d4 exd4 4. Nxd4 Qh4 5. Nb5
C45	Partita Scozzese: Attacco Horwitz, Variante Blackburne	1. e4 e5 2. Nf3 Nc6 3. d4 exd4 4. Nxd4 Qh4 5. Nb5 Bb4+ 6. Bd2 Qxe4+ 7. Be2 Kd8 8. O-O Bxd2 9. Qxd2
C45	Partita Scozzese: Variante Malaniuk	1. e4 e5 2. Nf3 Nc6 3. d4 exd4 4. Nxd4 Bb4+
C45	Partita Scozzese: Variante Meitner	1. e4 e5 2. Nf3 Nc6 3. d4 exd4 4. Nxd4 Bc5 5. Be3 Qf6 6. c3 Nge7 7. Nc2
C45	Partita Scozzese: Variante Mieses	1. e4 e5 2. Nf3 Nc6 3. d4 exd4 4. Nxd4 Nf6 5. Nxc6 bxc6 6. e5
C45	Partita Scozzese: Difesa Moderna	1. e4 e5 2. Nf3 Nc6 3. d4 exd4 4. Nxd4 Qh4 5. Nc3 Bb4
C45	Partita Scozzese: Attacco Paulsen	1. e4 e5 2. Nf3 Nc6 3. d4 exd4 4. Nxd4 Bc5 5. Be3 Qf6 6. c3 Nge7 7. Bb5
C45	Partita Scozzese: Variante Paulsen	1. e4 e5 2. Nf3 Nc6 3. d4 exd4 4. Nxd4 Qh4 5. Nf5
C45	Partita Scozzese: Paulsen, Difesa Gunsberg	1. e4 e5 2. Nf3 Nc6 3. d4 exd4 4. Nxd4 Bc5 5. Be3 Qf6 6. c3 Nge7 7. Bb5 Nd8
C45	Partita Scozzese: Variante Potter	1. e4 e5 2. Nf3 Nc6 3. d4 exd4 4. Nxd4 Bc5 5. Nb3
C45	Partita Scozzese: Variante Romanishin	1. e4 e5 2. Nf3 Nc6 3. d4 exd4 4. Nxd4 Bc5 5. Nb3 Bb4+
C45	Partita Scozzese: Variante Rosenthal	1. e4 e5 2. Nf3 Nc6 3. d4 exd4 4. Nxd4 Qh4 5. Nb5 Bb4+ 6. Bd2 Qxe4+ 7. Be2 Kd8 8. O-O Bxd2 9. Nxd2 Qg6
C45	Partita Scozzese: Variante Schmidt	1. e4 e5 2. Nf3 Nc6 3. d4 exd4 4. Nxd4 Nf6
C45	Partita Scozzese: Variante Steinitz	1. e4 e5 2. Nf3 Nc6 3. d4 exd4 4. Nxd4 Qh4
C45	Partita Scozzese: Variante Steinitz	1. e4 e5 2. Nf3 Nc6 3. d4 exd4 4. Nxd4 Qh4 5. Nc3
C45	Partita Scozzese: Variante Tartakower	1. e4 e5 2. Nf3 Nc6 3. d4 exd4 4. Nxd4 Nf6 5. Nxc6 bxc6 6. Nd2
C46	Partita dei Tre Cavalli	1. e4 e5 2. Nf3 Nc6 3. Nc3
C46	Partita dei Tre Cavalli	1. e4 e5 2. Nf3 Nc6 3. Nc3 Bb4
C46	Partita dei Tre Cavalli: Variante Schlechter	1. e4 e5 2. Nf3 Nc6 3. Nc3 Bb4 4. Nd5 Nf6
C46	Partita dei Tre Cavalli: Difesa Steinitz	1. e4 e5 2. Nf3 Nc6 3. Nc3 g6
C46	Partita dei Tre Cavalli: Variante Steinitz-Rosenthal	1. e4 e5 2. Nf3 Nc6 3. Nc3 g6 4. d4 exd4 5. Nd5
C46	Partita dei Tre Cavalli: Difesa Winawer	1. e4 e5 2. Nf3 Nc6 3. Nc3 f5
C47	Partita dei Quattro Cavalli	1. e4 e5 2. Nf3 Nc6 3. Nc3 Nf6
C47	Partita dei Quattro Cavalli: Sistema Glek	1. e4 e5 2. Nf3 Nc6 3. Nc3 Nf6 4. g3
C47	Partita dei Quattro Cavalli: Sistema Glek	1. e4 e5 2. Nf3 Nc6 3. Nc3 Nf6 4. g3 d5 5. exd5 Nxd5 6. Bg2 Nxc3 7. bxc3
C47	Partita dei Quattro Cavalli: Variante Gunsberg	1. e4 e5 2. Nf3 Nc6 3. Nc3 Nf6 4. a3
C47	Partita dei Quattro Cavalli: Variante Gunsberg, Apertura Provinciale	1. e4 e5 2. Nf3 Nc6 3. Nc3 Nf6 4. a3 d6 5. h3
C47	Partita dei Quattro Cavalli: Gambetto di Halloween	1. e4 e5 2. Nf3 Nc6 3. Nc3 Nf6 4. Nxe5
C47	Partita dei Quattro Cavalli: Gambetto di Halloween, Variante del Veterano	1. e4 e5 2. Nf3 Nc6 3. Nc3 Nf6 4. Nxe5 Nxe5 5. d4 Ng6 6. e5 Ng8 7. Bc4 Bb4 8. Qf3 f5
C47	Partita dei Quattro Cavalli: Gambetto di Halloween, Variante del Plasma	1. e4 e5 2. Nf3 Nc6 3. Nc3 Nf6 4. Nxe5 Nxe5 5. d4 Nc6 6. d5 Ne5 7. f4 Ng6 8. e5 Ng8 9. d6 cxd6 10. exd6 Qf6 11. Nb5 Rb8
C47	Partita dei Quattro Cavalli: Variante Italiana	1. e4 e5 2. Nf3 Nc6 3. Bc4 Nf6 4. Nc3
C47	Partita dei Quattro Cavalli: Variante Italiana, Gambetto Noa	1. e4 e5 2. Nf3 Nc6 3. Bc4 Nf6 4. Nc3 Nxe4 5. Bxf7+
C47	Partita dei Quattro Cavalli: Variante Naroditsky	1. e4 e5 2. Nf3 Nc6 3. Nc3 Nf6 4. Nd5
C47	Partita dei Quattro Cavalli: Variante Scozzese	1. e4 e5 2. Nf3 Nc6 3. Nc3 Nf6 4. d4
C47	Partita dei Quattro Cavalli: Variante Scozzese Accettata	1. e4 e5 2. Nf3 Nc6 3. Nc3 Nf6 4. d4 exd4
C47	Partita dei Quattro Cavalli: Variante Scozzese Accettata, Linea principale	1. e4 e5 2. Nf3 Nc6 3. Nc3 Nf6 4. d4 exd4 5. Nxd4 Bb4 6. Nxc6 bxc6 7. Bd3 d5 8. exd5 O-O 9. O-O
C47	Partita dei Quattro Cavalli: Variante Scozzese, Gambetto di Belgrado	1. e4 e5 2. Nf3 Nc6 3. Nc3 Nf6 4. d4 exd4 5. Nd5
C47	Partita dei Quattro Cavalli: Variante Scozzese, Gambetto di Belgrado, Difesa Moderna	1. e4 e5 2. Nf3 Nc6 3. Nc3 Nf6 4. d4 exd4 5. Nd5 Nxe4 6. Qe2 f5
C47	Partita dei Quattro Cavalli: Variante Scozzese, Gambetto Krause	1. e4 e5 2. Nf3 Nc6 3. Nc3 Nf6 4. d4 Bb4 5. Nxe5
C47	Partita dei Quattro Cavalli: Variante Scozzese, Gambetto Krause, Difesa Leonhardt	1. e4 e5 2. Nf3 Nc6 3. Nc3 Nf6 4. d4 Bb4 5. Nxe5 Qe7
C47	Partita dei Quattro Cavalli: Variante Scozzese, Gambetto di Oxford	1. e4 e5 2. Nf3 Nc6 3. Nc3 Nf6 4. d4 Bb4 5. d5 Nd4
C47	Partita dei Quattro Cavalli: Variante Scozzese, Difesa Schmid	1. e4 e5 2. Nf3 Nc6 3. Nc3 Nf6 4. d4 exd4 5. Nxd4 Nxe4
C48	Partita dei Quattro Cavalli: Variante Spagnola	1. e4 e5 2. Nf3 Nc6 3. Nc3 Nf6 4. Bb5
C48	Partita dei Quattro Cavalli: Variante Spagnola, Variante Bardeleben	1. e4 e5 2. Nf3 Nc6 3. Nc3 Nf6 4. Bb5 Bc5 5. O-O O-O 6. Nxe5 Nxe5 7. d4 Bd6 8. f4 Nc6 9. e5 Bb4
C48	Partita dei Quattro Cavalli: Variante Spagnola, Variante Classica	1. e4 e5 2. Nf3 Nc6 3. Nc3 Nf6 4. Bb5 Bc5
C48	Partita dei Quattro Cavalli: Variante Spagnola, Variante Ranken	1. e4 e5 2. Nf3 Nc6 3. Nc3 Nf6 4. Bb5 a6 5. Bxc6
C48	Partita dei Quattro Cavalli: Variante Spagnola, Variante Rubinstein	1. e4 e5 2. Nf3 Nc6 3. Nc3 Nf6 4. Bb5 Nd4
C48	Partita dei Quattro Cavalli: Variante Spagnola, Variante Rubinstein	1. e4 e5 2. Nf3 Nc6 3. Nc3 Nf6 4. Bb5 Nd4 5. Be2
C48	Partita dei Quattro Cavalli: Variante Spagnola, Variante Rubinstein	1. e4 e5 2. Nf3 Nf6 3. Nc3 Nc6 4. Bb5 Nd4 5. Nxe5 Qe7 6. f4
C48	Partita dei Quattro Cavalli: Variante Spagnola, Variante Rubinstein Accettata	1. e4 e5 2. Nf3 Nc6 3. Nc3 Nf6 4. Bb5 Nd4 5. Nxd4
C48	Partita dei Quattro Cavalli: Variante Spagnola, Variante Rubinstein, Variante Henneberger	1. e4 e5 2. Nf3 Nf6 3. Nc3 Nc6 4. Bb5 Nd4 5. O-O
C48	Partita dei Quattro Cavalli: Variante Spagnola, Variante Rubinstein, Gambetto Marshall	1. e4 e5 2. Nf3 Nc6 3. Nc3 Nf6 4. Bb5 Nd4 5. Ba4 Bc5 6. Nxe5 O-O
C48	Partita dei Quattro Cavalli: Variante Spagnola, Variante Rubinstein, Variante Marshall	1. e4 e5 2. Nf3 Nc6 3. Nc3 Nf6 4. Bb5 Nd4 5. Nxe5 Bc5 6. O-O O-O
C48	Partita dei Quattro Cavalli: Variante Spagnola, Variante Rubinstein, Variante Maróczy	1. e4 e5 2. Nf3 Nc6 3. Nc3 Nf6 4. Bb5 Nd4 5. Be2 Nxf3+ 6. Bxf3 Bc5 7. O-O O-O 8. d3 d6 9. Na4 Bb6
C48	Partita dei Quattro Cavalli: Variante Spagnola, Variante Spielmann	1. e4 e5 2. Nf3 Nc6 3. Nc3 Nf6 4. Bb5 a6 5. Bxc6 dxc6 6. Nxe5 Nxe4 7. Nxe4 Qd4 8. O-O Qxe5 9. Re1 Be6 10. d4 Qd5
C49	Partita dei Quattro Cavalli: Variante Spagnola	1. e4 e5 2. Nf3 Nc6 3. Nc3 Nf6 4. Bb5 Bb4 5. O-O O-O 6. d3 Bxc3
C49	Partita dei Quattro Cavalli: Variante Spagnola, Variante Alatortsev	1. e4 e5 2. Nf3 Nc6 3. Nc3 Nf6 4. Bb5 Bb4 5. O-O O-O 6. d3 Qe7 7. Ne2 d5
C49	Partita dei Quattro Cavalli: Variante Spagnola, Doppia Spagnola	1. e4 e5 2. Nf3 Nc6 3. Nc3 Nf6 4. Bb5 Bb4
C49	Partita dei Quattro Cavalli: Variante Spagnola, Doppia Spagnola	1. e4 e5 2. Nf3 Nc6 3. Nc3 Nf6 4. Bb5 Bb4 5. O-O O-O 6. d3
C49	Partita dei Quattro Cavalli: Variante Spagnola, Contrattacco Gunsberg	1. e4 e5 2. Nf3 Nf6 3. Nc3 Nc6 4. Bb5 Bb4 5. O-O O-O 6. Nd5 Nxd5 7. exd5 e4
C49	Partita dei Quattro Cavalli: Variante Spagnola, Variante Janowski	1. e4 e5 2. Nf3 Nc6 3. Nc3 Nf6 4. Bb5 Bb4 5. O-O O-O 6. d3 Bxc3 7. bxc3 d6 8. Re1
C49	Partita dei Quattro Cavalli: Variante Spagnola, Variante Nimzowitsch	1. e4 e5 2. Nf3 Nc6 3. Nc3 Nf6 4. Bb5 Bb4 5. O-O O-O 6. Bxc6
C49	Partita dei Quattro Cavalli: Variante Spagnola, Variante Svenonius	1. e4 e5 2. Nf3 Nc6 3. Nc3 Nf6 4. Bb5 Bb4 5. O-O O-O 6. d3 Bxc3 7. bxc3 d5
C49	Partita dei Quattro Cavalli: Variante Spagnola, Variante Simmetrica	1. e4 e5 2. Nf3 Nc6 3. Nc3 Nf6 4. Bb5 Bb4 5. O-O O-O 6. d3 d6
C49	Partita dei Quattro Cavalli: Variante Spagnola, Variante Simmetrica	1. e4 e5 2. Nf3 Nc6 3. Nc3 Nf6 4. Bb5 Bb4 5. O-O O-O 6. d3 d6 7. Bg5 Bxc3 8. bxc3 Qe7 9. Re1 Nd8 10. d4 Bg4
C49	Partita dei Quattro Cavalli: Variante Spagnola, Variante Simmetrica	1. e4 e5 2. Nf3 Nc6 3. Nc3 Nf6 4. Bb5 Bb4 5. O-O O-O 6. d3 d6 7. Bg5 Ne7
C49	Partita dei Quattro Cavalli: Variante Spagnola, Variante Simmetrica	1. e4 e5 2. Nf3 Nc6 3. Nc3 Nf6 4. Bb5 Bb4 5. O-O O-O 6. d3 d6 7. Ne2
C49	Partita dei Quattro Cavalli: Variante Spagnola, Variante Simmetrica, Variante Blake	1. e4 e5 2. Nf3 Nc6 3. Nc3 Nf6 4. Bb5 Bb4 5. O-O O-O 6. d3 d6 7. Bg5 Ne7 8. Nh4 c6 9. Bc4 d5 10. Bb3 Qd6
C49	Partita dei Quattro Cavalli: Variante Spagnola, Variante Simmetrica, Schiodatura Metger	1. e4 e5 2. Nf3 Nc6 3. Nc3 Nf6 4. Bb5 Bb4 5. O-O O-O 6. d3 d6 7. Bg5 Bxc3 8. bxc3 Qe7
C49	Partita dei Quattro Cavalli: Variante Spagnola, Variante Simmetrica, Variante Tarrasch	1. e4 e5 2. Nf3 Nf6 3. Nc3 Nc6 4. Bb5 Bb4 5. O-O O-O 6. d3 d6 7. Bg5 Be6
C50	Partita dei Quattro Cavalli: Variante Italiana	1. e4 e5 2. Nf3 Nc6 3. Bc4 Bc5 4. Nc3 Nf6
C50	Partita Italiana	1. e4 e5 2. Nf3 Nc6 3. Bc4
C50	Partita Italiana: Difesa Anti-Fried del Fegato	1. e4 e5 2. Nf3 Nc6 3. Bc4 h6
C50	Partita Italiana: Gambetto Blackburne-Kostić	1. e4 e5 2. Nf3 Nc6 3. Bc4 Nd4
C50	Partita Italiana: Variante Classica, Gambetto Albin	1. e4 e5 2. Nf3 Nc6 3. Bc4 Bc5 4. O-O Nf6 5. c3
C50	Partita Italiana: Gambetto Deutz	1. e4 e5 2. Nf3 Nc6 3. Bc4 Bc5 4. O-O Nf6 5. d4
C50	Partita Italiana: Giuoco Pianissimo	1. e4 e5 2. Nf3 Nc6 3. Bc4 Bc5 4. d3
C50	Partita Italiana: Giuoco Pianissimo	1. e4 e5 2. Nf3 Nc6 3. Bc4 Nf6 4. O-O Bc5 5. Nc3 d6 6. d3
C50	Partita Italiana: Giuoco Pianissimo	1. e4 e5 2. Nf3 Nc6 3. Bc4 Bc5 4. Nc3 Nf6 5. O-O O-O
C50	Partita Italiana: Giuoco Pianissimo	1. e4 e5 2. Nf3 Nc6 3. Bc4 Bc5 4. Nc3 Nf6 5. O-O O-O 6. d3
C50	Partita Italiana: Giuoco Pianissimo, Variante Canal	1. e4 e5 2. Nf3 Nc6 3. Bc4 Bc5 4. d3 Nf6 5. Nc3 d6 6. Bg5
C50	Partita Italiana: Giuoco Pianissimo, Variante Dubois	1. e4 e5 2. Nf3 Nc6 3. Bc4 Bc5 4. d3 f5 5. Ng5 f4
C50	Partita Italiana: Giuoco Pianissimo, Variante Italiana dei Quattro Cavalli	1. e4 e5 2. Nf3 Nc6 3. Bc4 Bc5 4. d3 Nf6 5. Nc3
C50	Partita Italiana: Giuoco Pianissimo, Gambetto Lucchini	1. e4 e5 2. Nf3 Nc6 3. Bc4 Bc5 4. d3 f5
C50	Partita Italiana: Giuoco Pianissimo, Normale	1. e4 e5 2. Nf3 Nc6 3. Bc4 Nf6 4. d3 Bc5
C50	Partita Italiana: Giuoco Piano	1. e4 e5 2. Nf3 Nc6 3. Bc4 Bc5
C50	Partita Italiana: Difesa Ungherese	1. e4 e5 2. Nf3 Nc6 3. Bc4 Be7
C50	Partita Italiana: Difesa Ungherese, Variante Tartakower	1. e4 e5 2. Nf3 Nc6 3. Bc4 Be7 4. d4 exd4 5. c3 Nf6 6. e5 Ne4
C50	Partita Italiana: Gambetto Jerome	1. e4 e5 2. Nf3 Nc6 3. Bc4 Bc5 4. Bxf7+
C50	Partita Italiana: Difesa di Parigi	1. e4 e5 2. Nf3 Nc6 3. Bc4 d6
C50	Partita Italiana: Gambetto Rosentreter	1. e4 e5 2. Nf3 Nc6 3. Bc4 Bc5 4. d4
C50	Partita Italiana: Gambetto Rousseau	1. e4 e5 2. Nf3 Nc6 3. Bc4 f5
C51	Partita Italiana: Gambetto Evans	1. e4 e5 2. Nf3 Nc6 3. Bc4 Bc5 4. b4
C51	Partita Italiana: Gambetto Evans	1. e4 e5 2. Nf3 Nc6 3. Bc4 Bc5 4. b4 Bxb4 5. c3 Bc5 6. d4 exd4 7. O-O d6 8. cxd4 Bb6 9. Nc3 Bg4
C51	Partita Italiana: Gambetto Evans Accettato	1. e4 e5 2. Nf3 Nc6 3. Bc4 Bc5 4. b4 Bxb4
C51	Partita Italiana: Gambetto Evans Rifiutato	1. e4 e5 2. Nf3 Nc6 3. Bc4 Bc5 4. b4 Bb6
C51	Partita Italiana: Gambetto Evans Rifiutato	1. e4 e5 2. Nf3 Nc6 3. Bc4 Bc5 4. b4 Bb6 5. a4
C51	Partita Italiana: Gambetto Evans Rifiutato, Variante Cordel	1. e4 e5 2. Nf3 Nc6 3. Bc4 Bc5 4. b4 Bb6 5. Bb2
C51	Partita Italiana: Gambetto Evans Rifiutato, Variante Hicken	1. e4 e5 2. Nf3 Nc6 3. Bc4 Bc5 4. b4 Bb6 5. b5 Na5 6. Nxe5 Qg5 7. Qf3 Qxe5 8. Qxf7+ Kd8 9. Bb2
C51	Partita Italiana: Gambetto Evans Rifiutato, Variante Hirschbach	1. e4 e5 2. Nf3 Nc6 3. Bc4 Bc5 4. b4 Bb6 5. b5 Na5 6. Nxe5 Qg5
C51	Partita Italiana: Gambetto Evans Rifiutato, Variante Lange	1. e4 e5 2. Nf3 Nc6 3. Bc4 Bc5 4. b4 Bb6 5. b5 Na5 6. Nxe5 Nh6
C51	Partita Italiana: Gambetto Evans Rifiutato, Variante Pavlov	1. e4 e5 2. Nf3 Nc6 3. Bc4 Bc5 4. b4 Bb6 5. b5 Na5 6. Nxe5 Nh6 7. d4 d6 8. Bxh6 dxe5 9. Bxg7 Rg8 10. Bxf7+ Kxf7 11. Bxe5 Qg5 12. Nd2
C51	Partita Italiana: Gambetto Evans Rifiutato, Variante Showalter	1. e4 e5 2. Nf3 Nc6 3. Bc4 Bc5 4. b4 Bb6 5. a4 a6 6. Nc3
C51	Partita Italiana: Gambetto Evans Rifiutato, Variante Vasquez	1. e4 e5 2. Nf3 Nc6 3. Bc4 Bc5 4. b4 Bb6 5. b5 Na5 6. Nxe5 Qg5 7. Bxf7+ Ke7 8. Qh5
C51	Partita Italiana: Gambetto Evans, Variante Anderssen	1. e4 e5 2. Nf3 Nc6 3. Bc4 Bc5 4. b4 Bxb4 5. c3 Be7
C51	Partita Italiana: Gambetto Evans, Variante Anderssen, Linea Cordel	1. e4 e5 2. Nf3 Nc6 3. Bc4 Bc5 4. b4 Bxb4 5. c3 Be7 6. d4 Na5
C51	Partita Italiana: Gambetto Evans, Controgambetto Fontaine	1. e4 e5 2. Nf3 Nc6 3. Bc4 Bc5 4. b4 b5
C51	Partita Italiana: Gambetto Evans, Attacco Fraser	1. e4 e5 2. Nf3 Nc6 3. Bc4 Bc5 4. b4 Bxb4 5. c3 Bc5 6. d4 exd4 7. O-O d6 8. cxd4 Bb6 9. Nc3 Bg4 10. Qa4
C51	Partita Italiana: Gambetto Evans, Attacco Fraser-Mortimer	1. e4 e5 2. Nf3 Nc6 3. Bc4 Bc5 4. b4 Bxb4 5. c3 Bc5 6. d4 exd4 7. O-O d6 8. cxd4 Bb6 9. Nc3 Bg4 10. Qa4 Bd7 11. Qb3 Na5 12. Bxf7+ Kf8 13. Qc2
C51	Partita Italiana: Gambetto Evans, Attacco Göring	1. e4 e5 2. Nf3 Nc6 3. Bc4 Bc5 4. b4 Bxb4 5. c3 Bc5 6. d4 exd4 7. O-O d6 8. cxd4 Bb6 9. Nc3 Na5 10. Bg5
C51	Partita Italiana: Gambetto Evans, Variante Harding	1. e4 e5 2. Nf3 Nc6 3. Bc4 Bc5 4. b4 Bxb4 5. c3 Bc5 6. d4 exd4 7. cxd4 Bb4+ 8. Bd2
C51	Partita Italiana: Gambetto Evans, Controgambetto Hein	1. e4 e5 2. Nf3 Nc6 3. Bc4 Bc5 4. b4 d5
C51	Partita Italiana: Gambetto Evans, Difesa Mayet	1. e4 e5 2. Nf3 Nc6 3. Bc4 Bc5 4. b4 Bxb4 5. c3 Bf8
C51	Partita Italiana: Gambetto Evans, Difesa McDonnell	1. e4 e5 2. Nf3 Nc6 3. Bc4 Bc5 4. b4 Bxb4 5. c3 Bc5
C51	Partita Italiana: Gambetto Evans, Difesa McDonnell, Linea principale	1. e4 e5 2. Nf3 Nc6 3. Bc4 Bc5 4. b4 Bxb4 5. c3 Bc5 6. d4 exd4 7. O-O d6 8. cxd4 Bb6
C51	Partita Italiana: Gambetto Evans, Attacco Morphy	1. e4 e5 2. Nf3 Nc6 3. Bc4 Bc5 4. b4 Bxb4 5. c3 Ba5 6. d4 exd4 7. O-O d6 8. cxd4 Bb6 9. Nc3
C51	Partita Italiana: Gambetto Evans, Gambetto Mortimer-Evans	1. e4 e5 2. Nf3 Nc6 3. Bc4 Bc5 4. b4 Bxb4 5. c3 Bc5 6. d4 exd4 7. O-O d6 8. cxd4 Bb6 9. Nc3 Bg4 10. Qa4 Bd7 11. Qb3 Na5 12. Bxf7+ Kf8 13. Qc2 Kxf7
C51	Partita Italiana: Gambetto Evans, Variante Paulsen	1. e4 e5 2. Nf3 Nc6 3. Bc4 Bc5 4. b4 Bxb4 5. c3 Bc5 6. d4 exd4 7. O-O d6 8. cxd4 Bb6 9. d5 Na5 10. Bb2 Ne7
C51	Partita Italiana: Gambetto Evans, Variante Steinitz	1. e4 e5 2. Nf3 Nc6 3. Bc4 Bc5 4. b4 Bxb4 5. c3 Bc5 6. d4 exd4 7. O-O d6 8. cxd4 Bb6 9. Nc3 Na5 10. Bg5 f6 11. Be3
C51	Partita Italiana: Gambetto Evans, Variante Stone-Ware	1. e4 e5 2. Nf3 Nc6 3. Bc4 Bc5 4. b4 Bxb4 5. c3 Bd6
C51	Partita Italiana: Gambetto Evans, Variante Ulvestad	1. e4 e5 2. Nf3 Nc6 3. Bc4 Bc5 4. b4 Bxb4 5. c3 Bc5 6. d4 exd4 7. O-O d6 8. cxd4 Bb6 9. d5 Na5 10. Bb2
C52	Partita Italiana: Gambetto Evans	1. e4 e5 2. Nf3 Nc6 3. Bc4 Bc5 4. b4 Bxb4 5. c3 Ba5 6. O-O d6
C52	Partita Italiana: Gambetto Evans, Variante Alapin-Steinitz	1. e4 e5 2. Nf3 Nc6 3. Bc4 Bc5 4. b4 Bxb4 5. c3 Ba5 6. O-O d6 7. d4 Bg4
C52	Partita Italiana: Gambetto Evans, Difesa Anderssen	1. e4 e5 2. Nf3 Nc6 3. Bc4 Bc5 4. b4 Bxb4 5. c3 Ba5 6. O-O Nf6 7. d4 exd4
C52	Partita Italiana: Gambetto Evans, Difesa Bronstein	1. e4 e5 2. Nf3 Nc6 3. Bc4 Bc5 4. b4 Bxb4 5. c3 Ba5 6. d4 d6
C52	Partita Italiana: Gambetto Evans, Difesa Compromessa	1. e4 e5 2. Nf3 Nc6 3. Bc4 Bc5 4. b4 Bxb4 5. c3 Ba5 6. d4 exd4 7. O-O dxc3
C52	Partita Italiana: Gambetto Evans, Difesa Compromessa, Linea principale	1. e4 e5 2. Nf3 Nc6 3. Bc4 Bc5 4. b4 Bxb4 5. c3 Ba5 6. d4 exd4 7. O-O dxc3 8. Qb3 Qf6 9. e5 Qg6 10. Nxc3 Nge7 11. Ba3
C52	Partita Italiana: Gambetto Evans, Difesa Compromessa, Variante Potter	1. e4 e5 2. Nf3 Nc6 3. Bc4 Bc5 4. b4 Bxb4 5. c3 Ba5 6. d4 exd4 7. O-O dxc3 8. Qb3 Qf6 9. e5 Qg6 10. Nxc3 Nge7 11. Rd1
C52	Partita Italiana: Gambetto Evans, Difesa Dufresne	1. e4 e5 2. Nf3 Nc6 3. Bc4 Bc5 4. b4 Bxb4 5. c3 Ba5 6. d4 exd4 7. O-O d3
C52	Partita Italiana: Gambetto Evans, Difesa Johner	1. e4 e5 2. Nf3 Nc6 3. Bc4 Bc5 4. b4 Bxb4 5. c3 Ba5 6. d4 exd4 7. O-O b5
C52	Partita Italiana: Gambetto Evans, Variante Laroche	1. e4 e5 2. Nf3 Nc6 3. Bc4 Bc5 4. b4 Bxb4 5. c3 Ba5 6. d4 Nf6
C52	Partita Italiana: Gambetto Evans, Difesa Lasker	1. e4 e5 2. Nf3 Nc6 3. Bc4 Bc5 4. b4 Bxb4 5. c3 Ba5 6. O-O d6 7. d4 Bb6
C52	Partita Italiana: Gambetto Evans, Controgambetto Leonhardt	1. e4 e5 2. Nf3 Nc6 3. Bc4 Bc5 4. b4 Bxb4 5. c3 Ba5 6. d4 b5
C52	Partita Italiana: Gambetto Evans, Variante Levenfish	1. e4 e5 2. Nf3 Nc6 3. Bc4 Bc5 4. b4 Bxb4 5. c3 Ba5 6. d4 d6 7. Qb3 Qd7 8. dxe5 dxe5 9. O-O Bb6 10. Ba3 Na5 11. Nxe5
C52	Partita Italiana: Gambetto Evans, Linea principale	1. e4 e5 2. Nf3 Nc6 3. Bc4 Bc5 4. b4 Bxb4 5. c3 Ba5
C52	Partita Italiana: Gambetto Evans, Difesa Mieses	1. e4 e5 2. Nf3 Nc6 3. Bc4 Bc5 4. b4 Bxb4 5. c3 Ba5 6. d4 exd4 7. O-O Nge7
C52	Partita Italiana: Gambetto Evans, Difesa Pierce	1. e4 e5 2. Nf3 Nc6 3. Bc4 Bc5 4. b4 Bxb4 5. c3 Ba5 6. d4 exd4
C52	Partita Italiana: Gambetto Evans, Attacco Richardson	1. e4 e5 2. Nf3 Nc6 3. Bc4 Bc5 4. b4 Bxb4 5. c3 Ba5 6. O-O Nf6 7. d4 O-O 8. Nxe5
C52	Partita Italiana: Gambetto Evans, Variante Sanders-Alapin	1. e4 e5 2. Nf3 Nc6 3. Bc4 Bc5 4. b4 Bxb4 5. c3 Ba5 6. O-O d6 7. d4 Bd7
C52	Partita Italiana: Gambetto Evans, Variante Lenta	1. e4 e5 2. Nf3 Nc6 3. Bc4 Bc5 4. b4 Bxb4 5. c3 Ba5 6. O-O
C52	Partita Italiana: Gambetto Evans, Variante Sokolsky	1. e4 e5 2. Nf3 Nc6 3. Bc4 Bc5 4. b4 Bxb4 5. c3 Ba5 6. d4 d6 7. Bg5
C52	Partita Italiana: Gambetto Evans, Attacco Tartakower	1. e4 e5 2. Nf3 Nc6 3. Bc4 Bc5 4. b4 Bxb4 5. c3 Ba5 6. d4 d6 7. Qb3
C52	Partita Italiana: Gambetto Evans, Attacco Waller	1. e4 e5 2. Nf3 Nc6 3. Bc4 Bc5 4. b4 Bxb4 5. c3 Ba5 6. d4 exd4 7. O-O d6 8. Qb3
C53	Partita Italiana: Attacco di Bird	1. e4 e5 2. Nf3 Nc6 3. Bc4 Bc5 4. c3 Nf6 5. b4
C53	Partita Italiana: Variante Classica	1. e4 e5 2. Nf3 Nc6 3. Bc4 Bc5 4. c3
C53	Partita Italiana: Variante Classica, Variante Holding del Centro	1. e4 e5 2. Nf3 Nc6 3. Bc4 Bc5 4. c3 Qe7 5. d4 Bb6
C53	Partita Italiana: Variante Classica, Variante Chiusa	1. e4 e5 2. Nf3 Nc6 3. Bc4 Bc5 4. c3 Qe7
C53	Partita Italiana: Variante Classica, Variante Eisinger	1. e4 e5 2. Nf3 Nc6 3. Bc4 Bc5 4. c3 Qe7 5. d4 Bb6 6. d5 Nb8 7. d6
C53	Partita Italiana: Variante Classica, Variante La Bourdonnais	1. e4 e5 2. Nf3 Nc6 3. Bc4 Bc5 4. c3 d6 5. d4 exd4 6. cxd4 Bb6
C53	Partita Italiana: Variante Classica, Variante Mestel	1. e4 e5 2. Nf3 Nc6 3. Bc4 Bc5 4. c3 Qe7 5. d4 Bb6 6. Bg5
C53	Partita Italiana: Variante Classica, Variante Tarrasch	1. e4 e5 2. Nf3 Nc6 3. Bc4 Bc5 4. c3 Qe7 5. d4 Bb6 6. O-O d6 7. a4 a6 8. h3 Nf6 9. Re1
C54	Partita Italiana: Variante Classica	1. e4 e5 2. Nf3 Nc6 3. Bc4 Bc5 4. c3 Nf6
C54	Partita Italiana: Variante Classica, Attacco del Centro	1. e4 e5 2. Nf3 Nc6 3. Bc4 Bc5 4. c3 Nf6 5. d4
C54	Partita Italiana: Variante Classica, Variante Ghulam-Kassim	1. e4 e5 2. Nf3 Nc6 3. Bc4 Bc5 4. c3 Nf6 5. d4 exd4 6. e5 Ne4 7. Bd5 Nxf2 8. Kxf2 dxc3+ 9. Kg3
C54	Partita Italiana: Variante Classica, Giuoco Pianissimo	1. e4 e5 2. Nf3 Nc6 3. Bc4 Bc5 4. c3 Nf6 5. d3
C54	Partita Italiana: Variante Classica, Giuoco Pianissimo	1. e4 e5 2. Nf3 Nc6 3. Bc4 Bc5 4. c3 Nf6 5. d3 d6
C54	Partita Italiana: Variante Classica, Giuoco Pianissimo	1. e4 e5 2. Nf3 Nc6 3. Bc4 Bc5 4. c3 Nf6 5. d3 d6 6. Nbd2 O-O 7. O-O
C54	Partita Italiana: Variante Classica, Giuoco Pianissimo	1. e4 e5 2. Nf3 Nc6 3. Bc4 Bc5 4. O-O Nf6 5. d3 h6 6. c3
C54	Partita Italiana: Variante Classica, Giuoco Pianissimo	1. e4 e5 2. Nf3 Nc6 3. Bc4 Bc5 4. O-O Nf6 5. d3 d6 6. c3
C54	Partita Italiana: Variante Classica, Giuoco Pianissimo	1. e4 e5 2. Nf3 Nc6 3. Bc4 Bc5 4. O-O Nf6 5. d3 d6 6. c3 a5
C54	Partita Italiana: Variante Classica, Giuoco Pianissimo	1. e4 e5 2. Nf3 Nc6 3. Bc4 Bc5 4. O-O Nf6 5. d3 d6 6. c3 a6
C54	Partita Italiana: Variante Classica, Giuoco Pianissimo	1. e4 e5 2. Nf3 Nc6 3. Bc4 Bc5 4. O-O Nf6 5. d3 d6 6. c3 Bb6
C54	Partita Italiana: Variante Classica, Giuoco Pianissimo	1. e4 e5 2. Nf3 Nc6 3. Bc4 Bc5 4. O-O Nf6 5. d3 d6 6. c3 O-O
C54	Partita Italiana: Variante Classica, Giuoco Pianissimo	1. e4 e5 2. Nf3 Nc6 3. Bc4 Bc5 4. O-O Nf6 5. d3 d6 6. c3 a6 7. a4
C54	Partita Italiana: Variante Classica, Giuoco Pianissimo	1. e4 e5 2. Nf3 Nc6 3. Bc4 Bc5 4. O-O Nf6 5. d3 d6 6. c3 a6 7. a4 Ba7
C54	Partita Italiana: Variante Classica, Giuoco Pianissimo	1. e4 e5 2. Nf3 Nc6 3. Bc4 Bc5 4. O-O Nf6 5. d3 d6 6. c3 a6 7. a4 O-O
C54	Partita Italiana: Variante Classica, Giuoco Pianissimo	1. e4 e5 2. Nf3 Nc6 3. Bc4 Bc5 4. O-O Nf6 5. d3 d6 6. c3 a6 7. Re1
C54	Partita Italiana: Variante Classica, Giuoco Pianissimo	1. e4 e5 2. Nf3 Nc6 3. Bc4 Bc5 4. O-O Nf6 5. d3 d6 6. c3 a6 7. Re1 Ba7
C54	Partita Italiana: Variante Classica, Giuoco Pianissimo	1. e4 e5 2. Nf3 Nc6 3. Bc4 Bc5 4. O-O Nf6 5. d3 d6 6. c3 h6 7. Re1
C54	Partita Italiana: Variante Classica, Giuoco Pianissimo	1. e4 e5 2. Nf3 Nc6 3. Bc4 Bc5 4. O-O Nf6 5. d3 d6 6. c3 h6 7. Nbd2
C54	Partita Italiana: Variante Classica, Giuoco Pianissimo	1. e4 e5 2. Nf3 Nc6 3. Bc4 Bc5 4. O-O Nf6 5. d3 O-O 6. c3 d5
C54	Partita Italiana: Variante Classica, Giuoco Pianissimo, Variante Albin	1. e4 e5 2. Nf3 Nc6 3. Bc4 Bc5 4. c3 Nf6 5. d3 d6 6. b4
C54	Partita Italiana: Variante Classica, Giuoco Pianissimo, Linea principale	1. e4 e5 2. Nf3 Nc6 3. Bc4 Bc5 4. c3 Nf6 5. d3 d6 6. O-O O-O 7. Re1 a6 8. Bb3 Ba7 9. h3
C54	Partita Italiana: Variante Classica, Giuoco Pianissimo, con a4 a5	1. e4 e5 2. Nf3 Nc6 3. Bc4 Bc5 4. c3 Nf6 5. d3 d6 6. O-O O-O 7. a4 a5
C54	Partita Italiana: Variante Classica, Giuoco Pianissimo, con a5	1. e4 e5 2. Nf3 Nc6 3. Bc4 Bc5 4. O-O Nf6 5. d3 a5 6. c3
C54	Partita Italiana: Variante Classica, Giuoco Pianissimo, con a6	1. e4 e5 2. Nf3 Nc6 3. Bc4 Bc5 4. c3 Nf6 5. d3 a6
C54	Partita Italiana: Variante Classica, Giuoco Pianissimo, con a6	1. e4 e5 2. Nf3 Nc6 3. Bc4 Bc5 4. c3 Nf6 5. d3 d6 6. Nbd2 a6
C54	Partita Italiana: Variante Classica, Giuoco Pianissimo, con h6	1. e4 e5 2. Nf3 Nc6 3. Bc4 Bc5 4. O-O Nf6 5. d3 d6 6. c3 h6
C54	Partita Italiana: Variante Classica, Gambetto Greco, Variante Anderssen	1. e4 e5 2. Nf3 Nc6 3. Bc4 Bc5 4. c3 Nf6 5. d4 exd4 6. e5 d5 7. Bb5 Ne4 8. cxd4 Bb4+
C54	Partita Italiana: Variante Classica, Gambetto Greco, Italiana Dubov	1. e4 e5 2. Nf3 Nc6 3. Bc4 Bc5 4. c3 Nf6 5. d4 exd4 6. b4
C54	Partita Italiana: Variante Classica, Gambetto Greco, Variante Greco	1. e4 e5 2. Nf3 Nc6 3. Bc4 Bc5 4. c3 Nf6 5. d4 exd4 6. cxd4 Bb4+ 7. Nc3 Nxe4 8. O-O Nxc3
C54	Partita Italiana: Variante Classica, Gambetto Greco, Linea principale	1. e4 e5 2. Nf3 Nc6 3. Bc4 Bc5 4. c3 Nf6 5. d4 exd4 6. cxd4 Bb4+ 7. Nc3 Nxe4 8. O-O Bxc3
C54	Partita Italiana: Variante Classica, Gambetto Greco, Linea Moderna	1. e4 e5 2. Nf3 Nc6 3. Bc4 Bc5 4. c3 Nf6 5. d4 exd4 6. e5
C54	Partita Italiana: Variante Classica, Gambetto Greco, Linea Moderna	1. e4 e5 2. Nf3 Nc6 3. Bc4 Bc5 4. c3 Nf6 5. d4 exd4 6. e5 d5
C54	Partita Italiana: Variante Classica, Gambetto Greco, Attacco Moeller-Bayonet	1. e4 e5 2. Nf3 Nc6 3. Bc4 Bc5 4. c3 Nf6 5. d4 exd4 6. cxd4 Bb4+ 7. Nc3 Nxe4 8. O-O Bxc3 9. d5 Bf6 10. Re1 Ne7 11. Rxe4 d6 12. g4
C54	Partita Italiana: Variante Classica, Gambetto Greco, Attacco Moeller-Therkatz	1. e4 e5 2. Nf3 Nc6 3. Bc4 Bc5 4. c3 Nf6 5. d4 exd4 6. cxd4 Bb4+ 7. Nc3 Nxe4 8. O-O Bxc3 9. d5
C54	Partita Italiana: Variante Classica, Gambetto Greco, Linea Tradizionale	1. e4 e5 2. Nf3 Nc6 3. Bc4 Bc5 4. c3 Nf6 5. d4 exd4 6. cxd4
C54	Partita Italiana: Variante Classica, con d5	1. e4 e5 2. Nf3 Nc6 3. Bc4 Bc5 4. c3 Nf6 5. d3 d5
C54	Partita Italiana: Giuoco Piano, Variante Aitken	1. e4 e5 2. Nf3 Nc6 3. Bc4 Bc5 4. c3 Nf6 5. d4 exd4 6. cxd4 Bb4+ 7. Nc3 Nxe4 8. O-O Nxc3 9. bxc3 Bxc3 10. Ba3
C54	Partita Italiana: Giuoco Piano, Variante Bernstein	1. e4 e5 2. Nf3 Nc6 3. Bc4 Bc5 4. c3 Nf6 5. d4 exd4 6. cxd4 Bb4+ 7. Nc3 Nxe4 8. O-O Nxc3 9. bxc3 Bxc3 10. Qb3 d5
C54	Partita Italiana: Giuoco Piano, Variante di Cracovia	1. e4 e5 2. Nf3 Nc6 3. Bc4 Bc5 4. c3 Nf6 5. d4 exd4 6. cxd4 Bb4+ 7. Kf1
C54	Partita Italiana: Giuoco Piano, Attacco di Greco	1. e4 e5 2. Nf3 Nc6 3. Bc4 Bc5 4. c3 Nf6 5. d4 exd4 6. cxd4 Bb4+ 7. Nc3
C54	Partita Italiana: Giuoco Piano, Attacco Holzhausen	1. e4 e5 2. Nf3 Nc6 3. Bc4 Nf6 4. O-O Bc5 5. d4 Bxd4 6. Nxd4 Nxd4 7. Bg5 d6 8. f4 Qe7 9. fxe5 dxe5 10. Nc3
C54	Partita Italiana: Giuoco Piano, Variante Krause	1. e4 e5 2. Nf3 Nc6 3. Bc4 Bc5 4. c3 Nf6 5. d4 exd4 6. cxd4 Bb4+ 7. Bd2 Nxe4 8. Bxb4 Nxb4 9. Bxf7+ Kxf7 10. Qb3+ d5 11. Ne5+ Kf6 12. f3
C54	Partita Italiana: Giuoco Piano, Variante Rosentreter	1. e4 e5 2. Nf3 Nc6 3. Bc4 Nf6 4. O-O Bc5 5. d4 Bxd4 6. Nxd4 Nxd4 7. Bg5 h6 8. Bh4 g5 9. f4
C54	Partita Italiana: Giuoco Piano, Variante Steinitz	1. e4 e5 2. Nf3 Nc6 3. Bc4 Bc5 4. c3 Nf6 5. d4 exd4 6. cxd4 Bb4+ 7. Nc3 Nxe4 8. O-O Bxc3 9. bxc3 d5 10. Ba3
C54	Partita Italiana: Giuoco Piano, Variante Therkatz-Herzog	1. e4 e5 2. Nf3 Nc6 3. Bc4 Bc5 4. c3 Nf6 5. d4 exd4 6. cxd4 Bb4+ 7. Nc3 Nxe4 8. O-O Bxc3 9. d5 Bf6 10. Re1 Ne7 11. Rxe4 d6 12. Bg5 Bxg5 13. Nxg5 O-O 14. Nxh7
C55	Partita Italiana: Difesa dei Due Cavalli	1. e4 e5 2. Nf3 Nc6 3. Bc4 Nf6
C55	Partita Italiana: Difesa dei Due Cavalli	1. e4 e5 2. Nf3 Nc6 3. Bc4 Nf6 4. O-O Bc5 5. d4 Bxd4 6. Nxd4 Nxd4 7. Bg5 d6
C55	Partita Italiana: Difesa dei Due Cavalli	1. e4 e5 2. Nf3 Nc6 3. Bc4 Nf6 4. Nc3 Nxe4 5. Nxe4 d5
C55	Partita Italiana: Difesa dei Due Cavalli, Apertura Moderna dell'Alfiere	1. e4 e5 2. Nf3 Nc6 3. Bc4 Nf6 4. d3
C55	Partita Italiana: Difesa dei Due Cavalli, Apertura Moderna dell'Alfiere	1. e4 e5 2. Nf3 Nc6 3. Bc4 Nf6 4. d3 Be7
C55	Partita Italiana: Difesa dei Due Cavalli, Apertura Moderna dell'Alfiere	1. e4 e5 2. Nf3 Nc6 3. Bc4 Nf6 4. d3 h6 5. O-O d6
C56	Partita Italiana: Gambetto Scozzese	1. e4 e5 2. Nf3 Nc6 3. Bc4 Nf6 4. d4 exd4 5. O-O
C56	Partita Italiana: Gambetto Scozzese, Attacco Anderssen	1. e4 e5 2. Nf3 Nc6 3. Bc4 Nf6 4. d4 exd4 5. O-O Nxe4 6. Re1 d5 7. Bxd5 Qxd5 8. Nc3
C56	Partita Italiana: Gambetto Scozzese, Attacco Anderssen, Linea principale	1. e4 e5 2. Nf3 Nc6 3. Bc4 Nf6 4. d4 exd4 5. O-O Nxe4 6. Re1 d5 7. Bxd5 Qxd5 8. Nc3 Qa5 9. Nxe4 Be6 10. Bd2 Qd5 11. Bg5
C56	Partita Italiana: Gambetto Scozzese, Variante Canal	1. e4 e5 2. Nf3 Nc6 3. d4 exd4 4. Bc4 Nf6 5. O-O Nxe4 6. Re1 d5 7. Nc3
C56	Partita Italiana: Gambetto Scozzese, Doppio Gambetto Accettato	1. e4 e5 2. Nf3 Nc6 3. Bc4 Nf6 4. d4 exd4 5. O-O Nxe4
C56	Partita Italiana: Gambetto Scozzese, Difesa Janowski	1. e4 e5 2. Nf3 Nc6 3. d4 exd4 4. Bc4 Nf6 5. O-O d6
C56	Partita Italiana: Gambetto Scozzese, Attacco Max Lange	1. e4 e5 2. Nf3 Nc6 3. d4 exd4 4. Bc4 Nf6 5. O-O Bc5
C56	Partita Italiana: Gambetto Scozzese, Attacco Max Lange	1. e4 e5 2. Nf3 Nc6 3. Bc4 Nf6 4. d4 exd4 5. e5 d5 6. Bb5 Ne4
C56	Partita Italiana: Gambetto Scozzese, Attacco Max Lange Accettato	1. e4 e5 2. Nf3 Nc6 3. Bc4 Bc5 4. O-O Nf6 5. d4 exd4 6. e5 d5 7. exf6 dxc4 8. Re1+ Be6 9. fxg7
C56	Partita Italiana: Gambetto Scozzese, Attacco Max Lange, Variante Lunga	1. e4 e5 2. Nf3 Nc6 3. d4 exd4 4. Bc4 Nf6 5. O-O Bc5 6. e5 d5 7. exf6 dxc4 8. Re1+ Be6 9. Ng5 Qd5 10. Nc3 Qf5 11. Nce4
C56	Partita Italiana: Gambetto Scozzese, Attacco Max Lange, Difesa Spielmann	1. e4 e5 2. Nf3 Nc6 3. d4 exd4 4. Bc4 Nf6 5. O-O Bc5 6. e5 Ng4
C56	Partita Italiana: Gambetto Scozzese, Gambetto Nakhmanson	1. e4 e5 2. Nf3 Nc6 3. Bc4 Nf6 4. d4 exd4 5. O-O Nxe4 6. Nc3
C56	Partita Italiana: Gambetto Scozzese, Gambetto Walbrodt-Baird	1. e4 e5 2. Nf3 Nc6 3. Bc4 Bc5 4. c3 Nf6 5. d4 exd4 6. O-O
C56	Partita Italiana: Gambetto Scozzese, Difesa Riviere de	1. e4 e5 2. Nf3 Nc6 3. d4 exd4 4. Bc4 Nf6 5. O-O Be7
C56	Partita Italiana: Invito Scozzese Rifiutato	1. e4 e5 2. Nf3 Nc6 3. Bc4 Nf6 4. d4 d6
C56	Partita Italiana: Difesa dei Due Cavalli, Variante Keidansky	1. e4 e5 2. Nf3 Nc6 3. Bc4 Nf6 4. d4 exd4 5. e5 d5 6. Bb5 Ne4 7. Nxd4 Bc5 8. Nxc6 Bxf2+ 9. Kf1 Qh4
C56	Partita Italiana: Difesa dei Due Cavalli, Attacco Max Lange	1. e4 e5 2. Nf3 Nc6 3. d4 exd4 4. Bc4 Nf6 5. O-O Bc5 6. e5
C56	Partita Italiana: Difesa dei Due Cavalli, Attacco Max Lange, Variante Berger	1. e4 e5 2. Nf3 Nc6 3. Bc4 Nf6 4. d4 exd4 5. O-O Bc5 6. e5 d5 7. exf6 dxc4 8. Re1+ Be6 9. Ng5 Qd5 10. Nc3 Qf5 11. g4 Qg6 12. Nce4 Bb6 13. f4 O-O-O
C56	Partita Italiana: Difesa dei Due Cavalli, Attacco Max Lange, Variante Krause	1. e4 e5 2. Nf3 Nc6 3. Bc4 Nf6 4. d4 exd4 5. O-O Bc5 6. e5 Ng4 7. c3
C56	Partita Italiana: Difesa dei Due Cavalli, Attacco Max Lange, Difesa Loman	1. e4 e5 2. Nf3 Nc6 3. d4 exd4 4. Bc4 Bc5 5. O-O Nf6 6. e5 d5 7. exf6 dxc4 8. Re1+ Be6 9. Ng5 g6
C56	Partita Italiana: Difesa dei Due Cavalli, Attacco Max Lange, Variante Rubinstein	1. e4 e5 2. Nf3 Nc6 3. Bc4 Nf6 4. d4 exd4 5. O-O Bc5 6. e5 d5 7. exf6 dxc4 8. Re1+ Be6 9. Ng5 Qd5 10. Nc3 Qf5 11. Nce4 Bf8
C56	Partita Italiana: Difesa dei Due Cavalli, Variante Aperta	1. e4 e5 2. Nf3 Nc6 3. Bc4 Nf6 4. d4
C56	Partita Italiana: Difesa dei Due Cavalli, Variante Perreux	1. e4 e5 2. Nf3 Nc6 3. Bc4 Nf6 4. d4 exd4 5. Ng5
C56	Partita Italiana: Difesa dei Due Cavalli, Attacco Yurdansky	1. e4 e5 2. Nf3 Nc6 3. d4 exd4 4. Bc4 Nf6 5. O-O Nxe4 6. Re1 d5 7. Bxd5 Qxd5 8. Nc3 Qa5 9. Nxe4 Be6 10. Bg5 h6 11. Bh4 g5 12. Nf6+ Ke7 13. b4
C57	Partita Italiana: Difesa dei Due Cavalli, Attacco Fegatello, Variante Leonhardt	1. e4 e5 2. Nf3 Nc6 3. Bc4 Nf6 4. Ng5 d5 5. exd5 Nxd5 6. Nxf7 Kxf7 7. Qf3+ Ke6 8. Nc3 Nb4 9. Qe4 c6 10. a3 Na6 11. d4 Nc7
C57	Partita Italiana: Difesa dei Due Cavalli, Attacco Fegatello	1. e4 e5 2. Nf3 Nc6 3. Bc4 Nf6 4. Ng5 d5 5. exd5 Nxd5 6. Nxf7
C57	Partita Italiana: Difesa dei Due Cavalli, Variante Fritz	1. e4 e5 2. Nf3 Nc6 3. Bc4 Nf6 4. Ng5 d5 5. exd5 Nd4
C57	Partita Italiana: Difesa dei Due Cavalli, Fritz, Variante Gruber	1. e4 e5 2. Nf3 Nc6 3. Bc4 Nf6 4. Ng5 d5 5. exd5 Nd4 6. c3 b5 7. Bf1 Nxd5 8. Ne4
C57	Partita Italiana: Difesa dei Due Cavalli, Gambetto Kloss	1. e4 e5 2. Nf3 Nc6 3. Bc4 Nf6 4. Ng5 d5 5. exd5 Nb4
C57	Partita Italiana: Difesa dei Due Cavalli, Attacco di Cavallo	1. e4 e5 2. Nf3 Nc6 3. Bc4 Nf6 4. Ng5
C57	Partita Italiana: Difesa dei Due Cavalli, Attacco di Cavallo, Variante Normale	1. e4 e5 2. Nf3 Nc6 3. Bc4 Nf6 4. Ng5 d5
C57	Partita Italiana: Difesa dei Due Cavalli, Attacco Lolli	1. e4 e5 2. Nf3 Nc6 3. Bc4 Nf6 4. Ng5 d5 5. exd5 Nxd5 6. d4
C57	Partita Italiana: Difesa dei Due Cavalli, Variante Pincus	1. e4 e5 2. Nf3 Nc6 3. Bc4 Nf6 4. Ng5 d5 5. exd5 Nxd5 6. d4 Bb4+
C57	Partita Italiana: Difesa dei Due Cavalli, Gambetto Ponziani-Steinitz	1. e4 e5 2. Nf3 Nc6 3. Bc4 Nf6 4. Ng5 Nxe4
C57	Partita Italiana: Difesa dei Due Cavalli, Contrattacco Traxler	1. e4 e5 2. Nf3 Nc6 3. Bc4 Nf6 4. Ng5 Bc5
C57	Partita Italiana: Difesa dei Due Cavalli, Contrattacco Traxler, Linea d'Alfiere di Sacrificio	1. e4 e5 2. Nf3 Nc6 3. Bc4 Nf6 4. Ng5 Bc5 5. Bxf7+
C57	Partita Italiana: Difesa dei Due Cavalli, Contrattacco Traxler, Linea March di Re	1. e4 e5 2. Nf3 Nc6 3. Bc4 Nf6 4. Ng5 Bc5 5. Nxf7 Bxf2+ 6. Kxf2 Nxe4+ 7. Ke3
C57	Partita Italiana: Difesa dei Due Cavalli, Contrattacco Traxler, Linea di Cavallo di Sacrificio	1. e4 e5 2. Nf3 Nc6 3. Bc4 Nf6 4. Ng5 Bc5 5. Nxf7
C57	Partita Italiana: Difesa dei Due Cavalli, Variante Traxler, Gambetto di Trenčianske Teplice	1. e4 e5 2. Nf3 Nc6 3. Bc4 Nf6 4. Ng5 Bc5 5. Bxf7+ Ke7 6. d4
C57	Partita Italiana: Difesa dei Due Cavalli, Variante Ulvestad	1. e4 e5 2. Nf3 Nc6 3. Bc4 Nf6 4. Ng5 d5 5. exd5 b5
C57	Partita Italiana: Difesa dei Due Cavalli, Variante Ulvestad, Gambetto Kurkin	1. e4 e5 2. Nf3 Nc6 3. Bc4 Nf6 4. Ng5 d5 5. exd5 b5 6. Bf1 h6 7. Nxf7
C58	Partita Italiana: Difesa dei Due Cavalli	1. e4 e5 2. Nf3 Nc6 3. Bc4 Nf6 4. Ng5 d5 5. exd5 Na5 6. Bb5+ c6 7. dxc6 bxc6 8. Be2
C58	Partita Italiana: Difesa dei Due Cavalli, Variante Blackburne	1. e4 e5 2. Nf3 Nc6 3. Bc4 Nf6 4. Ng5 d5 5. exd5 Na5 6. Bb5+ c6 7. dxc6 bxc6 8. Qf3 cxb5
C58	Partita Italiana: Difesa dei Due Cavalli, Variante Colman	1. e4 e5 2. Nf3 Nc6 3. Bc4 Nf6 4. Ng5 d5 5. exd5 Na5 6. Bb5+ c6 7. dxc6 bxc6 8. Qf3 Rb8
C58	Partita Italiana: Difesa dei Due Cavalli, Variante Maróczy	1. e4 e5 2. Nf3 Nc6 3. Bc4 Nf6 4. Ng5 d5 5. exd5 Na5 6. d3 h6 7. Nf3 e4 8. Qe2 Nxc4 9. dxc4 Be7
C58	Partita Italiana: Difesa dei Due Cavalli, Variante Paoli	1. e4 e5 2. Nf3 Nc6 3. Bc4 Nf6 4. Ng5 d5 5. exd5 Na5 6. Bb5+ c6 7. dxc6 bxc6 8. Qf3 Qc7 9. Bd3
C58	Partita Italiana: Difesa dei Due Cavalli, Difesa Polerio	1. e4 e5 2. Nf3 Nc6 3. Bc4 Nf6 4. Ng5 d5 5. exd5 Na5
C58	Partita Italiana: Difesa dei Due Cavalli, Difesa Polerio, Linea d'Alfiere dello Scacco	1. e4 e5 2. Nf3 Nc6 3. Bc4 Nf6 4. Ng5 d5 5. exd5 Na5 6. Bb5+
C58	Partita Italiana: Difesa dei Due Cavalli, Difesa Polerio, Variante Bogoljubow	1. e4 e5 2. Nf3 Nc6 3. Bc4 Nf6 4. Ng5 d5 5. exd5 Na5 6. Bb5+ c6 7. dxc6 bxc6 8. Qf3
C58	Partita Italiana: Difesa dei Due Cavalli, Difesa Polerio, Variante Kieseritzky	1. e4 e5 2. Nf3 Nc6 3. Bc4 Nf6 4. Ng5 d5 5. exd5 Na5 6. d3
C58	Partita Italiana: Difesa dei Due Cavalli, Difesa Polerio, Variante Yankovich	1. e4 e5 2. Nf3 Nc6 3. Bc4 Nf6 4. Ng5 d5 5. exd5 Na5 6. d3 h6 7. Nf3 e4 8. Qe2 Nxc4 9. dxc4 Bc5 10. Nfd2
C59	Partita Italiana: Difesa dei Due Cavalli, Variante Knorre	1. e4 e5 2. Nf3 Nc6 3. Bc4 Nf6 4. Ng5 d5 5. exd5 Na5 6. Bb5+ c6 7. dxc6 bxc6 8. Be2 h6 9. Nf3 e4 10. Ne5 Bd6 11. d4 Qc7 12. Bd2
C59	Partita Italiana: Difesa dei Due Cavalli, Difesa Polerio, Variante Göring	1. e4 e5 2. Nf3 Nc6 3. Bc4 Nf6 4. Ng5 d5 5. exd5 Na5 6. Bb5+ c6 7. dxc6 bxc6 8. Be2 h6 9. Nf3 e4 10. Ne5 Qc7
C59	Partita Italiana: Difesa dei Due Cavalli, Difesa Polerio, Difesa Suhle	1. e4 e5 2. Nf3 Nc6 3. Bc4 Nf6 4. Ng5 d5 5. exd5 Na5 6. Bb5+ c6 7. dxc6 bxc6 8. Be2 h6
C59	Partita Italiana: Difesa dei Due Cavalli, Variante Steinitz	1. e4 e5 2. Nf3 Nc6 3. Bc4 Nf6 4. Ng5 d5 5. exd5 Na5 6. Bb5+ c6 7. dxc6 bxc6 8. Be2 h6 9. Nh3
C60	Partita Spagnola	1. e4 e5 2. Nf3 Nc6 3. Bb5
C60	Partita Spagnola: Difesa Alapin	1. e4 e5 2. Nf3 Nc6 3. Bb5 Bb4
C60	Partita Spagnola: Difesa Alapin, Gambetto Alapin	1. e4 e5 2. Nf3 Nc6 3. Bb5 Bb4 4. c3 Ba5 5. Bxc6 dxc6
C60	Partita Spagnola: Gambetto Brentano	1. e4 e5 2. Nf3 Nc6 3. Bb5 g5
C60	Partita Spagnola: Variante Bulgara	1. e4 e5 2. Nf3 Nc6 3. Bb5 a5
C60	Partita Spagnola: Difesa Cozio	1. e4 e5 2. Nf3 Nc6 3. Bb5 Nge7
C60	Partita Spagnola: Difesa Cozio, Variante Paulsen	1. e4 e5 2. Nf3 Nc6 3. Bb5 Nge7 4. Nc3 g6
C60	Partita Spagnola: Difesa Cozio, Gambetto Tartakower	1. e4 e5 2. Nf3 Nc6 3. Bb5 g6 4. d4 exd4 5. Nxd4 Bg7 6. Be3 Nge7 7. Nc3 O-O 8. Qd2 d5
C60	Partita Spagnola: Difesa del Fianchetto	1. e4 e5 2. Nf3 Nc6 3. Bb5 g6
C60	Partita Spagnola: Difesa del Fianchetto, Gambetto Kevitz	1. e4 e5 2. Nf3 Nc6 3. Bb5 g6 4. c3 f5
C60	Partita Spagnola: Variante Lucena	1. e4 e5 2. Nf3 Nc6 3. Bb5 Be7
C60	Partita Spagnola: Variante di Norimberga	1. e4 e5 2. Nf3 Nc6 3. Bb5 f6
C60	Partita Spagnola: Difesa Pollock	1. e4 e5 2. Nf3 Nc6 3. Bb5 Na5
C60	Partita Spagnola: Variante della Ritirata	1. e4 e5 2. Nf3 Nc6 3. Bb5 Nb8
C60	Partita Spagnola: Gambetto Rotary-Albany	1. e4 e5 2. Nf3 Nc6 3. Bb5 b6
C60	Partita Spagnola: Controgambetto Spagnolo	1. e4 e5 2. Nf3 Nc6 3. Bb5 d5
C60	Partita Spagnola: Controgambetto Spagnolo, Controgambetto Harding, Gambetto Fricke	1. e4 e5 2. Nf3 Nc6 3. Bb5 d5 4. Nxe5 Qg5 5. O-O
C60	Partita Spagnola: Controgambetto Spagnolo, Gambetto Harding	1. e4 e5 2. Nf3 Nc6 3. Bb5 d5 4. Nxe5 Qg5 5. Nxc6
C60	Partita Spagnola: Variante Vinogradov	1. e4 e5 2. Nf3 Nc6 3. Bb5 Qe7
C61	Partita Spagnola: Variante Bird	1. e4 e5 2. Nf3 Nc6 3. Bb5 Nd4
C61	Partita Spagnola: Variante Bird, Variante Paulsen	1. e4 e5 2. Nf3 Nc6 3. Bb5 Nd4 4. Nxd4 exd4 5. O-O Ne7
C62	Partita Spagnola: Difesa Steinitz	1. e4 e5 2. Nf3 Nc6 3. Bb5 d6
C62	Partita Spagnola: Difesa Steinitz	1. e4 e5 2. Nf3 Nc6 3. Bb5 d6 4. d4
C62	Partita Spagnola: Difesa Steinitz, Gambetto del Centro	1. e4 e5 2. Nf3 Nc6 3. Bb5 d6 4. d4 exd4 5. O-O
C62	Partita Spagnola: Difesa Steinitz, Attacco Nimzowitsch	1. e4 e5 2. Nf3 Nc6 3. Bb5 d6 4. d4 Bd7 5. Nc3 Nf6 6. Bxc6
C62	Partita Spagnola: Difesa Steinitz, Variante Semi-Duras	1. e4 e5 2. Nf3 Nc6 3. Bb5 d6 4. d4 Bd7 5. c4
C63	Partita Spagnola: Difesa Schliemann	1. e4 e5 2. Nf3 Nc6 3. Bb5 f5
C63	Partita Spagnola: Difesa Schliemann, Variante Classica	1. e4 e5 2. Nf3 Nc6 3. Bb5 f5 4. Nc3 fxe4 5. Nxe4 d5 6. Nxe5 dxe4 7. Nxc6 Qg5
C63	Partita Spagnola: Difesa Schliemann, Variante Dyckhoff	1. e4 e5 2. Nf3 Nc6 3. Bb5 f5 4. Nc3
C63	Partita Spagnola: Difesa Schliemann, Variante di Cambio	1. e4 e5 2. Nf3 Nc6 3. Bb5 f5 4. Bxc6
C63	Partita Spagnola: Difesa Schliemann, Gambetto Jaenisch Accettato	1. e4 e5 2. Nf3 Nc6 3. Bb5 f5 4. exf5
C63	Partita Spagnola: Difesa Schliemann, Difesa Kostić	1. e4 e5 2. Nf3 Nc6 3. Bb5 f5 4. Nc3 fxe4 5. Nxe4 Be7
C63	Partita Spagnola: Difesa Schliemann, Variante Möhring	1. e4 e5 2. Nf3 Nc6 3. Bb5 f5 4. Nc3 fxe4 5. Nxe4 d5 6. Nxe5 dxe4 7. Nxc6 Qd5
C63	Partita Spagnola: Difesa Schliemann, Attacco Schönemann	1. e4 e5 2. Nf3 Nc6 3. Bb5 f5 4. d4
C63	Partita Spagnola: Difesa Schliemann, Variante Tartakower	1. e4 e5 2. Nf3 Nc6 3. Bb5 f5 4. Nc3 fxe4 5. Nxe4 Nf6
C64	Partita Spagnola: Difesa Classica, Variante del Benelux	1. e4 e5 2. Nf3 Nc6 3. Bb5 Nf6 4. O-O Bc5 5. c3 O-O 6. d4 Bb6
C64	Partita Spagnola: Difesa Classica, Variante Boden	1. e4 e5 2. Nf3 Nc6 3. Bb5 Bc5 4. c3 Qe7
C64	Partita Spagnola: Difesa Classica, Variante Zaitsev	1. e4 e5 2. Nf3 Nc6 3. Bb5 Bc5 4. O-O Nd4 5. b4
C64	Partita Spagnola: Variante Classica	1. e4 e5 2. Nf3 Nc6 3. Bb5 Bc5
C64	Partita Spagnola: Variante Classica, Variante Centrale	1. e4 e5 2. Nf3 Nc6 3. Bb5 Bc5 4. c3
C64	Partita Spagnola: Variante Classica, Variante Charousek	1. e4 e5 2. Nf3 Nc6 3. Bb5 Bc5 4. c3 Bb6
C64	Partita Spagnola: Variante Classica, Gambetto Cordel	1. e4 e5 2. Nf3 Nc6 3. Bb5 Bc5 4. c3 f5
C64	Partita Spagnola: Variante Classica, Gambetto Konikowski	1. e4 e5 2. Nf3 Nc6 3. Bb5 Bc5 4. c3 d5
C64	Partita Spagnola: Variante Classica, Linea principale Moderna	1. e4 e5 2. Nf3 Nc6 3. Bb5 Nf6 4. O-O Bc5 5. c3 O-O 6. d4 Bb6 7. Bg5
C64	Partita Spagnola: Variante Classica, Gambetto Spagnolo dell'Ala	1. e4 e5 2. Nf3 Nc6 3. Bb5 Bc5 4. b4
C65	Partita Spagnola: Difesa Berlinese	1. e4 e5 2. Nf3 Nc6 3. Bb5 Nf6
C65	Partita Spagnola: Difesa Berlinese	1. e4 e5 2. Nf3 Nc6 3. Bb5 Nf6 4. O-O
C65	Partita Spagnola: Difesa Berlinese, Variante Anti-Berlin	1. e4 e5 2. Nf3 Nc6 3. Bb5 Nf6 4. d3
C65	Partita Spagnola: Difesa Berlinese, Variante Anti-Berlin, Variante Anderssen	1. e4 e5 2. Nf3 Nc6 3. Bb5 Nf6 4. d3 d6 5. Bxc6+
C65	Partita Spagnola: Difesa Berlinese, Variante Anti-Berlin, Variante Duras	1. e4 e5 2. Nf3 Nc6 3. Bb5 Nf6 4. d3 d6 5. c4
C65	Partita Spagnola: Difesa Berlinese, Variante Anti-Berlin, Variante Kaufmann	1. e4 e5 2. Nf3 Nc6 3. Bb5 Nf6 4. d3 Bc5 5. Be3
C65	Partita Spagnola: Difesa Berlinese, Variante Anti-Berlin, Trappola Mortimer	1. e4 e5 2. Nf3 Nc6 3. Bb5 Nf6 4. d3 Ne7 5. Nxe5 c6
C65	Partita Spagnola: Difesa Berlinese, Variante Anti-Berlin, Variante Mortimer	1. e4 e5 2. Nf3 Nc6 3. Bb5 Nf6 4. d3 Ne7
C65	Partita Spagnola: Difesa Berlinese, Variante di Beverwijk	1. e4 e5 2. Nf3 Nc6 3. Bb5 Nf6 4. O-O Bc5
C65	Partita Spagnola: Difesa Berlinese, Variante della Pesca della Canna	1. e4 e5 2. Nf3 Nc6 3. Bb5 Nf6 4. O-O Ng4
C65	Partita Spagnola: Difesa Berlinese, Attacco Nyholm	1. e4 e5 2. Nf3 Nc6 3. Bb5 Nf6 4. d4 exd4 5. O-O
C65	Partita Spagnola: Variante Classica, Gambetto Zukertort	1. e4 e5 2. Nf3 Nc6 3. Bb5 Nf6 4. O-O Bc5 5. c3
C65	Partita Spagnola: Attacco di Halloween	1. e4 e5 2. Nf3 Nc6 3. Bb5 Nf6 4. Nxe5
C66	Partita Spagnola: Difesa Berlinese, Variante Bernstein Chiusa	1. e4 e5 2. Nf3 Nc6 3. Bb5 Nf6 4. O-O d6 5. d4 Bd7 6. Nc3 Be7 7. Bg5
C66	Partita Spagnola: Difesa Berlinese, Variante Showalter Chiusa	1. e4 e5 2. Nf3 Nc6 3. Bb5 Nf6 4. O-O d6 5. d4 Bd7 6. Nc3 Be7 7. Bxc6
C66	Partita Spagnola: Difesa Berlinese, Variante Chiusa del Lupo	1. e4 e5 2. Nf3 Nc6 3. Bb5 Nf6 4. O-O d6 5. d4 Bd7 6. Nc3 exd4
C66	Partita Spagnola: Difesa Berlinese, Variante del Riccio	1. e4 e5 2. Nf3 Nc6 3. Bb5 Nf6 4. O-O d6 5. d4 Bd7 6. Nc3 Be7
C66	Partita Spagnola: Difesa Berlinese, Difesa Steinitz Migliorata	1. e4 e5 2. Nf3 Nc6 3. Bb5 Nf6 4. O-O d6
C66	Partita Spagnola: Difesa Berlinese, Trappola Tarrasch	1. e4 e5 2. Nf3 Nc6 3. Bb5 d6 4. d4 Bd7 5. Nc3 Nf6 6. O-O Be7 7. Re1 O-O
C66	Partita Spagnola: Difesa Chiusa Berlinese, Variante Chigorin	1. e4 e5 2. Nf3 Nc6 3. Bb5 Nf6 4. O-O d6 5. d4 Nd7
C67	Partita Spagnola: Difesa Berlinese, Muro di Berlino	1. e4 e5 2. Nf3 Nc6 3. Bb5 Nf6 4. O-O Nxe4 5. d4 Nd6 6. Bxc6 dxc6 7. dxe5 Nf5 8. Qxd8+ Kxd8 9. Nc3 Bd7
C67	Partita Spagnola: Difesa Berlinese, Variante Cordel	1. e4 e5 2. Nf3 Nc6 3. Bb5 Nf6 4. O-O Nxe4 5. d4 Be7 6. Qe2 Nd6 7. Bxc6 bxc6 8. dxe5 Nf5
C67	Partita Spagnola: Difesa Berlinese, Variante Minckwitz	1. e4 e5 2. Nf3 Nc6 3. Bb5 Nf6 4. O-O Nxe4 5. d4 Be7 6. dxe5
C67	Partita Spagnola: Difesa Berlinese, Variante Pillsbury	1. e4 e5 2. Nf3 Nc6 3. Bb5 Nf6 4. O-O Nxe4 5. d4 Be7 6. Qe2 Nd6 7. Bxc6 bxc6 8. dxe5 Nb7 9. b3
C67	Partita Spagnola: Difesa Berlinese, Gambetto Rio Accettato	1. e4 e5 2. Nf3 Nc6 3. Bb5 Nf6 4. O-O Nxe4
C67	Partita Spagnola: Difesa Berlinese, Variante Rio de Janeiro	1. e4 e5 2. Nf3 Nc6 3. Bb5 Nf6 4. O-O Nxe4 5. d4 Be7
C67	Partita Spagnola: Difesa Berlinese, Variante Rio de Janeiro	1. e4 e5 2. Nf3 Nc6 3. Bb5 Nf6 4. O-O Nxe4 5. d4 Be7 6. Qe2 Nd6 7. Bxc6 bxc6 8. dxe5 Nb7 9. Nc3 O-O 10. Re1 Nc5 11. Nd4 Ne6 12. Be3 Nxd4 13. Bxd4 c5
C67	Partita Spagnola: Difesa Berlinese, Variante Rosenthal	1. e4 e5 2. Nf3 Nc6 3. Bb5 Nf6 4. O-O Nxe4 5. d4 a6
C67	Partita Spagnola: Difesa Berlinese, Variante Trifunovic	1. e4 e5 2. Nf3 Nc6 3. Bb5 Nf6 4. O-O Nxe4 5. d4 Be7 6. Qe2 d5
C67	Partita Spagnola: Difesa Berlinese, Attacco Winawer	1. e4 e5 2. Nf3 Nc6 3. Bb5 Nf6 4. O-O Nxe4 5. d4 Be7 6. Qe2 Nd6 7. Bxc6 bxc6 8. dxe5 Nb7 9. Nd4
C67	Partita Spagnola: Difesa Berlinese, Variante Zukertort	1. e4 e5 2. Nf3 Nc6 3. Bb5 Nf6 4. O-O Nxe4 5. d4 Be7 6. Qe2 Nd6 7. Bxc6 bxc6 8. dxe5 Nb7 9. c4
C67	Partita Spagnola: Difesa Berlinese, Variante l'Hermet	1. e4 e5 2. Nf3 Nc6 3. Bb5 Nf6 4. O-O Nxe4 5. d4 Nd6
C67	Partita Spagnola: Difesa Berlinese, Variante l'Hermet, Difesa di Muro Berlinese	1. e4 e5 2. Nf3 Nc6 3. Bb5 Nf6 4. O-O Nxe4 5. d4 Nd6 6. Bxc6 dxc6 7. dxe5 Nf5 8. Qxd8+ Kxd8
C67	Partita Spagnola: Difesa Berlinese, Variante l'Hermet, Linea Westerinen	1. e4 e5 2. Nf3 Nc6 3. Bb5 Nf6 4. O-O Nxe4 5. d4 Nd6 6. Bxc6 dxc6 7. dxe5 Ne4
C67	Partita Spagnola: Difesa Aperta Berlinese, Variante Showalter	1. e4 e5 2. Nf3 Nc6 3. Bb5 Nf6 4. O-O Nxe4 5. d4 Nd6 6. Ba4
C67	Partita Spagnola: Difesa Aperta Berlinese, Variante l'Hermet	1. e4 e5 2. Nf3 Nc6 3. Bb5 Nf6 4. O-O Nxe4 5. d4 Nd6 6. dxe5
C68	Partita Spagnola: Variante di Cambio	1. e4 e5 2. Nf3 Nc6 3. Bb5 a6 4. Bxc6
C68	Partita Spagnola: Variante di Cambio, Variante Alekhine	1. e4 e5 2. Nf3 Nc6 3. Bb5 a6 4. Bxc6 dxc6 5. d4 exd4 6. Qxd4 Qxd4 7. Nxd4 Bd6
C68	Partita Spagnola: Variante di Cambio, Variante Keres	1. e4 e5 2. Nf3 Nc6 3. Bb5 a6 4. Bxc6 dxc6 5. Nc3
C68	Partita Spagnola: Variante di Cambio, Variante Lutikov	1. e4 e5 2. Nf3 Nc6 3. Bb5 a6 4. Bxc6 bxc6
C68	Partita Spagnola: Variante di Cambio, Variante Romanovsky	1. e4 e5 2. Nf3 Nc6 3. Bb5 a6 4. Bxc6 dxc6 5. Nc3 f6 6. d3
C68	Partita Spagnola: Cambio, Variante Alekhine	1. e4 e5 2. Nf3 Nc6 3. Bb5 a6 4. Bxc6 dxc6 5. d4 exd4 6. Qxd4 Qxd4 7. Nxd4 Bd7
C69	Partita Spagnola: Variante di Cambio, Gambetto Alapin	1. e4 e5 2. Nf3 Nc6 3. Bb5 a6 4. Bxc6 dxc6 5. O-O Bg4 6. h3 h5
C69	Partita Spagnola: Variante di Cambio, Variante Bronstein	1. e4 e5 2. Nf3 Nc6 3. Bb5 a6 4. Bxc6 dxc6 5. O-O Qd6
C69	Partita Spagnola: Variante di Cambio, Variante Gligoric	1. e4 e5 2. Nf3 Nc6 3. Bb5 a6 4. Bxc6 dxc6 5. O-O f6
C69	Partita Spagnola: Variante di Cambio, Variante dell'Alfiere di Re	1. e4 e5 2. Nf3 Nc6 3. Bb5 a6 4. Bxc6 dxc6 5. O-O Bd6
C69	Partita Spagnola: Variante di Cambio, Variante Normale	1. e4 e5 2. Nf3 Nc6 3. Bb5 a6 4. Bxc6 dxc6 5. O-O
C70	Partita Spagnola: Difesa di Bird Differita	1. e4 e5 2. Nf3 Nc6 3. Bb5 a6 4. Ba4 Nd4
C70	Partita Spagnola: Difesa Morphy	1. e4 e5 2. Nf3 Nc6 3. Bb5 a6
C70	Partita Spagnola: Difesa Morphy, Difesa di Alapin Differita	1. e4 e5 2. Nf3 Nc6 3. Bb5 a6 4. Ba4 Bb4
C70	Partita Spagnola: Difesa Morphy, Variante Caro	1. e4 e5 2. Nf3 Nc6 3. Bb5 a6 4. Ba4 b5
C70	Partita Spagnola: Difesa Morphy, Difesa Classica Differita	1. e4 e5 2. Nf3 Nc6 3. Bb5 a6 4. Ba4 Bc5
C70	Partita Spagnola: Difesa Morphy, Difesa Cozio	1. e4 e5 2. Nf3 Nc6 3. Bb5 a6 4. Ba4 Nge7
C70	Partita Spagnola: Difesa Morphy, Difesa del Fianchetto Differita	1. e4 e5 2. Nf3 Nc6 3. Bb5 a6 4. Ba4 g6
C70	Partita Spagnola: Difesa Morphy, Variante di Graz	1. e4 e5 2. Nf3 Nc6 3. Bb5 a6 4. Ba4 b5 5. Bb3 Bc5
C70	Partita Spagnola: Difesa Morphy, Variante Norvegese	1. e4 e5 2. Nf3 Nc6 3. Bb5 a6 4. Ba4 b5 5. Bb3 Na5
C70	Partita Spagnola: Difesa Morphy, Variante Norvegese, Gambetto dell'Usignolo	1. e4 e5 2. Nf3 Nc6 3. Bb5 a6 4. Ba4 b5 5. Bb3 Na5 6. Bxf7+
C70	Partita Spagnola: Difesa Morphy, Difesa Schliemann Differita	1. e4 e5 2. Nf3 Nc6 3. Bb5 a6 4. Ba4 f5
C70	Partita Spagnola: Difesa Morphy, Difesa Schliemann Differita, Gambetto Jaenisch Differito	1. e4 e5 2. Nf3 Nc6 3. Bb5 a6 4. Ba4 f5 5. exf5
C71	Partita Spagnola: Difesa Morphy, Difesa Steinitz Moderna	1. e4 e5 2. Nf3 Nc6 3. Bb5 a6 4. Ba4 d6
C71	Partita Spagnola: Difesa Morphy, Difesa Steinitz Moderna	1. e4 e5 2. Nf3 Nc6 3. Bb5 a6 4. Ba4 d6 5. Nc3
C71	Partita Spagnola: Difesa Morphy, Difesa Steinitz Moderna	1. e4 e5 2. Nf3 Nc6 3. Bb5 a6 4. Ba4 d6 5. c4
C71	Partita Spagnola: Trappola dell'Arca di Noè	1. e4 e5 2. Nf3 Nc6 3. Bb5 a6 4. Ba4 b5 5. Bb3 d6 6. d4 Nxd4 7. Nxd4 exd4 8. Qxd4 c5
C72	Partita Spagnola: Chiusa, Variante di Kecskemét	1. e4 e5 2. Nf3 Nc6 3. Bb5 a6 4. Ba4 d6 5. O-O Bd7 6. c3 Nf6 7. d4 Be7 8. Nbd2 O-O 9. Re1 Be8
C72	Partita Spagnola: Difesa Morphy, Difesa Steinitz Moderna	1. e4 e5 2. Nf3 Nc6 3. Bb5 a6 4. Ba4 d6 5. O-O
C73	Partita Spagnola: Difesa Morphy, Difesa Steinitz Moderna	1. e4 e5 2. Nf3 Nc6 3. Bb5 a6 4. Ba4 d6 5. Bxc6+ bxc6 6. d4
C73	Partita Spagnola: Difesa Morphy, Difesa Steinitz Moderna	1. e4 e5 2. Nf3 Nc6 3. Bb5 a6 4. Ba4 d6 5. Bxc6+ bxc6 6. d4 f6
C74	Partita Spagnola: Difesa Morphy, Difesa Steinitz Moderna	1. e4 e5 2. Nf3 Nc6 3. Bb5 a6 4. Ba4 d6 5. c3
C74	Partita Spagnola: Difesa Morphy, Difesa Steinitz Moderna	1. e4 e5 2. Nf3 Nc6 3. Bb5 a6 4. Ba4 d6 5. c3 f5 6. exf5 Bxf5 7. O-O
C74	Partita Spagnola: Difesa Morphy, Difesa Steinitz Moderna, Variante della Siesta	1. e4 e5 2. Nf3 Nc6 3. Bb5 a6 4. Ba4 d6 5. c3 f5
C75	Partita Spagnola: Difesa Morphy, Difesa Steinitz Moderna	1. e4 e5 2. Nf3 Nc6 3. Bb5 a6 4. Ba4 d6 5. c3 Bd7
C75	Partita Spagnola: Difesa Morphy, Difesa Steinitz Moderna	1. e4 e5 2. Nf3 Nc6 3. Bb5 a6 4. Ba4 d6 5. c3 Bd7 6. d4 Nge7
C76	Partita Spagnola: Difesa Morphy, Difesa Steinitz Moderna, Variante del Fianchetto	1. e4 e5 2. Nf3 Nc6 3. Bb5 g6 4. c3 a6 5. Ba4 d6 6. d4 Bd7
C77	Partita Spagnola: Difesa Morphy, Variante Anderssen	1. e4 e5 2. Nf3 Nc6 3. Bb5 a6 4. Ba4 Nf6 5. d3
C77	Partita Spagnola: Difesa Morphy, Variante di Bayreuth	1. e4 e5 2. Nf3 Nc6 3. Bb5 a6 4. Ba4 Nf6 5. Bxc6
C77	Partita Spagnola: Difesa Morphy, Variante Duras	1. e4 e5 2. Nf3 Nc6 3. Bb5 a6 4. Ba4 Nf6 5. d3 d6 6. c4
C77	Partita Spagnola: Difesa Morphy, Gambetto Jaffe	1. e4 e5 2. Nf3 Nc6 3. Bb5 a6 4. Ba4 Nf6 5. c3
C77	Partita Spagnola: Difesa Morphy, Variante Mackenzie	1. e4 e5 2. Nf3 Nc6 3. Bb5 a6 4. Ba4 Nf6 5. d4
C77	Partita Spagnola: Difesa Morphy, Variante Tarrasch	1. e4 e5 2. Nf3 Nc6 3. Bb5 a6 4. Ba4 Nf6 5. Nc3
C77	Partita Spagnola: Difesa Morphy, Attacco Wormald	1. e4 e5 2. Nf3 Nc6 3. Bb5 a6 4. Ba4 Nf6 5. Qe2
C77	Partita Spagnola: Attacco Wormald, Variante Grünfeld	1. e4 e5 2. Nf3 Nc6 3. Bb5 a6 4. Ba4 Nf6 5. Qe2 b5 6. Bb3 Be7 7. d4 d6 8. c3 Bg4
C78	Partita Spagnola: Variante Brix	1. e4 e5 2. Nf3 Nc6 3. Bb5 a6 4. Ba4 Nf6 5. O-O g6
C78	Partita Spagnola: Controgambetto Centrale	1. e4 e5 2. Nf3 Nc6 3. Bb5 a6 4. Ba4 Nf6 5. O-O d5
C78	Partita Spagnola: Difesa Morphy	1. e4 e5 2. Nf3 Nc6 3. Bb5 a6 4. Ba4 Nf6 5. O-O
C78	Partita Spagnola: Difesa Morphy	1. e4 e5 2. Nf3 Nc6 3. Bb5 a6 4. Ba4 Nf6 5. O-O b5 6. Bb3 d6
C78	Partita Spagnola: Difesa Morphy, Variante di Arcangelo	1. e4 e5 2. Nf3 Nc6 3. Bb5 a6 4. Ba4 Nf6 5. O-O b5 6. Bb3 Bb7
C78	Partita Spagnola: Difesa Morphy, Variante Møller	1. e4 e5 2. Nf3 Nc6 3. Bb5 a6 4. Ba4 Nf6 5. O-O Bc5
C78	Partita Spagnola: Difesa Morphy, Variante Neo-Arcangelo	1. e4 e5 2. Nf3 Nc6 3. Bb5 a6 4. Ba4 Nf6 5. O-O b5 6. Bb3 Bc5
C78	Partita Spagnola: Difesa Morphy, Attacco dell'Ala	1. e4 e5 2. Nf3 Nc6 3. Bb5 a6 4. Ba4 Nf6 5. O-O b5 6. Bb3 Be7 7. a4
C78	Partita Spagnola: Variante Rabinovich	1. e4 e5 2. Nf3 Nc6 3. Bb5 a6 4. Ba4 Nf6 5. O-O b5 6. Bb3 d6 7. Ng5 d5 8. exd5 Nd4 9. Re1 Bc5 10. Rxe5+ Kf8
C79	Partita Spagnola: Difesa Morphy, Steinitz	1. e4 e5 2. Nf3 Nc6 3. Bb5 a6 4. Ba4 Nf6 5. O-O d6
C79	Partita Spagnola: Difesa Morphy, Steinitz	1. e4 e5 2. Nf3 Nc6 3. Bb5 a6 4. Ba4 Nf6 5. O-O d6 6. Bxc6+ bxc6 7. d4 Nxe4
C79	Partita Spagnola: Difesa Steinitz Differita, Variante Boleslavsky	1. e4 e5 2. Nf3 Nc6 3. Bb5 a6 4. Ba4 Nf6 5. O-O d6 6. Bxc6+ bxc6 7. d4 Nxe4 8. Re1 f5 9. dxe5 d5 10. Nc3
C79	Partita Spagnola: Difesa Steinitz Differita, Variante Lipnitsky	1. e4 e5 2. Nf3 Nc6 3. Bb5 a6 4. Ba4 Nf6 5. O-O d6 6. Bxc6+ bxc6 7. d4 Bg4
C80	Partita Spagnola: Difesa Morphy, Variante Tartakower	1. e4 e5 2. Nf3 Nc6 3. Bb5 a6 4. Ba4 Nf6 5. O-O Nxe4 6. Qe2
C80	Partita Spagnola: Aperta	1. e4 e5 2. Nf3 Nc6 3. Bb5 a6 4. Ba4 Nf6 5. O-O Nxe4
C80	Partita Spagnola: Aperta	1. e4 e5 2. Nf3 Nc6 3. Bb5 a6 4. Ba4 Nf6 5. O-O Nxe4 6. d4
C80	Partita Spagnola: Aperta	1. e4 e5 2. Nf3 Nc6 3. Bb5 a6 4. Ba4 Nf6 5. O-O Nxe4 6. d4 b5 7. Bb3
C80	Partita Spagnola: Aperta	1. e4 e5 2. Nf3 Nc6 3. Bb5 a6 4. Ba4 Nf6 5. O-O Nxe4 6. d4 b5 7. Bb3 d5 8. dxe5
C80	Partita Spagnola: Aperta, Variante Berger	1. e4 e5 2. Nf3 Nc6 3. Bb5 a6 4. Ba4 Nf6 5. O-O Nxe4 6. d4 b5 7. Bb3 d5 8. a4 Nxd4 9. Nxd4 exd4 10. Nc3
C80	Partita Spagnola: Aperta, Variante Bernstein	1. e4 e5 2. Nf3 Nc6 3. Bb5 a6 4. Ba4 Nf6 5. O-O Nxe4 6. d4 b5 7. Bb3 d5 8. dxe5 Be6 9. Nbd2
C80	Partita Spagnola: Aperta, Variante Bernstein, Linea Luther	1. e4 e5 2. Nf3 Nc6 3. Bb5 a6 4. Ba4 Nf6 5. O-O Nxe4 6. d4 b5 7. Bb3 d5 8. dxe5 Be6 9. Nbd2 Bc5 10. Qe1
C80	Partita Spagnola: Aperta, Attacco Friess	1. e4 e5 2. Nf3 Nc6 3. Bb5 a6 4. Ba4 Nf6 5. O-O Nxe4 6. d4 b5 7. Nxe5
C80	Partita Spagnola: Aperta, Gambetto Harksen	1. e4 e5 2. Nf3 Nc6 3. Bb5 a6 4. Ba4 Nf6 5. O-O Nxe4 6. d4 b5 7. Bb3 d5 8. c4
C80	Partita Spagnola: Aperta, Gambetto Karpov	1. e4 e5 2. Nf3 Nc6 3. Bb5 a6 4. Ba4 Nf6 5. O-O Nxe4 6. d4 b5 7. Bb3 d5 8. dxe5 Be6 9. Nbd2 Nc5 10. c3 d4 11. Ng5
C80	Partita Spagnola: Aperta, Variante Knorre	1. e4 e5 2. Nf3 Nc6 3. Bb5 a6 4. Ba4 Nf6 5. O-O Nxe4 6. Nc3
C80	Partita Spagnola: Aperta, Linea principale	1. e4 e5 2. Nf3 Nc6 3. Bb5 a6 4. Ba4 Nf6 5. O-O Nxe4 6. d4 b5 7. Bb3 d5 8. dxe5 Be6
C80	Partita Spagnola: Aperta, Variante Richter	1. e4 e5 2. Nf3 Nc6 3. Bb5 a6 4. Ba4 Nf6 5. O-O Nxe4 6. d4 b5 7. d5
C80	Partita Spagnola: Aperta, Variante di Riga	1. e4 e5 2. Nf3 Nc6 3. Bb5 a6 4. Ba4 Nf6 5. O-O Nxe4 6. d4 exd4
C80	Partita Spagnola: Aperta, Difesa Schlechter	1. e4 e5 2. Nf3 Nc6 3. Bb5 a6 4. Ba4 Nf6 5. O-O Nxe4 6. d4 b5 7. Bb3 d5 8. a4 Nxd4
C80	Partita Spagnola: Aperta, Gambetto Skipworth	1. e4 e5 2. Nf3 Nc6 3. Bb5 a6 4. Ba4 Nf6 5. O-O Nxe4 6. Re1 d5
C80	Partita Spagnola: Aperta, Variante Zukertort	1. e4 e5 2. Nf3 Nc6 3. Bb5 a6 4. Ba4 Nf6 5. O-O Nxe4 6. d4 b5 7. Bb3 d5 8. dxe5 Ne7
C81	Partita Spagnola: Aperta, Attacco Howell	1. e4 e5 2. Nf3 Nc6 3. Bb5 a6 4. Ba4 Nf6 5. O-O Nxe4 6. d4 b5 7. Bb3 d5 8. dxe5 Be6 9. Qe2
C81	Partita Spagnola: Aperta, Attacco Howell	1. e4 e5 2. Nf3 Nc6 3. Bb5 a6 4. Ba4 Nf6 5. O-O Nxe4 6. d4 b5 7. Bb3 d5 8. dxe5 Be6 9. Qe2 Be7 10. c4
C81	Partita Spagnola: Aperta, Attacco Howell, Variante Ekstrom	1. e4 e5 2. Nf3 Nc6 3. Bb5 a6 4. Ba4 Nf6 5. O-O Nxe4 6. d4 b5 7. Bb3 d5 8. dxe5 Be6 9. Qe2 Be7 10. Rd1 O-O 11. c4 bxc4 12. Bxc4 Qd7
C82	Partita Spagnola: Aperta	1. e4 e5 2. Nf3 Nc6 3. Bb5 a6 4. Ba4 Nf6 5. O-O Nxe4 6. d4 b5 7. Bb3 d5 8. dxe5 Be6 9. c3
C82	Partita Spagnola: Aperta, Variante Berlinese	1. e4 e5 2. Nf3 Nc6 3. Bb5 a6 4. Ba4 Nf6 5. O-O Nxe4 6. d4 b5 7. Bb3 d5 8. dxe5 Be6 9. c3 Nc5
C82	Partita Spagnola: Aperta, Variante Dilworth	1. e4 e5 2. Nf3 Nc6 3. Bb5 a6 4. Ba4 Nf6 5. O-O Nxe4 6. d4 b5 7. Bb3 d5 8. dxe5 Be6 9. c3 Bc5 10. Nbd2 O-O 11. Bc2 Nxf2
C82	Partita Spagnola: Aperta, Variante Italiana	1. e4 e5 2. Nf3 Nc6 3. Bb5 a6 4. Ba4 Nf6 5. O-O Nxe4 6. d4 b5 7. Bb3 d5 8. dxe5 Be6 9. c3 Bc5
C82	Partita Spagnola: Aperta, Attacco Motzko	1. e4 e5 2. Nf3 Nc6 3. Bb5 a6 4. Ba4 Nf6 5. O-O Nxe4 6. d4 b5 7. Bb3 d5 8. dxe5 Be6 9. c3 Bc5 10. Qd3
C82	Partita Spagnola: Aperta, Attacco Motzko, Variante Nenarokov	1. e4 e5 2. Nf3 Nc6 3. Bb5 a6 4. Ba4 Nf6 5. O-O Nxe4 6. d4 b5 7. Bb3 d5 8. dxe5 Be6 9. c3 Bc5 10. Qd3 Ne7
C82	Partita Spagnola: Aperta, Variante di San Pietroburgo	1. e4 e5 2. Nf3 Nc6 3. Bb5 a6 4. Ba4 Nf6 5. O-O Nxe4 6. d4 b5 7. Bb3 d5 8. dxe5 Be6 9. c3 Bc5 10. Nbd2
C83	Partita Spagnola: Aperta, Variante di Breslavia	1. e4 e5 2. Nf3 Nc6 3. Bb5 a6 4. Ba4 Nf6 5. O-O Nxe4 6. d4 b5 7. Bb3 d5 8. dxe5 Be6 9. c3 Be7 10. Re1 O-O 11. Nd4 Nxe5
C83	Partita Spagnola: Aperta, Difesa Classica	1. e4 e5 2. Nf3 Nc6 3. Bb5 a6 4. Ba4 Nf6 5. O-O Nxe4 6. d4 b5 7. Bb3 d5 8. dxe5 Be6 9. c3 Be7
C83	Partita Spagnola: Aperta, Difesa Classica	1. e4 e5 2. Nf3 Nc6 3. Bb5 a6 4. Ba4 Nf6 5. O-O Nxe4 6. d4 b5 7. Bb3 d5 8. dxe5 Be6 9. Nbd2 Nc5 10. c3 Be7
C83	Partita Spagnola: Aperta, Difesa Classica, Linea principale	1. e4 e5 2. Nf3 Nc6 3. Bb5 a6 4. Ba4 Nf6 5. O-O Nxe4 6. d4 Be7 7. Re1 b5 8. Bb3 d5 9. dxe5 Be6 10. c3
C83	Partita Spagnola: Aperta, Variante Malkin	1. e4 e5 2. Nf3 Nc6 3. Bb5 a6 4. Ba4 Nf6 5. O-O Nxe4 6. d4 b5 7. Bb3 d5 8. dxe5 Be6 9. c3 Be7 10. Nbd2 O-O 11. Qe2
C83	Partita Spagnola: Aperta, Trappola Tarrasch	1. e4 e5 2. Nf3 Nc6 3. Bb5 a6 4. Ba4 Nf6 5. O-O Nxe4 6. d4 b5 7. Bb3 d5 8. dxe5 Be6 9. c3 Be7 10. Re1 O-O 11. Nd4 Qd7 12. Nxe6 fxe6 13. Rxe4
C84	Partita Spagnola: Chiusa	1. e4 e5 2. Nf3 Nc6 3. Bb5 a6 4. Ba4 Nf6 5. O-O Be7
C84	Partita Spagnola: Chiusa, Gambetto Basque	1. e4 e5 2. Nf3 Nc6 3. Bb5 a6 4. Ba4 Nf6 5. O-O Be7 6. d4 exd4 7. e5 Ne4 8. c3
C84	Partita Spagnola: Chiusa, Attacco del Centro	1. e4 e5 2. Nf3 Nc6 3. Bb5 a6 4. Ba4 Nf6 5. O-O Be7 6. d4
C84	Partita Spagnola: Chiusa, Attacco del Centro, Gambetto Basque	1. e4 e5 2. Nf3 Nc6 3. Bb5 a6 4. Ba4 Nf6 5. O-O Be7 6. d4 exd4 7. e5 Ne4 8. c3 dxc3
C84	Partita Spagnola: Chiusa, Variante Martinez	1. e4 e5 2. Nf3 Nc6 3. Bb5 a6 4. Ba4 Nf6 5. O-O Be7 6. d3
C84	Partita Spagnola: Chiusa, Attacco Morphy	1. e4 e5 2. Nf3 Nc6 3. Bb5 a6 4. Ba4 Nf6 5. O-O Be7 6. Nc3
C85	Partita Spagnola: Chiusa, Cambio Ritardato	1. e4 e5 2. Nf3 Nc6 3. Bb5 a6 4. Ba4 Nf6 5. O-O Be7 6. Bxc6
C86	Partita Spagnola: Chiusa, Attacco Worrall	1. e4 e5 2. Nf3 Nc6 3. Bb5 a6 4. Ba4 Nf6 5. O-O Be7 6. Qe2
C86	Partita Spagnola: Chiusa, Attacco Worrall, Linea dell'Arrocco	1. e4 e5 2. Nf3 Nc6 3. Bb5 a6 4. Ba4 Nf6 5. O-O Be7 6. Qe2 b5 7. Bb3 O-O
C86	Partita Spagnola: Chiusa, Attacco Worrall, Linea dell'Arrocco	1. e4 e5 2. Nf3 Nc6 3. Bb5 a6 4. Ba4 Nf6 5. Qe2 Be7 6. O-O b5 7. Bb3 O-O 8. c3 d5 9. d3
C86	Partita Spagnola: Chiusa, Attacco Worrall, Linea Ritardata dell'Arrocco	1. e4 e5 2. Nf3 Nc6 3. Bb5 a6 4. Ba4 Nf6 5. O-O Be7 6. Qe2 b5 7. Bb3 d6
C87	Partita Spagnola: Chiusa, Variante Averbakh	1. e4 e5 2. Nf3 Nc6 3. Bb5 a6 4. Ba4 Nf6 5. O-O Be7 6. Re1 d6
C88	Partita Spagnola: Chiusa	1. e4 e5 2. Nf3 Nc6 3. Bb5 a6 4. Ba4 Nf6 5. O-O Be7 6. Re1 b5 7. Bb3
C88	Partita Spagnola: Chiusa	1. e4 e5 2. Nf3 Nc6 3. Bb5 a6 4. Ba4 Nf6 5. O-O Be7 6. Re1 b5 7. Bb3 O-O
C88	Partita Spagnola: Chiusa, Gambetto Alekhine	1. e4 e5 2. Nf3 Nc6 3. Bb5 a6 4. Ba4 Nf6 5. O-O Be7 6. Re1 b5 7. Bb3 d6 8. c3 Na5 9. Bc2 c5 10. d4 Qc7 11. Nbd2 O-O 12. Nf1 Bg4 13. Ne3 Bxf3 14. Qxf3
C88	Partita Spagnola: Chiusa, Anti-Marshall	1. e4 e5 2. Nf3 Nc6 3. Bb5 a6 4. Ba4 Nf6 5. O-O Be7 6. Re1 b5 7. Bb3 O-O 8. a4
C88	Partita Spagnola: Chiusa, Variante Balla	1. e4 e5 2. Nf3 Nc6 3. Bb5 a6 4. Ba4 Nf6 5. O-O Be7 6. Re1 b5 7. Bb3 d6 8. c3 Na5 9. Bc2 c5 10. d4 Qc7 11. a4
C88	Partita Spagnola: Chiusa, Variante Leonhardt	1. e4 e5 2. Nf3 Nc6 3. Bb5 a6 4. Ba4 Nf6 5. O-O Be7 6. Re1 b5 7. Bb3 d6 8. c3 Na5 9. Bc2 c5 10. d4 Qc7 11. h3 Nc6 12. d5 Nb8 13. Nbd2 g5
C88	Partita Spagnola: Chiusa, Attacco Rosen	1. e4 e5 2. Nf3 Nc6 3. Bb5 a6 4. Ba4 Nf6 5. O-O Be7 6. Re1 b5 7. Bb3 d6 8. d4
C88	Partita Spagnola: Chiusa, Contrattacco Trajkovic	1. e4 e5 2. Nf3 Nc6 3. Bb5 a6 4. Ba4 Nf6 5. O-O Be7 6. Re1 b5 7. Bb3 Bb7
C88	Partita Spagnola: Trappola dell'Arca di Noè	1. e4 e5 2. Nf3 Nc6 3. Bb5 a6 4. Ba4 Nf6 5. O-O Be7 6. Re1 b5 7. Bb3 d6 8. d4 Nxd4 9. Nxd4 exd4 10. Qxd4 c5
C89	Partita Spagnola: Attacco Marshall	1. e4 e5 2. Nf3 Nc6 3. Bb5 a6 4. Ba4 Nf6 5. O-O Be7 6. Re1 b5 7. Bb3 O-O 8. c3 d5
C89	Partita Spagnola: Attacco Marshall	1. e4 e5 2. Nf3 Nc6 3. Bb5 a6 4. Ba4 Nf6 5. O-O Be7 6. Re1 b5 7. Bb3 O-O 8. c3 d5 9. exd5 Nxd5 10. a4 Bb7
C89	Partita Spagnola: Attacco Marshall, Linea principale	1. e4 e5 2. Nf3 Nc6 3. Bb5 a6 4. Ba4 Nf6 5. O-O Be7 6. Re1 b5 7. Bb3 O-O 8. c3 d5 9. exd5 Nxd5 10. Nxe5 Nxe5 11. Rxe5 c6 12. d4
C89	Partita Spagnola: Attacco Marshall, Linea principale, Variante Spassky	1. e4 e5 2. Nf3 Nc6 3. Bb5 a6 4. Ba4 Nf6 5. O-O Be7 6. Re1 b5 7. Bb3 O-O 8. c3 d5 9. exd5 Nxd5 10. Nxe5 Nxe5 11. Rxe5 c6 12. d4 Bd6 13. Re1 Qh4 14. g3 Qh3 15. Be3 Bg4 16. Qd3 Rae8 17. Nd2 Re6 18. a4 Qh5
C89	Partita Spagnola: Attacco Marshall, Linea principale Moderna	1. e4 e5 2. Nf3 Nc6 3. Bb5 a6 4. Ba4 Nf6 5. O-O Be7 6. Re1 b5 7. Bb3 O-O 8. c3 d5 9. exd5 Nxd5 10. Nxe5 Nxe5 11. Rxe5 c6 12. d4 Bd6 13. Re1 Qh4 14. g3 Qh3
C89	Partita Spagnola: Attacco Marshall, Variante Moderna	1. e4 e5 2. Nf3 Nc6 3. Bb5 a6 4. Ba4 Nf6 5. O-O Be7 6. Re1 b5 7. Bb3 O-O 8. c3 d5 9. exd5 Nxd5 10. Nxe5 Nxe5 11. Rxe5 c6
C89	Partita Spagnola: Attacco Marshall, Attacco Marshall Originale	1. e4 e5 2. Nf3 Nc6 3. Bb5 a6 4. Ba4 Nf6 5. O-O Be7 6. Re1 b5 7. Bb3 O-O 8. c3 d5 9. exd5 Nxd5 10. Nxe5 Nxe5 11. Rxe5 Nf6
C89	Partita Spagnola: Attacco Marshall, Variante Te3	1. e4 e5 2. Nf3 Nc6 3. Bb5 a6 4. Ba4 Nf6 5. O-O Be7 6. Re1 b5 7. Bb3 O-O 8. c3 d5 9. exd5 Nxd5 10. Nxe5 Nxe5 11. Rxe5 c6 12. Bxd5 cxd5 13. d4 Bd6 14. Re3
C89	Partita Spagnola: Attacco Marshall, Variante Steiner	1. e4 e5 2. Nf3 Nc6 3. Bb5 a6 4. Ba4 Nf6 5. O-O Be7 6. Re1 b5 7. Bb3 O-O 8. c3 d5 9. exd5 e4
C90	Partita Spagnola: Chiusa	1. e4 e5 2. Nf3 Nc6 3. Bb5 a6 4. Ba4 Nf6 5. O-O Be7 6. Re1 b5 7. Bb3 d6 8. c3 O-O
C90	Partita Spagnola: Chiusa, Variante Lutikov	1. e4 e5 2. Nf3 Nc6 3. Bb5 a6 4. Ba4 Nf6 5. O-O Be7 6. Re1 b5 7. Bb3 d6 8. c3 O-O 9. Bc2
C90	Partita Spagnola: Chiusa, Variante Pilnik	1. e4 e5 2. Nf3 Nc6 3. Bb5 a6 4. Ba4 Nf6 5. O-O Be7 6. Re1 b5 7. Bb3 O-O 8. d3 d6 9. c3
C90	Partita Spagnola: Chiusa, Variante Suetin	1. e4 e5 2. Nf3 Nc6 3. Bb5 a6 4. Ba4 Nf6 5. O-O Be7 6. Re1 b5 7. Bb3 d6 8. c3 O-O 9. a3
C91	Partita Spagnola: Chiusa, Variante Bogoljubow	1. e4 e5 2. Nf3 Nc6 3. Bb5 a6 4. Ba4 Nf6 5. O-O Be7 6. Re1 b5 7. Bb3 d6 8. c3 O-O 9. d4 Bg4
C91	Partita Spagnola: Chiusa, Variante Yates	1. e4 e5 2. Nf3 Nc6 3. Bb5 a6 4. Ba4 Nf6 5. O-O Be7 6. Re1 b5 7. Bb3 d6 8. c3 O-O 9. d4
C91	Partita Spagnola: Chiusa, Variante Yates, Attacco Corto	1. e4 e5 2. Nf3 Nc6 3. Bb5 a6 4. Ba4 Nf6 5. O-O Be7 6. Re1 b5 7. Bb3 d6 8. c3 O-O 9. d4 Bg4 10. a4
C92	Partita Spagnola: Chiusa	1. e4 e5 2. Nf3 Nc6 3. Bb5 a6 4. Ba4 Nf6 5. O-O Be7 6. Re1 b5 7. Bb3 d6 8. c3 O-O 9. h3
C92	Partita Spagnola: Chiusa, Sistema Flohr	1. e4 e5 2. Nf3 Nc6 3. Bb5 a6 4. Ba4 Nf6 5. O-O Be7 6. Re1 b5 7. Bb3 d6 8. c3 O-O 9. h3 Bb7
C92	Partita Spagnola: Chiusa, Variante Karpov	1. e4 e5 2. Nf3 Nc6 3. Bb5 a6 4. Ba4 Nf6 5. O-O Be7 6. Re1 b5 7. Bb3 d6 8. c3 O-O 9. h3 Nd7
C92	Partita Spagnola: Chiusa, Variante Kholmov	1. e4 e5 2. Nf3 Nc6 3. Bb5 a6 4. Ba4 Nf6 5. O-O Be7 6. Re1 b5 7. Bb3 d6 8. c3 O-O 9. h3 Be6
C92	Partita Spagnola: Chiusa, Ibrido Smyslov-Breyer-Zaitsev	1. e4 e5 2. Nf3 Nc6 3. Bb5 a6 4. Ba4 Nf6 5. O-O Be7 6. Re1 b5 7. Bb3 d6 8. c3 O-O 9. h3 Bb7 10. d4 Re8 11. Nbd2 Bf8 12. a3 h6
C92	Partita Spagnola: Chiusa, Sistema Zaitsev	1. e4 e5 2. Nf3 Nc6 3. Bb5 a6 4. Ba4 Nf6 5. O-O Be7 6. Re1 b5 7. Bb3 d6 8. c3 O-O 9. h3 Re8
C93	Partita Spagnola: Chiusa, Difesa Smyslov	1. e4 e5 2. Nf3 Nc6 3. Bb5 a6 4. Ba4 Nf6 5. O-O Be7 6. Re1 b5 7. Bb3 d6 8. c3 O-O 9. h3 h6
C94	Partita Spagnola: Chiusa, Difesa Breyer	1. e4 e5 2. Nf3 Nc6 3. Bb5 a6 4. Ba4 Nf6 5. O-O Be7 6. Re1 b5 7. Bb3 d6 8. c3 O-O 9. h3 Nb8
C94	Partita Spagnola: Chiusa, Difesa Breyer, Variante Tranquilla	1. e4 e5 2. Nf3 Nc6 3. Bb5 a6 4. Ba4 Nf6 5. O-O Be7 6. Re1 b5 7. Bb3 d6 8. c3 O-O 9. h3 Nb8 10. d3
C95	Partita Spagnola: Chiusa, Breyer	1. e4 e5 2. Nf3 Nc6 3. Bb5 a6 4. Ba4 Nf6 5. O-O Be7 6. Re1 b5 7. Bb3 d6 8. c3 O-O 9. h3 Nb8 10. d4
C95	Partita Spagnola: Chiusa, Difesa Breyer	1. e4 e5 2. Nf3 Nc6 3. Bb5 a6 4. Ba4 Nf6 5. O-O Be7 6. Re1 b5 7. Bb3 d6 8. c3 O-O 9. h3 Nb8 10. d4 Nbd7 11. Nbd2 Bb7 12. Bc2 c5
C95	Partita Spagnola: Chiusa, Difesa Breyer	1. e4 e5 2. Nf3 Nc6 3. Bb5 a6 4. Ba4 Nf6 5. O-O Be7 6. Re1 b5 7. Bb3 d6 8. c3 O-O 9. h3 Nb8 10. d4 Nbd7 11. Nh4
C95	Partita Spagnola: Chiusa, Difesa Breyer, Ibrido Zaitsev	1. e4 e5 2. Nf3 Nc6 3. Bb5 a6 4. Ba4 Nf6 5. O-O Be7 6. Re1 b5 7. Bb3 d6 8. c3 O-O 9. h3 Nb8 10. d4 Nbd7
C96	Partita Spagnola: Chiusa, Variante Borisenko	1. e4 e5 2. Nf3 Nc6 3. Bb5 a6 4. Ba4 Nf6 5. O-O Be7 6. Re1 b5 7. Bb3 d6 8. c3 O-O 9. h3 Na5 10. Bc2 c5 11. d4 Nc6
C96	Partita Spagnola: Chiusa, Difesa Chigorin	1. e4 e5 2. Nf3 Nc6 3. Bb5 a6 4. Ba4 Nf6 5. O-O Be7 6. Re1 b5 7. Bb3 d6 8. c3 O-O 9. h3 Na5 10. Bc2
C96	Partita Spagnola: Chiusa, Difesa Chigorin	1. e4 e5 2. Nf3 Nc6 3. Bb5 a6 4. Ba4 Nf6 5. O-O Be7 6. Re1 b5 7. Bb3 d6 8. c3 O-O 9. h3 Na5 10. Bc2 c5
C96	Partita Spagnola: Chiusa, Difesa Chigorin, Gambetto Gajewski	1. e4 e5 2. Nf3 Nc6 3. Bb5 a6 4. Ba4 Nf6 5. O-O Be7 6. Re1 b5 7. Bb3 d6 8. c3 O-O 9. h3 Na5 10. Bc2 d5
C96	Partita Spagnola: Chiusa, Difesa Keres	1. e4 e5 2. Nf3 Nc6 3. Bb5 a6 4. Ba4 Nf6 5. O-O Be7 6. Re1 b5 7. Bb3 d6 8. c3 O-O 9. h3 Na5 10. Bc2 c5 11. d4 Nd7
C96	Partita Spagnola: Chiusa, Difesa Rossolimo	1. e4 e5 2. Nf3 Nc6 3. Bb5 a6 4. Ba4 Nf6 5. O-O Be7 6. Re1 b5 7. Bb3 d6 8. c3 O-O 9. h3 Na5 10. Bc2 c6 11. d4 Qc7
C97	Partita Spagnola: Chiusa, Difesa Chigorin	1. e4 e5 2. Nf3 Nc6 3. Bb5 a6 4. Ba4 Nf6 5. O-O Be7 6. Re1 b5 7. Bb3 d6 8. c3 O-O 9. h3 Na5
C97	Partita Spagnola: Chiusa, Difesa Chigorin	1. e4 e5 2. Nf3 Nc6 3. Bb5 a6 4. Ba4 Nf6 5. O-O Be7 6. Re1 b5 7. Bb3 d6 8. c3 O-O 9. h3 Na5 10. Bc2 c5 11. d4 Qc7
C97	Partita Spagnola: Chiusa, Chigorin, Sistema Jugoslavo	1. e4 e5 2. Nf3 Nc6 3. Bb5 a6 4. Ba4 Nf6 5. O-O Be7 6. Re1 b5 7. Bb3 d6 8. c3 O-O 9. h3 Na5 10. Bc2 c5 11. d4 Qc7 12. Nbd2 Bd7 13. Nf1 Rfe8 14. Ne3 g6
C98	Partita Spagnola: Chiusa, Difesa Chigorin	1. e4 e5 2. Nf3 Nc6 3. Bb5 a6 4. Ba4 Nf6 5. O-O Be7 6. Re1 b5 7. Bb3 d6 8. c3 O-O 9. h3 Na5 10. Bc2 c5 11. d4 Qc7 12. Nbd2 Nc6
C98	Partita Spagnola: Chiusa, Difesa Chigorin	1. e4 e5 2. Nf3 Nc6 3. Bb5 a6 4. Ba4 Nf6 5. O-O Be7 6. Re1 b5 7. Bb3 d6 8. c3 O-O 9. h3 Na5 10. Bc2 c5 11. d4 Qc7 12. Nbd2 Nc6 13. dxc5
C99	Partita Spagnola: Chiusa, Difesa Chigorin, Sistema Panov	1. e4 e5 2. Nf3 Nc6 3. Bb5 a6 4. Ba4 Nf6 5. O-O Be7 6. Re1 b5 7. Bb3 d6 8. c3 O-O 9. h3 Na5 10. Bc2 c5 11. d4 Qc7 12. Nbd2 cxd4 13. cxd4
D00	Attacco dell'Amazzone	1. d4 d5 2. Qd3
D00	Gambetto Blackmar-Diemer	1. d4 d5 2. e4
D00	Gambetto Blackmar-Diemer	1. d4 d5 2. e4 dxe4 3. Nc3 Nf6
D00	Gambetto Blackmar-Diemer Accettato	1. d4 d5 2. e4 dxe4 3. Nc3 Nf6 4. f3 exf3
D00	Gambetto Blackmar-Diemer Accettato: Difesa Bogoljubow	1. d4 d5 2. e4 dxe4 3. Nc3 Nf6 4. f3 exf3 5. Nxf3 g6
D00	Gambetto Blackmar-Diemer Accettato: Difesa Bogoljubow, Attacco Kloss	1. d4 d5 2. e4 dxe4 3. Nc3 Nf6 4. f3 exf3 5. Nxf3 g6 6. Bc4 Bg7 7. O-O O-O 8. Kh1
D00	Gambetto Blackmar-Diemer Accettato: Difesa Bogoljubow, Attacco Pazzo del Cane	1. d4 d5 2. e4 dxe4 3. Nc3 Nf6 4. f3 exf3 5. Nxf3 g6 6. Bc4 Bg7 7. h4
D00	Gambetto Blackmar-Diemer Accettato: Difesa Bogoljubow, Attacco Nimzowitsch	1. d4 d5 2. e4 dxe4 3. Nc3 Nf6 4. f3 exf3 5. Nxf3 g6 6. Bc4 Bg7 7. Ne5
D00	Gambetto Blackmar-Diemer Accettato: Difesa Bogoljubow, Attacco Studier	1. d4 d5 2. e4 dxe4 3. Nc3 Nf6 4. f3 exf3 5. Nxf3 g6 6. Bc4 Bg7 7. O-O O-O 8. Qe1
D00	Gambetto Blackmar-Diemer Accettato: Difesa Euwe	1. d4 d5 2. e4 dxe4 3. Nc3 Nf6 4. f3 exf3 5. Nxf3 e6
D00	Gambetto Blackmar-Diemer Accettato: Difesa Euwe, Gambetto Duthilleul	1. d4 d5 2. e4 dxe4 3. Nc3 Nf6 4. f3 exf3 5. Nxf3 e6 6. Bd3
D00	Gambetto Blackmar-Diemer Accettato: Difesa Euwe, Gambetto Zilbermints	1. d4 d5 2. e4 dxe4 3. Nc3 Nf6 4. f3 exf3 5. Nxf3 e6 6. Bg5 Be7 7. Bd3 Nc6 8. O-O Nxd4 9. Kh1
D00	Gambetto Blackmar-Diemer Accettato: Difesa Gunderam	1. d4 d5 2. e4 dxe4 3. Nc3 Nf6 4. f3 exf3 5. Nxf3 Bf5
D00	Gambetto Blackmar-Diemer Accettato: Difesa Gunderam, Variante Stader	1. d4 d5 2. e4 dxe4 3. Nc3 Nf6 4. f3 exf3 5. Nxf3 Bf5 6. Ne5 e6 7. g4 Be4
D00	Gambetto Blackmar-Diemer Accettato: Difesa Holwell	1. d4 d5 2. e4 dxe4 3. Nc3 Nf6 4. f3 exf3 5. Nxf3 Qd6
D00	Gambetto Blackmar-Diemer Accettato: Difesa Kaulich	1. d4 d5 2. e4 dxe4 3. Nc3 Nf6 4. f3 exf3 5. Nxf3 c5
D00	Gambetto Blackmar-Diemer Accettato: Difesa Pietrowsky	1. d4 d5 2. e4 dxe4 3. Nc3 Nf6 4. f3 exf3 5. Nxf3 Nc6
D00	Gambetto Blackmar-Diemer Accettato: Difesa Ritter	1. d4 d5 2. e4 dxe4 3. Nc3 Nf6 4. f3 exf3 5. Nxf3 b6
D00	Gambetto Blackmar-Diemer Accettato: Gambetto Ryder	1. d4 d5 2. e4 dxe4 3. Nc3 Nf6 4. f3 exf3 5. Qxf3
D00	Gambetto Blackmar-Diemer Accettato: Difesa Schlutter	1. d4 d5 2. e4 dxe4 3. Nc3 Nf6 4. f3 exf3 5. Nxf3 Nbd7
D00	Gambetto Blackmar-Diemer Accettato: Difesa Teichmann	1. d4 d5 2. e4 dxe4 3. Nc3 Nf6 4. f3 exf3 5. Nxf3 Bg4
D00	Gambetto Blackmar-Diemer Accettato: Difesa Teichmann, Variante Ciesielski	1. d4 d5 2. e4 dxe4 3. Nc3 Nf6 4. f3 exf3 5. Nxf3 Bg4 6. h3 Bxf3 7. Qxf3 c6 8. Qf2
D00	Gambetto Blackmar-Diemer Accettato: Difesa Teichmann, Variante Classica	1. d4 d5 2. e4 dxe4 3. Nc3 Nf6 4. f3 exf3 5. Nxf3 Bg4 6. h3 Bxf3 7. Qxf3 c6 8. Be3
D00	Gambetto Blackmar-Diemer Accettato: Difesa Teichmann, Attacco Seidel-Hall	1. d4 d5 2. e4 dxe4 3. Nc3 Nf6 4. f3 exf3 5. Nxf3 Bg4 6. h3 Bxf3 7. Qxf3 c6 8. g4
D00	Gambetto Blackmar-Diemer Accettato: Difesa Ziegler	1. d4 d5 2. e4 dxe4 3. Nc3 Nf6 4. f3 exf3 5. Nxf3 c6
D00	Gambetto Blackmar-Diemer Rifiutato: Controgambetto Brombacher	1. d4 d5 2. e4 dxe4 3. Nc3 Nf6 4. f3 c5
D00	Gambetto Blackmar-Diemer Rifiutato: Controgambetto Elbert	1. d4 d5 2. e4 dxe4 3. Nc3 Nf6 4. f3 e5
D00	Gambetto Blackmar-Diemer Rifiutato: Difesa Gedult	1. d4 d5 2. e4 dxe4 3. Nc3 Nf6 4. f3 a6
D00	Gambetto Blackmar-Diemer Rifiutato: Difesa Lamb	1. d4 d5 2. e4 dxe4 3. Nc3 Nf6 4. f3 Nc6
D00	Gambetto Blackmar-Diemer Rifiutato: Difesa Langeheinicke	1. d4 d5 2. e4 dxe4 3. Nc3 Nf6 4. f3 e3
D00	Gambetto Blackmar-Diemer Rifiutato: Difesa O'Kelly	1. d4 d5 2. e4 dxe4 3. Nc3 Nf6 4. f3 c6
D00	Gambetto Blackmar-Diemer Rifiutato: Difesa Viennese	1. d4 d5 2. e4 dxe4 3. Nc3 Nf6 4. f3 Bf5
D00	Gambetto Blackmar-Diemer Rifiutato: Difesa di Weinsbach	1. d4 d5 2. e4 dxe4 3. Nc3 Nf6 4. f3 e6
D00	Gambetto Blackmar-Diemer Rifiutato: Difesa di Weinsbach, Gambetto Pfrang	1. d4 d5 2. e4 dxe4 3. Nc3 Nf6 4. f3 e6 5. fxe4
D00	Gambetto Blackmar-Diemer: Gambetto Blackmar	1. d4 d5 2. e4 dxe4 3. f3
D00	Gambetto Blackmar-Diemer: Attacco Diemer-Rosenberg	1. d4 d5 2. e4 dxe4 3. Be3
D00	Gambetto Blackmar-Diemer: Attacco Fritz	1. d4 d5 2. e4 dxe4 3. Bc4
D00	Gambetto Blackmar-Diemer: Controgambetto Lemberger	1. d4 d5 2. e4 dxe4 3. Nc3 e5
D00	Gambetto Blackmar-Diemer: Controgambetto Lemberger, Variante del Finale	1. d4 d5 2. e4 dxe4 3. Nc3 e5 4. dxe5
D00	Gambetto Blackmar-Diemer: Controgambetto Lemberger, Gambetto Lange	1. d4 d5 2. e4 dxe4 3. Nc3 e5 4. Nxe4
D00	Gambetto Blackmar-Diemer: Controgambetto Lemberger, Attacco Rasmussen	1. d4 d5 2. e4 dxe4 3. Nc3 e5 4. Nge2
D00	Gambetto Blackmar-Diemer: Controgambetto Lemberger, Attacco Sneiders	1. d4 d5 2. e4 dxe4 3. Nc3 e5 4. Qh5
D00	Gambetto Blackmar-Diemer: Controgambetto Lemberger, Attacco Soller	1. d4 d5 2. e4 dxe4 3. Nc3 e5 4. Be3
D00	Gambetto Blackmar-Diemer: Variante dei Paesi Bassi	1. d4 d5 2. e4 dxe4 3. Nc3 f5
D00	Gambetto Blackmar-Diemer: Gambetto Rasa-Studier	1. d4 d5 2. e4 dxe4 3. Nc3 Nf6 4. Be3
D00	Gambetto Blackmar-Diemer: Controgambetto Albin Invertito	1. d4 d5 2. e4 dxe4 3. Nc3 c5
D00	Gambetto Blackmar-Diemer: Difesa Zeller	1. d4 d5 2. e4 dxe4 3. Nc3 Bf5
D00	Gambetto Blackmar-Diemer: Difesa Zeller, Attacco Soller	1. d4 d5 2. e4 dxe4 3. Nc3 Bf5 4. f3 Nf6 5. Bc4
D00	Gambetto Blackmar-Diemer: Gambetto von Popiel	1. d4 d5 2. e4 dxe4 3. Nc3 Nf6 4. Bg5
D00	Gambetto Blackmar-Diemer: Gambetto von Popiel, Variante Zilbermints	1. d4 d5 2. e4 dxe4 3. Nc3 Nf6 4. Bg5 Bf5 5. Bxf6 exf6 6. g4 Bg6 7. Qe2 Bb4 8. Qb5+
D00	Partita di Pedone di Donna	1. d4 d5
D00	Partita di Pedone di Donna	1. d4 d5 2. e3
D00	Partita di Pedone di Donna	1. d4 d5 2. e3 Nf6
D00	Partita di Pedone di Donna: Sistema Accelerato di Londra	1. d4 d5 2. Bf4
D00	Partita di Pedone di Donna: Sistema Accelerato di Londra, Controgambetto Steinitz	1. d4 d5 2. Bf4 c5
D00	Partita di Pedone di Donna: Sistema Accelerato di Londra, Controgambetto Steinitz Accettato	1. d4 d5 2. Bf4 c5 3. dxc5
D00	Partita di Pedone di Donna: Sistema Accelerato di Londra, Controgambetto Steinitz, Controgambetto Morris	1. d4 d5 2. Bf4 c5 3. e4
D00	Partita di Pedone di Donna: Sistema Accelerato di Londra, Controgambetto Steinitz, Controgambetto Morris Accettato	1. d4 d5 2. Bf4 c5 3. e4 dxe4
D00	Partita di Pedone di Donna: Variante Chigorin	1. d4 d5 2. Nc3
D00	Partita di Pedone di Donna: Variante Chigorin	1. d4 d5 2. Nc3 e6
D00	Partita di Pedone di Donna: Variante Chigorin, Difesa Alburt	1. d4 d5 2. Nc3 Bf5
D00	Partita di Pedone di Donna: Variante Chigorin, Anti-Veresov	1. d4 d5 2. Nc3 Bg4
D00	Partita di Pedone di Donna: Variante Chigorin, Difesa del Fianchetto	1. d4 g6 2. Nf3 Bg7 3. Nc3 d5
D00	Partita di Pedone di Donna: Variante Chigorin, Gambetto Irlandese	1. d4 d5 2. Nc3 c5
D00	Partita di Pedone di Donna: Variante Chigorin, Gambetto Shaviliuk	1. d4 d5 2. Nc3 e5
D00	Partita di Pedone di Donna: Variante Chigorin, Difesa dello Shropshire	1. d4 d5 2. Nc3 h5
D00	Partita di Pedone di Donna: Gambetto Hübsch	1. d4 Nf6 2. Nc3 d5 3. e4
D00	Partita di Pedone di Donna: Attacco Levitsky	1. d4 d5 2. Bg5
D00	Partita di Pedone di Donna: Attacco Levitsky, Variante Welling	1. d4 d5 2. Bg5 Bg4
D00	Partita di Pedone di Donna: Attacco Mason	1. d4 d5 2. f4
D00	Partita di Pedone di Donna: Attacco Stonewall	1. d4 d5 2. e3 Nf6 3. Bd3
D00	Partita di Pedone di Donna: Gambetto di Zurigo	1. d4 d5 2. g4
D01	Sistema Rapport-Jobava	1. d4 d5 2. Nc3 Nf6 3. Bf4
D01	Sistema Rapport-Jobava	1. d4 d5 2. Nc3 Nf6 3. Bf4 e6
D01	Sistema Rapport-Jobava	1. d4 d5 2. Nc3 Nf6 3. Bf4 g6
D01	Sistema Rapport-Jobava, con e6	1. d4 d5 2. Nc3 e6 3. Bf4
D01	Attacco Richter-Veresov	1. d4 Nf6 2. Nc3 d5 3. Bg5
D01	Attacco Richter-Veresov	1. d4 Nf6 2. Nc3 d5 3. Bg5 Bf5
D01	Attacco Richter-Veresov: Difesa Boyce	1. d4 Nf6 2. Nc3 d5 3. Bg5 Ne4
D01	Attacco Richter-Veresov: Gambetto Malich	1. d4 Nf6 2. Nc3 d5 3. Bg5 c5 4. Bxf6 gxf6 5. e4 dxe4 6. d5
D01	Attacco Richter-Veresov: Variante Richter	1. d4 Nf6 2. Nc3 d5 3. Bg5 Bf5 4. f3
D01	Attacco Richter-Veresov: Sistema dei Due Cavalli	1. d4 Nf6 2. Nc3 d5 3. Bg5 Nbd7 4. Nf3
D01	Attacco Richter-Veresov: Sistema dei Due Cavalli, Difesa Grünfeld	1. d4 Nf6 2. Nc3 d5 3. Bg5 Nbd7 4. Nf3 g6
D01	Attacco Richter-Veresov: Variante Veresov	1. d4 Nf6 2. Nc3 d5 3. Bg5 Bf5 4. Bxf6
D02	Sistema di Londra: Variante del Pedone Avvelenato	1. d4 Nf6 2. Nf3 d5 3. Bf4 c5 4. e3 Qb6 5. Nc3
D02	Gambetto di Donna Rifiutato: Difesa Baltica, Pseudo-Slava	1. d4 d5 2. Nf3 Bf5 3. c4 e6 4. Nc3 c6
D02	Partita di Pedone di Donna: Anti-Torre	1. Nf3 d5 2. d4 Bg4
D02	Partita di Pedone di Donna: Gambetto Chandler	1. d4 d5 2. Nf3 c5 3. g3 cxd4 4. Bg2
D02	Partita di Pedone di Donna: Variante Chigorin	1. d4 d5 2. Nf3 Nc6
D02	Partita di Pedone di Donna: Variante Krause	1. d4 d5 2. Nf3 c5
D02	Partita di Pedone di Donna: Attacco Levitsky, Variante Euwe, Linea Moderna	1. d4 d5 2. Nf3 c6 3. Bg5 h6 4. Bh4 Qb6
D02	Partita di Pedone di Donna: Sistema di Londra	1. d4 d5 2. Nf3 Nf6 3. Bf4
D02	Partita di Pedone di Donna: Sistema di Londra	1. d4 d5 2. Nf3 Nf6 3. Bf4 c5 4. e3
D02	Partita di Pedone di Donna: Sistema di Londra	1. d4 d5 2. Nf3 Nf6 3. Bf4 c5 4. e3 Nc6 5. Nbd2
D02	Partita di Pedone di Donna: Sistema di Londra	1. d4 d5 2. Nf3 Nf6 3. Bf4 c5 4. e3 Nc6 5. Nbd2 e6 6. c3
D02	Partita di Pedone di Donna: Sistema di Londra, Variante dello Pterodattilo	1. d4 g6 2. Nf3 Bg7 3. Bf4 c5 4. c3 cxd4 5. cxd4 Qa5+
D02	Partita di Pedone di Donna: Sistema di Londra, con e6	1. d4 d5 2. Nf3 e6 3. Bf4
D02	Partita di Pedone di Donna: Sistema di Londra, con e6	1. d4 d5 2. Nf3 e6 3. Bf4 Nf6
D02	Partita di Pedone di Donna: Variante Simmetrica	1. d4 d5 2. Nf3 Nf6
D02	Partita di Pedone di Donna: Variante Simmetrica, Pseudo-Catalana	1. d4 d5 2. Nf3 Nf6 3. g3
D02	Partita di Pedone di Donna: Variante Simmetrica, Pseudo-Catalana	1. d4 d5 2. Nf3 Nf6 3. g3 c6 4. Bg2 Bg4
D02	Partita di Pedone di Donna: Variante Simmetrica, Pseudo-Catalana	1. Nf3 d5 2. g3 c6 3. Bg2 Nf6 4. O-O Bg4 5. d4 e6
D02	Partita di Pedone di Donna: Controgambetto Zilbermints	1. d4 d5 2. Nf3 Nf6 3. c4 b5
D02	Partita di Pedone di Donna: Variante Zukertort	1. d4 d5 2. Nf3
D03	Partita di Pedone di Donna: Attacco Torre	1. d4 d5 2. Nf3 Nf6 3. Bg5
D03	Partita di Pedone di Donna: Attacco Torre	1. d4 d5 2. Nf3 Nf6 3. Bg5 e6 4. e3 c5 5. Nbd2
D03	Partita di Pedone di Donna: Attacco Torre	1. d4 d5 2. Nf3 Nf6 3. Bg5 e6 4. e3 c5 5. Nbd2 Nc6 6. c3
D03	Partita di Pedone di Donna: Attacco Torre	1. d4 d5 2. Nf3 Nf6 3. Bg5 e6 4. e3 c5 5. c3 Nbd7
D03	Partita di Pedone di Donna: Attacco Torre	1. d4 d5 2. Nf3 Nf6 3. Bg5 e6 4. e3 c5 5. c3 Nbd7 6. Nbd2
D03	Partita di Pedone di Donna: Attacco Torre	1. d4 d5 2. Nf3 Nf6 3. Bg5 e6 4. e3 c5 5. c3 Nbd7 6. Nbd2 Bd6
D03	Partita di Pedone di Donna: Attacco Torre	1. d4 d5 2. Nf3 Nf6 3. Bg5 e6 4. e3 c5 5. c3 Nbd7 6. Nbd2 Be7
D03	Partita di Pedone di Donna: Attacco Torre	1. d4 d5 2. Nf3 Nf6 3. Bg5 e6 4. e3 c5 5. c3 Nc6
D03	Partita di Pedone di Donna: Attacco Torre	1. d4 d5 2. Nf3 Nf6 3. Bg5 e6 4. e3 c5 5. c3 Nc6 6. Bd3
D03	Partita di Pedone di Donna: Attacco Torre	1. d4 d5 2. Nf3 Nf6 3. Bg5 e6 4. e3 Nbd7 5. Bd3
D03	Partita di Pedone di Donna: Attacco Torre	1. d4 d5 2. Nf3 Nf6 3. Bg5 e6 4. Nbd2 Be7 5. c3 Nbd7 6. e3
D03	Partita di Pedone di Donna: Attacco Torre, Variante del Pettegolezzo	1. d4 d5 2. Nf3 Nf6 3. Bg5 Ne4
D03	Partita di Pedone di Donna: Attacco Torre, Variante Grünfeld	1. d4 d5 2. Nf3 Nf6 3. Bg5 g6
D03	Partita di Pedone di Donna: Attacco Torre, Variante Grünfeld	1. d4 d5 2. Nf3 Nf6 3. Bg5 g6 4. e3
D04	Partita di Pedone di Donna: Sistema Colle	1. d4 d5 2. Nf3 Nf6 3. e3
D04	Partita di Pedone di Donna: Sistema Colle, Anti-Colle	1. d4 d5 2. Nf3 Nf6 3. e3 Bf5
D04	Partita di Pedone di Donna: Sistema Colle, Formazione Grünfeld	1. d4 d5 2. Nf3 Nf6 3. e3 g6 4. Bd3 Bg7
D05	Partita di Pedone di Donna: Sistema Colle	1. d4 d5 2. Nf3 Nf6 3. e3 e6
D05	Partita di Pedone di Donna: Sistema Colle	1. d4 d5 2. Nf3 Nf6 3. e3 e6 4. Bd3
D05	Partita di Pedone di Donna: Sistema Colle	1. d4 d5 2. Nf3 Nf6 3. e3 e6 4. b3
D05	Partita di Pedone di Donna: Sistema Colle	1. d4 d5 2. Nf3 Nf6 3. e3 e6 4. b3 c5 5. Bb2 Nc6
D05	Partita di Pedone di Donna: Sistema Colle	1. d4 d5 2. Nf3 Nf6 3. e3 e6 4. b3 c5 5. Bb2 Nc6 6. Bd3
D05	Partita di Pedone di Donna: Sistema Colle	1. d4 d5 2. Nf3 Nf6 3. e3 e6 4. b3 c5 5. Bb2 Nc6 6. Nbd2
D05	Partita di Pedone di Donna: Sistema Colle	1. d4 Nf6 2. Nf3 e6 3. e3 b6 4. Bd3 Bb7 5. O-O c5 6. b3 Be7 7. Bb2 O-O 8. Nbd2 d5
D05	Partita di Pedone di Donna: Sistema Colle, Colle Tradizionale	1. d4 Nf6 2. Nf3 e6 3. e3 c5 4. Bd3 d5 5. c3
D05	Partita di Pedone di Donna: Variante Zukertort	1. d4 d5 2. Nf3 c5 3. e3 Nf6 4. Nbd2 e6 5. b3
D05	Apertura Rubinstein	1. d4 Nf6 2. Nf3 e6 3. e3 c5 4. Bd3 d5 5. b3
D05	Apertura Rubinstein: Difesa Bogoljubow	1. d4 Nf6 2. Nf3 e6 3. e3 c5 4. Bd3 d5 5. b3 Nc6 6. O-O Bd6 7. Bb2 O-O
D05	Apertura Rubinstein: Difesa Classica	1. d4 Nf6 2. Nf3 e6 3. e3 c5 4. Bd3 d5 5. b3 Nc6 6. O-O Be7 7. Bb2 O-O
D05	Apertura Rubinstein: Difesa Semi-Slava	1. d4 d5 2. Nf3 Nf6 3. e3 e6 4. Bd3 Bd6 5. O-O O-O 6. b3 Nbd7 7. Bb2
D05	Apertura Rubinstein: Difesa Semi-Slava	1. d4 d5 2. Nf3 Nf6 3. e3 e6 4. Bd3 Bd6 5. O-O O-O 6. b3 Nbd7 7. Bb2 c6
D05	Apertura Rubinstein: Difesa Semi-Slava	1. d4 d5 2. Nf3 Nf6 3. e3 e6 4. Bd3 Bd6 5. O-O O-O 6. b3 Nbd7 7. Bb2 c6 8. Nbd2
D06	Gambetto di Donna	1. d4 d5 2. c4
D06	Gambetto di Donna Rifiutato: Attacco Austriaco, Controgambetto Salvio	1. d4 d5 2. c4 c5 3. dxc5 d4
D06	Gambetto di Donna Rifiutato: Difesa Austriaca	1. d4 d5 2. c4 c5
D06	Gambetto di Donna Rifiutato: Difesa Austriaca, Controgambetto Gusev	1. d4 d5 2. c4 c5 3. cxd5 Nf6
D06	Gambetto di Donna Rifiutato: Difesa Austriaca, Variante Haberditz	1. d4 d5 2. c4 c5 3. cxd5 Nf6 4. e4 Nxe4 5. dxc5 Qa5+
D06	Gambetto di Donna Rifiutato: Difesa Baltica	1. d4 d5 2. c4 Bf5
D06	Gambetto di Donna Rifiutato: Difesa Baltica, Gambetto Argentino	1. d4 d5 2. c4 Bf5 3. cxd5 Bxb1 4. Qa4+ c6 5. dxc6 Nxc6
D06	Gambetto di Donna Rifiutato: Difesa Baltica, Pseudo-Chigorin	1. d4 d5 2. c4 Bf5 3. Nc3 e6 4. Nf3 Nc6
D06	Gambetto di Donna Rifiutato: Difesa Baltica, Attacco di Donna	1. d4 d5 2. c4 Bf5 3. Qb3
D06	Gambetto di Donna Rifiutato: Difesa Baltica, Attacco di Donna Differito	1. d4 d5 2. c4 Bf5 3. Nc3 e6 4. Qb3
D06	Gambetto di Donna Rifiutato: Difesa Marshall	1. d4 d5 2. c4 Nf6
D06	Gambetto di Donna Rifiutato: Difesa Marshall, Gambetto Tan	1. d4 d5 2. c4 Nf6 3. cxd5 c6
D06	Gambetto di Donna Rifiutato: Gambetto Zilbermints	1. d4 d5 2. c4 b5
D07	Gambetto di Donna Rifiutato: Difesa Chigorin	1. d4 d5 2. c4 Nc6
D07	Gambetto di Donna Rifiutato: Difesa Chigorin	1. d4 d5 2. c4 Nc6 3. Nc3
D07	Gambetto di Donna Rifiutato: Difesa Chigorin	1. d4 d5 2. c4 Nc6 3. Nc3 dxc4
D07	Gambetto di Donna Rifiutato: Difesa Chigorin, Variante di Cambio	1. d4 d5 2. c4 Nc6 3. cxd5 Qxd5
D07	Gambetto di Donna Rifiutato: Difesa Chigorin, Variante di Cambio, Linea di Costa	1. d4 d5 2. c4 Nc6 3. cxd5 Qxd5 4. e3 e5 5. Nc3 Bb4 6. Bd2 Bxc3 7. Bxc3 exd4 8. Ne2
D07	Gambetto di Donna Rifiutato: Difesa Chigorin, Variante Janowski	1. d4 d5 2. c4 Nc6 3. Nc3 dxc4 4. Nf3
D07	Gambetto di Donna Rifiutato: Difesa Chigorin, Gambetto Lazard	1. d4 d5 2. c4 Nc6 3. Nf3 e5
D07	Gambetto di Donna Rifiutato: Difesa Chigorin, Linea principale	1. d4 d5 2. c4 Nc6 3. Nf3 Bg4
D07	Gambetto di Donna Rifiutato: Difesa Chigorin, Linea principale, Variante Alekhine	1. d4 d5 2. c4 Nc6 3. Nf3 Bg4 4. Qa4
D07	Gambetto di Donna Rifiutato: Difesa Chigorin, Gambetto Moderno	1. d4 d5 2. c4 Nc6 3. Nc3 dxc4 4. Nf3 Nf6
D07	Gambetto di Donna Rifiutato: Difesa Chigorin, Gambetto Tartakower	1. d4 d5 2. c4 Nc6 3. Nc3 e5
D08	Gambetto di Donna Rifiutato: Controgambetto Albin	1. d4 d5 2. c4 e5
D08	Gambetto di Donna Rifiutato: Controgambetto Albin, Variante Balogh	1. d4 d5 2. c4 e5 3. dxe5 d4 4. Nf3 Nc6 5. Nbd2 Qe7
D08	Gambetto di Donna Rifiutato: Controgambetto Albin, Variante Janowski	1. d4 d5 2. c4 e5 3. dxe5 d4 4. Nf3 Nc6 5. Nbd2 f6
D08	Gambetto di Donna Rifiutato: Controgambetto Albin, Variante Krenosz	1. d4 d5 2. c4 e5 3. dxe5 d4 4. Nf3 Nc6 5. Nbd2 Bg4 6. h3 Bxf3 7. Nxf3 Bb4+ 8. Bd2 Qe7
D08	Gambetto di Donna Rifiutato: Controgambetto Albin, Trappola Lasker	1. d4 d5 2. c4 e5 3. dxe5 d4 4. e3 Bb4+ 5. Bd2 dxe3
D08	Gambetto di Donna Rifiutato: Controgambetto Albin, Linea Moderna	1. d4 d5 2. c4 e5 3. dxe5 d4 4. Nf3 Nc6 5. Nbd2
D08	Gambetto di Donna Rifiutato: Controgambetto Albin, Linea Normale	1. d4 d5 2. c4 e5 3. dxe5 d4 4. Nf3
D08	Gambetto di Donna Rifiutato: Controgambetto Albin, Variante Spassky	1. d4 d5 2. c4 e5 3. dxe5 d4 4. e4
D08	Gambetto di Donna Rifiutato: Controgambetto Albin, Difesa Tartakower	1. d4 d5 2. c4 e5 3. dxe5 d4 4. Nf3 c5
D09	Gambetto di Donna Rifiutato: Controgambetto Albin, Variante del Fianchetto	1. d4 d5 2. c4 e5 3. dxe5 d4 4. Nf3 Nc6 5. g3
D09	Gambetto di Donna Rifiutato: Controgambetto Albin, Variante del Fianchetto, Linea Ae6	1. d4 d5 2. c4 e5 3. dxe5 d4 4. Nf3 Nc6 5. g3 Be6
D09	Gambetto di Donna Rifiutato: Controgambetto Albin, Variante del Fianchetto, Linea Af5	1. d4 d5 2. c4 e5 3. dxe5 d4 4. Nf3 Nc6 5. g3 Bf5
D09	Gambetto di Donna Rifiutato: Controgambetto Albin, Variante del Fianchetto, Linea Ag4	1. d4 d5 2. c4 e5 3. dxe5 d4 4. Nf3 Nc6 5. g3 Bg4
D10	Difesa Slava	1. d4 d5 2. c4 c6
D10	Difesa Slava	1. d4 d5 2. c4 c6 3. Nc3
D10	Difesa Slava	1. d4 d5 2. c4 c6 3. Nc3 dxc4
D10	Difesa Slava: Gambetto Diemer	1. d4 d5 2. c4 c6 3. e4
D10	Difesa Slava: Variante di Cambio	1. d4 d5 2. c4 c6 3. cxd5
D10	Difesa Slava: Variante di Cambio, Attacco Boor	1. d4 d5 2. c4 c6 3. cxd5 cxd5 4. Nc3 Nf6 5. f3
D10	Difesa Slava: Gambetto Slavo, Attacco Alekhine	1. d4 d5 2. c4 c6 3. Nc3 dxc4 4. e4
D10	Difesa Slava: Controgambetto Winawer	1. d4 d5 2. c4 c6 3. Nc3 e5
D10	Difesa Slava: Controgambetto Winawer, Gambetto Anti-Winawer	1. d4 d5 2. c4 c6 3. Nc3 e5 4. e4
D11	Difesa Slava: Gambetto Bonet	1. d4 d5 2. c4 c6 3. Nf3 Nf6 4. Bg5
D11	Difesa Slava: Variante Breyer	1. d4 d5 2. c4 c6 3. Nf3 Nf6 4. Nbd2
D11	Difesa Slava: Linea Moderna	1. d4 d5 2. c4 c6 3. Nf3
D11	Difesa Slava: Linea Moderna	1. d4 d5 2. c4 c6 3. Nf3 Nf6 4. g3 dxc4 5. Bg2 g6
D11	Difesa Slava: Linea Moderna	1. d4 d5 2. c4 c6 3. Nf3 Nf6 4. g3 Bg4 5. Bg2 e6 6. O-O
D11	Difesa Slava: Linea Moderna	1. d4 d5 2. Nf3 Nf6 3. g3 c6 4. Bg2 Bg4 5. O-O Nbd7 6. c4
D11	Difesa Slava: Variante Tranquilla	1. d4 d5 2. c4 c6 3. Nf3 Nf6 4. e3
D11	Difesa Slava: Variante Tranquilla, Difesa dell'Inchiodatura	1. d4 d5 2. c4 c6 3. Nf3 Nf6 4. e3 Bg4
D12	Difesa Slava: Variante Tranquilla, Variante di Amsterdam	1. d4 d5 2. c4 c6 3. Nf3 Nf6 4. e3 Bf5 5. cxd5 cxd5 6. Nc3 e6 7. Ne5 Nfd7
D12	Difesa Slava: Variante Tranquilla, Variante Landau	1. d4 d5 2. c4 c6 3. Nf3 Nf6 4. e3 Bf5 5. cxd5 cxd5 6. Qb3 Qc8 7. Bd2 e6 8. Na3
D12	Difesa Slava: Variante Tranquilla, Difesa Schallopp	1. d4 d5 2. c4 c6 3. Nf3 Nf6 4. e3 Bf5
D12	Difesa Slava: Variante Tranquilla, Difesa Schallopp	1. d4 d5 2. c4 c6 3. Nf3 Nf6 4. e3 Bf5 5. Nc3 e6
D13	Difesa Slava: Variante di Cambio	1. d4 d5 2. c4 c6 3. Nf3 Nf6 4. cxd5 cxd5
D13	Difesa Slava: Variante di Cambio, Variante Schallopp	1. d4 d5 2. c4 c6 3. Nf3 Nf6 4. e3 Bf5 5. cxd5 cxd5 6. Nc3
D14	Difesa Slava: Variante di Cambio, Linea Simmetrica	1. d4 d5 2. c4 c6 3. cxd5 cxd5 4. Nc3 Nf6 5. Nf3 Nc6 6. Bf4 Bf5
D14	Difesa Slava: Variante di Cambio, Variante Trifunovic	1. d4 d5 2. c4 c6 3. Nf3 Nf6 4. cxd5 cxd5 5. Nc3 Nc6 6. Bf4 Bf5 7. e3 e6 8. Qb3 Bb4
D15	Difesa Slava: Variante Alekhine	1. d4 d5 2. c4 c6 3. Nf3 Nf6 4. Nc3 dxc4 5. e3
D15	Difesa Slava: Variante Chebanenko	1. d4 d5 2. c4 c6 3. Nf3 Nf6 4. Nc3 a6
D15	Difesa Slava: Variante Chebanenko	1. d4 d5 2. c4 c6 3. Nf3 Nf6 4. Nc3 a6 5. e3 Bf5
D15	Difesa Slava: Variante Chebanenko, Sistema d'Avanzata	1. d4 d5 2. c4 c6 3. Nf3 Nf6 4. Nc3 a6 5. c5
D15	Difesa Slava: Gambetto Geller	1. d4 d5 2. c4 c6 3. Nf3 Nf6 4. Nc3 dxc4 5. e4
D15	Difesa Slava: Gambetto Geller	1. d4 d5 2. c4 c6 3. Nf3 Nf6 4. Nc3 dxc4 5. e4 b5 6. e5
D15	Difesa Slava: Variante Schlechter	1. d4 d5 2. c4 c6 3. Nf3 Nf6 4. Nc3 g6
D15	Difesa Slava: Variante Süchting	1. d4 d5 2. c4 c6 3. Nf3 Nf6 4. Nc3 Qb6
D15	Difesa Slava: Variante dei Tre Cavalli	1. d4 d5 2. c4 c6 3. Nf3 Nf6 4. Nc3
D15	Difesa Slava: Attacco dei Due Cavalli	1. d4 d5 2. c4 c6 3. Nf3 Nf6 4. Nc3 dxc4
D16	Difesa Slava: Variante Alapin	1. d4 d5 2. c4 c6 3. Nf3 Nf6 4. Nc3 dxc4 5. a4
D16	Difesa Slava: Variante Smyslov	1. d4 d5 2. c4 c6 3. Nf3 Nf6 4. Nc3 dxc4 5. a4 Na6
D16	Difesa Slava: Variante Soultanbeieff	1. d4 d5 2. c4 c6 3. Nf3 Nf6 4. Nc3 dxc4 5. a4 e6
D16	Difesa Slava: Variante Steiner	1. d4 d5 2. c4 c6 3. Nf3 Nf6 4. Nc3 dxc4 5. a4 Bg4
D17	Difesa Slava: Variante Ceca	1. d4 d5 2. c4 c6 3. Nf3 Nf6 4. Nc3 dxc4 5. a4 Bf5
D17	Difesa Slava: Variante Ceca, Attacco di Bled	1. d4 d5 2. c4 c6 3. Nf3 Nf6 4. Nc3 dxc4 5. a4 Bf5 6. Nh4
D17	Difesa Slava: Variante Ceca, Variante di Karlsbad	1. d4 d5 2. c4 c6 3. Nf3 Nf6 4. Nc3 dxc4 5. a4 Bf5 6. Ne5 Nbd7 7. Nxc4 Qc7 8. g3 e5
D17	Difesa Slava: Variante Ceca, Variante di Karlsbad, Variante Morozevich	1. d4 d5 2. c4 c6 3. Nf3 Nf6 4. Nc3 dxc4 5. a4 Bf5 6. Ne5 Nbd7 7. Nxc4 Qc7 8. g3 e5 9. dxe5 Nxe5 10. Bf4 Nfd7 11. Bg2 g5
D17	Difesa Slava: Variante Ceca, Attacco Krause	1. d4 d5 2. c4 c6 3. Nf3 Nf6 4. Nc3 dxc4 5. a4 Bf5 6. Ne5
D17	Difesa Slava: Variante Ceca, Attacco Krause, Gambetto Fazekas	1. d4 d5 2. c4 c6 3. Nf3 Nf6 4. Nc3 dxc4 5. a4 Bf5 6. Ne5 Na6 7. e4
D17	Difesa Slava: Variante Ceca, Variante di Wiesbaden	1. d4 d5 2. c4 c6 3. Nf3 Nf6 4. Nc3 dxc4 5. a4 Bf5 6. Ne5 e6
D17	Difesa Slava: Variante Ceca, Variante di Wiesbaden, Linea Tagliente	1. d4 d5 2. c4 c6 3. Nf3 Nf6 4. Nc3 dxc4 5. a4 Bf5 6. Ne5 e6 7. f3 Bb4 8. e4
D18	Difesa Slava: Variante Ceca, Sistema Classico	1. d4 d5 2. c4 c6 3. Nf3 Nf6 4. Nc3 dxc4 5. a4 Bf5 6. e3
D18	Difesa Slava: Variante Ceca, Variante Lasker	1. d4 d5 2. c4 c6 3. Nf3 Nf6 4. Nc3 dxc4 5. a4 Bf5 6. e3 Na6
D19	Difesa Slava: Variante Ceca, Sistema Classico, Linea principale	1. d4 d5 2. c4 c6 3. Nf3 Nf6 4. Nc3 dxc4 5. a4 Bf5 6. e3 e6 7. Bxc4 Bb4 8. O-O O-O 9. Qe2
D19	Difesa Slava: Variante Ceca, Variante Olandese	1. d4 d5 2. c4 c6 3. Nf3 Nf6 4. Nc3 dxc4 5. a4 Bf5 6. e3 e6 7. Bxc4 Bb4 8. O-O
D19	Difesa Slava: Variante Ceca, Variante Olandese, Variante Sämisch	1. d4 d5 2. c4 c6 3. Nf3 Nf6 4. Nc3 dxc4 5. a4 Bf5 6. e3 e6 7. Bxc4 Bb4 8. O-O O-O 9. Qe2 Ne4 10. g4
D20	Gambetto di Donna Accettato	1. d4 d5 2. c4 dxc4
D20	Gambetto di Donna Accettato: Variante Accelerata di Mannheim	1. d4 d5 2. c4 dxc4 3. Qa4+
D20	Gambetto di Donna Accettato: Variante Centrale, Sistema Alekhine	1. d4 d5 2. c4 dxc4 3. e4 Nf6
D20	Gambetto di Donna Accettato: Variante Centrale, Variante Greco	1. d4 d5 2. c4 dxc4 3. e4 b5
D20	Gambetto di Donna Accettato: Variante Centrale, Difesa McDonnell	1. d4 d5 2. c4 dxc4 3. e4 e5
D20	Gambetto di Donna Accettato: Variante Centrale, Difesa McDonnell, Gambetto Somov	1. d4 d5 2. c4 dxc4 3. e4 e5 4. Bxc4
D20	Gambetto di Donna Accettato: Variante Centrale, Difesa Moderna	1. d4 d5 2. c4 dxc4 3. e4 Nc6
D20	Gambetto di Donna Accettato: Variante Centrale, Difesa Rubinstein	1. d4 d5 2. c4 dxc4 3. e4 c5
D20	Gambetto di Donna Accettato: Variante Centrale, Difesa Rubinstein, Gambetto Yefimov	1. d4 d5 2. c4 dxc4 3. e4 c5 4. d5 b5
D20	Gambetto di Donna Accettato: Variante Linares	1. d4 d5 2. c4 dxc4 3. e4 c5 4. d5 Nf6 5. Nc3 b5
D20	Gambetto di Donna Accettato: Vecchia Variante	1. d4 d5 2. c4 dxc4 3. e3
D20	Gambetto di Donna Accettato: Vecchia Variante, Gambetto Billinger	1. d4 d5 2. c4 dxc4 3. e3 e5 4. Bxc4 exd4 5. Qb3 Qe7 6. a3
D20	Gambetto di Donna Accettato: Vecchia Variante, Gambetto Christensen	1. d4 d5 2. c4 dxc4 3. e3 e5 4. Bxc4 exd4 5. Qb3 Qe7 6. Nf3
D20	Gambetto di Donna Accettato: Vecchia Variante, Gambetto Korchnoi	1. d4 d5 2. c4 dxc4 3. e3 e5 4. Bxc4 exd4 5. Qb3 Qe7 6. Kf1
D20	Gambetto di Donna Accettato: Vecchia Variante, Gambetto Novikov	1. d4 d5 2. c4 dxc4 3. e3 e5 4. Bxc4 exd4 5. Qb3 Qe7 6. Nd2
D20	Gambetto di Donna Accettato: Variante Saduleto	1. d4 d5 2. c4 dxc4 3. e4
D20	Gambetto di Donna Accettato: Difesa Schwartz	1. d4 d5 2. c4 dxc4 3. e4 f5
D21	Gambetto di Donna Accettato: Difesa Alekhine, Variante Borisenko-Furman	1. d4 d5 2. c4 dxc4 3. Nf3 a6 4. e4
D21	Gambetto di Donna Accettato: Variante Godes	1. d4 d5 2. c4 dxc4 3. Nf3 Nd7
D21	Gambetto di Donna Accettato: Difesa Gunsberg	1. d4 d5 2. c4 dxc4 3. Nf3 c5
D21	Gambetto di Donna Accettato: Variante Normale	1. d4 d5 2. c4 dxc4 3. Nf3
D21	Gambetto di Donna Accettato: Variante Rosenthal	1. d4 d5 2. c4 dxc4 3. Nf3 e6
D21	Gambetto di Donna Accettato: Gambetto Slavo	1. d4 d5 2. c4 dxc4 3. Nf3 b5
D22	Gambetto di Donna Accettato: Difesa Alekhine	1. d4 d5 2. c4 dxc4 3. Nf3 a6
D22	Gambetto di Donna Accettato: Difesa Alekhine, Variante Alatortsev	1. d4 d5 2. c4 dxc4 3. Nf3 a6 4. e3 Bg4 5. Bxc4 e6 6. d5
D22	Gambetto di Donna Accettato: Difesa Alekhine, Variante Haberditz	1. d4 d5 2. c4 dxc4 3. Nf3 a6 4. e3 b5
D23	Gambetto di Donna Accettato	1. d4 d5 2. c4 dxc4 3. Nf3 Nf6
D23	Gambetto di Donna Accettato: Variante di Mannheim	1. d4 d5 2. c4 dxc4 3. Nf3 Nf6 4. Qa4+
D24	Gambetto di Donna Accettato	1. d4 d5 2. c4 e6 3. Nf3 Nf6 4. Nc3 dxc4 5. e4
D24	Gambetto di Donna Accettato	1. d4 d5 2. c4 e6 3. Nf3 Nf6 4. Nc3 dxc4 5. Bg5
D24	Gambetto di Donna Accettato: Difesa Bogoljubow	1. d4 d5 2. c4 dxc4 3. Nf3 Nf6 4. Nc3 a6 5. e4
D24	Gambetto di Donna Accettato: Difesa Gunsberg, Gambetto Prianishenmo	1. d4 d5 2. c4 dxc4 3. Nf3 Nf6 4. Nc3 c5 5. d5 e6 6. e4 exd5 7. e5
D24	Gambetto di Donna Accettato: Variante Showalter	1. d4 d5 2. c4 dxc4 3. Nf3 Nf6 4. Nc3
D25	Gambetto di Donna Accettato: Variante Janowski-Larsen	1. d4 d5 2. c4 dxc4 3. Nf3 Nf6 4. e3 Bg4
D25	Gambetto di Donna Accettato: Variante Normale	1. d4 d5 2. c4 dxc4 3. Nf3 Nf6 4. e3
D25	Gambetto di Donna Accettato: Variante Smyslov	1. d4 d5 2. c4 dxc4 3. Nf3 Nf6 4. e3 g6
D25	Gambetto di Donna Accettato: Difesa Winawer	1. d4 d5 2. c4 dxc4 3. Nf3 Nf6 4. e3 Be6
D26	Gambetto di Donna Accettato: Difesa Classica	1. d4 d5 2. c4 dxc4 3. Nf3 Nf6 4. e3 e6 5. Bxc4 c5
D26	Gambetto di Donna Accettato: Difesa Classica, Linea Normale	1. d4 d5 2. c4 dxc4 3. Nf3 Nf6 4. e3 e6 5. Bxc4 c5 6. O-O
D26	Gambetto di Donna Accettato: Difesa Classica, Variante Steinitz, Variante di Sviluppo	1. d4 d5 2. c4 dxc4 3. Nf3 Nf6 4. e3 e6 5. Bxc4 c5 6. O-O Nc6
D26	Gambetto di Donna Accettato: Difesa Classica, Variante Steinitz, Variante di Cambio	1. d4 d5 2. c4 dxc4 3. Nf3 Nf6 4. e3 e6 5. Bxc4 c5 6. O-O cxd4
D26	Gambetto di Donna Accettato: Classica, Variante Furman	1. d4 d5 2. c4 dxc4 3. Nf3 Nf6 4. e3 e6 5. Bxc4 c5 6. Qe2 a6 7. dxc5 Bxc5 8. O-O Nc6 9. e4 b5 10. e5
D26	Gambetto di Donna Accettato: Variante Normale, Sistema Tradizionale	1. d4 d5 2. c4 dxc4 3. Nf3 Nf6 4. e3 e6
D26	Gambetto di Donna Accettato: Variante Normale, Sistema Tradizionale	1. d4 d5 2. c4 dxc4 3. Nf3 Nf6 4. e3 e6 5. Bxc4 Be7 6. O-O a6
D26	Gambetto di Donna Accettato: Variante Normale, Sistema Tradizionale	1. d4 d5 2. c4 dxc4 3. Nf3 Nf6 4. e3 e6 5. Bxc4 Be7 6. O-O O-O
D26	Gambetto di Donna Accettato: Variante Normale, Sistema Tradizionale	1. d4 d5 2. c4 dxc4 3. Nf3 Nf6 4. e3 e6 5. Bxc4 Be7 6. O-O O-O 7. Nc3
D27	Gambetto di Donna Accettato: Difesa Classica, Linea principale	1. d4 d5 2. c4 dxc4 3. Nf3 Nf6 4. e3 e6 5. Bxc4 c5 6. O-O a6
D27	Gambetto di Donna Accettato: Difesa Classica, Linea principale	1. d4 d5 2. c4 dxc4 3. Nf3 Nf6 4. e3 e6 5. Bxc4 c5 6. O-O a6 7. Nc3
D27	Gambetto di Donna Accettato: Difesa Classica, Variante Rubinstein	1. d4 d5 2. c4 dxc4 3. Nf3 Nf6 4. e3 e6 5. Bxc4 c5 6. O-O a6 7. a4
D27	Gambetto di Donna Accettato: Difesa Classica, Variante Rubinstein	1. d4 d5 2. c4 dxc4 3. Nf3 e6 4. e3 Nf6 5. Bxc4 Be7 6. O-O O-O 7. Nc3 a6 8. a4 c5
D27	Gambetto di Donna Accettato: Difesa Classica, Gambetto Russo	1. d4 d5 2. c4 dxc4 3. e3 Nf6 4. Bxc4 e6 5. Nf3 c5 6. O-O a6 7. e4
D27	Gambetto di Donna Accettato: Variante Furman	1. d4 d5 2. c4 dxc4 3. Nf3 Nf6 4. e3 e6 5. Bxc4 c5 6. O-O a6 7. dxc5 Bxc5
D28	Gambetto di Donna Accettato: Difesa Classica, Sistema Alekhine	1. d4 d5 2. c4 dxc4 3. Nf3 Nf6 4. e3 e6 5. Bxc4 c5 6. O-O a6 7. Qe2
D28	Gambetto di Donna Accettato: Difesa Classica, Sistema Alekhine	1. d4 d5 2. c4 dxc4 3. Nf3 Nf6 4. e3 e6 5. Bxc4 c5 6. O-O a6 7. Qe2 b5
D28	Gambetto di Donna Accettato: Classica, Variante Flohr	1. d4 d5 2. c4 dxc4 3. Nf3 Nf6 4. e3 e6 5. Bxc4 c5 6. O-O a6 7. Qe2 b5 8. Bb3 Nc6 9. Rd1 c4 10. Bc2 Nb4 11. Nc3 Nxc2 12. Qxc2 Bb7 13. d5 Qc7
D29	Gambetto di Donna Accettato: Difesa Classica, Sistema Alekhine, Linea principale	1. d4 d5 2. c4 dxc4 3. Nf3 Nf6 4. e3 e6 5. Bxc4 c5 6. O-O a6 7. Qe2 b5 8. Bb3 Bb7
D29	Gambetto di Donna Accettato: Difesa Classica, Sistema Alekhine, Linea principale	1. d4 d5 2. c4 dxc4 3. Nf3 Nf6 4. e3 e6 5. Bxc4 c5 6. O-O a6 7. Qe2 b5 8. Bb3 Bb7 9. Nc3
D29	Gambetto di Donna Accettato: Difesa Classica, Sistema Alekhine, Variante Smyslov	1. d4 d5 2. c4 dxc4 3. Nf3 Nf6 4. e3 e6 5. Bxc4 c5 6. O-O a6 7. Qe2 b5 8. Bb3 Bb7 9. Rd1 Nbd7 10. Nc3 Bd6
D30	Gambetto di Donna Rifiutato	1. d4 d5 2. c4 e6
D30	Gambetto di Donna Rifiutato: Variante Capablanca	1. d4 Nf6 2. c4 e6 3. Nf3 d5 4. Bg5 h6
D30	Gambetto di Donna Rifiutato: Variante Capablanca	1. d4 Nf6 2. Nf3 e6 3. c4 d5 4. Bg5 c6 5. Nbd2 Nbd7 6. e3
D30	Gambetto di Donna Rifiutato: Variante del Semmering	1. d4 d5 2. c4 c6 3. Nf3 Nf6 4. e3 e6 5. Nbd2 Nbd7 6. Bd3 c5
D30	Gambetto di Donna Rifiutato: Variante Spielmann	1. d4 d5 2. c4 e6 3. Nf3 Nf6 4. e3 c6 5. Nbd2 g6
D30	Gambetto di Donna Rifiutato: Variante Stonewall	1. d4 d5 2. c4 c6 3. Nf3 Nf6 4. e3 e6 5. Nbd2 Ne4 6. Bd3 f5
D30	Gambetto di Donna Rifiutato: Difesa Tarrasch, Pseudo-Tarrasch	1. d4 d5 2. c4 e6 3. Nf3 c5
D30	Gambetto di Donna Rifiutato: Difesa Tarrasch, Attacco Pseudo-Tarrasch d'Alfiere	1. d4 d5 2. c4 e6 3. Nf3 c5 4. cxd5 exd5 5. Bg5
D30	Gambetto di Donna Rifiutato: Variante Tradizionale	1. d4 Nf6 2. c4 e6 3. Nf3 d5 4. Bg5
D30	Gambetto di Donna Rifiutato: Variante Viennese	1. d4 Nf6 2. c4 e6 3. Nf3 d5 4. Bg5 Bb4+
D30	Difesa Semi-Slava: Variante Tranquilla	1. d4 d5 2. c4 c6 3. Nf3 Nf6 4. e3 e6 5. Nbd2
D30	Difesa Semi-Slava: Variante Tranquilla	1. d4 d5 2. c4 c6 3. Nf3 Nf6 4. e3 e6 5. Nbd2 Nbd7
D31	Gambetto di Donna Rifiutato: Variante Alapin	1. d4 e6 2. c4 b6 3. Nc3 d5
D31	Gambetto di Donna Rifiutato: Variante Charousek	1. d4 d5 2. c4 e6 3. Nc3 Be7
D31	Gambetto di Donna Rifiutato: Variante Charousek, Gambetto Miladinovic	1. d4 d5 2. c4 e6 3. Nc3 Be7 4. e4 dxe4 5. f3
D31	Gambetto di Donna Rifiutato: Variante Janowski	1. d4 d5 2. c4 e6 3. Nc3 a6
D31	Gambetto di Donna Rifiutato: Variante del Cavallo di Donna	1. d4 d5 2. c4 e6 3. Nc3
D31	Gambetto di Donna Rifiutato: Semi-Slava, Variante Abrahams	1. d4 d5 2. c4 e6 3. Nc3 c6 4. Nf3 dxc4 5. a4 Bb4 6. e3 b5 7. Bd2 a5
D31	Gambetto di Donna Rifiutato: Semi-Slava, Variante Junge	1. d4 d5 2. c4 e6 3. Nf3 c6 4. Nc3 dxc4 5. a4 Bb4 6. e3 b5 7. Bd2 Qb6
D31	Gambetto di Donna Rifiutato: Semi-Slava, Variante Koomen	1. d4 d5 2. c4 e6 3. Nc3 c6 4. Nf3 dxc4 5. e3 b5 6. a4 Bb4 7. Bd2 Qe7
D31	Difesa Semi-Slava: Ordine Accelerato di Mossa	1. d4 d5 2. c4 e6 3. Nc3 c6
D31	Difesa Semi-Slava: Anti-Noteboom, Variante Stonewall	1. d4 d5 2. c4 e6 3. Nc3 c6 4. e3 f5
D31	Difesa Semi-Slava: Anti-Noteboom, Variante Stonewall, Gambetto Portisch	1. d4 d5 2. c4 e6 3. Nc3 c6 4. e3 f5 5. g4
D31	Difesa Semi-Slava: Gambetto Gunderam	1. d4 d5 2. c4 e6 3. Nc3 c6 4. e4 dxe4 5. f3
D31	Difesa Semi-Slava: Gambetto Marshall	1. d4 d5 2. c4 e6 3. Nc3 c6 4. e4
D31	Difesa Semi-Slava: Gambetto Marshall, Variante Dimenticata	1. d4 d5 2. c4 e6 3. Nc3 c6 4. e4 dxe4 5. Nxe4 Bb4+ 6. Nc3
D31	Difesa Semi-Slava: Gambetto Marshall, Linea principale	1. d4 d5 2. c4 e6 3. Nc3 c6 4. e4 dxe4 5. Nxe4 Bb4+ 6. Bd2
D31	Difesa Semi-Slava: Gambetto Marshall, Variante Tolush	1. d4 d5 2. c4 e6 3. Nc3 c6 4. e4 dxe4 5. Nxe4 Bb4+ 6. Bd2 Qxd4 7. Bxb4 Qxe4+ 8. Be2 c5 9. Bxc5 Qxg2
D31	Difesa Semi-Slava: Variante Noteboom	1. d4 d5 2. c4 e6 3. Nc3 c6 4. Nf3 dxc4
D31	Difesa Semi-Slava: Variante Noteboom, Variante Abrahams	1. d4 d5 2. c4 e6 3. Nc3 c6 4. Nf3 dxc4 5. a4 Bb4 6. e3 Bxc3+ 7. bxc3 b5 8. axb5 cxb5
D31	Difesa Semi-Slava: Variante Noteboom, Gambetto Anti-Noteboom	1. d4 d5 2. c4 e6 3. Nc3 c6 4. Nf3 dxc4 5. g3
D31	Difesa Semi-Slava: Variante Noteboom, Variante Anti-Noteboom	1. d4 d5 2. c4 e6 3. Nc3 c6 4. Nf3 dxc4 5. Bg5
D31	Difesa Semi-Slava: Variante Noteboom, Variante Anti-Noteboom, Linea Belyavsky	1. d4 d5 2. c4 e6 3. Nc3 c6 4. Nf3 dxc4 5. Bg5 f6
D32	Gambetto di Donna Rifiutato: Difesa Tarrasch	1. d4 d5 2. c4 e6 3. Nc3 c5 4. cxd5 exd5
D32	Gambetto di Donna Rifiutato: Difesa Tarrasch	1. d4 d5 2. c4 e6 3. Nc3 c5 4. cxd5 exd5 5. Nf3 Nc6 6. Bg5 Be7
D32	Gambetto di Donna Rifiutato: Difesa Tarrasch	1. d4 d5 2. c4 e6 3. Nc3 c5 4. cxd5 exd5 5. Nf3 Nc6 6. Bg5 Be7 7. Bxe7 Ngxe7
D32	Gambetto di Donna Rifiutato: Difesa Tarrasch	1. d4 Nf6 2. c4 e6 3. Nf3 d5 4. e3 c5 5. cxd5 exd5 6. Nc3 a6 7. Be2 Nc6
D32	Difesa Tarrasch	1. d4 d5 2. c4 e6 3. Nc3 c5
D32	Difesa Tarrasch: Gambetto Grünfeld	1. d4 d5 2. c4 e6 3. Nc3 c5 4. cxd5 exd5 5. Nf3 Nc6 6. dxc5 d4 7. Na4 b5
D32	Difesa Tarrasch: Gambetto Marshall	1. d4 d5 2. c4 e6 3. Nc3 c5 4. cxd5 exd5 5. e4
D32	Difesa Tarrasch: Gambetto Schara	1. d4 d5 2. c4 e6 3. Nc3 c5 4. cxd5 cxd4
D32	Difesa Tarrasch: Variante Simmetrica	1. d4 d5 2. c4 e6 3. Nc3 c5 4. e3 Nf6 5. Nf3 Nc6
D32	Difesa Tarrasch: Variante Simmetrica	1. c4 c5 2. Nf3 Nc6 3. Nc3 Nf6 4. e3 e6 5. d4 d5 6. cxd5 exd5
D32	Difesa Tarrasch: Gambetto Tarrasch	1. d4 d5 2. c4 e6 3. Nc3 c5 4. cxd5 exd5 5. dxc5 d4 6. Na4 b5
D32	Difesa Tarrasch: Variante dei Due Cavalli	1. d4 d5 2. c4 e6 3. Nc3 c5 4. cxd5 exd5 5. Nf3
D32	Difesa Tarrasch: Gambetto von Hennig	1. d4 d5 2. c4 e6 3. Nc3 c5 4. cxd5 cxd4 5. Qxd4 Nc6 6. Qd1 exd5 7. Qxd5 Be6
D33	Difesa Tarrasch: Dubov Tarrasch	1. d4 d5 2. c4 e6 3. Nc3 c5 4. cxd5 exd5 5. Nf3 Nc6 6. g3 Nf6 7. Bg2 cxd4 8. Nxd4 Bc5
D33	Difesa Tarrasch: Variante di Praga	1. d4 d5 2. c4 e6 3. Nc3 c5 4. cxd5 exd5 5. Nf3 Nc6 6. g3 Nf6
D33	Difesa Tarrasch: Sistema Rubinstein	1. d4 d5 2. c4 e6 3. Nc3 c5 4. cxd5 exd5 5. Nf3 Nc6 6. g3
D33	Difesa Tarrasch: Variante Svedese	1. d4 d5 2. c4 e6 3. Nc3 c5 4. cxd5 exd5 5. Nf3 Nc6 6. g3 c4
D33	Difesa Tarrasch: Variante Svedese, Rottura Centrale	1. d4 d5 2. c4 e6 3. Nc3 c5 4. cxd5 exd5 5. Nf3 Nc6 6. g3 c4 7. e4
D33	Difesa Tarrasch: Variante Wagner	1. d4 d5 2. c4 e6 3. Nc3 c5 4. cxd5 exd5 5. Nf3 Nc6 6. g3 Nf6 7. Bg2 Bg4
D34	Gambetto di Donna Rifiutato: Difesa Tarrasch, Variante Stoltz	1. d4 d5 2. c4 e6 3. Nf3 c5 4. cxd5 exd5 5. g3 Nc6 6. Bg2 Nf6 7. O-O Be7 8. Nc3 O-O 9. Bg5 Be6 10. Rc1 b6
D34	Difesa Tarrasch: Variante Classica	1. d4 d5 2. c4 e6 3. Nc3 c5 4. cxd5 exd5 5. Nf3 Nc6 6. g3 Nf6 7. Bg2 Be7 8. O-O O-O
D34	Difesa Tarrasch: Variante Classica, Variante d'Avanzata	1. d4 d5 2. c4 e6 3. Nc3 c5 4. cxd5 exd5 5. Nf3 Nc6 6. g3 Nf6 7. Bg2 Be7 8. O-O O-O 9. Bg5 c4
D34	Difesa Tarrasch: Variante Classica, Variante Bogoljubow	1. d4 Nf6 2. c4 e6 3. Nc3 c5 4. Nf3 d5 5. cxd5 exd5 6. g3 Nc6 7. Bg2 Be7 8. O-O O-O 9. Bg5 Be6 10. Rc1 c4
D34	Difesa Tarrasch: Variante Classica, Variante di Karlsbad	1. d4 d5 2. c4 e6 3. Nc3 c5 4. cxd5 exd5 5. Nf3 Nc6 6. g3 Nf6 7. Bg2 Be7 8. O-O O-O 9. Bg5
D34	Difesa Tarrasch: Variante Classica, Variante Chandler	1. d4 d5 2. c4 e6 3. Nc3 c5 4. cxd5 exd5 5. Nf3 Nc6 6. g3 Nf6 7. Bg2 Be7 8. O-O O-O 9. Bg5 cxd4 10. Nxd4 h6 11. Be3 Re8 12. Rc1 Be6
D34	Difesa Tarrasch: Variante Classica, Gambetto Tarrasch Classico	1. d4 d5 2. c4 e6 3. Nc3 c5 4. cxd5 exd5 5. Nf3 Nc6 6. g3 Nf6 7. Bg2 Be7 8. O-O O-O 9. dxc5 d4
D34	Difesa Tarrasch: Variante Classica, Variante del Finale	1. d4 d5 2. c4 e6 3. Nc3 c5 4. cxd5 exd5 5. Nf3 Nc6 6. g3 Nf6 7. Bg2 Be7 8. O-O O-O 9. Bg5 Be6
D34	Difesa Tarrasch: Variante Classica, Linea principale	1. d4 d5 2. c4 e6 3. Nc3 c5 4. cxd5 exd5 5. Nf3 Nc6 6. g3 Nf6 7. Bg2 Be7 8. O-O O-O 9. Bg5 cxd4 10. Nxd4 h6 11. Be3 Re8
D34	Difesa Tarrasch: Variante Classica, Variante Petursson	1. d4 d5 2. c4 e6 3. Nc3 c5 4. cxd5 exd5 5. Nf3 Nc6 6. g3 Nf6 7. Bg2 Be7 8. O-O O-O 9. Bg5 cxd4 10. Nxd4 Re8
D34	Difesa Tarrasch: Variante Classica, Variante Réti	1. d4 d5 2. c4 e6 3. Nc3 c5 4. cxd5 exd5 5. Nf3 Nc6 6. g3 Nf6 7. Bg2 Be7 8. O-O O-O 9. dxc5 Bxc5 10. Na4
D34	Difesa Tarrasch: Variante Classica, Variante Spassky	1. d4 d5 2. c4 e6 3. Nc3 c5 4. cxd5 exd5 5. Nf3 Nc6 6. g3 Nf6 7. Bg2 Be7 8. O-O O-O 9. Bg5 cxd4 10. Nxd4 h6 11. Be3 Bg4
D34	Difesa Tarrasch: Variante di Praga, Linea principale	1. d4 d5 2. c4 e6 3. Nc3 c5 4. cxd5 exd5 5. Nf3 Nc6 6. g3 Nf6 7. Bg2 Be7
D35	Gambetto di Donna Rifiutato: Variante di Cambio	1. d4 Nf6 2. c4 e6 3. Nc3 d5 4. cxd5
D35	Gambetto di Donna Rifiutato: Variante di Cambio	1. d4 Nf6 2. c4 e6 3. Nf3 d5 4. e3 b6 5. Nc3 Bd6 6. cxd5 exd5
D35	Gambetto di Donna Rifiutato: Variante di Cambio	1. d4 d5 2. c4 e6 3. Nc3 Nf6 4. e3 Be7 5. cxd5 exd5 6. Bd3 O-O 7. Nf3 c6
D35	Gambetto di Donna Rifiutato: Variante di Cambio, Variante Carlsen	1. d4 Nf6 2. c4 e6 3. Nc3 d5 4. cxd5 exd5 5. Bg5 Be7 6. e3 h6 7. Bh4 Bg4
D35	Gambetto di Donna Rifiutato: Variante di Cambio, Variante del Camaleonte	1. d4 Nf6 2. c4 e6 3. Nc3 d5 4. cxd5 exd5 5. Bg5 Be7 6. e3 O-O 7. Bd3 Nbd7 8. Qc2 Re8 9. Nge2 Nf8 10. O-O-O
D35	Gambetto di Donna Rifiutato: Variante di Cambio, Variante Posizionale	1. d4 Nf6 2. c4 e6 3. Nc3 d5 4. cxd5 exd5 5. Bg5
D35	Gambetto di Donna Rifiutato: Variante di Cambio, Variante Posizionale	1. d4 Nf6 2. c4 e6 3. Nc3 d5 4. cxd5 exd5 5. Bg5 c6
D35	Gambetto di Donna Rifiutato: Variante di Cambio, Variante Sämisch	1. d4 Nf6 2. c4 e6 3. Nf3 d5 4. Nc3 Nbd7 5. cxd5 exd5 6. Bf4
D35	Gambetto di Donna Rifiutato: Attacco Harrwitz	1. d4 d5 2. c4 e6 3. Nc3 Nf6 4. Bf4
D35	Gambetto di Donna Rifiutato: Difesa Normale	1. d4 d5 2. c4 e6 3. Nc3 Nf6
D36	Gambetto di Donna Rifiutato: Variante di Cambio, Variante Reshevsky	1. d4 Nf6 2. c4 e6 3. Nc3 d5 4. cxd5 exd5 5. Bg5 c6 6. Qc2
D36	Gambetto di Donna Rifiutato: Variante di Cambio, Variante Reshevsky	1. d4 Nf6 2. c4 e6 3. Nc3 d5 4. cxd5 exd5 5. Bg5 c6 6. Qc2 Be7 7. e3 Nbd7 8. Bd3
D36	Gambetto di Donna Rifiutato: Variante di Cambio, Variante Reshevsky	1. d4 Nf6 2. c4 e6 3. Nc3 d5 4. cxd5 exd5 5. Bg5 c6 6. Qc2 Be7 7. e3 O-O 8. Bd3
D36	Gambetto di Donna Rifiutato: Variante di Cambio, Variante Reshevsky	1. d4 Nf6 2. c4 e6 3. Nc3 d5 4. cxd5 exd5 5. Bg5 c6 6. Qc2 Be7 7. e3 O-O 8. Bd3 h6 9. Bh4
D37	Gambetto di Donna Rifiutato: Variante di Barmen	1. d4 Nf6 2. c4 e6 3. Nf3 d5 4. Nc3 Nbd7
D37	Gambetto di Donna Rifiutato: Attacco Harrwitz	1. d4 Nf6 2. c4 e6 3. Nf3 d5 4. Nc3 Be7 5. Bf4
D37	Gambetto di Donna Rifiutato: Attacco Harrwitz	1. d4 Nf6 2. c4 e6 3. Nf3 d5 4. Nc3 Be7 5. Bf4 O-O 6. e3 c5 7. dxc5 Bxc5 8. Qc2 Nc6 9. Rd1 Qa5 10. a3
D37	Gambetto di Donna Rifiutato: Attacco Harrwitz	1. d4 Nf6 2. c4 e6 3. Nf3 d5 4. Nc3 Be7 5. Bf4 O-O 6. e3 c5 7. dxc5 Bxc5 8. Qc2 Nc6 9. a3 Qa5 10. O-O-O
D37	Gambetto di Donna Rifiutato: Attacco Harrwitz, Difesa del Fianchetto	1. d4 d5 2. c4 e6 3. Nc3 Be7 4. Nf3 Nf6 5. Bf4 O-O 6. e3 b6
D37	Gambetto di Donna Rifiutato: Attacco Harrwitz, Linea principale	1. d4 Nf6 2. c4 e6 3. Nf3 d5 4. Nc3 Be7 5. Bf4 O-O 6. e3 c5 7. dxc5 Bxc5
D37	Gambetto di Donna Rifiutato: Attacco Harrwitz, Difesa Ortodossa	1. d4 d5 2. c4 e6 3. Nc3 Nf6 4. Nf3 Be7 5. Bf4 O-O 6. e3 c6
D37	Gambetto di Donna Rifiutato: Attacco Harrwitz, Difesa dei Due Cavalli	1. d4 Nf6 2. c4 e6 3. Nf3 d5 4. Nc3 Be7 5. Bf4 O-O 6. e3 Nbd7
D37	Gambetto di Donna Rifiutato: Attacco Harrwitz, Difesa dei Due Cavalli, Linea del Blocco	1. d4 Nf6 2. c4 e6 3. Nc3 d5 4. Nf3 Be7 5. Bf4 O-O 6. e3 Nbd7 7. c5
D37	Gambetto di Donna Rifiutato: Difesa di Cavallo, Gambetto Alekhine	1. d4 Nf6 2. c4 e6 3. Nf3 d5 4. Nc3 Nbd7 5. Bg5 h6 6. Bh4 dxc4
D37	Gambetto di Donna Rifiutato: Variante Miles	1. d4 Nf6 2. c4 e6 3. Nf3 d5 4. Nc3 Be7 5. Bg5 O-O 6. Qc2
D37	Gambetto di Donna Rifiutato: Variante dei Tre Cavalli	1. d4 Nf6 2. c4 e6 3. Nf3 d5 4. Nc3
D37	Gambetto di Donna Rifiutato: Variante dei Tre Cavalli	1. d4 d5 2. c4 e6 3. Nc3 Nf6 4. Nf3 Be7 5. e3 O-O
D37	Gambetto di Donna Rifiutato: Tre Cavalli, Variante Viennese	1. d4 Nf6 2. c4 e6 3. Nf3 d5 4. Nc3 dxc4
D37	Gambetto di Donna Rifiutato: Variante Viennese, Variante Tranquilla	1. d4 Nf6 2. c4 e6 3. Nf3 d5 4. Nc3 dxc4 5. e3
D38	Gambetto di Donna Rifiutato: Difesa Ragozin	1. d4 Nf6 2. c4 e6 3. Nf3 d5 4. Nc3 Bb4
D38	Gambetto di Donna Rifiutato: Difesa Ragozin, Variante Alekhine	1. d4 Nf6 2. c4 e6 3. Nf3 d5 4. Nc3 Bb4 5. Qa4+
D38	Gambetto di Donna Rifiutato: Variante Vestfaliana	1. d4 Nf6 2. c4 e6 3. Nf3 d5 4. Nc3 Bb4 5. Bg5 Nbd7 6. e3 c5
D39	Gambetto di Donna Rifiutato: Difesa Ragozin, Variante Viennese	1. d4 Nf6 2. c4 e6 3. Nf3 d5 4. Nc3 Bb4 5. Bg5 dxc4
D40	Gambetto di Donna Rifiutato: Difesa Semi-Tarrasch	1. d4 Nf6 2. c4 e6 3. Nf3 d5 4. Nc3 c5
D40	Gambetto di Donna Rifiutato: Difesa Semi-Tarrasch	1. d4 d5 2. c4 e6 3. Nc3 Nf6 4. Nf3 c5 5. e3 Nc6 6. a3 cxd4 7. exd4 Bd6
D40	Gambetto di Donna Rifiutato: Difesa Semi-Tarrasch, Variante Levenfish	1. d4 d5 2. c4 e6 3. Nc3 Nf6 4. Nf3 c5 5. e3 Nc6 6. Bd3 Bd6 7. O-O O-O 8. Qe2 Qe7 9. dxc5 Bxc5 10. e4
D40	Gambetto di Donna Rifiutato: Difesa Semi-Tarrasch, Variante Pillsbury	1. d4 d5 2. c4 e6 3. Nc3 Nf6 4. Nf3 c5 5. Bg5
D40	Gambetto di Donna Rifiutato: Difesa Semi-Tarrasch, Variante Simmetrica	1. d4 d5 2. c4 e6 3. Nc3 Nf6 4. Nf3 c5 5. e3 Nc6 6. Bd3 Bd6 7. O-O O-O
D40	Gambetto di Donna Rifiutato: Difesa Semi-Tarrasch, con e3	1. d4 d5 2. c4 c5 3. Nf3 Nf6 4. Nc3 e6 5. e3 Nc6 6. Bd3
D41	Gambetto di Donna Rifiutato: Difesa Semi-Tarrasch	1. c4 c5 2. Nf3 Nf6 3. Nc3 Nc6 4. g3 d5 5. d4 e6
D41	Gambetto di Donna Rifiutato: Difesa Semi-Tarrasch	1. d4 Nf6 2. c4 e6 3. Nf3 d5 4. Nc3 c5 5. cxd5
D41	Gambetto di Donna Rifiutato: Difesa Semi-Tarrasch	1. d4 Nf6 2. c4 e6 3. Nf3 d5 4. Nc3 c5 5. cxd5 Nxd5 6. g3
D41	Gambetto di Donna Rifiutato: Difesa Semi-Tarrasch	1. d4 Nf6 2. c4 e6 3. Nf3 d5 4. Nc3 c5 5. cxd5 Nxd5 6. g3 Nc6 7. Bg2
D41	Gambetto di Donna Rifiutato: Difesa Semi-Tarrasch, Variante del Finale	1. d4 Nf6 2. c4 e6 3. Nf3 d5 4. Nc3 c5 5. cxd5 cxd4 6. Qxd4 exd5 7. e4 dxe4 8. Qxd8+
D41	Gambetto di Donna Rifiutato: Difesa Semi-Tarrasch, Variante di Cambio	1. d4 Nf6 2. c4 e6 3. Nf3 d5 4. Nc3 c5 5. cxd5 Nxd5 6. e4
D41	Gambetto di Donna Rifiutato: Difesa Semi-Tarrasch, Variante di Cambio	1. d4 Nf6 2. c4 e6 3. Nf3 d5 4. Nc3 c5 5. cxd5 Nxd5 6. e4 Nxc3 7. bxc3
D41	Gambetto di Donna Rifiutato: Difesa Semi-Tarrasch, Variante Kmoch	1. d4 d5 2. c4 e6 3. Nc3 Nf6 4. Nf3 c5 5. cxd5 Nxd5 6. e4 Nxc3 7. bxc3 cxd4 8. cxd4 Bb4+ 9. Bd2 Bxd2+ 10. Qxd2 O-O 11. Bb5
D41	Gambetto di Donna Rifiutato: Difesa Semi-Tarrasch, Variante Pillsbury	1. d4 Nf6 2. c4 e6 3. Nf3 d5 4. Nc3 c5 5. cxd5 Nxd5 6. e3
D41	Gambetto di Donna Rifiutato: Difesa Semi-Tarrasch, Variante San Sebastian	1. d4 d5 2. c4 e6 3. Nc3 Nf6 4. cxd5 Nxd5 5. e4 Nxc3 6. bxc3 c5 7. Nf3 cxd4 8. cxd4 Bb4+ 9. Bd2 Qa5
D42	Gambetto di Donna Rifiutato: Difesa Semi-Tarrasch, Linea principale	1. d4 Nf6 2. c4 e6 3. Nf3 d5 4. Nc3 c5 5. cxd5 Nxd5 6. e3 Nc6 7. Bd3
D43	Difesa Semi-Slava	1. d4 d5 2. c4 c6 3. Nf3 Nf6 4. Nc3 e6
D43	Difesa Semi-Slava: Gambetto Anti-Moscow	1. d4 d5 2. c4 c6 3. Nf3 Nf6 4. Nc3 e6 5. Bg5 h6 6. Bh4
D43	Difesa Semi-Slava: Variante di Hastings	1. d4 d5 2. c4 c6 3. Nf3 Nf6 4. Nc3 e6 5. Bg5 h6 6. Bxf6 Qxf6 7. Qb3
D43	Difesa Semi-Slava: Variante di Mosca	1. d4 d5 2. c4 c6 3. Nf3 Nf6 4. Nc3 e6 5. Bg5 h6 6. Bxf6 Qxf6
D44	Difesa Semi-Slava Accettata	1. d4 d5 2. c4 c6 3. Nf3 Nf6 4. Nc3 e6 5. Bg5 dxc4
D44	Difesa Semi-Slava: Variante Botvinnik	1. d4 d5 2. c4 c6 3. Nf3 Nf6 4. Nc3 e6 5. Bg5 dxc4 6. e4
D44	Difesa Semi-Slava: Variante Botvinnik	1. d4 d5 2. c4 c6 3. Nf3 Nf6 4. Nc3 e6 5. Bg5 dxc4 6. e4 b5 7. e5 h6 8. Bh4 g5 9. Nxg5
D44	Difesa Semi-Slava: Variante Botvinnik, Sistema Alatortsev	1. d4 Nf6 2. c4 e6 3. Nf3 d5 4. Nc3 c6 5. Bg5 dxc4 6. e4 b5 7. e5 h6 8. Bh4 g5 9. Nxg5 Nd5
D44	Difesa Semi-Slava: Variante Botvinnik, Variante Ekstrom	1. d4 d5 2. c4 c6 3. Nf3 Nf6 4. Nc3 e6 5. Bg5 dxc4 6. e4 b5 7. e5 h6 8. Bh4 g5 9. exf6 gxh4 10. Ne5
D44	Difesa Semi-Slava: Variante Botvinnik, Variante Lilienthal	1. d4 d5 2. c4 c6 3. Nf3 Nf6 4. Nc3 e6 5. Bg5 dxc4 6. e4 b5 7. e5 h6 8. Bh4 g5 9. Nxg5 hxg5 10. Bxg5 Nbd7 11. g3
D44	Difesa Semi-Slava: Variante Botvinnik, Variante Szabo	1. d4 Nf6 2. c4 e6 3. Nf3 d5 4. Nc3 c6 5. Bg5 dxc4 6. e4 b5 7. e5 h6 8. Bh4 g5 9. Nxg5 hxg5 10. Bxg5 Nbd7 11. Qf3
D45	Difesa Semi-Slava: Variante Accelerata di Merano	1. d4 d5 2. c4 c6 3. Nc3 Nf6 4. e3 e6 5. Nf3 a6
D45	Difesa Semi-Slava: Linea principale	1. d4 d5 2. c4 c6 3. Nc3 Nf6 4. e3 e6 5. Nf3
D45	Difesa Semi-Slava: Variante Normale	1. d4 d5 2. c4 c6 3. Nc3 Nf6 4. e3 e6 5. Nf3 Nbd7
D45	Difesa Semi-Slava: Variante Normale	1. Nf3 d5 2. e3 Nf6 3. c4 c6 4. Nc3 e6 5. b3 Bd6 6. Bb2 O-O 7. d4 Nbd7
D45	Difesa Semi-Slava: Variante Normale	1. d4 d5 2. c4 e6 3. Nc3 c6 4. Nf3 Nf6 5. e3 Nbd7 6. b3 Bd6 7. Bb2 O-O 8. Be2
D45	Difesa Semi-Slava: Sistema Rubinstein	1. d4 d5 2. c4 e6 3. Nc3 c6 4. Nf3 Nf6 5. e3 Nbd7 6. Ne5
D45	Difesa Semi-Slava: Variante Stoltz	1. d4 d5 2. c4 c6 3. Nc3 Nf6 4. e3 e6 5. Nf3 Nbd7 6. Qc2
D45	Difesa Semi-Slava: Variante Stoltz	1. d4 d5 2. c4 c6 3. Nc3 Nf6 4. e3 e6 5. Nf3 Nbd7 6. Qc2 b6 7. b3
D45	Difesa Semi-Slava: Variante Stoltz	1. d4 d5 2. c4 c6 3. Nc3 Nf6 4. e3 e6 5. Nf3 Nbd7 6. Qc2 b6 7. b3 Bb7
D45	Difesa Semi-Slava: Variante Stoltz	1. d4 d5 2. Nf3 Nf6 3. c4 c6 4. e3 e6 5. Nc3 Nbd7 6. Qc2 Bd6 7. b3
D45	Difesa Semi-Slava: Variante Stoltz	1. d4 d5 2. Nf3 Nf6 3. c4 c6 4. e3 e6 5. Nc3 Nbd7 6. Qc2 Bd6 7. b3 O-O 8. Bb2
D45	Difesa Semi-Slava: Variante Stoltz, Variante del Centro	1. d4 d5 2. c4 c6 3. Nf3 Nf6 4. Nc3 e6 5. e3 Nbd7 6. Qc2 Bd6 7. e4
D45	Difesa Semi-Slava: Variante Stoltz, Variante del Centro, Linea Mikhalchishin	1. d4 d5 2. c4 c6 3. Nf3 Nf6 4. Nc3 e6 5. e3 Nbd7 6. Qc2 Bd6 7. e4 dxe4 8. Nxe4 Nxe4 9. Qxe4 e5 10. dxe5
D45	Difesa Semi-Slava: Variante Stoltz, Attacco Shabalov	1. d4 d5 2. c4 c6 3. Nf3 Nf6 4. Nc3 e6 5. e3 Nbd7 6. Qc2 Bd6 7. g4
D45	Difesa Semi-Slava: Difesa Stonewall	1. d4 d5 2. Nf3 Nf6 3. c4 c6 4. Nc3 e6 5. e3 Ne4 6. Bd3 f5
D46	Difesa Semi-Slava: Variante Bogoljubow	1. d4 d5 2. c4 c6 3. Nc3 Nf6 4. e3 e6 5. Nf3 Nbd7 6. Bd3 Be7
D46	Difesa Semi-Slava: Difesa Chigorin	1. d4 d5 2. c4 c6 3. Nc3 Nf6 4. e3 e6 5. Nf3 Nbd7 6. Bd3 Bd6
D46	Difesa Semi-Slava: Difesa Chigorin	1. d4 d5 2. c4 c6 3. Nc3 Nf6 4. e3 e6 5. Nf3 Nbd7 6. Bd3 Bd6 7. Qc2
D46	Difesa Semi-Slava: Difesa Chigorin	1. d4 d5 2. c4 c6 3. Nc3 Nf6 4. e3 e6 5. Nf3 Nbd7 6. b3 Bd6 7. Bb2 O-O 8. Bd3
D46	Difesa Semi-Slava: Difesa Chigorin	1. d4 d5 2. c4 c6 3. Nc3 Nf6 4. e3 e6 5. Nf3 Nbd7 6. Qc2 b6 7. b3 Bb7 8. Bd3
D46	Difesa Semi-Slava: Difesa Chigorin	1. d4 d5 2. c4 c6 3. Nc3 Nf6 4. e3 e6 5. Nf3 Nbd7 6. Qc2 Bd6 7. b3 O-O 8. Bb2 Re8 9. Bd3
D46	Difesa Semi-Slava: Difesa Chigorin	1. d4 d5 2. c4 c6 3. Nc3 Nf6 4. e3 e6 5. Nf3 Nbd7 6. Qc2 Bd6 7. b3 O-O 8. Bb2 Qe7 9. Bd3
D46	Difesa Semi-Slava: Difesa Chigorin	1. d4 d5 2. c4 c6 3. Nf3 e6 4. e3 Nf6 5. Nc3 Bd6 6. Bd3 dxc4 7. Bxc4 b5 8. Bd3 Nbd7 9. O-O O-O 10. Qc2
D46	Difesa Semi-Slava: Difesa Chigorin	1. d4 d5 2. c4 c6 3. Nc3 Nf6 4. e3 e6 5. Nf3 Nbd7 6. Bd3 dxc4 7. Bxc4 b5 8. Bd3 Bd6 9. O-O Bb7 10. a3 O-O 11. Qc2
D46	Difesa Semi-Slava: Linea principale	1. d4 d5 2. c4 c6 3. Nc3 Nf6 4. e3 e6 5. Nf3 Nbd7 6. Bd3
D46	Difesa Semi-Slava: Linea principale	1. d4 d5 2. c4 c6 3. Nc3 Nf6 4. e3 e6 5. Nf3 Nbd7 6. Qc2 b6 7. b3 Bb7 8. Bd3 Be7 9. O-O O-O 10. Bb2
D46	Difesa Semi-Slava: Variante Romih	1. d4 d5 2. c4 c6 3. Nc3 Nf6 4. e3 e6 5. Nf3 Nbd7 6. Bd3 Bb4
D47	Difesa Semi-Slava: Variante di Merano	1. d4 d5 2. c4 c6 3. Nc3 Nf6 4. e3 e6 5. Nf3 Nbd7 6. Bd3 dxc4 7. Bxc4 b5
D47	Difesa Semi-Slava: Variante di Merano, Variante Lundin	1. d4 d5 2. c4 c6 3. Nf3 Nf6 4. Nc3 e6 5. e3 Nbd7 6. Bd3 dxc4 7. Bxc4 b5 8. Bd3 b4
D47	Difesa Semi-Slava: Variante di Merano, Variante Wade	1. d4 d5 2. c4 c6 3. Nc3 Nf6 4. e3 e6 5. Nf3 Nbd7 6. Bd3 dxc4 7. Bxc4 b5 8. Bd3 Bb7
D47	Difesa Semi-Slava: Variante di Merano, Variante Wade, Gambetto Kaidanov	1. d4 d5 2. c4 c6 3. Nc3 Nf6 4. e3 e6 5. Nf3 Nbd7 6. Bd3 dxc4 7. Bxc4 b5 8. Bd3 Bb7 9. e4 b4 10. Na4 c5 11. e5 Nd5 12. O-O cxd4 13. Nxd4
D47	Difesa Semi-Slava: Variante di Merano, Variante Wade, Variante Larsen	1. d4 d5 2. c4 c6 3. Nc3 Nf6 4. e3 e6 5. Nf3 Nbd7 6. Bd3 dxc4 7. Bxc4 b5 8. Bd3 Bb7 9. e4 b4 10. Na4 c5 11. e5 Nd5
D47	Difesa Semi-Slava: Variante Semi-Meran	1. d4 d5 2. c4 c6 3. Nc3 Nf6 4. e3 e6 5. Nf3 Nbd7 6. Bd3 dxc4 7. Bxc4
D48	Difesa Semi-Slava: Variante di Merano	1. d4 d5 2. c4 c6 3. Nc3 Nf6 4. e3 e6 5. Nf3 Nbd7 6. Bd3 dxc4 7. Bxc4 b5 8. Bd3 a6
D48	Difesa Semi-Slava: Variante di Merano	1. d4 d5 2. c4 c6 3. Nc3 Nf6 4. e3 e6 5. Nf3 Nbd7 6. Bd3 dxc4 7. Bxc4 b5 8. Bd3 a6 9. e4 c5
D48	Difesa Semi-Slava: Variante di Merano, Vecchia Variante	1. d4 d5 2. c4 c6 3. Nc3 Nf6 4. e3 e6 5. Nf3 Nbd7 6. Bd3 dxc4 7. Bxc4 b5 8. Bd3 a6 9. e4 c5 10. e5
D48	Difesa Semi-Slava: Variante di Merano, Variante Pirc	1. d4 d5 2. c4 e6 3. Nc3 c6 4. e3 Nf6 5. Nf3 Nbd7 6. Bd3 dxc4 7. Bxc4 b5 8. Bd3 a6 9. e4 b4
D48	Difesa Semi-Slava: Variante di Merano, Variante Reynolds'	1. d4 d5 2. c4 c6 3. Nf3 Nf6 4. Nc3 e6 5. e3 Nbd7 6. Bd3 dxc4 7. Bxc4 b5 8. Bd3 a6 9. e4 c5 10. d5
D49	Difesa Semi-Slava: Variante di Merano, Variante Blumenfeld	1. d4 d5 2. c4 c6 3. Nc3 Nf6 4. e3 e6 5. Nf3 Nbd7 6. Bd3 dxc4 7. Bxc4 b5 8. Bd3 a6 9. e4 c5 10. e5 cxd4 11. Nxb5
D49	Difesa Semi-Slava: Variante di Merano, Variante Rabinovich	1. d4 d5 2. c4 c6 3. Nc3 Nf6 4. e3 e6 5. Nf3 Nbd7 6. Bd3 dxc4 7. Bxc4 b5 8. Bd3 a6 9. e4 c5 10. e5 cxd4 11. Nxb5 Ng4
D49	Difesa Semi-Slava: Variante di Merano, Attacco Rellstab	1. d4 d5 2. c4 c6 3. Nc3 Nf6 4. Nf3 e6 5. e3 Nbd7 6. Bd3 dxc4 7. Bxc4 b5 8. Bd3 a6 9. e4 c5 10. e5 cxd4 11. Nxb5 Nxe5 12. Nxe5 axb5 13. O-O Qd5 14. Qe2 Ba6 15. Bg5
D49	Difesa Semi-Slava: Variante di Merano, Variante Sozin	1. d4 d5 2. c4 c6 3. Nf3 Nf6 4. Nc3 e6 5. e3 Nbd7 6. Bd3 dxc4 7. Bxc4 b5 8. Bd3 a6 9. e4 c5 10. e5 cxd4 11. Nxb5 Nxe5
D49	Difesa Semi-Slava: Variante di Merano, Variante Sozin	1. d4 d5 2. Nf3 Nf6 3. c4 c6 4. Nc3 e6 5. e3 Nbd7 6. Bd3 dxc4 7. Bxc4 b5 8. Bd3 a6 9. e4 c5 10. e5 cxd4 11. Nxb5 Nxe5 12. Nxe5 axb5 13. O-O
D49	Difesa Semi-Slava: Variante di Merano, Variante Stahlberg	1. d4 d5 2. c4 c6 3. Nc3 Nf6 4. e3 e6 5. Nf3 Nbd7 6. Bd3 dxc4 7. Bxc4 b5 8. Bd3 a6 9. e4 c5 10. e5 cxd4 11. Nxb5 Nxe5 12. Nxe5 axb5 13. Qf3
D50	Gambetto di Donna Rifiutato: Variante Been-Koomen	1. d4 d5 2. c4 e6 3. Nc3 Nf6 4. Bg5 c5
D50	Gambetto di Donna Rifiutato: Variante Moderna	1. d4 d5 2. c4 e6 3. Nc3 Nf6 4. Bg5
D50	Gambetto di Donna Rifiutato: Variante Pseudo-Tarrasch	1. d4 d5 2. c4 e6 3. Nc3 Nf6 4. Bg5 c5 5. cxd5
D50	Gambetto di Donna Rifiutato: Variante Pseudo-Tarrasch, Variante Canal	1. d4 d5 2. c4 e6 3. Nc3 Nf6 4. Bg5 c5 5. cxd5 Qb6
D50	Gambetto di Donna Rifiutato: Variante Pseudo-Tarrasch, Variante Pillsbury Primitiva	1. d4 d5 2. c4 e6 3. Nc3 Nf6 4. Bg5 c5 5. Nf3 cxd4 6. Qxd4
D50	Gambetto di Donna Rifiutato: Difesa Semi-Tarrasch, Variante Krause	1. d4 d5 2. c4 e6 3. Nc3 Nf6 4. Bg5 c5 5. Nf3 cxd4 6. Nxd4 e5 7. Ndb5 a6 8. Qa4
D51	Gambetto di Donna Rifiutato: Variante Alekhine	1. d4 d5 2. c4 e6 3. Nc3 Nf6 4. Bg5 Nbd7 5. Nf3 c6 6. e4
D51	Gambetto di Donna Rifiutato: Variante Capablanca, Variante Anti-Cambridge Springs	1. d4 d5 2. c4 e6 3. Nc3 Nf6 4. Bg5 Nbd7 5. e3 c6 6. a3
D51	Gambetto di Donna Rifiutato: Variante di Manhattan	1. d4 d5 2. c4 e6 3. Nc3 Nf6 4. Bg5 Nbd7 5. e3 Bb4
D51	Gambetto di Donna Rifiutato: Variante Moderna, Difesa di Cavallo	1. d4 d5 2. c4 e6 3. Nc3 Nf6 4. Bg5 Nbd7
D51	Gambetto di Donna Rifiutato: Variante Moderna, Difesa di Cavallo	1. d4 d5 2. c4 e6 3. Nc3 Nf6 4. Bg5 Nbd7 5. e3
D51	Gambetto di Donna Rifiutato: Variante Moderna, Difesa di Cavallo	1. d4 d5 2. c4 e6 3. Nc3 Nf6 4. Bg5 Nbd7 5. e3 c6
D51	Gambetto di Donna Rifiutato: Variante Rochlin	1. d4 d5 2. c4 e6 3. Nc3 Nf6 4. Bg5 Nbd7 5. Nf3 c6 6. Rc1 Qa5 7. Bd2
D52	Gambetto di Donna Rifiutato	1. d4 d5 2. c4 c6 3. Nf3 Nf6 4. Nc3 e6 5. Bg5 Nbd7 6. e3
D52	Gambetto di Donna Rifiutato: Difesa Springs di Cambridge	1. d4 d5 2. c4 c6 3. Nf3 Nf6 4. Nc3 e6 5. Bg5 Nbd7 6. e3 Qa5
D52	Gambetto di Donna Rifiutato: Difesa Springs di Cambridge	1. d4 d5 2. c4 c6 3. Nf3 Nf6 4. Nc3 e6 5. Bg5 Nbd7 6. e3 Qa5 7. cxd5
D52	Gambetto di Donna Rifiutato: Difesa Springs di Cambridge, Variante Argentina	1. d4 d5 2. c4 e6 3. Nc3 Nf6 4. Bg5 Nbd7 5. e3 c6 6. Nf3 Qa5 7. Nd2 Bb4 8. Qc2 O-O 9. Bh4
D52	Gambetto di Donna Rifiutato: Difesa Springs di Cambridge, Variante Bogoljubow	1. d4 d5 2. c4 c6 3. Nf3 Nf6 4. Nc3 e6 5. Bg5 Nbd7 6. e3 Qa5 7. Nd2 Bb4 8. Qc2
D52	Gambetto di Donna Rifiutato: Difesa Springs di Cambridge, Variante Capablanca	1. d4 d5 2. c4 e6 3. Nc3 Nf6 4. Bg5 Nbd7 5. e3 c6 6. Nf3 Qa5 7. Bxf6
D52	Gambetto di Donna Rifiutato: Difesa Springs di Cambridge, Variante Rubinstein	1. d4 d5 2. c4 c6 3. Nf3 Nf6 4. Nc3 e6 5. Bg5 Nbd7 6. e3 Qa5 7. Nd2 dxc4
D52	Gambetto di Donna Rifiutato: Difesa Springs di Cambridge, Variante Jugoslava	1. d4 d5 2. c4 c6 3. Nf3 Nf6 4. Nc3 e6 5. Bg5 Nbd7 6. e3 Qa5 7. cxd5 Nxd5
D53	Gambetto di Donna Rifiutato	1. d4 d5 2. c4 e6 3. Nc3 Nf6 4. Bg5 Be7
D53	Gambetto di Donna Rifiutato	1. d4 d5 2. c4 e6 3. Nc3 Nf6 4. Bg5 Be7 5. Nf3
D53	Gambetto di Donna Rifiutato	1. d4 d5 2. c4 e6 3. Nc3 Nf6 4. Bg5 Be7 5. Nf3 c6 6. e3 dxc4 7. Bxc4
D53	Gambetto di Donna Rifiutato	1. d4 d5 2. c4 e6 3. Nf3 Nf6 4. Nc3 dxc4 5. Bg5 Be7
D53	Gambetto di Donna Rifiutato	1. d4 d5 2. c4 e6 3. Nf3 Nf6 4. Nc3 dxc4 5. Bg5 Be7 6. e4
D53	Gambetto di Donna Rifiutato	1. d4 d5 2. c4 e6 3. Nf3 Nf6 4. Nc3 Nc6 5. Bg5 Be7 6. e3 O-O
D53	Gambetto di Donna Rifiutato: Difesa Lasker	1. d4 Nf6 2. c4 e6 3. Nc3 d5 4. Bg5 Be7 5. e3 Ne4
D53	Gambetto di Donna Rifiutato: Variante Moderna, Variante Heral	1. d4 d5 2. c4 e6 3. Nc3 Nf6 4. Bg5 Be7 5. Bxf6
D53	Gambetto di Donna Rifiutato: Variante Uhlmann	1. d4 d5 2. c4 e6 3. Nc3 Be7 4. Nf3 Nf6 5. Bg5 h6 6. Bh4 O-O 7. Rc1 dxc4
D54	Gambetto di Donna Rifiutato: Variante Neo-Ortodossa	1. d4 Nf6 2. c4 e6 3. Nc3 d5 4. Bg5 Be7 5. e3 O-O 6. Rc1
D55	Gambetto di Donna Rifiutato: Variante Anti-Tartakower	1. d4 Nf6 2. c4 e6 3. Nf3 d5 4. Nc3 Be7 5. Bg5 O-O 6. e3 h6 7. Bxf6
D55	Gambetto di Donna Rifiutato: Variante Anti-Tartakower, Variante Petrosian	1. d4 Nf6 2. c4 e6 3. Nf3 d5 4. Nc3 Be7 5. Bg5 h6 6. Bxf6 Bxf6 7. e3 O-O 8. Rc1 c6 9. Bd3 Nd7 10. O-O dxc4 11. Bxc4
D55	Gambetto di Donna Rifiutato: Variante Moderna, Linea Normale	1. d4 Nf6 2. c4 e6 3. Nf3 d5 4. Nc3 Be7 5. Bg5 O-O 6. e3
D55	Gambetto di Donna Rifiutato: Variante Neo-Ortodossa	1. d4 Nf6 2. c4 e6 3. Nf3 d5 4. Nc3 Be7 5. Bg5 O-O 6. e3 h6
D55	Gambetto di Donna Rifiutato: Variante Neo-Ortodossa, Linea principale	1. d4 Nf6 2. c4 e6 3. Nf3 d5 4. Nc3 Be7 5. Bg5 h6 6. Bh4 O-O 7. e3
D55	Gambetto di Donna Rifiutato: Attacco Pillsbury	1. d4 Nf6 2. c4 e6 3. Nf3 b6 4. Nc3 d5 5. cxd5 exd5 6. Bg5 Be7 7. e3 O-O 8. Bd3 Bb7 9. Ne5
D56	Gambetto di Donna Rifiutato	1. d4 d5 2. c4 e6 3. Nf3 Nf6 4. Nc3 Nc6 5. Bg5 Be7 6. e3 O-O 7. Rc1 h6 8. Bh4
D56	Gambetto di Donna Rifiutato: Difesa Lasker	1. d4 d5 2. c4 e6 3. Nc3 Be7 4. Nf3 Nf6 5. Bg5 h6 6. Bh4 O-O 7. e3 Ne4
D56	Gambetto di Donna Rifiutato: Difesa Lasker	1. d4 d5 2. c4 e6 3. Nf3 Nf6 4. Nc3 Nc6 5. Bg5 Be7 6. e3 O-O 7. Rc1 h6 8. Bh4 Ne4
D56	Gambetto di Donna Rifiutato: Difesa Lasker, Variante Russa	1. d4 d5 2. c4 e6 3. Nc3 Nf6 4. Bg5 Be7 5. e3 O-O 6. Nf3 h6 7. Bh4 Ne4 8. Bxe7 Qxe7 9. Qc2 Nf6 10. Bd3 dxc4 11. Bxc4 c5 12. O-O Nc6 13. Rfd1 Bd7
D56	Gambetto di Donna Rifiutato: Difesa Lasker, Variante Teichmann	1. d4 Nf6 2. c4 e6 3. Nf3 d5 4. Nc3 Be7 5. Bg5 h6 6. Bh4 O-O 7. e3 Ne4 8. Bxe7 Qxe7 9. Qc2
D57	Gambetto di Donna Rifiutato: Difesa Lasker, Variante Bernstein	1. d4 Nf6 2. c4 e6 3. Nc3 d5 4. Bg5 Be7 5. e3 h6 6. Bh4 O-O 7. Nf3 Ne4 8. Bxe7 Qxe7 9. cxd5 Nxc3 10. bxc3 exd5 11. Qb3 Qd6
D57	Gambetto di Donna Rifiutato: Difesa Lasker, Variante Bernstein, Gambetto Mar Plata del	1. d4 d5 2. c4 e6 3. Nc3 Nf6 4. Bg5 Be7 5. e3 O-O 6. Nf3 h6 7. Bh4 Ne4 8. Bxe7 Qxe7 9. cxd5 Nxc3 10. bxc3 exd5 11. Qb3 Rd8 12. c4 Be6
D57	Gambetto di Donna Rifiutato: Difesa Lasker, Linea principale	1. d4 d5 2. c4 e6 3. Nc3 Be7 4. Nf3 Nf6 5. Bg5 h6 6. Bh4 O-O 7. e3 Ne4 8. Bxe7 Qxe7 9. cxd5 Nxc3 10. bxc3
D58	Gambetto di Donna Rifiutato: Difesa Tartakower	1. d4 Nf6 2. c4 e6 3. Nf3 d5 4. Nc3 Be7 5. Bg5 h6 6. Bh4 O-O 7. e3 b6
D58	Gambetto di Donna Rifiutato: Difesa Tartakower, Variante di Cambio	1. d4 d5 2. c4 e6 3. Nc3 Be7 4. Nf3 Nf6 5. Bg5 h6 6. Bh4 O-O 7. e3 b6 8. cxd5 exd5
D59	Gambetto di Donna Rifiutato: Difesa Tartakower	1. d4 d5 2. c4 e6 3. Nc3 Be7 4. Nf3 Nf6 5. Bg5 h6 6. Bh4 O-O 7. e3 b6 8. cxd5 Nxd5 9. Bxe7 Qxe7 10. Nxd5 exd5 11. Rc1 Be6
D59	Gambetto di Donna Rifiutato: Difesa Tartakower, Variante Makogonov di Cambio	1. d4 d5 2. c4 e6 3. Nc3 Be7 4. Nf3 Nf6 5. Bg5 h6 6. Bh4 O-O 7. e3 b6 8. cxd5 Nxd5
D60	Gambetto di Donna Rifiutato: Difesa Ortodossa	1. d4 Nf6 2. c4 e6 3. Nf3 d5 4. Nc3 Be7 5. Bg5 O-O 6. e3 Nbd7
D60	Gambetto di Donna Rifiutato: Difesa Ortodossa, Variante Botvinnik	1. d4 Nf6 2. c4 e6 3. Nf3 d5 4. Nc3 Be7 5. Bg5 O-O 6. e3 Nbd7 7. Bd3
D60	Gambetto di Donna Rifiutato: Difesa Ortodossa, Variante Botvinnik	1. d4 Nf6 2. c4 e6 3. Nf3 d5 4. Nc3 Be7 5. Bg5 O-O 6. e3 Nbd7 7. Bd3 c6
D60	Gambetto di Donna Rifiutato: Difesa Ortodossa, Variante Rauzer	1. d4 d5 2. Nf3 Nf6 3. c4 e6 4. Nc3 Be7 5. Bg5 O-O 6. e3 Nbd7 7. Qb3
D61	Gambetto di Donna Rifiutato: Difesa Ortodossa, Variante Rubinstein	1. d4 d5 2. c4 e6 3. Nc3 Nf6 4. Bg5 Be7 5. e3 O-O 6. Nf3 Nbd7 7. Qc2
D61	Gambetto di Donna Rifiutato: Difesa Ortodossa, Variante Rubinstein	1. d4 d5 2. c4 e6 3. Nc3 Nf6 4. Bg5 Be7 5. e3 O-O 6. Nf3 Nbd7 7. Qc2 c5
D61	Gambetto di Donna Rifiutato: Difesa Ortodossa, Variante Rubinstein	1. d4 d5 2. c4 e6 3. Nc3 Nf6 4. Bg5 Be7 5. e3 O-O 6. Nf3 Nbd7 7. Qc2 c6
D61	Gambetto di Donna Rifiutato: Difesa Ortodossa, Variante Rubinstein	1. d4 d5 2. c4 e6 3. Nc3 Nf6 4. Bg5 Be7 5. e3 O-O 6. Nf3 Nbd7 7. Qc2 c6 8. a3
D61	Gambetto di Donna Rifiutato: Difesa Ortodossa, Variante Rubinstein	1. d4 d5 2. c4 e6 3. Nc3 Nf6 4. Bg5 Be7 5. e3 O-O 6. Nf3 Nbd7 7. Qc2 a6 8. cxd5 exd5 9. Bd3 Re8
D61	Gambetto di Donna Rifiutato: Difesa Ortodossa, Variante Rubinstein	1. d4 d5 2. c4 e6 3. Nc3 Nf6 4. Bg5 Be7 5. e3 O-O 6. Nf3 Nbd7 7. Qc2 c6 8. Rd1 a6
D62	Gambetto di Donna Rifiutato: Difesa Ortodossa, Variante Rubinstein, Linea Flohr	1. d4 Nf6 2. c4 e6 3. Nf3 d5 4. Nc3 Be7 5. Bg5 O-O 6. e3 Nbd7 7. Qc2 c5 8. cxd5
D63	Gambetto di Donna Rifiutato: Difesa Ortodossa, Variante Capablanca	1. Nf3 d5 2. d4 Nf6 3. c4 e6 4. Nc3 Be7 5. Bg5 O-O 6. e3 Nbd7 7. Rc1 b6 8. cxd5 exd5 9. Bb5
D63	Gambetto di Donna Rifiutato: Difesa Ortodossa, Variante Henneberger	1. d4 Nf6 2. c4 e6 3. Nf3 d5 4. Nc3 Be7 5. Bg5 O-O 6. e3 Nbd7 7. Rc1 a6
D63	Gambetto di Donna Rifiutato: Difesa Ortodossa, Variante Henneberger	1. d4 Nf6 2. c4 e6 3. Nf3 d5 4. Nc3 Be7 5. Bg5 O-O 6. e3 Nbd7 7. Rc1 a6 8. c5
D63	Gambetto di Donna Rifiutato: Difesa Ortodossa, Variante Henneberger	1. d4 Nf6 2. c4 e6 3. Nf3 d5 4. Nc3 Be7 5. Bg5 O-O 6. e3 Nbd7 7. Rc1 a6 8. c5 c6
D63	Gambetto di Donna Rifiutato: Difesa Ortodossa, Variante Henneberger	1. d4 Nf6 2. c4 e6 3. Nf3 d5 4. Nc3 Be7 5. Bg5 O-O 6. e3 Nbd7 7. Rc1 a6 8. c5 c6 9. Bd3
D63	Gambetto di Donna Rifiutato: Difesa Ortodossa, Linea principale	1. d4 Nf6 2. c4 e6 3. Nf3 d5 4. Nc3 Be7 5. Bg5 O-O 6. e3 Nbd7 7. Rc1
D63	Gambetto di Donna Rifiutato: Difesa Ortodossa, Linea principale	1. d4 Nf6 2. c4 e6 3. Nf3 d5 4. Nc3 Be7 5. Bg5 O-O 6. e3 Nbd7 7. Rc1 c6
D63	Gambetto di Donna Rifiutato: Difesa Ortodossa, Linea principale	1. d4 d5 2. c4 e6 3. Nc3 Nf6 4. Bg5 Be7 5. e3 Nbd7 6. Nf3 O-O 7. Rc1 h6 8. Bh4 c5
D63	Gambetto di Donna Rifiutato: Difesa Ortodossa, Variante Pillsbury	1. d4 Nf6 2. c4 e6 3. Nc3 d5 4. Bg5 Be7 5. e3 O-O 6. Nf3 Nbd7 7. Rc1 b6 8. cxd5 exd5 9. Bd3
D63	Gambetto di Donna Rifiutato: Difesa Ortodossa, Svizzera, Variante di Karlsbad	1. d4 Nf6 2. c4 e6 3. Nf3 d5 4. Nc3 Be7 5. Bg5 O-O 6. e3 Nbd7 7. Rc1 a6 8. cxd5
D64	Gambetto di Donna Rifiutato: Difesa Ortodossa, Attacco Rubinstein	1. d4 Nf6 2. c4 e6 3. Nc3 d5 4. Nf3 Be7 5. Bg5 O-O 6. e3 Nbd7 7. Rc1 c6 8. a3 a6 9. Qc2
D64	Gambetto di Donna Rifiutato: Difesa Ortodossa, Attacco Rubinstein	1. d4 Nf6 2. c4 e6 3. Nf3 d5 4. Nc3 Be7 5. Bg5 O-O 6. e3 Nbd7 7. Rc1 c6 8. Qc2
D64	Gambetto di Donna Rifiutato: Difesa Ortodossa, Attacco Rubinstein	1. d4 Nf6 2. c4 e6 3. Nf3 d5 4. Nc3 Be7 5. Bg5 O-O 6. e3 Nbd7 7. Rc1 c6 8. Qc2 a6
D64	Gambetto di Donna Rifiutato: Difesa Ortodossa, Attacco Rubinstein	1. Nf3 d5 2. d4 Nf6 3. c4 e6 4. Nc3 Be7 5. Bg5 O-O 6. e3 Nbd7 7. Rc1 c6 8. Qc2 Ne4
D65	Gambetto di Donna Rifiutato: Difesa Ortodossa, Attacco Rubinstein	1. d4 d5 2. Nf3 Nf6 3. c4 e6 4. Nc3 Be7 5. Bg5 O-O 6. e3 Nbd7 7. Rc1 c6 8. Qc2 a6 9. cxd5
D65	Gambetto di Donna Rifiutato: Difesa Ortodossa, Attacco Rubinstein	1. d4 d5 2. Nf3 Nf6 3. c4 e6 4. Nc3 Be7 5. Bg5 O-O 6. e3 Nbd7 7. Rc1 c6 8. Qc2 a6 9. cxd5 exd5 10. Bd3
D66	Gambetto di Donna Rifiutato: Difesa Ortodossa, Linea Ad3	1. d4 d5 2. c4 e6 3. Nc3 Nf6 4. Bg5 Be7 5. e3 O-O 6. Nf3 Nbd7 7. Rc1 c6 8. Bd3
D66	Gambetto di Donna Rifiutato: Difesa Ortodossa, Linea Ad3	1. d4 d5 2. c4 e6 3. Nc3 Nf6 4. Bg5 Be7 5. e3 O-O 6. Nf3 Nbd7 7. Rc1 c6 8. Bd3 h6 9. Bh4
D66	Gambetto di Donna Rifiutato: Difesa Ortodossa, Variante del Fianchetto	1. d4 d5 2. c4 e6 3. Nc3 Nf6 4. Bg5 c6 5. Nf3 Be7 6. e3 Nbd7 7. Rc1 O-O 8. Bd3 dxc4 9. Bxc4 b5
D67	Gambetto di Donna Rifiutato: Difesa Ortodossa, Variante Alekhine	1. d4 d5 2. c4 e6 3. Nc3 Nf6 4. Bg5 Be7 5. e3 O-O 6. Nf3 Nbd7 7. Rc1 c6 8. Bd3 dxc4 9. Bxc4 Nd5 10. Bxe7 Qxe7 11. Ne4
D67	Gambetto di Donna Rifiutato: Difesa Ortodossa, Linea Ad3	1. d4 d5 2. c4 e6 3. Nc3 Nf6 4. Bg5 Be7 5. e3 O-O 6. Nf3 Nbd7 7. Rc1 c6 8. Bd3 dxc4 9. Bxc4 Nd5 10. Bxe7 Qxe7
D67	Gambetto di Donna Rifiutato: Difesa Ortodossa, Sistema Capablanca	1. d4 d5 2. c4 e6 3. Nc3 Nf6 4. Bg5 Be7 5. e3 O-O 6. Nf3 Nbd7 7. Rc1 c6 8. Bd3 dxc4 9. Bxc4 Nd5
D67	Gambetto di Donna Rifiutato: Difesa Ortodossa, Variante Janowski	1. d4 d5 2. Nf3 Nf6 3. c4 e6 4. Nc3 Be7 5. Bg5 O-O 6. e3 Nbd7 7. Rc1 c6 8. Bd3 dxc4 9. Bxc4 Nd5 10. h4
D67	Gambetto di Donna Rifiutato: Difesa Ortodossa, Linea principale	1. d4 d5 2. c4 e6 3. Nc3 Nf6 4. Bg5 Be7 5. e3 O-O 6. Nf3 Nbd7 7. Rc1 c6 8. Bd3 dxc4 9. Bxc4 Nd5 10. Bxe7 Qxe7 11. O-O
D68	Gambetto di Donna Rifiutato: Difesa Ortodossa, Variante Classica	1. d4 d5 2. c4 e6 3. Nc3 Nf6 4. Bg5 Be7 5. e3 O-O 6. Nf3 Nbd7 7. Rc1 c6 8. Bd3 dxc4 9. Bxc4 Nd5 10. Bxe7 Qxe7 11. O-O Nxc3 12. Rxc3 e5
D68	Gambetto di Donna Rifiutato: Difesa Ortodossa, Variante Classica	1. d4 d5 2. c4 e6 3. Nf3 Nf6 4. Nc3 Be7 5. Bg5 O-O 6. e3 Nbd7 7. Rc1 c6 8. Bd3 dxc4 9. Bxc4 Nd5 10. Bxe7 Qxe7 11. O-O Nxc3 12. Rxc3 e5 13. Qb1
D68	Gambetto di Donna Rifiutato: Difesa Ortodossa, Variante Classica	1. d4 Nf6 2. c4 e6 3. Nf3 d5 4. Nc3 Be7 5. Bg5 O-O 6. e3 Nbd7 7. Rc1 c6 8. Bd3 dxc4 9. Bxc4 Nd5 10. Bxe7 Qxe7 11. O-O Nxc3 12. Rxc3 e5 13. Qc2
D69	Gambetto di Donna Rifiutato: Difesa Ortodossa, Variante Classica	1. d4 d5 2. c4 e6 3. Nc3 Nf6 4. Bg5 Be7 5. e3 O-O 6. Nf3 Nbd7 7. Rc1 c6 8. Bd3 dxc4 9. Bxc4 Nd5 10. Bxe7 Qxe7 11. O-O Nxc3 12. Rxc3 e5 13. dxe5 Nxe5 14. Nxe5 Qxe5
D70	Difesa Neo-Grünfeld: Attacco Goglidze	1. d4 Nf6 2. c4 g6 3. f3 d5
D70	Difesa Neo-Grünfeld: con Cf3	1. d4 Nf6 2. c4 g6 3. Nf3 d5
D70	Difesa Neo-Grünfeld: con g3	1. d4 Nf6 2. c4 g6 3. g3 d5
D71	Difesa Neo-Grünfeld: Variante di Cambio	1. d4 Nf6 2. c4 g6 3. g3 Bg7 4. Bg2 d5 5. cxd5 Nxd5
D71	Difesa Neo-Grünfeld: Variante di Cambio	1. c4 Nf6 2. g3 g6 3. Bg2 Bg7 4. d4 d5 5. cxd5 Nxd5 6. Nf3
D72	Difesa Neo-Grünfeld: con g3	1. d4 Nf6 2. c4 g6 3. g3 d5 4. Bg2 Bg7 5. cxd5 Nxd5 6. e4 Nb6 7. Ne2
D73	Difesa Neo-Grünfeld: con g3	1. d4 Nf6 2. c4 g6 3. g3 d5 4. Bg2 Bg7 5. Nf3
D74	Difesa Neo-Grünfeld: Variante Ritardata di Cambio	1. d4 Nf6 2. c4 g6 3. Nf3 Bg7 4. g3 O-O 5. Bg2 d5 6. cxd5 Nxd5 7. O-O
D75	Difesa Neo-Grünfeld: Variante Ritardata di Cambio	1. d4 Nf6 2. c4 g6 3. Nc3 Bg7 4. Nf3 O-O 5. g3 d5 6. cxd5 Nxd5 7. Bg2 c5 8. O-O
D75	Difesa Neo-Grünfeld: Variante Ritardata di Cambio	1. d4 Nf6 2. Nf3 g6 3. c4 Bg7 4. g3 O-O 5. Bg2 d5 6. cxd5 Nxd5 7. O-O c5 8. dxc5
D76	Difesa Neo-Grünfeld: Variante Ritardata di Cambio	1. d4 Nf6 2. c4 g6 3. Nf3 Bg7 4. g3 O-O 5. Bg2 d5 6. cxd5 Nxd5 7. O-O Nb6
D77	Difesa Neo-Grünfeld: Variante Classica	1. d4 Nf6 2. Nf3 g6 3. g3 Bg7 4. Bg2 O-O 5. O-O d5 6. c4
D77	Difesa Neo-Grünfeld: Variante Classica, Difesa Moderna	1. d4 Nf6 2. Nf3 g6 3. g3 Bg7 4. Bg2 O-O 5. O-O d5 6. c4 dxc4
D77	Difesa Neo-Grünfeld: Variante Classica, Variante Polgar	1. d4 Nf6 2. Nf3 g6 3. g3 Bg7 4. Bg2 O-O 5. O-O d5 6. c4 Nc6
D78	Difesa Neo-Grünfeld: Variante Classica, Difesa Originale	1. d4 Nf6 2. c4 g6 3. Nf3 Bg7 4. g3 O-O 5. Bg2 c6 6. O-O d5
D79	Difesa Neo-Grünfeld: Variante Ultra-Ritardata di Cambio	1. d4 Nf6 2. c4 g6 3. Nf3 Bg7 4. g3 O-O 5. Bg2 c6 6. O-O d5 7. cxd5 cxd5
D80	Difesa Grünfeld	1. d4 Nf6 2. c4 g6 3. Nc3 d5
D80	Difesa Grünfeld: Gambetto del Gibbone	1. d4 Nf6 2. c4 g6 3. Nc3 d5 4. g4
D80	Difesa Grünfeld: Variante Lundin	1. d4 Nf6 2. c4 g6 3. Nc3 d5 4. Bg5 Ne4 5. Nxe4 dxe4 6. Qd2 c5
D80	Difesa Grünfeld: Variante Lutikov	1. d4 Nf6 2. c4 g6 3. Nc3 d5 4. f3
D80	Difesa Grünfeld: Variante Lutikov, Attacco Murrey	1. d4 Nf6 2. c4 g6 3. Nc3 d5 4. f3 c5 5. cxd5 Nxd5 6. Na4
D80	Difesa Grünfeld: Variante di Stoccolma	1. d4 Nf6 2. c4 g6 3. Nc3 d5 4. Bg5
D80	Difesa Grünfeld: Gambetto Zaitsev	1. d4 Nf6 2. c4 g6 3. Nc3 d5 4. h4
D81	Difesa Grünfeld: Variante Russa, Variante Accelerata	1. d4 Nf6 2. c4 g6 3. Nc3 d5 4. Qb3
D82	Difesa Grünfeld: Attacco Brinckmann	1. d4 Nf6 2. c4 g6 3. Nc3 d5 4. Bf4
D83	Difesa Grünfeld: Attacco Brinckmann, Gambetto Grünfeld	1. d4 Nf6 2. c4 g6 3. Nc3 d5 4. Bf4 Bg7 5. e3 O-O
D83	Difesa Grünfeld: Attacco Brinckmann, Gambetto Grünfeld, Variante Botvinnik	1. d4 Nf6 2. c4 g6 3. Nc3 d5 4. Bf4 Bg7 5. e3 O-O 6. Rc1 c5 7. dxc5 Be6
D83	Difesa Grünfeld: Attacco Brinckmann, Gambetto Grünfeld, Variante Capablanca	1. d4 Nf6 2. c4 g6 3. Nc3 d5 4. Bf4 Bg7 5. e3 O-O 6. Rc1
D83	Difesa Grünfeld: Attacco Brinckmann, Gambetto Reshevsky	1. d4 Nf6 2. c4 g6 3. Nc3 d5 4. Bf4 Bg7 5. Rc1 O-O 6. e3 c5 7. dxc5 Qa5
D84	Difesa Grünfeld: Attacco Brinckmann, Gambetto Grünfeld Accettato	1. d4 Nf6 2. c4 g6 3. Nc3 d5 4. Bf4 Bg7 5. e3 O-O 6. cxd5 Nxd5 7. Nxd5 Qxd5 8. Bxc7
D85	Difesa Grünfeld: Variante di Cambio	1. d4 Nf6 2. c4 g6 3. Nc3 d5 4. cxd5 Nxd5
D85	Difesa Grünfeld: Variante di Cambio, Variante Moderna di Cambio	1. d4 Nf6 2. c4 g6 3. Nc3 d5 4. cxd5 Nxd5 5. e4 Nxc3 6. bxc3 Bg7 7. Nf3
D85	Difesa Grünfeld: Variante di Cambio, Variante Moderna di Cambio	1. d4 Nf6 2. c4 g6 3. Nc3 d5 4. cxd5 Nxd5 5. e4 Nxc3 6. bxc3 Bg7 7. Nf3 c5
D85	Difesa Grünfeld: Variante di Cambio, Variante Moderna di Cambio	1. d4 Nf6 2. Nf3 g6 3. c4 Bg7 4. Nc3 d5 5. cxd5 Nxd5 6. e4 Nxc3 7. bxc3 c5 8. Rb1
D85	Difesa Grünfeld: Variante di Cambio, Variante Moderna di Cambio, Linea di Kramnik	1. d4 Nf6 2. Nf3 g6 3. c4 Bg7 4. Nc3 d5 5. cxd5 Nxd5 6. e4 Nxc3 7. bxc3 c5 8. h3
D85	Difesa Grünfeld: Variante di Cambio, Variante Moderna di Cambio, Linea di Pedone della Presa	1. d4 Nf6 2. c4 g6 3. Nc3 d5 4. cxd5 Nxd5 5. e4 Nxc3 6. bxc3 Bg7 7. Nf3 c5 8. Rb1 O-O 9. Be2 Nc6 10. d5 Bxc3+
D85	Difesa Grünfeld: Variante di Cambio, Attacco Nadanian	1. d4 Nf6 2. c4 g6 3. Nc3 d5 4. cxd5 Nxd5 5. Na4
D86	Difesa Grünfeld: Variante di Cambio, Variante Classica	1. d4 Nf6 2. c4 g6 3. Nc3 d5 4. cxd5 Nxd5 5. e4 Nxc3 6. bxc3 Bg7 7. Bc4
D86	Difesa Grünfeld: Variante di Cambio, Variante Larsen	1. d4 Nf6 2. c4 g6 3. Nc3 d5 4. cxd5 Nxd5 5. e4 Nxc3 6. bxc3 Bg7 7. Bc4 O-O 8. Ne2 Qd7
D86	Difesa Grünfeld: Variante di Cambio, Variante Larsen	1. d4 Nf6 2. c4 g6 3. Nc3 d5 4. cxd5 Nxd5 5. e4 Nxc3 6. bxc3 Bg7 7. Bc4 O-O 8. Ne2 Qd7 9. O-O b6
D86	Difesa Grünfeld: Variante di Cambio, Variante Migliorata di Simagin	1. d4 Nf6 2. c4 g6 3. Nc3 d5 4. cxd5 Nxd5 5. e4 Nxc3 6. bxc3 Bg7 7. Bc4 O-O 8. Ne2 Nc6
D86	Difesa Grünfeld: Variante di Cambio, Minore Variante di Simagin	1. d4 Nf6 2. c4 g6 3. Nc3 d5 4. cxd5 Nxd5 5. e4 Nxc3 6. bxc3 Bg7 7. Bc4 O-O 8. Ne2 b6
D87	Difesa Grünfeld: Variante di Cambio, Variante di Siviglia	1. d4 Nf6 2. c4 g6 3. Nc3 d5 4. cxd5 Nxd5 5. e4 Nxc3 6. bxc3 Bg7 7. Bc4 c5 8. Ne2 Nc6 9. Be3 O-O 10. O-O Bg4 11. f3 Na5 12. Bxf7+
D87	Difesa Grünfeld: Variante di Cambio, Variante Spassky	1. d4 Nf6 2. c4 g6 3. Nc3 d5 4. cxd5 Nxd5 5. e4 Nxc3 6. bxc3 Bg7 7. Bc4 c5 8. Ne2 O-O
D88	Difesa Grünfeld: Variante di Cambio, Variante Spassky	1. d4 Nf6 2. c4 g6 3. Nc3 d5 4. cxd5 Nxd5 5. e4 Nxc3 6. bxc3 Bg7 7. Bc4 c5 8. Ne2 Nc6 9. Be3 O-O 10. O-O cxd4 11. cxd4
D89	Difesa Grünfeld: Variante di Cambio, Variante Sokolsky	1. d4 Nf6 2. c4 g6 3. Nc3 d5 4. cxd5 Nxd5 5. e4 Nxc3 6. bxc3 Bg7 7. Bc4 c5 8. Ne2 O-O 9. O-O Nc6 10. Be3 Bg4 11. f3 Na5 12. Bd3 cxd4 13. cxd4 Be6 14. d5
D89	Difesa Grünfeld: Variante di Cambio, Variante Spassky	1. d4 Nf6 2. c4 g6 3. Nc3 d5 4. cxd5 Nxd5 5. e4 Nxc3 6. bxc3 Bg7 7. Bc4 c5 8. Ne2 Nc6 9. Be3 O-O 10. O-O Bg4 11. f3 Na5 12. Bd3 cxd4 13. cxd4 Be6
D90	Difesa Grünfeld: Variante Flohr	1. d4 Nf6 2. c4 g6 3. Nc3 d5 4. Nf3 Bg7 5. Qa4+
D90	Difesa Grünfeld: Variante dei Tre Cavalli	1. d4 Nf6 2. c4 g6 3. Nc3 d5 4. Nf3
D90	Difesa Grünfeld: Variante dei Tre Cavalli	1. d4 Nf6 2. c4 g6 3. Nc3 d5 4. Nf3 Bg7
D91	Difesa Grünfeld: Variante dei Tre Cavalli, Sistema Petrosian	1. d4 Nf6 2. c4 g6 3. Nc3 d5 4. Nf3 Bg7 5. Bg5
D92	Difesa Grünfeld: Variante dei Tre Cavalli, Attacco Ungherese	1. d4 Nf6 2. c4 g6 3. Nc3 d5 4. Nf3 Bg7 5. Bf4
D93	Difesa Grünfeld: Variante dei Tre Cavalli, Variante Ungherese	1. d4 Nf6 2. c4 g6 3. Nc3 d5 4. Nf3 Bg7 5. Bf4 O-O 6. e3
D94	Difesa Grünfeld: Difesa Flohr	1. d4 d5 2. c4 c6 3. Nc3 Nf6 4. e3 g6 5. Nf3 Bg7 6. Bd3 O-O 7. O-O Bf5
D94	Difesa Grünfeld: Variante Makogonov	1. d4 Nf6 2. c4 g6 3. Nc3 d5 4. Nf3 Bg7 5. e3 O-O 6. b4
D94	Difesa Grünfeld: Variante Opocensky	1. d4 Nf6 2. c4 g6 3. Nc3 d5 4. Nf3 Bg7 5. e3 O-O 6. Bd2
D94	Difesa Grünfeld: Difesa Smyslov	1. d4 d5 2. c4 c6 3. Nc3 Nf6 4. e3 g6 5. Nf3 Bg7 6. Bd3 O-O 7. O-O Bg4
D94	Difesa Grünfeld: Variante dei Tre Cavalli, Variante Burille	1. d4 Nf6 2. c4 g6 3. Nc3 d5 4. Nf3 Bg7 5. e3
D94	Difesa Grünfeld: Variante dei Tre Cavalli, Variante di Parigi	1. d4 Nf6 2. c4 g6 3. Nc3 d5 4. Nf3 Bg7 5. e3 O-O 6. Bd3
D95	Difesa Grünfeld: Variante Botvinnik	1. d4 Nf6 2. c4 g6 3. Nc3 d5 4. Nf3 Bg7 5. e3 O-O 6. Qb3 e6
D95	Difesa Grünfeld: Variante Pachman	1. d4 Nf6 2. c4 g6 3. Nc3 d5 4. e3 Bg7 5. Qb3 dxc4 6. Bxc4 O-O 7. Nf3 Nbd7 8. Ng5
D95	Difesa Grünfeld: Variante dei Tre Cavalli, Variante Viennese	1. d4 Nf6 2. c4 g6 3. Nc3 d5 4. Nf3 Bg7 5. e3 O-O 6. Qb3
D96	Difesa Grünfeld: Variante Russa	1. d4 Nf6 2. c4 g6 3. Nc3 d5 4. Nf3 Bg7 5. Qb3
D97	Difesa Grünfeld: Variante Russa	1. d4 Nf6 2. c4 g6 3. Nc3 d5 4. Nf3 Bg7 5. Qb3 dxc4 6. Qxc4 O-O 7. e4
D97	Difesa Grünfeld: Variante Russa, Variante Byrne	1. d4 Nf6 2. c4 g6 3. Nc3 d5 4. Nf3 Bg7 5. Qb3 dxc4 6. Qxc4 O-O 7. e4 Nc6
D97	Difesa Grünfeld: Variante Russa, Variante Ungherese	1. d4 Nf6 2. c4 g6 3. Nc3 d5 4. Nf3 Bg7 5. Qb3 dxc4 6. Qxc4 O-O 7. e4 a6
D97	Difesa Grünfeld: Variante Russa, Variante Levenfish	1. d4 Nf6 2. c4 g6 3. Nc3 d5 4. Nf3 Bg7 5. Qb3 dxc4 6. Qxc4 O-O 7. e4 b6
D97	Difesa Grünfeld: Variante Russa, Variante Prins	1. d4 Nf6 2. c4 g6 3. Nc3 d5 4. Nf3 Bg7 5. Qb3 dxc4 6. Qxc4 O-O 7. e4 Na6
D97	Difesa Grünfeld: Variante Russa, Variante Szabo	1. d4 Nf6 2. c4 g6 3. Nc3 d5 4. Nf3 Bg7 5. Qb3 dxc4 6. Qxc4 O-O 7. e4 c6
D98	Difesa Grünfeld: Variante Russa, Variante Keres	1. d4 Nf6 2. c4 g6 3. Nc3 d5 4. Nf3 Bg7 5. Qb3 dxc4 6. Qxc4 O-O 7. e4 Bg4 8. Be3 Nfd7 9. Be2 Nb6 10. Qd3 Nc6 11. O-O-O
D98	Difesa Grünfeld: Variante Russa, Variante Smyslov	1. d4 Nf6 2. c4 g6 3. Nc3 d5 4. Nf3 Bg7 5. Qb3 dxc4 6. Qxc4 O-O 7. e4 Bg4
D99	Difesa Grünfeld: Variante Russa, Variante Smyslov	1. d4 Nf6 2. c4 g6 3. Nc3 d5 4. Nf3 Bg7 5. Qb3 dxc4 6. Qxc4 O-O 7. e4 Bg4 8. Be3 Nfd7 9. Qb3
D99	Difesa Grünfeld: Variante Russa, Variante Jugoslava	1. d4 Nf6 2. c4 g6 3. Nc3 d5 4. Nf3 Bg7 5. Qb3 dxc4 6. Qxc4 O-O 7. e4 Bg4 8. Be3 Nfd7 9. Qb3 c5
E00	Apertura Catalana	1. d4 Nf6 2. c4 e6 3. g3
E00	Apertura Catalana	1. d4 Nf6 2. c4 e6 3. g3 d5
E00	Apertura Catalana: Gambetto Ungherese	1. d4 Nf6 2. c4 e6 3. g3 e5
E00	Difesa Indiana	1. d4 Nf6 2. c4 e6 3. Qb3
E00	Difesa Indiana: Gambetto Devin	1. d4 Nf6 2. c4 e6 3. g4
E00	Difesa Indiana: Attacco Seirawan	1. d4 Nf6 2. c4 e6 3. Bg5
E01	Apertura Catalana: Difesa Aperta	1. d4 Nf6 2. c4 e6 3. g3 d5 4. Bg2
E01	Apertura Catalana: Difesa Tarrasch	1. d4 Nf6 2. c4 e6 3. g3 d5 4. Bg2 c5 5. Nf3 Nc6
E02	Apertura Catalana: Difesa Aperta	1. d4 Nf6 2. c4 e6 3. g3 d5 4. Bg2 dxc4
E03	Apertura Catalana: Difesa Aperta	1. d4 Nf6 2. c4 e6 3. g3 d5 4. Bg2 dxc4 5. Qa4+ Nbd7 6. Qxc4
E03	Apertura Catalana: Difesa Aperta, Variante Alekhine	1. d4 Nf6 2. c4 e6 3. g3 d5 4. Bg2 dxc4 5. Qa4+ Nbd7 6. Qxc4 a6 7. Qc2
E04	Apertura Catalana: Difesa Aperta	1. d4 Nf6 2. c4 e6 3. g3 d5 4. Bg2 dxc4 5. Nf3
E04	Apertura Catalana: Difesa Aperta	1. d4 Nf6 2. c4 e6 3. Nf3 d5 4. g3 c6 5. Bg2 dxc4
E04	Apertura Catalana: Difesa Aperta, Variante Moderna Tagliente	1. d4 Nf6 2. c4 e6 3. g3 d5 4. Bg2 dxc4 5. Nf3 Nc6 6. Qa4 Bb4+
E05	Apertura Catalana: Difesa Aperta, Linea Classica	1. d4 Nf6 2. c4 e6 3. g3 d5 4. Bg2 dxc4 5. Nf3 Be7
E05	Apertura Catalana: Difesa Aperta, Linea Classica	1. d4 Nf6 2. c4 e6 3. Nf3 d5 4. g3 Be7 5. Bg2 O-O 6. O-O dxc4
E06	Apertura Catalana: Chiusa	1. d4 Nf6 2. c4 e6 3. g3 d5 4. Bg2 Be7 5. Nf3
E06	Apertura Catalana: Chiusa	1. c4 e6 2. Nf3 d5 3. g3 Nf6 4. Bg2 Be7 5. d4 O-O 6. O-O c6
E06	Apertura Catalana: Chiusa	1. d4 Nf6 2. c4 e6 3. Nf3 d5 4. g3 Bb4+ 5. Bd2 Be7 6. Bg2 O-O 7. O-O c6 8. Bf4 b6
E06	Apertura Catalana: Chiusa	1. d4 Nf6 2. c4 e6 3. g3 d5 4. Bg2 Be7 5. Nf3 O-O 6. O-O c6 7. Qc2 b6 8. Nbd2 Bb7 9. e4 Na6
E07	Apertura Catalana: Chiusa	1. d4 Nf6 2. c4 e6 3. g3 d5 4. Bg2 Be7 5. Nf3 O-O 6. O-O Nbd7
E07	Apertura Catalana: Chiusa, Variante Botvinnik	1. d4 Nf6 2. c4 e6 3. g3 d5 4. Bg2 Be7 5. Nf3 O-O 6. O-O Nbd7 7. Nc3 c6 8. Qd3
E08	Apertura Catalana: Chiusa	1. d4 Nf6 2. c4 e6 3. g3 d5 4. Bg2 Be7 5. Nf3 O-O 6. O-O Nbd7 7. Qc2
E08	Apertura Catalana: Chiusa	1. d4 Nf6 2. c4 e6 3. g3 d5 4. Bg2 Be7 5. Nf3 O-O 6. O-O Nbd7 7. Qc2 c6 8. b3
E08	Apertura Catalana: Chiusa	1. d4 Nf6 2. c4 e6 3. g3 d5 4. Bg2 Be7 5. Nf3 O-O 6. O-O Nbd7 7. Qc2 c6 8. b3 b6
E08	Apertura Catalana: Chiusa	1. d4 Nf6 2. c4 e6 3. g3 d5 4. Bg2 Be7 5. Nf3 O-O 6. O-O c6 7. Qc2 b6 8. Rd1 Nbd7 9. Bf4
E08	Apertura Catalana: Chiusa	1. d4 Nf6 2. c4 e6 3. g3 d5 4. Bg2 Be7 5. Nf3 O-O 6. O-O Nbd7 7. Qc2 c6 8. Bf4 b6 9. Nbd2 Bb7 10. e4
E08	Apertura Catalana: Chiusa, Gambetto Spassky	1. d4 Nf6 2. c4 e6 3. g3 Be7 4. Bg2 d5 5. Nf3 O-O 6. O-O Nbd7 7. Qc2 c6 8. b3 b6 9. Rd1 Bb7 10. Nc3 b5
E08	Apertura Catalana: Chiusa, Variante Zagoryansky	1. d4 e6 2. c4 Nf6 3. Nf3 d5 4. g3 Be7 5. Bg2 O-O 6. O-O Nbd7 7. Qc2 c6 8. Rd1 b6 9. a4
E09	Apertura Catalana: Variante Chiusa, Variante Rabinovich	1. d4 d5 2. c4 c6 3. Nf3 Nf6 4. Qc2 e6 5. Nbd2 Be7 6. g3 Nbd7 7. Bg2 O-O 8. O-O b5
E09	Apertura Catalana: Variante Chiusa, Variante Tradizionale	1. d4 Nf6 2. c4 e6 3. Nf3 d5 4. g3 Be7 5. Bg2 O-O 6. O-O Nbd7 7. Qc2 c6 8. Nbd2 b6
E09	Apertura Catalana: Chiusa, Linea principale	1. d4 Nf6 2. c4 e6 3. Nf3 d5 4. g3 Be7 5. Bg2 O-O 6. O-O Nbd7 7. Qc2 c6 8. Nbd2
E09	Apertura Catalana: Chiusa, Linea principale	1. d4 Nf6 2. c4 e6 3. Nf3 d5 4. g3 Be7 5. Bg2 O-O 6. O-O c6 7. Qc2 b6 8. Nbd2 Bb7 9. e4 Nbd7
E09	Apertura Catalana: Chiusa, Linea principale	1. d4 Nf6 2. c4 e6 3. Nf3 d5 4. g3 Be7 5. Bg2 O-O 6. O-O Nbd7 7. Qc2 c6 8. Bf4 b6 9. Nbd2 Bb7 10. e4 dxe4 11. Nxe4 Nxe4 12. Qxe4
E09	Apertura Catalana: Chiusa, Variante Sokolsky	1. d4 Nf6 2. c4 e6 3. g3 d5 4. Bg2 Be7 5. Nf3 O-O 6. O-O Nbd7 7. Qc2 c6 8. Nbd2 b6 9. b3 a5 10. Bb2 Ba6
E10	Controgambetto Blumenfeld	1. d4 Nf6 2. c4 e6 3. Nf3 c5 4. d5 b5
E10	Controgambetto Blumenfeld Accettato	1. d4 Nf6 2. c4 e6 3. Nf3 c5 4. d5 b5 5. dxe6 fxe6 6. cxb5 d5
E10	Controgambetto Blumenfeld: Variante Duz-Khotimirsky	1. d4 Nf6 2. c4 e6 3. Nf3 c5 4. d5 b5 5. Bg5
E10	Controgambetto Blumenfeld: Variante Spielmann	1. d4 Nf6 2. c4 e6 3. Nf3 c5 4. d5 b5 5. Bg5 exd5 6. cxd5 h6
E10	Difesa Indiana: Anti-Nimzo-Indiana	1. d4 Nf6 2. c4 e6 3. Nf3
E10	Difesa Indiana: Difesa Dzindzi-Indiana	1. d4 Nf6 2. c4 e6 3. Nf3 a6
E10	Difesa Indiana: Indiana Döry	1. d4 Nf6 2. c4 e6 3. Nf3 Ne4
E11	Difesa Bogo-Indiana	1. d4 Nf6 2. c4 e6 3. Nf3 Bb4+
E11	Difesa Bogo-Indiana: Variante di Cambio	1. d4 Nf6 2. c4 e6 3. Nf3 Bb4+ 4. Bd2 Bxd2+
E11	Difesa Bogo-Indiana: Variante Grünfeld	1. d4 Nf6 2. c4 e6 3. Nf3 Bb4+ 4. Nbd2
E11	Difesa Bogo-Indiana: Variante di Haiti	1. d4 Nf6 2. c4 e6 3. Nf3 Bb4+ 4. Bd2 Nc6
E11	Difesa Bogo-Indiana: Trappola Monticelli	1. d4 Nf6 2. c4 e6 3. Nf3 b6 4. g3 Bb7 5. Bg2 Bb4+ 6. Bd2 Bxd2+ 7. Qxd2 O-O 8. Nc3 Ne4 9. Qc2 Nxc3 10. Ng5
E11	Difesa Bogo-Indiana: Nuova Variante d'Inghilterra	1. d4 Nf6 2. c4 e6 3. Nf3 Bb4+ 4. Nfd2
E11	Difesa Bogo-Indiana: Variante Nimzowitsch	1. d4 Nf6 2. c4 e6 3. Nf3 Bb4+ 4. Bd2 Qe7
E11	Difesa Bogo-Indiana: Variante della Ritirata	1. d4 Nf6 2. c4 e6 3. Nf3 Bb4+ 4. Bd2 Be7
E11	Difesa Bogo-Indiana: Variante della Ritirata	1. d4 Nf6 2. c4 e6 3. g3 Bb4+ 4. Bd2 Be7 5. Bg2 d5 6. Nf3
E11	Difesa Bogo-Indiana: Variante della Ritirata	1. d4 Nf6 2. c4 e6 3. g3 Bb4+ 4. Bd2 Be7 5. Bg2 d5 6. Nf3 O-O
E11	Difesa Bogo-Indiana: Variante della Ritirata	1. d4 Nf6 2. c4 e6 3. g3 Bb4+ 4. Bd2 Be7 5. Bg2 d5 6. Nf3 O-O 7. O-O
E11	Difesa Bogo-Indiana: Variante della Ritirata	1. d4 Nf6 2. c4 e6 3. g3 Bb4+ 4. Bd2 Be7 5. Bg2 d5 6. Nf3 O-O 7. Qc2 c6 8. O-O
E11	Difesa Bogo-Indiana: Variante della Ritirata	1. d4 Nf6 2. c4 e6 3. g3 Bb4+ 4. Bd2 Be7 5. Bg2 d5 6. Nf3 Nbd7 7. O-O O-O 8. Qc2 c6
E11	Difesa Bogo-Indiana: Variante della Ritirata	1. d4 Nf6 2. c4 e6 3. g3 Bb4+ 4. Bd2 Be7 5. Bg2 d5 6. Nf3 Nbd7 7. O-O O-O 8. Qc2 c6 9. b3
E11	Difesa Bogo-Indiana: Variante della Ritirata	1. d4 Nf6 2. c4 e6 3. g3 Bb4+ 4. Bd2 Be7 5. Bg2 d5 6. Nf3 Nbd7 7. O-O O-O 8. Qc2 c6 9. Rc1
E11	Difesa Bogo-Indiana: Variante della Ritirata	1. d4 Nf6 2. c4 e6 3. g3 Bb4+ 4. Bd2 Be7 5. Bg2 d5 6. Nf3 Nbd7 7. O-O O-O 8. Qc2 c6 9. Rd1
E11	Difesa Bogo-Indiana: Variante della Ritirata	1. d4 Nf6 2. c4 e6 3. g3 Bb4+ 4. Bd2 Be7 5. Bg2 d5 6. Nf3 Nbd7 7. O-O O-O 8. Qc2 c6 9. Rd1 h6
E11	Difesa Bogo-Indiana: Variante della Ritirata	1. d4 Nf6 2. c4 e6 3. Nf3 d5 4. g3 Bb4+ 5. Bd2 Be7 6. Bg2 O-O 7. O-O c6 8. Qc2 Nbd7 9. Bf4 b6 10. Nbd2
E11	Difesa Bogo-Indiana: Variante della Ritirata	1. d4 Nf6 2. c4 e6 3. Nf3 d5 4. g3 Bb4+ 5. Bd2 Be7 6. Bg2 O-O 7. O-O c6 8. Qc2 Nbd7 9. Bf4 b6 10. Nbd2 Ba6
E11	Difesa Bogo-Indiana: Variante Vitolins	1. d4 Nf6 2. c4 e6 3. Nf3 Bb4+ 4. Bd2 c5
E11	Difesa Bogo-Indiana: Variante Wade-Smyslov	1. d4 Nf6 2. c4 e6 3. Nf3 Bb4+ 4. Bd2 a5
E12	Difesa Indiana di Donna	1. d4 Nf6 2. c4 e6 3. Nf3 b6
E12	Difesa Indiana di Donna: Variante Kasparov	1. d4 Nf6 2. c4 e6 3. Nf3 b6 4. Nc3
E12	Difesa Indiana di Donna: Variante Kasparov, Attacco Botvinnik	1. d4 Nf6 2. c4 e6 3. Nf3 b6 4. Nc3 Bb7 5. Bg5 h6 6. Bh4 g5 7. Bg3 Nh5
E12	Difesa Indiana di Donna: Variante Kasparov-Petrosian	1. d4 Nf6 2. c4 e6 3. Nf3 b6 4. a3 Bb7 5. Nc3
E12	Difesa Indiana di Donna: Variante Kasparov-Petrosian, Variante Andersson	1. d4 Nf6 2. c4 e6 3. Nf3 b6 4. a3 Bb7 5. Nc3 Ne4
E12	Difesa Indiana di Donna: Variante Kasparov-Petrosian, Variante Classica	1. d4 Nf6 2. c4 e6 3. Nf3 b6 4. a3 Bb7 5. Nc3 d5 6. cxd5 exd5
E12	Difesa Indiana di Donna: Variante Kasparov-Petrosian, Variante del Riccio	1. d4 Nf6 2. c4 e6 3. Nf3 b6 4. a3 Bb7 5. Nc3 g6
E12	Difesa Indiana di Donna: Variante Kasparov-Petrosian, Attacco Kasparov	1. d4 Nf6 2. c4 e6 3. Nf3 b6 4. a3 Bb7 5. Nc3 d5 6. cxd5 Nxd5 7. Qc2
E12	Difesa Indiana di Donna: Variante Kasparov-Petrosian, Linea principale	1. d4 Nf6 2. c4 e6 3. Nf3 b6 4. a3 Bb7 5. Nc3 d5
E12	Difesa Indiana di Donna: Variante Kasparov-Petrosian, Difesa Marco	1. d4 Nf6 2. c4 e6 3. Nf3 b6 4. a3 Bb7 5. Nc3 Be7
E12	Difesa Indiana di Donna: Variante Kasparov-Petrosian, Variante Moderna	1. d4 Nf6 2. c4 e6 3. Nf3 b6 4. a3 Bb7 5. Nc3 d5 6. cxd5 Nxd5
E12	Difesa Indiana di Donna: Variante Kasparov-Petrosian, Attacco Petrosian	1. d4 Nf6 2. c4 e6 3. Nf3 b6 4. a3 Bb7 5. Nc3 d5 6. cxd5 Nxd5 7. e3
E12	Difesa Indiana di Donna: Variante Kasparov-Petrosian, Gambetto Polovodin	1. d4 Nf6 2. c4 e6 3. Nf3 b6 4. Nc3 Bb7 5. a3 d5 6. cxd5 Nxd5 7. e4
E12	Difesa Indiana di Donna: Variante Kasparov-Petrosian, Attacco Rashkovsky	1. d4 Nf6 2. c4 e6 3. Nf3 b6 4. a3 Bb7 5. Nc3 d5 6. cxd5 Nxd5 7. Qa4+
E12	Difesa Indiana di Donna: Variante Kasparov-Petrosian, Attacco Romanishin	1. d4 Nf6 2. c4 e6 3. Nf3 b6 4. a3 Bb7 5. Nc3 d5 6. cxd5 Nxd5 7. Bd2
E12	Difesa Indiana di Donna: Variante Miles	1. d4 Nf6 2. c4 e6 3. Nf3 b6 4. Bf4
E12	Difesa Indiana di Donna: Variante Petrosian	1. d4 Nf6 2. c4 e6 3. Nf3 b6 4. a3
E12	Difesa Indiana di Donna: Variante Petrosian, Difesa Farago	1. d4 Nf6 2. c4 e6 3. Nf3 b6 4. a3 Ba6 5. Qc2 Bb7
E13	Difesa Indiana di Donna: Variante Kasparov	1. d4 Nf6 2. c4 e6 3. Nf3 b6 4. Nc3 Bb4 5. Bg5 h6 6. Bh4 Bb7
E14	Difesa Indiana di Donna, con e3	1. d4 Nf6 2. Nf3 e6 3. e3 b6 4. Bd3 Bb7 5. O-O c5 6. c4
E14	Difesa Indiana di Donna, con e3	1. d4 Nf6 2. Nf3 e6 3. e3 b6 4. Bd3 Bb7 5. O-O c5 6. c4 Be7
E14	Difesa Indiana di Donna, con e3	1. d4 Nf6 2. Nf3 e6 3. e3 b6 4. Bd3 Bb7 5. O-O c5 6. c4 g6
E14	Difesa Indiana di Donna, con e3	1. d4 Nf6 2. Nf3 e6 3. e3 b6 4. Bd3 Bb7 5. O-O Be7 6. c4 O-O 7. Nc3
E14	Difesa Indiana di Donna, con e3	1. d4 Nf6 2. Nf3 e6 3. e3 b6 4. Bd3 Bb7 5. Nbd2 c5 6. b3 Be7 7. Bb2 d6 8. O-O O-O 9. c4
E14	Difesa Indiana di Donna, con e3	1. d4 Nf6 2. c4 e6 3. Nf3 d5 4. e3 b6 5. Nc3 Bb7
E14	Difesa Indiana di Donna, con e3	1. d4 Nf6 2. c4 e6 3. Nf3 d5 4. e3 b6 5. Nc3 Bd6 6. Bd3
E14	Difesa Indiana di Donna, con e3	1. d4 Nf6 2. c4 e6 3. Nf3 d5 4. e3 b6 5. Nc3 Bd6 6. Bd3 O-O 7. O-O Bb7
E14	Difesa Indiana di Donna, con e3	1. d4 Nf6 2. c4 e6 3. Nf3 d5 4. e3 Be7 5. Nc3 O-O 6. b3 b6
E14	Difesa Indiana di Donna, con e3	1. d4 Nf6 2. c4 e6 3. Nf3 d5 4. e3 Be7 5. b3 O-O 6. Bd3 b6
E14	Difesa Indiana di Donna, con e3	1. d4 Nf6 2. c4 e6 3. Nf3 d5 4. e3 Be7 5. b3 O-O 6. Bb2 b6 7. Nbd2 Bb7 8. Bd3
E14	Difesa Indiana di Donna, con e3	1. d4 Nf6 2. c4 e6 3. Nf3 Bb4+ 4. Nbd2 b6 5. a3 Bxd2+ 6. Qxd2 Bb7 7. e3
E14	Difesa Indiana di Donna, con e3	1. Nf3 d5 2. e3 Nf6 3. c4 e6 4. Nc3 Be7 5. d4 O-O 6. b3 b6 7. cxd5 exd5 8. Bb2 Bb7 9. Bd3
E14	Difesa Indiana di Donna, con e3	1. d4 Nf6 2. Nf3 d5 3. c4 e6 4. e3 b6 5. b3 Bb7 6. Bd3 Nbd7 7. O-O Bd6 8. Bb2 O-O 9. Nbd2
E14	Difesa Indiana di Donna, con e3, Linea Ab4+	1. d4 Nf6 2. c4 e6 3. Nf3 Bb4+ 4. Nbd2 b6 5. e3 Bb7
E14	Difesa Indiana di Donna: Variante Averbakh	1. d4 Nf6 2. c4 e6 3. Nf3 b6 4. e3 Bb7 5. Bd3 c5 6. O-O Be7 7. b3 O-O 8. Bb2 cxd4 9. Nxd4
E14	Difesa Indiana di Donna: Sistema Spassky	1. d4 Nf6 2. c4 e6 3. Nf3 b6 4. e3
E14	Difesa Indiana di Donna: Sistema Spassky	1. d4 Nf6 2. c4 e6 3. Nf3 b6 4. e3 Bb7
E14	Difesa Indiana di Donna: Sistema Spassky	1. d4 Nf6 2. c4 e6 3. Nf3 b6 4. e3 Bb7 5. Bd3
E14	Difesa Indiana di Donna: Sistema Spassky	1. d4 Nf6 2. c4 e6 3. Nf3 b6 4. e3 Bb7 5. Bd3 d5
E14	Difesa Indiana di Donna: Sistema Spassky 3	1. d4 Nf6 2. c4 e6 3. Nf3 b6 4. e3 Bb7 5. Bd3 c5
E14	Difesa Indiana di Donna: Sistema Spassky 3	1. d4 Nf6 2. c4 e6 3. Nf3 b6 4. e3 Bb7 5. Bd3 c5 6. Nc3 cxd4 7. exd4 Be7 8. O-O d5 9. cxd5 Nxd5
E15	Difesa Indiana di Donna: Variante Buerger	1. d4 Nf6 2. c4 e6 3. Nf3 b6 4. g3 Bb7 5. Bg2 c5 6. d5 exd5 7. Ng5
E15	Difesa Indiana di Donna: Variante del Fianchetto	1. d4 Nf6 2. c4 e6 3. Nf3 b6 4. g3
E15	Difesa Indiana di Donna: Variante del Fianchetto, Variante dello Scacco	1. d4 Nf6 2. c4 e6 3. Nf3 b6 4. g3 Ba6 5. b3 Bb4+
E15	Difesa Indiana di Donna: Variante del Fianchetto, Variante dello Scacco, Linea di Intermezzo	1. d4 Nf6 2. c4 e6 3. Nf3 b6 4. g3 Ba6 5. b3 Bb4+ 6. Bd2 Be7
E15	Difesa Indiana di Donna: Variante del Fianchetto, Variante dello Scacco, Linea Moderna	1. d4 Nf6 2. c4 e6 3. Nf3 b6 4. g3 Ba6 5. b3 Bb4+ 6. Bd2 Qe7
E15	Difesa Indiana di Donna: Variante del Fianchetto, Variante Nimzowitsch	1. d4 Nf6 2. c4 e6 3. Nf3 b6 4. g3 Ba6
E15	Difesa Indiana di Donna: Variante del Fianchetto, Variante Nimzowitsch, Attacco Nimzowitsch	1. d4 Nf6 2. c4 e6 3. Nf3 b6 4. g3 Ba6 5. Qa4
E15	Difesa Indiana di Donna: Variante del Fianchetto, Variante Nimzowitsch, Linea Tranquilla	1. d4 Nf6 2. c4 e6 3. Nf3 b6 4. g3 Ba6 5. b3
E15	Difesa Indiana di Donna: Variante del Fianchetto, Variante Nimzowitsch, Linea di Timman	1. d4 Nf6 2. c4 e6 3. Nf3 b6 4. g3 Ba6 5. Qb3
E15	Difesa Indiana di Donna: Variante del Fianchetto, Variante Rubinstein	1. d4 Nf6 2. c4 e6 3. Nf3 b6 4. g3 Bb7 5. Bg2 c5 6. d5 exd5 7. Nh4
E15	Difesa Indiana di Donna: Variante del Fianchetto, Variante Sämisch	1. d4 Nf6 2. c4 e6 3. Nf3 b6 4. g3 Bb7 5. Bg2 c5
E15	Difesa Indiana di Donna: Variante del Fianchetto, Linea Tradizionale	1. d4 Nf6 2. c4 e6 3. Nf3 b6 4. g3 Bb7
E16	Difesa Indiana di Donna: Variante Capablanca	1. d4 Nf6 2. c4 e6 3. Nf3 b6 4. g3 Bb7 5. Bg2 Bb4+
E16	Difesa Indiana di Donna: Variante Riumin	1. d4 Nf6 2. c4 e6 3. Nf3 b6 4. g3 Bb7 5. Bg2 Bb4+ 6. Bd2 Be7
E16	Difesa Indiana di Donna: Variante Yates	1. d4 Nf6 2. c4 e6 3. Nf3 Bb4+ 4. Bd2 a5 5. g3 b6 6. Bg2 Bb7
E17	Difesa Indiana di Donna: Sistema Indiano di Anti-Queen	1. d4 Nf6 2. c4 e6 3. Nf3 b6 4. g3 Bb7 5. Bg2 Be7 6. Nc3
E17	Difesa Indiana di Donna: Variante Classica	1. d4 Nf6 2. c4 e6 3. Nf3 b6 4. g3 Bb7 5. Bg2 Be7 6. O-O
E17	Difesa Indiana di Donna: Variante Classica, Gambetto Polugaevsky	1. d4 Nf6 2. c4 e6 3. Nf3 b6 4. g3 Bb7 5. Bg2 Be7 6. O-O O-O 7. d5 exd5 8. Nh4
E17	Difesa Indiana di Donna: Variante Classica, Gambetto Taimanov	1. d4 Nf6 2. c4 e6 3. Nf3 b6 4. g3 Bb7 5. Bg2 Be7 6. O-O O-O 7. d5 exd5 8. Nd4
E17	Difesa Indiana di Donna: Variante Euwe	1. d4 Nf6 2. c4 e6 3. Nf3 b6 4. g3 Bb7 5. Bg2 Be7 6. O-O O-O 7. b3
E17	Difesa Indiana di Donna: Variante del Fianchetto, Variante Kramnik	1. d4 Nf6 2. c4 e6 3. Nf3 b6 4. g3 Bb7 5. Bg2 Be7 6. O-O O-O 7. Re1
E17	Difesa Indiana di Donna: Variante Opocensky	1. d4 Nf6 2. c4 e6 3. Nf3 b6 4. g3 Bb7 5. Bg2 Be7 6. Nc3 Ne4 7. Bd2
E17	Difesa Indiana di Donna: Variante Tradizionale	1. d4 Nf6 2. c4 e6 3. Nf3 b6 4. g3 Bb7 5. Bg2 Be7
E18	Difesa Indiana di Donna: Variante Classica, Difesa Tiviakov	1. d4 Nf6 2. c4 e6 3. Nf3 b6 4. g3 Bb7 5. Bg2 Be7 6. O-O O-O 7. Nc3 Na6
E18	Difesa Indiana di Donna: Variante Classica, Variante Tradizionale	1. d4 Nf6 2. c4 e6 3. Nf3 b6 4. g3 Bb7 5. Bg2 Be7 6. O-O O-O 7. Nc3
E18	Difesa Indiana di Donna: Variante Classica, Variante Tradizionale, Linea Nimzowitsch	1. d4 Nf6 2. c4 e6 3. Nf3 b6 4. g3 Bb7 5. Bg2 Be7 6. O-O O-O 7. Nc3 d5
E19	Difesa Indiana di Donna: Variante Classica, Variante Tradizionale, Linea principale	1. d4 Nf6 2. c4 e6 3. Nf3 b6 4. g3 Bb7 5. Bg2 Be7 6. O-O O-O 7. Nc3 Ne4 8. Qc2 Nxc3 9. Qxc3
E20	Difesa Nimzo-Indiana	1. d4 Nf6 2. c4 e6 3. Nc3 Bb4
E20	Difesa Nimzo-Indiana: Gambetto Dilworth	1. d4 Nf6 2. c4 e6 3. Nc3 Bb4 4. e4
E20	Difesa Nimzo-Indiana: Variante Kmoch	1. d4 Nf6 2. c4 e6 3. Nc3 Bb4 4. f3
E20	Difesa Nimzo-Indiana: Attacco Mikenas	1. d4 Nf6 2. c4 e6 3. Nc3 Bb4 4. Qd3
E20	Difesa Nimzo-Indiana: Variante Romanishin	1. d4 Nf6 2. c4 e6 3. Nc3 Bb4 4. g3
E20	Difesa Nimzo-Indiana: Variante Romanishin	1. d4 Nf6 2. c4 e6 3. Nc3 Bb4 4. Nf3 c5 5. g3 O-O 6. Bg2
E20	Difesa Nimzo-Indiana: Variante Romanishin, Ibrido Inglese	1. d4 Nf6 2. c4 e6 3. Nc3 Bb4 4. Nf3 c5 5. g3 cxd4 6. Nxd4 O-O 7. Bg2 d5 8. cxd5 Nxd5
E21	Difesa Nimzo-Indiana: Variante dei Tre Cavalli	1. d4 Nf6 2. c4 e6 3. Nc3 Bb4 4. Nf3
E21	Difesa Nimzo-Indiana: Variante dei Tre Cavalli, Variante Euwe	1. d4 Nf6 2. c4 e6 3. Nc3 Bb4 4. Nf3 c5 5. d5 Ne4
E21	Difesa Nimzo-Indiana: Variante dei Tre Cavalli, Variante Korchnoi	1. d4 Nf6 2. c4 e6 3. Nc3 Bb4 4. Nf3 c5 5. d5
E21	Difesa Nimzo-Indiana: Variante dei Tre Cavalli, Gambetto Shocron	1. d4 Nf6 2. c4 e6 3. Nf3 Bb4+ 4. Nc3 c5 5. d5 b5
E22	Difesa Nimzo-Indiana: Variante Spielmann	1. d4 Nf6 2. c4 e6 3. Nc3 Bb4 4. Qb3
E23	Difesa Nimzo-Indiana: Variante Spielmann, Variante di Karlsbad	1. d4 Nf6 2. c4 e6 3. Nc3 Bb4 4. Qb3 c5 5. dxc5 Nc6 6. Nf3 Ne4 7. Bd2 Nxd2
E23	Difesa Nimzo-Indiana: Variante Spielmann, Gambetto Romanovsky	1. d4 Nf6 2. c4 e6 3. Nc3 Bb4 4. Qb3 c5 5. dxc5 Nc6
E23	Difesa Nimzo-Indiana: Variante Spielmann, Variante Stahlberg	1. d4 Nf6 2. c4 e6 3. Nc3 Bb4 4. Qb3 c5 5. dxc5 Nc6 6. Nf3 Ne4 7. Bd2 Nxc5
E23	Difesa Nimzo-Indiana: Variante Spielmann, Variante Stahlberg	1. d4 Nf6 2. c4 e6 3. Nc3 Bb4 4. Qb3 c5 5. dxc5 Nc6 6. Nf3 Ne4 7. Bd2 Nxc5 8. Qc2 f5 9. g3
E24	Difesa Nimzo-Indiana: Variante Sämisch	1. d4 Nf6 2. c4 e6 3. Nc3 Bb4 4. a3
E24	Difesa Nimzo-Indiana: Variante Sämisch, Variante Botvinnik	1. d4 Nf6 2. c4 e6 3. Nc3 Bb4 4. f3 d5 5. a3 Bxc3+ 6. bxc3 c5 7. e3 O-O 8. cxd5 Nxd5
E25	Difesa Nimzo-Indiana: Variante Sämisch	1. d4 Nf6 2. c4 e6 3. Nc3 Bb4 4. f3 d5 5. a3 Bxc3+ 6. bxc3 c5 7. cxd5
E25	Difesa Nimzo-Indiana: Variante Sämisch, Variante Keres	1. d4 Nf6 2. c4 e6 3. Nc3 Bb4 4. f3 d5 5. a3 Bxc3+ 6. bxc3 c5 7. cxd5 Nxd5 8. dxc5
E25	Difesa Nimzo-Indiana: Variante Sämisch, Variante Romanovsky	1. d4 Nf6 2. c4 e6 3. Nc3 Bb4 4. f3 d5 5. a3 Bxc3+ 6. bxc3 c5 7. cxd5 Nxd5 8. dxc5 f5
E26	Difesa Nimzo-Indiana: Variante Sämisch	1. d4 Nf6 2. c4 e6 3. Nc3 Bb4 4. a3 Bxc3+ 5. bxc3 c5 6. e3
E26	Difesa Nimzo-Indiana: Variante Sämisch, Variante O'Kelly	1. d4 Nf6 2. c4 e6 3. Nc3 Bb4 4. a3 Bxc3+ 5. bxc3 c5 6. e3 b6
E27	Difesa Nimzo-Indiana: Variante Sämisch	1. d4 Nf6 2. c4 e6 3. Nc3 Bb4 4. a3 Bxc3+ 5. bxc3 O-O
E28	Difesa Nimzo-Indiana: Variante Sämisch	1. d4 Nf6 2. c4 e6 3. Nc3 Bb4 4. e3 O-O 5. a3 Bxc3+ 6. bxc3
E29	Difesa Nimzo-Indiana: Variante Sämisch	1. d4 Nf6 2. c4 e6 3. Nc3 Bb4 4. e3 c5 5. Bd3 Nc6 6. a3 Bxc3+ 7. bxc3 O-O
E29	Difesa Nimzo-Indiana: Variante Sämisch, Variante Capablanca	1. d4 Nf6 2. c4 e6 3. Nc3 Bb4 4. e3 c5 5. Bd3 Nc6 6. a3 Bxc3+ 7. bxc3 O-O 8. Ne2 b6 9. e4 Ne8
E30	Difesa Nimzo-Indiana: Variante di Leningrado	1. d4 Nf6 2. c4 e6 3. Nc3 Bb4 4. Bg5
E30	Difesa Nimzo-Indiana: Variante di Leningrado, Gambetto Averbakh	1. d4 Nf6 2. c4 e6 3. Nc3 Bb4 4. Bg5 h6 5. Bh4 c5 6. d5 b5
E31	Difesa Nimzo-Indiana: Variante di Leningrado, Difesa Benoni	1. d4 Nf6 2. c4 e6 3. Nc3 Bb4 4. Bg5 h6 5. Bh4 c5 6. d5 d6
E32	Difesa Nimzo-Indiana: Variante Classica	1. d4 Nf6 2. c4 e6 3. Nc3 Bb4 4. Qc2
E32	Difesa Nimzo-Indiana: Variante Classica, Difesa Keres	1. d4 Nf6 2. c4 e6 3. Nc3 Bb4 4. Qc2 O-O 5. a3 Bxc3+ 6. Qxc3 b6
E32	Difesa Nimzo-Indiana: Variante Classica, Gambetto Vitolins-Adorjan	1. d4 Nf6 2. c4 e6 3. Nc3 Bb4 4. Qc2 O-O 5. a3 Bxc3+ 6. Qxc3 b5
E33	Difesa Nimzo-Indiana: Variante Classica, Variante Milner-Barry	1. d4 Nf6 2. c4 e6 3. Nc3 Bb4 4. Qc2 Nc6 5. Nf3 d6
E33	Difesa Nimzo-Indiana: Variante Classica, Variante di Zurigo	1. d4 Nf6 2. c4 e6 3. Nc3 Bb4 4. Qc2 Nc6
E34	Difesa Nimzo-Indiana: Variante Classica, Gambetto Belyavsky	1. d4 Nf6 2. c4 e6 3. Nc3 Bb4 4. Qc2 d5 5. cxd5 Qxd5 6. Nf3 Qf5 7. Qd1 e5
E34	Difesa Nimzo-Indiana: Variante Classica, Variante Noa	1. d4 Nf6 2. c4 e6 3. Nc3 Bb4 4. Qc2 d5
E35	Difesa Nimzo-Indiana: Variante Classica, Variante Noa	1. d4 Nf6 2. c4 e6 3. Nc3 Bb4 4. Qc2 d5 5. cxd5 exd5
E36	Difesa Nimzo-Indiana: Variante Classica, Variante Noa	1. d4 Nf6 2. c4 e6 3. Nc3 Bb4 4. Qc2 d5 5. a3
E36	Difesa Nimzo-Indiana: Variante Classica, Variante Noa, Variante Botvinnik	1. d4 Nf6 2. c4 e6 3. Nc3 Bb4 4. Qc2 d5 5. a3 Bxc3+ 6. Qxc3 Nc6
E36	Difesa Nimzo-Indiana: Variante Classica, Variante Noa, Linea principale	1. d4 Nf6 2. c4 e6 3. Nc3 Bb4 4. Qc2 d5 5. a3 Bxc3+ 6. Qxc3 Ne4
E36	Difesa Nimzo-Indiana: Variante Classica, Gambetto Romanishin	1. d4 Nf6 2. c4 e6 3. Nc3 Bb4 4. Qc2 d5 5. a3 Bxc3+ 6. Qxc3 c5
E37	Difesa Nimzo-Indiana: Variante Classica, Variante Moderna	1. d4 Nf6 2. c4 e6 3. Nc3 Bb4 4. Qc2 d5 5. a3 Bxc3+ 6. Qxc3 Ne4 7. Qc2 c5
E37	Difesa Nimzo-Indiana: Variante Classica, Variante Noa	1. d4 Nf6 2. c4 e6 3. Nc3 Bb4 4. Qc2 d5 5. a3 Bxc3+ 6. Qxc3 Ne4 7. Qc2
E37	Difesa Nimzo-Indiana: Variante Classica, Variante Noa, Variante San Remo	1. d4 Nf6 2. c4 e6 3. Nc3 Bb4 4. Qc2 d5 5. a3 Bxc3+ 6. Qxc3 Ne4 7. Qc2 Nc6 8. e3 e5
E38	Difesa Nimzo-Indiana: Variante Classica, Variante Berlinese	1. d4 Nf6 2. c4 e6 3. Nc3 Bb4 4. Qc2 c5
E38	Difesa Nimzo-Indiana: Variante Classica, Variante Berlinese	1. d4 Nf6 2. c4 e6 3. Nc3 Bb4 4. Qc2 O-O 5. e3 d5 6. Nf3 c5
E38	Difesa Nimzo-Indiana: Variante Classica, Variante Berlinese, Variante Steiner	1. d4 Nf6 2. c4 e6 3. Nc3 Bb4 4. Qc2 c5 5. dxc5 Bxc3+
E39	Difesa Nimzo-Indiana: Variante Classica, Variante Berlinese, Sistema Macieja	1. d4 Nf6 2. c4 e6 3. Nc3 Bb4 4. Qc2 c5 5. dxc5 O-O 6. a3 Bxc5 7. Nf3 b6
E39	Difesa Nimzo-Indiana: Variante Classica, Variante Berlinese, Variante Pirc	1. d4 Nf6 2. c4 e6 3. Nc3 Bb4 4. Qc2 c5 5. dxc5 O-O
E40	Difesa Nimzo-Indiana: Sistema Rubinstein	1. d4 Nf6 2. c4 e6 3. Nc3 Bb4 4. e3
E40	Difesa Nimzo-Indiana: Sistema Rubinstein, Variante Taimanov	1. d4 Nf6 2. c4 e6 3. Nc3 Bb4 4. e3 Nc6
E41	Difesa Nimzo-Indiana: Sistema Rubinstein	1. d4 Nf6 2. c4 e6 3. Nc3 Bb4 4. e3 c5
E41	Difesa Nimzo-Indiana: Sistema Rubinstein, Variante Hübner	1. d4 Nf6 2. c4 e6 3. Nc3 Bb4 4. e3 c5 5. Bd3 Nc6 6. Nf3 Bxc3+ 7. bxc3 d6
E41	Difesa Nimzo-Indiana: Sistema Rubinstein, Variante Hübner	1. d4 Nf6 2. c4 e6 3. Nc3 Bb4 4. e3 c5 5. Bd3 Nc6 6. Nf3 Bxc3+ 7. bxc3 d6 8. O-O O-O
E42	Difesa Nimzo-Indiana: Sistema Rubinstein, Variante Rubinstein	1. d4 Nf6 2. c4 e6 3. Nc3 Bb4 4. e3 c5 5. Ne2
E42	Difesa Nimzo-Indiana: Sistema Rubinstein, Variante Rubinstein, Linea principale	1. d4 Nf6 2. c4 e6 3. Nc3 Bb4 4. e3 c5 5. Ne2 cxd4 6. exd4 O-O 7. a3
E42	Difesa Nimzo-Indiana: Sistema Rubinstein, Variante Rubinstein, Attacco Sherbakov	1. d4 Nf6 2. c4 e6 3. Nc3 Bb4 4. e3 c5 5. Ne2 cxd4 6. exd4 O-O 7. c5
E43	Difesa Nimzo-Indiana: Variante di San Pietroburgo	1. d4 Nf6 2. c4 e6 3. Nc3 Bb4 4. e3 b6
E43	Difesa Nimzo-Indiana: Variante di San Pietroburgo	1. d4 Nf6 2. c4 e6 3. Nc3 Bb4 4. e3 b6 5. Bd3 Bb7 6. Nf3
E43	Difesa Nimzo-Indiana: Variante di San Pietroburgo	1. d4 Nf6 2. c4 e6 3. Nc3 Bb4 4. e3 b6 5. Bd3 Bb7 6. Nf3 O-O
E43	Difesa Nimzo-Indiana: Variante di San Pietroburgo	1. d4 Nf6 2. c4 e6 3. Nc3 Bb4 4. e3 b6 5. Bd3 Bb7 6. Nf3 O-O 7. O-O
E43	Difesa Nimzo-Indiana: Variante di San Pietroburgo	1. d4 Nf6 2. c4 e6 3. Nc3 Bb4 4. e3 b6 5. Bd3 Bb7 6. Nf3 O-O 7. O-O c5
E43	Difesa Nimzo-Indiana: Variante di San Pietroburgo	1. d4 Nf6 2. c4 e6 3. Nc3 Bb4 4. e3 b6 5. Bd3 Bb7 6. Nf3 O-O 7. O-O c5 8. Na4 cxd4 9. a3 Be7
E43	Difesa Nimzo-Indiana: Variante di San Pietroburgo	1. d4 Nf6 2. c4 e6 3. Nc3 Bb4 4. e3 Ne4 5. Qc2 f5 6. Nf3 b6 7. Bd3 Bb7
E43	Difesa Nimzo-Indiana: Variante di San Pietroburgo	1. d4 Nf6 2. c4 e6 3. Nc3 Bb4 4. e3 O-O 5. Bd3 c5 6. Nf3 b6 7. O-O Bb7 8. Na4 Qe7
E43	Difesa Nimzo-Indiana: Variante di San Pietroburgo	1. d4 Nf6 2. c4 e6 3. Nc3 Bb4 4. Nf3 Bxc3+ 5. bxc3 b6 6. e3 Bb7 7. Bd3 O-O 8. O-O
E43	Difesa Nimzo-Indiana: Variante di San Pietroburgo	1. d4 Nf6 2. c4 e6 3. Nc3 Bb4 4. Nf3 b6 5. e3 Ne4 6. Qc2
E43	Difesa Nimzo-Indiana: Variante di San Pietroburgo	1. d4 Nf6 2. c4 e6 3. Nc3 Bb4 4. Nf3 b6 5. e3 Ne4 6. Qc2 Bb7 7. Bd3 Bxc3+ 8. bxc3 f5 9. O-O
E43	Difesa Nimzo-Indiana: Variante di San Pietroburgo, con Ce4	1. d4 Nf6 2. c4 e6 3. Nc3 Bb4 4. e3 b6 5. Bd3 Bb7 6. Nf3 Ne4
E44	Difesa Nimzo-Indiana: Variante di San Pietroburgo	1. d4 Nf6 2. c4 e6 3. Nc3 Bb4 4. e3 b6 5. Ne2
E44	Difesa Nimzo-Indiana: Variante di San Pietroburgo, Variante Americana	1. d4 Nf6 2. c4 e6 3. Nc3 Bb4 4. e3 b6 5. Ne2 Ne4
E44	Difesa Nimzo-Indiana: Variante di San Pietroburgo, Variante Romanishin-Psakhis	1. d4 Nf6 2. c4 e6 3. Nc3 Bb4 4. e3 b6 5. Ne2 c5 6. a3 Ba5
E45	Difesa Nimzo-Indiana: Variante di San Pietroburgo, Variante Fischer	1. d4 Nf6 2. c4 e6 3. Nc3 Bb4 4. e3 b6 5. Ne2 Ba6
E46	Difesa Nimzo-Indiana: Variante Normale	1. d4 Nf6 2. c4 e6 3. Nc3 Bb4 4. e3 O-O
E46	Difesa Nimzo-Indiana: Variante Reshevsky	1. d4 Nf6 2. c4 e6 3. Nc3 Bb4 4. e3 O-O 5. Ne2
E46	Difesa Nimzo-Indiana: Variante Simagin	1. d4 Nf6 2. c4 e6 3. Nc3 Bb4 4. e3 O-O 5. Ne2 d5 6. a3 Bd6
E47	Difesa Nimzo-Indiana: Variante Normale	1. d4 Nf6 2. c4 e6 3. Nc3 Bb4 4. e3 O-O 5. Bd3
E48	Difesa Nimzo-Indiana: Variante Normale, Difesa Classica	1. d4 Nf6 2. c4 e6 3. Nc3 Bb4 4. e3 O-O 5. Bd3 d5
E48	Difesa Nimzo-Indiana: Difesa Ragozin	1. d4 Nf6 2. c4 e6 3. Nc3 Bb4 4. e3 O-O 5. Bd3 d5 6. Nf3 Nc6 7. O-O
E49	Difesa Nimzo-Indiana: Variante Normale, Sistema Botvinnik	1. d4 Nf6 2. c4 e6 3. Nc3 Bb4 4. e3 O-O 5. Bd3 d5 6. a3 Bxc3+ 7. bxc3
E50	Difesa Nimzo-Indiana	1. d4 Nf6 2. c4 e6 3. Nc3 Bb4 4. e3 O-O 5. Nf3
E51	Difesa Nimzo-Indiana: Variante Normale, Variante Ragozin	1. d4 Nf6 2. c4 e6 3. Nc3 Bb4 4. e3 O-O 5. Nf3 d5
E51	Difesa Nimzo-Indiana: Variante Normale, Sämisch	1. d4 Nf6 2. c4 e6 3. Nc3 Bb4 4. e3 O-O 5. Nf3 d5 6. a3
E51	Difesa Nimzo-Indiana: Variante Ragozin	1. d4 Nf6 2. c4 e6 3. Nc3 Bb4 4. e3 O-O 5. Bd3 d5 6. Nf3 Nc6 7. O-O dxc4
E52	Difesa Nimzo-Indiana: Variante Normale, Difesa Schlechter	1. d4 Nf6 2. c4 e6 3. Nc3 Bb4 4. e3 O-O 5. Bd3 d5 6. Nf3 b6
E52	Difesa Nimzo-Indiana: Variante Normale, Difesa Schlechter	1. d4 Nf6 2. c4 e6 3. Nc3 Bb4 4. e3 b6 5. Bd3 Bb7 6. Nf3 O-O 7. O-O d5
E53	Difesa Nimzo-Indiana: Variante Normale, Sistema Gligoric	1. d4 Nf6 2. c4 e6 3. Nc3 Bb4 4. e3 O-O 5. Bd3 d5 6. Nf3 c5
E53	Difesa Nimzo-Indiana: Variante Normale, Sistema Gligoric	1. d4 Nf6 2. c4 e6 3. Nc3 Bb4 4. e3 O-O 5. Bd3 d5 6. Nf3 c5 7. O-O Nbd7
E53	Difesa Nimzo-Indiana: Variante Normale, Sistema Gligoric, Variante Keres	1. d4 Nf6 2. c4 e6 3. Nc3 Bb4 4. e3 O-O 5. Bd3 d5 6. Nf3 c5 7. O-O b6
E54	Difesa Nimzo-Indiana: Variante Normale, Sistema Gligoric, Variante di Cambio	1. d4 Nf6 2. c4 e6 3. Nc3 Bb4 4. e3 O-O 5. Bd3 d5 6. Nf3 c5 7. O-O dxc4 8. Bxc4
E54	Difesa Nimzo-Indiana: Variante Normale, Sistema Gligoric, Variante di Cambio	1. d4 Nf6 2. c4 e6 3. Nc3 Bb4 4. e3 O-O 5. Bd3 d5 6. Nf3 c5 7. O-O dxc4 8. Bxc4 cxd4 9. exd4
E54	Difesa Nimzo-Indiana: Variante Normale, Sistema Gligoric, Variante Smyslov	1. d4 Nf6 2. c4 e6 3. Nc3 Bb4 4. e3 O-O 5. Bd3 d5 6. Nf3 c5 7. O-O dxc4 8. Bxc4 Qe7
E55	Difesa Nimzo-Indiana: Variante Normale, Sistema Gligoric, Variante Bronstein	1. d4 Nf6 2. c4 e6 3. Nc3 Bb4 4. e3 O-O 5. Bd3 d5 6. Nf3 c5 7. O-O dxc4 8. Bxc4 Nbd7
E56	Difesa Nimzo-Indiana: Variante Normale, Sistema Gligoric, Difesa Bernstein	1. d4 Nf6 2. c4 e6 3. Nc3 Bb4 4. e3 O-O 5. Bd3 d5 6. Nf3 c5 7. O-O Nc6
E57	Difesa Nimzo-Indiana: Variante Normale, Sistema Gligoric, Difesa Bernstein	1. d4 Nf6 2. c4 e6 3. Nc3 Bb4 4. e3 O-O 5. Bd3 d5 6. Nf3 c5 7. O-O Nc6 8. a3 dxc4 9. Bxc4 cxd4
E58	Difesa Nimzo-Indiana: Variante Normale, Difesa Bernstein, Linea di Cambio	1. d4 Nf6 2. c4 e6 3. Nc3 Bb4 4. e3 O-O 5. Bd3 d5 6. Nf3 c5 7. O-O Nc6 8. a3 Bxc3 9. bxc3
E59	Difesa Nimzo-Indiana: Variante Normale, Difesa Bernstein	1. d4 Nf6 2. c4 e6 3. Nc3 Bb4 4. e3 O-O 5. Bd3 d5 6. Nf3 c5 7. O-O Nc6 8. a3 Bxc3 9. bxc3 dxc4 10. Bxc4
E59	Difesa Nimzo-Indiana: Variante Normale, Difesa Bernstein	1. d4 Nf6 2. c4 e6 3. Nc3 Bb4 4. e3 O-O 5. Bd3 d5 6. a3 Bxc3+ 7. bxc3 dxc4 8. Bxc4 c5 9. Nf3 Nc6 10. O-O Qc7 11. Qc2
E60	Difesa Grünfeld: Variante di Contrattacco	1. d4 Nf6 2. c4 g6 3. g3 Bg7 4. Bg2 d5
E60	Difesa Indiana: Anti-Grünfeld, Gambetto Adorjan	1. d4 Nf6 2. c4 g6 3. d5 b5
E60	Difesa Indiana: Anti-Grünfeld, Variante d'Avanzata	1. d4 Nf6 2. c4 g6 3. d5
E60	Difesa Indiana: Anti-Grünfeld, Variante Alekhine	1. d4 Nf6 2. c4 g6 3. f3
E60	Difesa Indiana: Anti-Grünfeld, Variante Alekhine, Gambetto Leko	1. d4 Nf6 2. c4 g6 3. f3 e5
E60	Difesa Indiana: Anti-Grünfeld, Attacco Basman-Williams	1. d4 Nf6 2. c4 g6 3. h4
E60	Difesa Indiana: Difesa Ovest Indiana	1. d4 Nf6 2. c4 g6
E60	Difesa Indiana di Re: Variante del Fianchetto	1. d4 Nf6 2. c4 g6 3. Nf3 Bg7 4. g3
E60	Difesa Indiana di Re: Variante del Fianchetto, Fianchetto Immediato	1. d4 Nf6 2. c4 g6 3. g3
E60	Difesa Indiana di Re: Variante Normale, Variante del Cavallo di Re	1. d4 Nf6 2. Nf3 g6 3. c4
E60	Difesa Indiana di Re: Variante Santasiere	1. d4 Nf6 2. c4 g6 3. Nf3 Bg7 4. b4
E60	Difesa Indiana di Re: Variante Semi-Classica, Variante Benoni	1. d4 Nf6 2. c4 g6 3. Nc3 Bg7 4. Nf3 O-O 5. e3 d6 6. Be2 c6
E60	Difesa Indiana di Re: Variante Semi-Classica, Variante Hollywood	1. d4 Nf6 2. Nf3 g6 3. c4 Bg7 4. Nc3 O-O 5. e3 d6 6. Be2 Nc6
E60	Pedone di Donna, Attacco Mengarini	1. d4 Nf6 2. c4 g6 3. Qc2
E61	Difesa Indiana di Re	1. d4 Nf6 2. c4 g6 3. Nc3
E61	Difesa Indiana di Re: Variante del Fianchetto, Difesa Benjamin	1. d4 Nf6 2. c4 g6 3. Nc3 Bg7 4. Nf3 d6 5. g3 O-O 6. Bg2 c6 7. O-O Qb6
E61	Difesa Indiana di Re: Variante Semi-Classica	1. d4 Nf6 2. c4 g6 3. Nc3 Bg7 4. Nf3 O-O 5. e3 d6 6. Be2
E61	Difesa Indiana di Re: Variante Semi-Classica, Variante di Cambio	1. d4 Nf6 2. c4 g6 3. Nc3 Bg7 4. Nf3 O-O 5. e3 d6 6. Be2 Nbd7 7. O-O e5 8. dxe5 dxe5
E61	Difesa Indiana di Re: Variante Semi-Classica, Linea sul lato di Donna dell'Assalto	1. d4 Nf6 2. c4 g6 3. Nc3 Bg7 4. Nf3 O-O 5. e3 d6 6. Be2 Nbd7 7. O-O e5 8. b4
E61	Difesa Indiana di Re: Variante Smyslov	1. d4 Nf6 2. c4 g6 3. Nc3 Bg7 4. Nf3 d6 5. Bg5
E62	Difesa Indiana di Re: Variante del Fianchetto, Variante di Karlsbad	1. d4 Nf6 2. c4 g6 3. g3 Bg7 4. Bg2 O-O 5. Nc3 d6 6. Nf3 Nc6
E62	Difesa Indiana di Re: Variante del Fianchetto, Fianchetto Ritardato	1. d4 Nf6 2. c4 g6 3. Nc3 Bg7 4. Nf3 d6 5. g3
E62	Difesa Indiana di Re: Variante del Fianchetto, Difesa Kavalek	1. d4 Nf6 2. c4 g6 3. Nf3 Bg7 4. g3 O-O 5. Bg2 d6 6. O-O c6 7. Nc3 Qa5
E62	Difesa Indiana di Re: Variante del Fianchetto, Difesa Larsen	1. d4 Nf6 2. c4 g6 3. Nc3 Bg7 4. Nf3 d6 5. g3 O-O 6. Bg2 c6 7. O-O Bf5
E62	Difesa Indiana di Re: Variante del Fianchetto, Minore (Spassky) Simagin	1. d4 Nf6 2. c4 g6 3. g3 Bg7 4. Bg2 O-O 5. Nc3 d6 6. Nf3 Nc6 7. O-O Bf5
E62	Difesa Indiana di Re: Variante del Fianchetto, Variante Simagin	1. d4 Nf6 2. c4 g6 3. Nc3 Bg7 4. Nf3 d6 5. g3 O-O 6. Bg2 Nc6 7. O-O Bg4
E62	Difesa Indiana di Re: Variante del Fianchetto, Sistema Uhlmann-Szabo	1. d4 Nf6 2. c4 g6 3. Nf3 Bg7 4. g3 O-O 5. Bg2 d6 6. O-O Nc6 7. Nc3 e5
E63	Difesa Indiana di Re: Variante del Fianchetto, Variante Panno	1. d4 Nf6 2. c4 g6 3. Nf3 Bg7 4. g3 O-O 5. Bg2 d6 6. O-O Nc6 7. Nc3 a6
E63	Difesa Indiana di Re: Variante del Fianchetto, Variante Panno, Linea del Blocco	1. d4 Nf6 2. c4 g6 3. Nf3 Bg7 4. g3 O-O 5. Bg2 d6 6. O-O Nc6 7. Nc3 a6 8. d5 Na5 9. Nd2 c5 10. Qc2 e5
E63	Difesa Indiana di Re: Variante del Fianchetto, Variante Panno, Linea Donner	1. d4 Nf6 2. c4 g6 3. Nf3 Bg7 4. g3 O-O 5. Bg2 d6 6. O-O Nc6 7. Nc3 a6 8. d5 Na5 9. Nd2 c5 10. Qc2 Rb8 11. b3 b5 12. Bb2 bxc4 13. bxc4 Bh6
E63	Difesa Indiana di Re: Variante del Fianchetto, Variante Panno, Linea Korchnoi	1. d4 Nf6 2. c4 g6 3. Nf3 Bg7 4. g3 O-O 5. Bg2 d6 6. O-O Nc6 7. Nc3 a6 8. h3 Rb8 9. Be3 b5 10. Nd2
E64	Difesa Indiana di Re: Variante del Fianchetto, Doppio Attacco del Fianchetto	1. d4 Nf6 2. c4 g6 3. Nf3 Bg7 4. g3 d6 5. Bg2 O-O 6. O-O Nbd7 7. Nc3 e5 8. b3
E64	Difesa Indiana di Re: Variante del Fianchetto, Variante Ungherese	1. d4 Nf6 2. c4 g6 3. Nf3 Bg7 4. g3 d6 5. Bg2 O-O 6. O-O Nbd7 7. Nc3 a6
E64	Difesa Indiana di Re: Variante del Fianchetto, Variante dello Pterodattilo	1. d4 Nf6 2. c4 g6 3. Nf3 Bg7 4. g3 c5 5. Bg2 Qa5+
E64	Difesa Indiana di Re: Variante del Fianchetto, Sistema Jugoslavo	1. d4 Nf6 2. c4 g6 3. Nf3 Bg7 4. g3 d6 5. Bg2 O-O 6. O-O c5
E64	Difesa Indiana di Re: Variante del Fianchetto, Variante Jugoslava, Linea Rara	1. d4 Nf6 2. c4 g6 3. g3 Bg7 4. Bg2 O-O 5. Nc3 d6 6. Nf3 c5
E65	Difesa Indiana di Re: Variante del Fianchetto, Variante Jugoslava	1. d4 Nf6 2. c4 g6 3. Nf3 Bg7 4. g3 O-O 5. Bg2 d6 6. O-O c5 7. Nc3
E65	Difesa Indiana di Re: Variante del Fianchetto, Variante Jugoslava, Linea di Cambio	1. d4 Nf6 2. c4 g6 3. Nf3 Bg7 4. g3 O-O 5. Bg2 d6 6. O-O c5 7. Nc3 Nc6 8. dxc5 dxc5
E66	Difesa Indiana di Re: Variante del Fianchetto, Variante Jugoslava, Linea d'Avanzata	1. d4 Nf6 2. c4 g6 3. Nf3 Bg7 4. g3 O-O 5. Bg2 d6 6. O-O c5 7. Nc3 Nc6 8. d5
E67	Difesa Indiana di Re: Variante del Fianchetto, Fianchetto Classico	1. d4 Nf6 2. c4 g6 3. Nf3 Bg7 4. g3 O-O 5. Bg2 d6 6. O-O Nbd7 7. Nc3 e5
E67	Difesa Indiana di Re: Variante del Fianchetto, Difesa di Debrecen	1. d4 Nf6 2. c4 g6 3. g3 Bg7 4. Bg2 O-O 5. Nc3 d6 6. Nf3 Nbd7
E68	Difesa Indiana di Re: Variante del Fianchetto, Variante Classica	1. d4 Nf6 2. c4 g6 3. Nf3 Bg7 4. g3 O-O 5. Bg2 d6 6. O-O Nbd7 7. Nc3 e5 8. e4
E68	Difesa Indiana di Re: Variante del Fianchetto, Variante Lunga	1. d4 Nf6 2. c4 g6 3. Nc3 Bg7 4. Nf3 d6 5. g3 O-O 6. Bg2 Nbd7 7. O-O e5 8. e4 Re8 9. h3 exd4 10. Nxd4 Nc5 11. Re1 a5
E69	Difesa Indiana di Re: Variante del Fianchetto, Linea principale Classica	1. d4 Nf6 2. c4 g6 3. Nf3 Bg7 4. g3 O-O 5. Bg2 d6 6. O-O Nbd7 7. Nc3 e5 8. e4 c6 9. h3
E70	Difesa Indiana di Re: Variante Averbakh Accelerata	1. d4 Nf6 2. c4 g6 3. Nc3 Bg7 4. e4 d6 5. Bg5
E70	Difesa Indiana di Re: Variante Kramer	1. d4 Nf6 2. c4 g6 3. Nc3 Bg7 4. e4 d6 5. Nge2
E70	Difesa Indiana di Re: Variante Normale	1. d4 Nf6 2. c4 g6 3. Nc3 Bg7 4. e4
E70	Difesa Indiana di Re: Variante Normale	1. d4 Nf6 2. c4 g6 3. Nc3 Bg7 4. e4 d6
E71	Difesa Indiana di Re: Sistema Karpov	1. d4 Nf6 2. c4 g6 3. Nc3 Bg7 4. e4 d6 5. h3 O-O 6. Be3
E71	Difesa Indiana di Re: Variante Makogonov	1. d4 Nf6 2. c4 g6 3. Nc3 Bg7 4. e4 d6 5. h3
E72	Difesa Indiana di Re: Variante Normale, Fianchetto	1. d4 Nf6 2. c4 g6 3. Nc3 Bg7 4. e4 d6 5. g3
E72	Difesa Indiana di Re: Sistema Pomar	1. d4 Nf6 2. c4 g6 3. Nc3 Bg7 4. e4 d6 5. g3 O-O 6. Bg2 e5 7. Nge2
E73	Difesa Indiana di Re: Variante Averbakh	1. d4 Nf6 2. c4 g6 3. Nc3 Bg7 4. e4 d6 5. Be2 O-O 6. Bg5
E73	Difesa Indiana di Re: Variante Averbakh, Difesa Flessibile	1. d4 Nf6 2. c4 g6 3. Nc3 Bg7 4. e4 d6 5. Be2 O-O 6. Bg5 h6
E73	Difesa Indiana di Re: Variante Averbakh, Difesa Geller	1. d4 Nf6 2. c4 g6 3. Nc3 Bg7 4. e4 d6 5. Be2 O-O 6. Bg5 Nbd7
E73	Difesa Indiana di Re: Variante Averbakh, Difesa Moderna	1. d4 Nf6 2. c4 g6 3. Nc3 Bg7 4. e4 d6 5. Be2 O-O 6. Bg5 Na6
E73	Difesa Indiana di Re: Variante Averbakh, Difesa Moderna, Linea Burgess	1. d4 Nf6 2. c4 g6 3. Nc3 Bg7 4. e4 d6 5. Be2 O-O 6. Bg5 Na6 7. Qd2 c6
E73	Difesa Indiana di Re: Variante Averbakh, Difesa Cc6	1. d4 Nf6 2. c4 g6 3. Nc3 Bg7 4. e4 d6 5. Be2 O-O 6. Bg5 Nc6
E73	Difesa Indiana di Re: Variante Averbakh, Difesa Spagnola	1. d4 Nf6 2. c4 g6 3. Nc3 Bg7 4. e4 d6 5. Be2 O-O 6. Bg5 a6
E73	Difesa Indiana di Re: Variante Normale, Sviluppo Standard	1. d4 Nf6 2. c4 g6 3. Nc3 Bg7 4. e4 d6 5. Be2
E73	Difesa Indiana di Re: Sistema Semi-Averbakh	1. d4 Nf6 2. c4 g6 3. Nc3 Bg7 4. e4 d6 5. Be2 O-O 6. Be3
E74	Difesa Indiana di Re: Variante Averbakh, Difesa Benoni	1. d4 Nf6 2. c4 g6 3. Nc3 Bg7 4. e4 d6 5. Be2 O-O 6. Bg5 c5
E74	Difesa Indiana di Re: Variante Averbakh, Difesa Benoni, Variante d'Avanzata	1. d4 Nf6 2. c4 g6 3. Nc3 Bg7 4. e4 d6 5. Be2 O-O 6. Bg5 c5 7. d5
E74	Difesa Indiana di Re: Variante Averbakh, Difesa Benoni, Variante di Cambio	1. d4 Nf6 2. c4 g6 3. Nc3 Bg7 4. e4 d6 5. Be2 O-O 6. Bg5 c5 7. dxc5
E75	Difesa Indiana di Re: Variante Averbakh, Linea principale	1. d4 Nf6 2. c4 g6 3. Nc3 Bg7 4. e4 d6 5. Be2 O-O 6. Bg5 c5 7. d5 e6
E76	Difesa Indiana di Re: Attacco dei Quattro Pedoni	1. d4 Nf6 2. c4 g6 3. Nc3 Bg7 4. e4 d6 5. f4
E76	Difesa Indiana di Re: Attacco dei Quattro Pedoni, Attacco Dinamico	1. d4 Nf6 2. c4 g6 3. Nc3 Bg7 4. e4 d6 5. f4 O-O 6. Nf3 c5 7. d5
E76	Difesa Indiana di Re: Attacco dei Quattro Pedoni, Difesa Moderna	1. d4 Nf6 2. c4 g6 3. Nc3 Bg7 4. e4 d6 5. f4 Na6
E77	Difesa Indiana di Re: Attacco dei Quattro Pedoni	1. d4 Nf6 2. c4 g6 3. Nc3 Bg7 4. e4 d6 5. Be2 O-O 6. f4
E77	Difesa Indiana di Re: Attacco dei Quattro Pedoni, Gambetto Fiorentino	1. d4 Nf6 2. c4 g6 3. Nc3 Bg7 4. e4 d6 5. f4 O-O 6. Nf3 c5 7. d5 e6 8. Be2 exd5 9. e5
E77	Difesa Indiana di Re: Attacco dei Quattro Pedoni, Attacco Normale	1. d4 Nf6 2. c4 g6 3. Nc3 Bg7 4. e4 d6 5. f4 O-O 6. Nf3 c5 7. d5 e6 8. Be2
E77	Difesa Indiana di Re: Attacco dei Sei Pedoni	1. d4 Nf6 2. c4 g6 3. Nc3 Bg7 4. e4 d6 5. f4 O-O 6. Be2 c5 7. d5 e6 8. dxe6 fxe6 9. g4 Nc6 10. h4
E78	Difesa Indiana di Re: Attacco dei Quattro Pedoni, Attacco Fluido	1. d4 Nf6 2. c4 g6 3. Nc3 Bg7 4. e4 d6 5. f4 O-O 6. Nf3 c5 7. Be2
E79	Difesa Indiana di Re: Attacco dei Quattro Pedoni, Variante di Cambio	1. d4 Nf6 2. c4 g6 3. Nc3 Bg7 4. e4 d6 5. f4 O-O 6. Nf3 c5 7. Be2 cxd4 8. Nxd4 Nc6 9. Be3
E80	Difesa Indiana di Re: Variante Sämisch	1. d4 Nf6 2. c4 g6 3. Nc3 Bg7 4. e4 d6 5. f3
E81	Difesa Indiana di Re: Attacco Steiner	1. d4 Nf6 2. c4 g6 3. Nc3 Bg7 4. e4 d6 5. f3 O-O 6. Bg5
E81	Difesa Indiana di Re: Attacco Steiner	1. d4 Nf6 2. c4 g6 3. Nc3 Bg7 4. e4 d6 5. f3 O-O 6. Bg5 c5 7. d5 h6 8. Bf4
E81	Difesa Indiana di Re: Attacco Steiner	1. d4 Nf6 2. c4 g6 3. Nc3 Bg7 4. e4 d6 5. f3 O-O 6. Bg5 c5 7. d5 e6 8. Qd2 exd5 9. Nxd5
E81	Difesa Indiana di Re: Attacco Steiner	1. d4 Nf6 2. c4 g6 3. Nc3 Bg7 4. e4 d6 5. f3 O-O 6. Bg5 c5 7. d5 e6 8. Qd2 h6 9. Bxh6
E81	Difesa Indiana di Re: Variante Sämisch, Variante Bobotsov-Korchnoi-Petrosian	1. d4 Nf6 2. c4 g6 3. Nc3 Bg7 4. e4 d6 5. f3 O-O 6. Nge2
E81	Difesa Indiana di Re: Variante Sämisch, Difesa Byrne	1. d4 Nf6 2. c4 g6 3. Nc3 Bg7 4. e4 d6 5. f3 O-O 6. Be3 c6 7. Bd3 a6
E81	Difesa Indiana di Re: Variante Sämisch, Difesa Normale	1. d4 Nf6 2. c4 g6 3. Nc3 Bg7 4. e4 d6 5. f3 O-O
E81	Difesa Indiana di Re: Variante Sämisch, Gambetto Sämisch	1. d4 Nf6 2. c4 g6 3. Nc3 Bg7 4. e4 d6 5. f3 O-O 6. Be3 c5
E81	Difesa Indiana di Re: Variante Sämisch, Gambetto Sämisch Accettato	1. d4 Nf6 2. c4 g6 3. Nc3 Bg7 4. e4 d6 5. f3 O-O 6. Be3 c5 7. dxc5 dxc5 8. Qxd8 Rxd8 9. Bxc5
E82	Difesa Indiana di Re: Variante Sämisch, Doppio Fianchetto	1. d4 Nf6 2. c4 g6 3. Nc3 Bg7 4. e4 d6 5. f3 O-O 6. Be3 b6
E83	Difesa Indiana di Re: Variante Sämisch, Formazione Panno	1. d4 Nf6 2. c4 g6 3. Nc3 Bg7 4. e4 d6 5. f3 O-O 6. Be3 Nc6 7. Nge2 a6
E83	Difesa Indiana di Re: Variante Sämisch, Variante Ruban	1. d4 Nf6 2. c4 g6 3. Nc3 Bg7 4. e4 d6 5. f3 O-O 6. Be3 Nc6 7. Nge2 Rb8
E83	Difesa Indiana di Re: Variante Sämisch, Difesa Yates	1. d4 Nf6 2. c4 g6 3. Nc3 Bg7 4. e4 d6 5. f3 O-O 6. Be3 Nc6
E84	Difesa Indiana di Re: Variante Sämisch, Linea Panno principale	1. d4 Nf6 2. c4 g6 3. Nc3 Bg7 4. e4 d6 5. f3 O-O 6. Be3 Nc6 7. Nge2 a6 8. Qd2 Rb8
E85	Difesa Indiana di Re: Variante Sämisch, Variante Ortodossa	1. d4 Nf6 2. c4 g6 3. Nc3 Bg7 4. e4 d6 5. f3 O-O 6. Be3 e5
E86	Difesa Indiana di Re: Variante Sämisch	1. d4 Nf6 2. c4 g6 3. Nc3 Bg7 4. e4 d6 5. f3 O-O 6. Be3 e5 7. Nge2 c6
E87	Difesa Indiana di Re: Variante Sämisch, Difesa Bronstein	1. d4 Nf6 2. c4 g6 3. Nc3 Bg7 4. e4 d6 5. f3 O-O 6. Be3 e5 7. d5 Nh5 8. Qd2 Qh4+ 9. g3 Nxg3 10. Qf2 Nxf1 11. Qxh4 Nxe3 12. Ke2
E87	Difesa Indiana di Re: Variante Sämisch, Variante Chiusa	1. d4 Nf6 2. c4 g6 3. Nc3 Bg7 4. e4 d6 5. f3 O-O 6. Be3 e5 7. d5
E87	Difesa Indiana di Re: Variante Sämisch, Variante Ortodossa, Variante Bronstein	1. d4 Nf6 2. c4 g6 3. Nc3 Bg7 4. e4 d6 5. f3 O-O 6. Be3 e5 7. d5 Nh5 8. Qd2 Qh4+ 9. g3 Nxg3 10. Qf2 Nxf1 11. Qxh4 Nxe3 12. Ke2 Nxc4
E88	Difesa Indiana di Re: Variante Sämisch, Variante Chiusa	1. d4 Nf6 2. c4 g6 3. Nc3 Bg7 4. e4 d6 5. f3 O-O 6. Be3 e5 7. d5 c6
E89	Difesa Indiana di Re: Variante Sämisch, Variante Chiusa, Linea principale	1. d4 Nf6 2. c4 g6 3. Nc3 Bg7 4. e4 d6 5. f3 O-O 6. Be3 e5 7. Nge2 c6 8. d5 cxd5
E90	Difesa Indiana di Re: Variante Larsen	1. d4 Nf6 2. c4 g6 3. Nc3 Bg7 4. e4 d6 5. Nf3 O-O 6. Be3
E90	Difesa Indiana di Re: Variante Normale, Difese Rare	1. d4 Nf6 2. c4 g6 3. Nc3 Bg7 4. e4 d6 5. Nf3
E90	Difesa Indiana di Re: Variante di Zinnowitz	1. d4 Nf6 2. c4 g6 3. Nc3 Bg7 4. e4 d6 5. Nf3 O-O 6. Bg5
E91	Difesa Indiana di Re: Variante Kazaka	1. d4 Nf6 2. c4 g6 3. Nc3 Bg7 4. e4 d6 5. Nf3 O-O 6. Be2 Na6
E91	Difesa Indiana di Re: Variante Ortodossa	1. d4 Nf6 2. c4 g6 3. Nc3 Bg7 4. e4 d6 5. Nf3 O-O 6. Be2
E92	Difesa Indiana di Re: Variante di Cambio	1. d4 Nf6 2. c4 g6 3. Nc3 Bg7 4. e4 d6 5. Nf3 O-O 6. Be2 e5 7. dxe5
E92	Difesa Indiana di Re: Variante Ortodossa	1. d4 Nf6 2. c4 g6 3. Nc3 Bg7 4. e4 d6 5. Nf3 O-O 6. Be2 e5
E92	Difesa Indiana di Re: Variante Ortodossa, Sistema Gligoric-Taimanov	1. d4 Nf6 2. c4 g6 3. Nc3 Bg7 4. e4 d6 5. Nf3 O-O 6. Be2 e5 7. Be3
E92	Difesa Indiana di Re: Variante Petrosian	1. d4 Nf6 2. c4 g6 3. Nc3 Bg7 4. e4 d6 5. Nf3 O-O 6. Be2 e5 7. d5
E92	Difesa Indiana di Re: Variante Petrosian, Difesa Stein	1. d4 Nf6 2. c4 g6 3. Nc3 Bg7 4. e4 d6 5. Nf3 O-O 6. Be2 e5 7. d5 a5
E93	Difesa Indiana di Re: Variante Petrosian, Difesa Keres	1. d4 Nf6 2. c4 g6 3. Nc3 Bg7 4. e4 d6 5. Nf3 O-O 6. Be2 e5 7. d5 Nbd7 8. Bg5 h6 9. Bh4 g5 10. Bg3 Nh5 11. h4
E93	Difesa Indiana di Re: Variante Petrosian, Difesa Normale	1. d4 Nf6 2. c4 g6 3. Nc3 Bg7 4. e4 d6 5. Nf3 O-O 6. Be2 e5 7. d5 Nbd7
E94	Difesa Indiana di Re: Variante Ortodossa	1. d4 Nf6 2. c4 g6 3. Nc3 Bg7 4. e4 d6 5. Nf3 O-O 6. Be2 e5 7. O-O
E94	Difesa Indiana di Re: Variante Ortodossa, Difesa Donner	1. d4 Nf6 2. c4 g6 3. Nc3 Bg7 4. e4 d6 5. Nf3 O-O 6. Be2 e5 7. O-O c6
E94	Difesa Indiana di Re: Variante Ortodossa, Difesa Glek	1. d4 Nf6 2. c4 g6 3. Nc3 Bg7 4. e4 d6 5. Nf3 O-O 6. Be2 e5 7. O-O Na6
E94	Difesa Indiana di Re: Variante Ortodossa, Difesa Posizionale	1. d4 Nf6 2. c4 d6 3. Nc3 Nbd7 4. e4 e5 5. Nf3 g6 6. Be2 Bg7 7. O-O O-O
E94	Difesa Indiana di Re: Variante Ortodossa, Difesa Posizionale, Linea Chiusa	1. d4 Nf6 2. c4 g6 3. Nc3 Bg7 4. e4 d6 5. Nf3 O-O 6. Be2 Nbd7 7. O-O e5 8. d5
E94	Difesa Indiana di Re: Variante Ortodossa, Difesa Ucraina	1. d4 Nf6 2. c4 g6 3. Nc3 Bg7 4. e4 d6 5. Nf3 O-O 6. Be2 e5 7. O-O a5
E95	Difesa Indiana di Re: Variante Ortodossa	1. d4 Nf6 2. c4 g6 3. Nc3 Bg7 4. e4 d6 5. Nf3 O-O 6. Be2 e5 7. O-O Nbd7 8. Re1
E96	Difesa Indiana di Re: Variante Ortodossa, Difesa Posizionale, Linea principale	1. d4 Nf6 2. c4 g6 3. Nc3 Bg7 4. e4 d6 5. Nf3 O-O 6. Be2 e5 7. O-O Nbd7 8. Re1 c6 9. Bf1 a5
E97	Difesa Indiana di Re: Variante Ortodossa, Difesa Aronin-Taimanov	1. d4 Nf6 2. c4 g6 3. Nc3 Bg7 4. e4 d6 5. Nf3 O-O 6. Be2 e5 7. O-O Nc6
E97	Difesa Indiana di Re: Variante Ortodossa, Attacco della Baionetta	1. d4 Nf6 2. c4 g6 3. Nc3 Bg7 4. e4 d6 5. Nf3 O-O 6. Be2 e5 7. O-O Nc6 8. d5 Ne7 9. b4
E97	Difesa Indiana di Re: Variante Ortodossa, Attacco della Baionetta, Linea di Sokolov	1. d4 Nf6 2. c4 g6 3. Nc3 Bg7 4. e4 d6 5. Nf3 O-O 6. Be2 e5 7. O-O Nc6 8. d5 Ne7 9. b4 Nh5 10. Re1
E97	Difesa Indiana di Re: Variante Ortodossa, Attacco della Baionetta, Linea di Yepishin	1. d4 Nf6 2. c4 g6 3. Nc3 Bg7 4. e4 d6 5. Nf3 O-O 6. Be2 e5 7. O-O Nc6 8. d5 Ne7 9. b4 Nh5 10. Qc2
E97	Difesa Indiana di Re: Variante Ortodossa, Attacco Korchnoi	1. d4 Nf6 2. c4 g6 3. Nc3 Bg7 4. e4 d6 5. Nf3 O-O 6. Be2 e5 7. O-O Nc6 8. d5 Ne7 9. Bd2
E97	Difesa Indiana di Re: Variante Ortodossa, Sistema Moderno	1. d4 Nf6 2. c4 g6 3. Nc3 Bg7 4. e4 d6 5. Nf3 O-O 6. Be2 e5 7. O-O Nc6 8. d5 Ne7 9. Nd2
E98	Difesa Indiana di Re: Variante Ortodossa, Sistema Classico	1. d4 Nf6 2. c4 g6 3. Nc3 Bg7 4. e4 d6 5. Nf3 O-O 6. Be2 e5 7. O-O Nc6 8. d5 Ne7 9. Ne1
E98	Difesa Indiana di Re: Variante Ortodossa, Sistema Classico, Gambetto Kozul	1. d4 Nf6 2. c4 g6 3. Nc3 Bg7 4. e4 d6 5. Nf3 O-O 6. Be2 e5 7. O-O Nc6 8. d5 Ne7 9. Ne1 Nd7 10. Be3 f5 11. f3 f4 12. Bf2 g5 13. Rc1 Ng6 14. c5
E98	Difesa Indiana di Re: Variante Ortodossa, Sistema Classico, Linea Neoclassica	1. d4 Nf6 2. c4 g6 3. Nc3 Bg7 4. e4 d6 5. Nf3 O-O 6. Be2 e5 7. O-O Nc6 8. d5 Ne7 9. Ne1 Nd7 10. Be3
E99	Difesa Indiana di Re: Variante Ortodossa, Sistema Classico, Attacco Benko	1. d4 Nf6 2. c4 g6 3. Nc3 Bg7 4. e4 d6 5. Nf3 O-O 6. Be2 e5 7. O-O Nc6 8. d5 Ne7 9. Ne1 Nd7 10. f3 f5 11. g4
E99	Difesa Indiana di Re: Variante Ortodossa, Sistema Classico, Linea Tradizionale	1. d4 Nf6 2. c4 g6 3. Nc3 Bg7 4. e4 d6 5. Nf3 O-O 6. Be2 e5 7. O-O Nc6 8. d5 Ne7 9. Ne1 Nd7 10. f3 f5
