# From the lichess puzzle database (database.lichess.org, CC0): make-training.py
zosdQ	8/7p/5K2/6PP/8/pk6/8/8 w - - 0 39	g5g6 h7g6 h5g6 a3a2 f6f7 a2a1q	1182	advancedPawn crushing endgame long master pawnEndgame promotion	https://lichess.org/XN4mc68J#77
sa9fH	8/2pk3p/8/3P1Kp1/1p4P1/7P/P7/8 b - - 2 34	c7c6 d5c6 d7c6 f5g5 c6b5 g5h6	1181	crushing endgame long pawnEndgame	https://lichess.org/LP3AgdYH/black#68
TFQig	8/8/5p1p/1ppk3P/5KP1/1P6/P7/8 w - - 2 36	f4f5 c5c4 f5f6 c4c3	1187	crushing endgame pawnEndgame short	https://lichess.org/mp3RKFLk#71
kpKYd	8/8/6Kp/1k4p1/1P3p2/P4P2/7P/8 w - - 3 50	g6h6 g5g4 f3g4 f4f3 g4g5 f3f2	1146	advancedPawn crushing endgame long pawnEndgame	https://lichess.org/UbY4040q#99
I8mRd	8/4k3/p3p3/1p3p1P/1P3P2/P5K1/8/8 b - - 3 45	e7f6 g3h4 f6f7 h4g5 f7g7 h5h6	1189	crushing endgame long pawnEndgame zugzwang	https://lichess.org/NRqnfbdm/black#90
8RXTE	8/8/1p1k4/1Pp1ppK1/P1P5/5P2/8/8 b - - 14 45	e5e4 f3e4 f5e4 g5f4	1169	crushing endgame master pawnEndgame short	https://lichess.org/cwBnIjOz/black#90
b7pdE	8/8/2p5/P1Pk3p/1K2p1pP/6P1/8/8 w - - 0 50	b4c3 d5c5 a5a6 c5b6	1190	crushing endgame pawnEndgame short	https://lichess.org/43P5DA91#99
luxiz	8/8/3k1K2/8/4pp2/5P2/5P2/8 w - - 0 64	f6f5 e4e3 f2e3 f4e3 f5e4 e3e2	1199	advancedPawn crushing endgame long master pawnEndgame	https://lichess.org/zmb3pqsF#127
gAXiv	8/3k1p2/6p1/2P3P1/p7/2P5/2K5/8 w - - 4 53	c2b2 d7c6 c3c4 c6c5 b2c3 a4a3	1166	crushing endgame long pawnEndgame	https://lichess.org/lpNvHCYa#105
dhksU	8/3K4/2p5/1pPp4/pP1k4/P7/8/8 b - - 1 54	d4e5 d7c6 d5d4 c6b5 d4d3 c5c6 d3d2 c6c7 d2d1q c7c8q	1157	advancedPawn crushing endgame pawnEndgame promotion veryLong	https://lichess.org/yVxmiEEH/black#108
Czd4E	8/8/5pp1/3k4/1P1p4/5K1P/5P2/8 w - - 2 45	f3e2 d5c4 b4b5 c4b5 e2d3 b5c5	1181	crushing defensiveMove endgame long pawnEndgame	https://lichess.org/74bZJ13n#89
RLcMW	8/2k3p1/7p/1KP1p3/8/6P1/7P/8 b - - 0 42	e5e4 b5c4 c7c6 c4d4 e4e3 d4e3	1191	crushing endgame long pawnEndgame	https://lichess.org/E8H2bUGa/black#84
jyo3e	8/8/p1p5/3P1k1p/PP3pp1/8/4K1PP/8 b - - 1 37	f5e5 d5c6 e5d6 b4b5	1136	crushing endgame pawnEndgame short	https://lichess.org/2i1sZ9FM/black#74
KpDRT	8/8/p1p1k3/1p1p4/1P3P1p/P1P4P/4K3/8 b - - 2 36	e6f5 e2f3 f5f6 f3g4	1181	crushing endgame pawnEndgame short zugzwang	https://lichess.org/GFxpm5KO/black#72
vWTXH	8/p3k3/7p/1Pp2K1P/8/P7/8/8 b - - 0 44	c5c4 f5e4 e7d6 e4d4 c4c3 d4c3	1178	crushing endgame long pawnEndgame	https://lichess.org/6eSl5dax/black#88
uOX1n	8/8/1p4p1/2p1k3/Pp6/1P1PK2P/8/8 w - - 1 39	e3f3 e5d4 f3e2 d4c3	1199	crushing endgame pawnEndgame short	https://lichess.org/08mbhGuq#77
fgFZ5	8/8/7p/5kp1/P1K1p3/7P/1P6/8 b - - 0 45	e4e3 c4d3 f5f4 d3e2	1188	crushing endgame pawnEndgame short	https://lichess.org/TVeKZh6f/black#90
WvTXS	8/p3p2p/4pkp1/PK1p4/4P3/5P2/6PP/8 b - - 0 30	d5e4 f3e4 f6e5 b5a6 e5e4 a6a7	1169	crushing endgame long pawnEndgame	https://lichess.org/hShz5Y5B/black#60
86yee	8/6p1/3Kp3/p2pP1k1/2p5/2P3PP/1P6/8 b - - 1 42	g5f5 g3g4 f5f4 d6e6 d5d4 c3d4	1168	crushing deflection endgame long pawnEndgame	https://lichess.org/Y1zRQi0O/black#84
XICT1	8/pp4k1/8/2pp1pPK/3PpP2/4P3/PP6/8 w - - 0 38	d4c5 d5d4 e3d4 e4e3	1175	crushing endgame pawnEndgame short	https://lichess.org/n3Qnutwy#75
m5ZnM	8/7p/p7/3kpp2/PP5P/2K2P2/8/8 w - - 0 41	b4b5 a6b5 a4b5 d5c5 b5b6 c5b6	1119	crushing endgame long pawnEndgame	https://lichess.org/LbxevXa0#81
J4wap	8/1k4p1/4p2p/3pK3/2p2P2/2P5/6PP/8 w - - 2 41	e5e6 d5d4 c3d4 c4c3 d4d5 c3c2	1177	advancedPawn crushing endgame long pawnEndgame	https://lichess.org/5JgPNRSS#81
gYIPF	8/8/6P1/6P1/4k3/6p1/5p2/5K2 w - - 0 54	g6g7 e4f3 g5g6 g3g2	1197	advancedPawn endgame mate mateIn2 pawnEndgame short	https://lichess.org/ZtM4xbp2#107
k8lj0	8/1p6/6p1/K1k4P/P4P2/6p1/8/8 w - - 0 44	h5h6 g3g2 h6h7 g2g1q h7h8q g1e1 h8c3 e1c3	1197	advancedPawn endgame master mate mateIn4 pawnEndgame promotion veryLong	https://lichess.org/74NtuW4b#87
ADwYR	8/4p3/3kPp1p/p1P2Pp1/1p1K2P1/1P5P/8/8 b - - 0 35	d6c6 d4c4 a5a4 b3a4	1155	crushing endgame pawnEndgame short zugzwang	https://lichess.org/9ScTw1hL/black#70
auZxX	8/8/pp6/2p2kp1/P2p4/1P1P2KP/2P5/8 w - - 0 38	h3h4 g5h4 g3h4 f5f4	1179	crushing defensiveMove endgame pawnEndgame short	https://lichess.org/Dqlf2PRX#75
dLPA2	8/p2k4/2p3pp/P1P1p3/4P1K1/8/6PP/8 b - - 0 32	d7c7 h2h4 h6h5 g4g5	1185	crushing defensiveMove endgame pawnEndgame quietMove short	https://lichess.org/qSArE51R/black#64
FKCwI	8/7p/2k3pP/p2p1p2/P2K1P2/1P6/5P2/8 w - - 1 46	d4e5 c6c5 e5f6 d5d4 f6g7 d4d3 g7h7 d3d2	1106	advancedPawn crushing endgame master pawnEndgame quietMove veryLong	https://lichess.org/MkIAZsiU#91
eYKbm	8/6p1/4k3/6P1/1p2p2K/1P2P3/8/8 w - - 3 52	h4h5 e6f5 h5h4 g7g6 h4h3 f5g5	1154	crushing endgame long pawnEndgame quietMove zugzwang	https://lichess.org/q7rDLamg#103
F37AP	8/p1p5/1p1k4/5Kb1/2P1Pp2/1P6/P3P3/8 w - - 0 42	f5g5 d6e5 g5g4 e5e4 c4c5 b6c5	1143	crushing endgame long pawnEndgame	https://lichess.org/LH8NRfsP#83
3mwe5	8/8/p7/1p6/1P2kp1p/P6P/4K1P1/8 b - - 1 40	e4d4 e2f3 d4c3 f3f4	1060	crushing endgame pawnEndgame short	https://lichess.org/wq1xfe5g/black#80
6dVC3	8/8/2k3p1/5p2/3KpP1P/6P1/8/8 w - - 2 39	d4e3 c6d5 g3g4 f5g4 f4f5 g6f5	1176	crushing endgame long pawnEndgame zugzwang	https://lichess.org/4SnIGlXo#77
jkARE	8/p5p1/P6p/1K3p2/5P2/5kP1/7P/8 b - - 2 56	f3g2 b5c6 g7g5 c6b7 g2h2 b7a7	1175	crushing endgame long pawnEndgame	https://lichess.org/xbatj802/black#112
IVQTN	8/8/8/1p5p/p3k2P/P1P5/1P2K3/8 w - - 0 43	e2f2 e4d3 f2f3 d3c2 f3f4 c2b2	1159	crushing endgame long pawnEndgame	https://lichess.org/z74N0OeH#85
BYQba	8/8/8/1p1p3p/1P1P2k1/P1P1K3/8/8 w - - 2 45	a3a4 b5a4 b4b5 a4a3 b5b6 a3a2 b6b7 a2a1q	1029	advancedPawn crushing endgame pawnEndgame promotion veryLong	https://lichess.org/EdlNfBMD#89
ZZgz7	8/8/4k1p1/7p/4KP1P/8/8/8 w - - 6 45	e4f3 e6f5 f3e3 f5g4 e3e4 g4h4 f4f5 g6f5	1180	crushing endgame pawnEndgame veryLong zugzwang	https://lichess.org/xWHXUO2i#89
59qUo	8/8/p7/1p2kp1p/1P5P/P3K1P1/8/8 b - - 0 37	e5f6 e3f4 f6e6 f4g5	1150	crushing endgame pawnEndgame short zugzwang	https://lichess.org/wIIEKrin/black#74
Ufb97	8/7p/5Kp1/8/4p3/3k2P1/5P1P/8 w - - 0 43	f6g5 d3e2 g5f4 e2f2 f4e4 f2g2	1190	crushing endgame long pawnEndgame	https://lichess.org/65z5AWHM#85
FiC1F	8/6p1/p3k1p1/1p4P1/1Pp1p1KP/P1P1P3/8/8 w - - 5 44	h4h5 g6h5 g4h5 e6f5 h5h4 g7g6 h4h3 f5g5	1165	crushing endgame pawnEndgame quietMove veryLong zugzwang	https://lichess.org/k44xn9jv#87
r3J9x	8/8/6p1/1p1pk2p/1P5P/2P1K1P1/8/8 b - - 0 49	e5f5 e3d4 f5g4 d4d5	1176	crushing endgame pawnEndgame short	https://lichess.org/aU28G3gn/black#98
2J2AS	8/8/3p1k2/8/1p2P1Kp/1P1P4/8/8 w - - 0 34	g4h4 f6e5 h4g4 e5d4 g4f3 d4d3	1057	crushing endgame long pawnEndgame	https://lichess.org/nlhfcriL#67
fZUxd	8/8/8/p1pk4/P7/1PK5/8/8 b - - 2 53	d5e5 c3c4 e5d6 c4b5 d6d5 b5a5 c5c4 b3c4	1129	crushing endgame pawnEndgame veryLong	https://lichess.org/Yn4ihE33/black#106
TiY2T	8/8/2p3p1/1pP2kP1/pP1K4/P7/8/8 b - - 3 60	f5g5 d4e5 g5h4 e5d6 g6g5 d6c6	1103	advantage endgame long pawnEndgame	https://lichess.org/cXWcw0NW/black#120
9IPIA	8/6p1/7p/4p2P/4P1P1/pPp2k2/P7/2K5 w - - 0 39	b3b4 f3e4 b4b5 e4d5	1193	crushing defensiveMove endgame pawnEndgame short	https://lichess.org/CF82uKLc#77
sFjq8	8/8/8/pp1k2p1/2pPp1P1/2P1K3/PP6/8 w - - 0 36	b2b3 c4b3 a2b3 a5a4	1139	crushing endgame pawnEndgame short	https://lichess.org/Q0qnbLnU#71
Zo4DX	8/8/p7/1p1K1pk1/1P4p1/P5P1/6P1/8 w - - 8 50	d5c6 f5f4 c6b7 f4f3 g2f3 g4f3	1162	crushing endgame long pawnEndgame	https://lichess.org/Do0a5Qt4#99
DH18H	8/1p6/p5p1/2P2p1p/1Pk4P/5KP1/P4P2/8 w - - 1 47	a2a3 c4b3 b4b5 a6b5	1158	crushing endgame pawnEndgame short	https://lichess.org/BeQ11R0J#93
uS8Cp	7K/5k1P/8/2p5/PpP5/8/8/8 w - - 0 70	a4a5 b4b3 a5a6 b3b2 a6a7 b2b1q a7a8q b1b2	1188	advancedPawn endgame mate mateIn4 pawnEndgame promotion veryLong	https://lichess.org/ejRAMZPd#139
jyrNI	8/8/4p3/4k1K1/8/8/7P/8 b - - 1 42	e5e4 h2h4 e6e5 h4h5 e4d3 h5h6 e5e4 h6h7 e4e3 h7h8q	1156	advancedPawn crushing endgame pawnEndgame promotion quietMove veryLong	https://lichess.org/DJov3CBc/black#84
uyzjv	8/4k1p1/4P2p/2p2K1P/5P2/8/8/8 w - - 0 64	f5e5 c5c4 e5d4 e7e6 d4c4 e6f5 c4d5 f5f4	1180	crushing endgame pawnEndgame quietMove veryLong	https://lichess.org/ObEpZYKM#127
WJUWb	8/8/1p4p1/1P2kp1p/2K1p2P/4P1P1/5P2/8 w - - 2 45	c4b4 e5d5 b4b3 d5c5 b3c3 c5b5	1162	crushing endgame long pawnEndgame zugzwang	https://lichess.org/VGczAfL4#89
GPwcU	8/5p2/4p3/8/1K1P4/4k3/P7/8 w - - 1 49	b4c4 f7f5 a2a4 f5f4 c4c5 f4f3	1147	crushing endgame long pawnEndgame quietMove	https://lichess.org/vCr5Pk1g#97
Lq3NB	5k2/p7/1p4K1/2pp1P2/8/2P4p/PP5P/8 w - - 1 33	f5f6 d5d4 g6f5 d4d3	1159	crushing endgame pawnEndgame short	https://lichess.org/oFSSDOKQ#65
9y8yf	8/8/1p6/1P6/1K6/3k4/8/8 b - - 6 57	d3c2 b4c4 c2b2 c4d5 b2c3 d5c6 c3c4 c6b6	1069	crushing endgame pawnEndgame veryLong	https://lichess.org/qqA0qrz7/black#114
6n1rv	8/5p2/8/pk6/6P1/1KP5/8/8 w - - 5 56	b3a3 b5c4 g4g5 c4c3	1165	crushing endgame master pawnEndgame short	https://lichess.org/56LZdcJV#111
CTKyQ	8/8/8/p1pk1p1p/P4P1P/1PK5/8/8 b - - 6 40	d5c6 c3c4 c6d6 c4b5 d6d5 b5a5	1155	crushing endgame long pawnEndgame zugzwang	https://lichess.org/lqjx4xwo/black#80
KNh0E	8/8/1p2k1p1/p1p5/P1P1K2P/1P6/8/8 b - - 4 53	e6f6 e4d5 f6f5 d5c6 f5g4 c6b6	1110	advantage endgame long pawnEndgame	https://lichess.org/OcwOzOfq/black#106
ioe2d	8/2p5/p7/P2p2p1/1P5p/2P1kPpP/6K1/8 b - - 0 36	e3d3 b4b5 a6b5 a5a6	1197	crushing endgame pawnEndgame short	https://lichess.org/4WOr47j4/black#72
jYsJm	8/8/8/5Kp1/7k/5P2/8/8 w - - 2 68	f3f4 g5g4 f5e4 g4g3 e4f3 h4h3	1189	crushing defensiveMove endgame long pawnEndgame quietMove	https://lichess.org/ZdM9aMsk#135
oK1QX	8/3k3p/6p1/1p1K4/4P3/7P/6P1/8 w - - 0 42	d5c5 d7e6 h3h4 e6e5	1170	crushing endgame pawnEndgame short	https://lichess.org/B9i31pri#83
Wuix3	8/5p2/8/5Pp1/2P1K3/7k/8/8 w - - 2 61	e4f3 g5g4 f3f2 h3h2 c4c5 g4g3 f2e2 g3g2	1458	advancedPawn crushing endgame exposedKing pawnEndgame veryLong	https://lichess.org/O492z68I#121
PfFxN	5k2/8/p3PP2/1p3K2/2P5/3p4/1P6/8 w - - 0 61	e6e7 f8f7 f5e4 d3d2	1399	advancedPawn crushing defensiveMove endgame pawnEndgame short	https://lichess.org/qP1bEGxR#121
qQP9V	8/8/p3p3/1p2P3/1PkPp2p/P3Pp1P/5K2/8 w - - 14 44	f2e1 c4d3 e1f2 d3d2 d4d5 e6d5 e5e6 d5d4 e3d4 e4e3 f2f3 e3e2	1399	advancedPawn crushing endgame exposedKing pawnEndgame veryLong	https://lichess.org/ErV1xg68#87
50sN3	8/2p5/2P2p2/1p3K1p/2k4P/2P2P2/5P2/8 w - - 1 33	f5f6 c4c3 f3f4 b5b4 f4f5 b4b3 f6g7 b3b2 f5f6 b2b1q f6f7 b1g1 g7h8 g1f2	1324	advancedPawn crushing endgame pawnEndgame promotion quietMove veryLong	https://lichess.org/kk9cyiDQ#65
4YZPo	8/1p4p1/1p1p4/pP2p2k/P1P1P2P/5PK1/8/8 w - - 1 36	f3f4 e5f4 g3f4 h5h4 f4f5 g7g5 f5e6 g5g4	1483	crushing defensiveMove endgame pawnEndgame quietMove veryLong	https://lichess.org/yrak4RLU#71
NTgx0	8/6pp/1p6/2p2p2/P7/2P3P1/1P2k2P/6K1 b - - 0 41	e2d2 b2b4 c5c4 a4a5 b6a5 b4a5 d2c3 a5a6 c3d3 a6a7 c4c3 a7a8q	1396	advancedPawn crushing endgame pawnEndgame promotion veryLong	https://lichess.org/xUF7F8zJ/black#82
kseCT	8/8/p7/2P1k3/4P3/1p1K4/8/8 b - - 1 65	b3b2 d3c2 e5e4 c5c6 b2b1q c2b1	1431	crushing endgame long pawnEndgame	https://lichess.org/RiM8kpXR/black#130
C9uPd	8/6p1/6k1/8/5P1p/4PK2/8/8 b - - 5 54	g6f5 e3e4 f5f6 f3g4	1410	crushing endgame pawnEndgame short	https://lichess.org/oY55MPE2/black#108
HmAyB	8/8/1Pp3p1/3k1p2/p7/P4K1p/8/8 b - - 1 48	g6g5 b6b7 h3h2 f3g2	1330	advancedPawn crushing endgame pawnEndgame short	https://lichess.org/O5NNAwIJ/black#96
rRLTX	8/1p5K/2p4P/8/3P4/p1P5/1k3P2/8 w - - 0 56	h7g8 a3a2 h6h7 a2a1q h7h8q a1a8 g8h7 a8h8 h7h8 b2c3	1416	advancedPawn crushing endgame master pawnEndgame promotion veryLong	https://lichess.org/ANlEDQ20#111
e1VXf	8/pK6/7p/1P3k2/5pp1/7P/6P1/8 b - - 1 57	f4f3 h3g4 f5f4 g2f3	1400	crushing endgame pawnEndgame short	https://lichess.org/VOMtoUMS/black#114
H9fEr	8/8/8/5p2/3KpP2/6P1/7P/2k5 w - - 0 56	h2h3 c1d2 g3g4 e4e3 g4g5 e3e2	1390	advancedPawn crushing endgame long pawnEndgame	https://lichess.org/EA87jJb5#111
VgriQ	8/3k4/1P6/p7/P1p2P1K/8/6P1/8 w - - 1 53	h4g3 c4c3 g3f2 c3c2 b6b7 d7c7	1436	advancedPawn crushing endgame long pawnEndgame	https://lichess.org/2r9lCuXl#105
FAngI	8/pp6/8/P1P5/1P1k3p/8/6K1/8 b - - 0 42	d4c4 a5a6 b7a6 c5c6	1361	crushing endgame pawnEndgame short	https://lichess.org/tRoo9Tnj/black#84
fQgwq	5k2/pp6/6P1/8/2p1K2P/8/P7/8 b - - 0 49	c4c3 e4d3 f8g7 h4h5	1405	crushing defensiveMove endgame pawnEndgame short	https://lichess.org/fhfXRvWA/black#98
l21Qd	8/8/6p1/pp1k2p1/8/P1PK1P1P/6P1/8 w - - 0 36	d3e3 d5c4 e3d2 c4b3	1433	advantage endgame pawnEndgame short	https://lichess.org/mbRuOldc#71
uBH4H	8/8/4k1P1/pp2P3/4K3/P6p/1PP5/8 w - - 0 39	e4f4 h3h2 g6g7 e6f7	1492	advancedPawn crushing endgame pawnEndgame short	https://lichess.org/NGLsafbC#77
uWwPf	8/8/3p1pp1/p1p5/2P1kPKP/PP6/8/8 b - - 0 39	e4e3 f4f5 g6f5 g4f5 a5a4 b3a4	1465	advantage endgame long master pawnEndgame	https://lichess.org/4rPC2Leu/black#78
DKtsm	8/1p3p2/4k2p/1PP1P1p1/4pp2/8/1P5P/3K4 b - - 0 43	e6d5 c5c6 b7c6 b5b6 d5e5 b6b7	1385	advancedPawn crushing endgame long pawnEndgame sacrifice	https://lichess.org/VFZnP5Oy/black#86
pHpFB	8/8/5pk1/1p1Kp3/p5P1/P1P2P2/8/8 w - - 2 48	d5e6 g6g5 e6d7 g5f4	1350	crushing endgame pawnEndgame short zugzwang	https://lichess.org/gszLNvSE#95
gNSZo	8/8/8/k7/1p1K2P1/8/8/8 b - - 1 61	b4b3 d4c3 a5a4 c3b2 a4b5 g4g5 b5c4 g5g6 c4d5 g6g7	1367	advancedPawn crushing endgame pawnEndgame quietMove veryLong	https://lichess.org/xrk1yZFn/black#122
TwKGg	8/4pk2/5p1P/8/6K1/6P1/8/8 w - - 1 50	g4f5 e7e6 f5g4 f7g6	1330	crushing endgame pawnEndgame short	https://lichess.org/jbMcWVyn#99
QUB8z	8/8/P7/8/4pk1P/3p4/P3p3/4K3 w - - 0 49	a6a7 f4e3 a2a3 d3d2	1384	advancedPawn endgame mate mateIn2 pawnEndgame short	https://lichess.org/di44MpxE#97
igRxG	8/8/2K5/4kp2/6pp/4PP2/6PP/8 b - - 1 54	g4f3 g2f3 f5f4 e3e4	1393	crushing defensiveMove endgame pawnEndgame short	https://lichess.org/G9ABej7Y/black#108
stL0K	8/8/1p4p1/1P2p2p/P3k2P/8/4K3/8 b - - 1 51	e4d4 a4a5 d4c5 a5a6 c5b5 a6a7	1222	advancedPawn crushing endgame long pawnEndgame	https://lichess.org/MrTPSnJG/black#102
2H7HW	8/p7/1p2p3/5pkp/PP1P4/4KPP1/8/8 b - - 0 41	h5h4 g3h4 g5h4 e3f4	1497	crushing endgame pawnEndgame short	https://lichess.org/fju71pSP/black#82
gXycb	8/4k1p1/7p/4KP1P/8/8/8/8 w - - 3 52	e5f4 e7f6 f4g4 f6e5	1386	crushing endgame pawnEndgame short zugzwang	https://lichess.org/Yi809abo#103
XiGMI	8/6pp/1p6/1Kp5/3pP2P/3P1k2/1P6/8 b - - 1 45	f3e3 e4e5 e3d3 e5e6 c5c4 e6e7	1349	advancedPawn crushing endgame long pawnEndgame quietMove	https://lichess.org/hv7QIpxF/black#90
1vgPy	8/8/p6p/1p4p1/1Pk1ppP1/2P1P2P/3K1P2/8 b - - 3 38	c4b3 e3f4 g5f4 h3h4	1476	crushing endgame pawnEndgame short	https://lichess.org/ub26d6hn/black#76
9hLk2	8/8/5p2/4p1pk/4P3/4KPP1/8/8 b - - 2 49	g5g4 f3f4 e5f4 e3f4 h5g6 f4g4	1472	crushing endgame long pawnEndgame	https://lichess.org/wEpWcta4/black#98
sgoq3	8/K5p1/1pk5/p6p/P6P/1P4P1/8/8 b - - 6 39	b6b5 a7a6 b5b4 a6a5	1396	crushing endgame pawnEndgame short	https://lichess.org/2eU1KYNj/black#78
oyE0y	8/4k3/3pPp2/2pP1P1p/1p2P2P/pP1PK3/P7/8 w - - 3 61	d3d4 c5c4 b3c4 b4b3	1497	crushing endgame pawnEndgame short	https://lichess.org/NoWdYH7p#121
Xmqdo	8/3k4/1K6/4pp2/5P2/2P5/8/8 w - - 0 54	f4e5 f5f4 c3c4 f4f3 c4c5 f3f2 c5c6 d7c8	1483	advancedPawn crushing defensiveMove endgame pawnEndgame quietMove veryLong	https://lichess.org/bLRFk2x7#107
UQM8D	8/6k1/p6p/P1p5/6KP/1P6/8/8 b - - 2 52	g7g6 h4h5 g6f6 g4f4 f6e6 f4e4 e6d6 e4f5	1343	crushing defensiveMove endgame pawnEndgame veryLong zugzwang	https://lichess.org/8Y3BBVVP/black#104
QzHmr	8/8/7P/8/2k5/pp3P2/1pK3P1/8 w - - 0 49	c2b1 c4c3 g2g3 a3a2	1372	advancedPawn endgame mate mateIn2 pawnEndgame short	https://lichess.org/3fgt9EGL#97
HUS0j	8/1p6/4p3/p1PpP3/P2k1PK1/8/8/8 w - - 0 46	f4f5 d4e5 f5e6 e5e6	1461	crushing endgame pawnEndgame short	https://lichess.org/65o2unBm#91
Fjv7n	8/5p2/8/pK3p2/P3k1p1/1P6/6PP/8 w - - 0 48	b5a5 f5f4 a5b6 f4f3 g2f3 g4f3 a4a5 f3f2	1459	advancedPawn crushing endgame pawnEndgame quietMove veryLong	https://lichess.org/KUFyZ9YI#95
0NwPP	8/1p5p/p7/2k1p3/P1P4P/1K2P3/8/8 b - - 0 39	b7b5 c4b5 a6b5 a4a5	1495	crushing defensiveMove endgame pawnEndgame short	https://lichess.org/kIiyY7GG/black#78
MwdlJ	8/p6p/2p5/6p1/2P5/1PP4k/P7/6K1 b - - 1 40	g5g4 b3b4 h3g3 b4b5 c6c5 a2a4 g3f4 a4a5	1429	crushing defensiveMove endgame pawnEndgame quietMove veryLong	https://lichess.org/nWbJszow/black#80
qivvT	8/8/7p/7P/5p2/4k2K/6P1/8 b - - 2 49	e3f2 h3g4 f4f3 g2f3	1429	crushing endgame pawnEndgame short	https://lichess.org/g8nsoqcu/black#98
lLOUt	8/5p2/6p1/3k3p/1p1p1P1P/pP3KP1/P1P5/8 w - - 2 52	g3g4 h5g4 f3g4 d5e4	1410	crushing endgame pawnEndgame short	https://lichess.org/p4yp1DRf#103
wpjIE	8/8/7p/3pk1pP/1p4P1/1P2PK2/P7/8 w - - 2 40	f3e2 e5e4 e2d2 e4f3 d2d3 f3g4	1378	crushing endgame long pawnEndgame zugzwang	https://lichess.org/WZhNZfU6#79
ZgxgO	8/4k3/7K/1p4P1/8/8/8/8 b - - 4 53	e7f8 h6h7 f8e7 g5g6 b5b4 g6g7	1349	advancedPawn crushing endgame long pawnEndgame	https://lichess.org/oTSbQ3ZQ/black#106
FhcEA	8/8/8/3K1p2/6kP/p2P4/P7/8 w - - 0 43	h4h5 g4h5 d5e5 h5g4 d3d4 f5f4 d4d5 f4f3 d5d6 f3f2 d6d7 f2f1q	1469	advancedPawn crushing endgame pawnEndgame promotion quietMove veryLong	https://lichess.org/h3mgbStl#85
iJ4Ri	8/5pp1/4p2p/pp2PPP1/1k5P/8/4K3/8 b - - 0 46	e6f5 g5g6 f7g6 e5e6	1426	crushing endgame pawnEndgame short	https://lichess.org/y1QkvZhi/black#92
GT7tF	8/ppp5/8/3P4/2P2k2/1P4p1/P7/6K1 b - - 1 41	f4f3 c4c5 c7c6 d5d6	1398	crushing endgame pawnEndgame quietMove short	https://lichess.org/yk9FrZYX/black#82
kH59V	8/8/8/6P1/8/1kp5/4K2P/8 w - - 0 45	e2d1 b3b2 d1e2 c3c2 g5g6 c2c1q	1468	advancedPawn crushing endgame long pawnEndgame promotion	https://lichess.org/ODfxbAO0#89
n61We	8/8/8/6P1/P2p4/2k5/5P2/5K2 w - - 2 45	f1e1 c3c2 e1e2 d4d3 e2e3 d3d2	1453	advancedPawn crushing endgame long pawnEndgame	https://lichess.org/GLGO7zgx#89
Pygyn	8/8/6p1/8/P3p3/4k3/1PP3KP/8 w - - 0 36	g2f1 e3d2 f1g2 e4e3	1353	crushing endgame pawnEndgame short	https://lichess.org/1l0ZzAy0#71
LiUIs	8/p7/1p6/1K6/1PP5/3k4/8/8 b - - 0 60	a7a5 b4a5 b6a5 c4c5	1327	crushing defensiveMove endgame pawnEndgame short	https://lichess.org/Op3EJ9Zl/black#120
Uqxkh	8/8/7p/1p4p1/1k3P2/4K2P/8/8 b - - 0 50	b4a3 f4f5 b5b4 f5f6 b4b3 f6f7 b3b2 f7f8q	1284	advancedPawn crushing endgame pawnEndgame promotion quietMove veryLong	https://lichess.org/mlKCuEmc/black#100
wCwAp	3k4/5p2/2P3p1/4P3/3K4/8/8/8 w - - 5 47	d4e4 d8c7 e4d5 g6g5 e5e6 f7e6	1419	crushing endgame long pawnEndgame quietMove	https://lichess.org/GVcb0yOH#93
ffXk2	8/8/8/3p4/3P4/p4kP1/2K2P2/8 b - - 0 56	f3f2 g3g4 f2e3 g4g5 e3d4 g5g6 a3a2 c2b2 d4e5 g6g7	1371	advancedPawn crushing endgame master pawnEndgame quietMove veryLong	https://lichess.org/QPbKrNcF/black#112
njXO9	8/5pp1/6p1/5k2/1P1Pp3/5P2/8/4K3 w - - 0 38	f3e4 f5e4 b4b5 e4d5	1413	crushing endgame pawnEndgame short	https://lichess.org/rrT71ZOd#75
omcMu	8/8/2K1k3/6Pp/1p1p3P/8/1PP5/8 w - - 0 45	c6c5 b4b3 c2b3 d4d3	1376	crushing endgame pawnEndgame short	https://lichess.org/K2z8WGy3#89
GgNxt	8/6p1/p1p3kp/P7/2PP4/7P/6P1/7K w - - 1 40	h1g1 g6f5 d4d5 c6d5 c4d5 f5e5	1361	crushing endgame long pawnEndgame	https://lichess.org/Mi8jat8R#79
rMlpe	8/8/pp3k2/3P3p/PP3Kp1/6P1/8/8 b - - 0 39	f6e7 f4g5 e7d6 g5h5 d6d5 h5g4	1499	crushing endgame long pawnEndgame	https://lichess.org/JPYJjO2k/black#78
nijH8	8/7p/4k1p1/ppp1P1P1/3pK2P/1P1P4/1PP5/8 w - - 0 37	c2c3 d4c3 b2c3 a5a4	1402	crushing endgame pawnEndgame short	https://lichess.org/qbzTuaJ1#73
93Ce1	8/5pp1/pp2p2p/8/PkP5/1P1K3P/5PP1/8 b - - 1 33	b4b3 a4a5 b6a5 c4c5 b3b4 c5c6 b4c5 c6c7	1480	advancedPawn crushing endgame pawnEndgame quietMove veryLong	https://lichess.org/reJim3c0/black#66
SCSJh	8/8/p7/1k3pp1/2p1p3/P1P1P1P1/1P3PK1/8 w - - 2 62	g2f1 b5a4 f1e2 a4b3 g3g4 f5g4	1412	crushing endgame long pawnEndgame	https://lichess.org/wEtrJ3kG#123
s3TP3	8/pp6/8/2P3p1/PP3p2/5KPk/8/8 w - - 0 46	g3f4 g5g4 f3f2 h3h2 f4f5 g4g3	1548	crushing endgame long pawnEndgame	https://lichess.org/eWXJsrZu#91
HFGDD	8/2p5/pp6/2PPpk2/1P4p1/P4pK1/5P2/8 b - - 0 72	e5e4 d5d6 c7d6 c5b6	1793	crushing deflection endgame pawnEndgame short	https://lichess.org/yhnxTtlP/black#144
GrYqi	8/6p1/1p1k2p1/1P2pp2/1KP4P/6P1/5P2/8 w - - 1 43	f2f3 e5e4 f3e4 f5e4 b4c3 d6c5 g3g4 e4e3 c3d3 e3e2 d3e2 c5c4 e2e3 c4b5	1718	advancedPawn crushing deflection endgame pawnEndgame veryLong	https://lichess.org/qS81jHg8#85
KBz48	8/8/8/p1p1k1p1/2P3P1/PP2K3/8/8 w - - 0 35	e3f3 e5d4 f3e2 d4c3 b3b4 a5b4 a3b4 c3b4	1686	crushing endgame pawnEndgame veryLong zugzwang	https://lichess.org/g1tEg8ZB#69
jx7Zc	8/8/4K1pk/3p1p2/1p1P1P2/1P6/P7/8 b - - 0 54	g6g5 e6f5 g5f4 f5f4	1510	crushing endgame pawnEndgame short	https://lichess.org/a3zNZ5Lu/black#108
Imqb1	7n/6KP/4k3/p5p1/P5P1/1P6/8/8 w - - 3 60	g7h8 e6f7 b3b4 a5b4 a4a5 b4b3 a5a6 b3b2 a6a7 b2b1q a7a8q b1b2	1521	advancedPawn endgame mate mateIn5 pawnEndgame promotion veryLong zugzwang	https://lichess.org/MipGQ12T#119
uFiPQ	8/P7/7p/4k3/4ppPP/2p5/4K3/8 b - - 0 43	c3c2 e2d2 f4f3 a7a8q	1507	advancedPawn crushing endgame pawnEndgame promotion short	https://lichess.org/ttARn9iZ/black#86
svpXx	8/8/p1p5/2P2k2/PP4p1/6Pp/5K2/8 b - - 0 42	f5e4 b4b5 c6b5 c5c6 e4e5 c6c7	1592	advancedPawn crushing endgame long pawnEndgame	https://lichess.org/NxbfGZlx/black#84
OiKNX	8/5p2/4p3/4k3/4P3/5KP1/8/8 b - - 4 50	e5d4 f3f4 e6e5 f4f5 d4e3 g3g4 f7f6 f5f6 e3e4 g4g5 e4f4 g5g6 e5e4 g6g7 e4e3 g7g8q	1691	advancedPawn crushing defensiveMove endgame pawnEndgame promotion quietMove veryLong zugzwang	https://lichess.org/AmAQBFjt/black#100
WbuzK	8/8/5k2/3p1pp1/5P1p/1K2P1PP/8/8 w - - 0 45	g3h4 g5g4 h3g4 f5g4	1652	crushing endgame pawnEndgame short	https://lichess.org/hUIMfbXn#89
al8JF	8/p7/5p1p/2pk1Pp1/P1p3P1/2K5/2P4P/8 b - - 1 34	a7a5 h2h3 d5d6 c3c4 d6c6 c2c3 c6d6 c4b5	1500	crushing endgame pawnEndgame quietMove veryLong zugzwang	https://lichess.org/ngXBiySe/black#68
oBePi	8/3k2p1/6P1/1ppK4/p2p4/P7/1PP5/8 b - - 2 51	d4d3 c2d3 b5b4 d5c5 b4a3 b2a3	1560	crushing endgame long pawnEndgame	https://lichess.org/kRc5YMYO/black#102
zhFcg	8/8/8/2p5/P3PK2/1k6/8/8 w - - 0 49	f4e3 c5c4 a4a5 c4c3 a5a6 c3c2 e3d2 b3b2	1502	advancedPawn crushing defensiveMove endgame pawnEndgame quietMove veryLong	https://lichess.org/EM36ECVW#97
FXgxE	8/7p/4pkp1/8/4KPP1/8/7P/8 b - - 0 33	h7h5 g4g5 f6e7 e4e5 h5h4 h2h3 e7d7 e5f6	1591	crushing endgame pawnEndgame quietMove veryLong zugzwang	https://lichess.org/uDIZCo9R/black#66
NmtYI	8/5pp1/7p/4P1P1/1p2kP1P/p7/K7/8 b - - 0 41	e4f4 g5g6 f7g6 e5e6	1517	crushing endgame pawnEndgame short	https://lichess.org/1C5UZXJK/black#82
DZQiB	8/8/6p1/4K3/4P3/3kP3/8/8 b - - 0 49	d3e3 e5d5 g6g5 e4e5 g5g4 e5e6 g4g3 e6e7 g3g2 e7e8q	1556	advancedPawn crushing endgame pawnEndgame promotion quietMove veryLong	https://lichess.org/u3TdwzEQ/black#98
2pIV3	8/7k/4p2P/1p1p1p1K/3P2p1/P1P3P1/8/8 b - - 28 74	f5f4 h5g4 f4g3 g4g3 h7h6 g3f4 h6g7 f4e5 g7f7 e5d6	1547	crushing endgame pawnEndgame veryLong	https://lichess.org/PnnxIX23/black#148
6KQPX	8/8/4p3/1p3kpp/1P1P4/5KPP/8/8 b - - 1 44	g5g4 h3g4 h5g4 f3e3 e6e5 d4d5	1542	crushing defensiveMove endgame long pawnEndgame	https://lichess.org/HjxaxDz5/black#88
z1P4W	8/pp6/4pk2/5p2/2P2K1P/1P6/P7/8 w - - 5 36	h4h5 e6e5 f4g3 f6g5	1689	crushing endgame pawnEndgame short	https://lichess.org/5cMIugJC#71
V812t	7k/8/5p1p/4K3/1PpP4/4PP1P/8/8 w - - 0 51	e5e4 f6f5 e4f5 c4c3	1548	crushing endgame pawnEndgame short	https://lichess.org/6fejYbLU#101
kcCWG	8/8/p5p1/1p5p/1P5P/P4KP1/7k/8 w - - 4 46	g3g4 h2h3 g4h5 g6h5	1566	crushing endgame pawnEndgame short	https://lichess.org/uAzfIp3Q#91
i1kWe	8/8/p3k3/1p6/2p3P1/2P2P1P/P7/6K1 w - - 0 42	h3h4 b5b4 c3b4 c4c3 g1f2 c3c2	1531	advancedPawn crushing endgame long pawnEndgame	https://lichess.org/CjqTTHiX#83
vZ0TX	8/5p2/4p3/4P2p/5PpP/6Pk/4KP2/8 w - - 8 52	f2f3 h3g3 f3g4 g3g4	1633	crushing endgame pawnEndgame short	https://lichess.org/ovF6vA6c#103
HVbtU	8/8/8/p7/P1kp4/7P/5K2/8 b - - 1 54	d4d3 f2e1 c4c3 e1d1	1558	crushing defensiveMove endgame master pawnEndgame short	https://lichess.org/Oi0qIxvQ/black#108
fQLWl	8/6p1/6p1/1p5p/1P3P1P/5KP1/7k/8 w - - 6 41	g3g4 h2h3 g4h5 g6h5	1587	crushing endgame pawnEndgame short	https://lichess.org/vIhqZmrF#81
GieM2	8/8/8/1k2p2p/3pKP1P/1P6/8/8 b - - 0 50	e5f4 e4d4 f4f3 d4e3	1529	crushing endgame pawnEndgame short	https://lichess.org/0uiSfX2I/black#100
UmFNC	8/pp5p/2p3p1/2Pp1k2/PP1P1p2/5P2/4K1PP/8 b - - 0 33	b7b6 c5b6 a7b6 a4a5 b6a5 b4a5	1758	crushing endgame long pawnEndgame	https://lichess.org/s7jFV0KF/black#66
zQXmd	8/5pk1/1p4p1/1P6/2P1P2p/8/4K3/8 b - - 1 55	g6g5 c4c5 b6c5 b5b6	1513	crushing endgame pawnEndgame short	https://lichess.org/lOBib51F/black#110
DryBh	8/6pp/3k1P2/2pp2PP/3p4/3K4/8/8 b - - 0 43	g7f6 g5g6 h7g6 h5h6 d6e6 h6h7	1541	advancedPawn crushing endgame long pawnEndgame	https://lichess.org/NqT8DgHr/black#86
YY7oz	8/8/4pk2/5p1P/5K2/8/6P1/8 w - - 1 57	g2g3 e6e5 f4f3 f6g5	1507	crushing endgame pawnEndgame short	https://lichess.org/ObuZqSqZ#113
VUPyT	8/8/4p3/5p2/3P1P2/4k1P1/8/4K3 w - - 0 45	e1f1 e3f3 f1e1 f3g3	1577	crushing endgame master pawnEndgame short	https://lichess.org/HrATJOkE#89
1Of4W	8/8/6p1/1P4k1/5p2/8/6Kp/8 b - - 1 67	g5f5 b5b6 f4f3 g2h2 f5e6 b6b7 f3f2 h2g2 f2f1q g2f1	1554	advancedPawn crushing endgame pawnEndgame veryLong	https://lichess.org/5ik88oCq/black#134
wCUC4	8/8/1k6/1P1P4/1K3p1P/8/7P/8 w - - 0 52	d5d6 f4f3 d6d7 b6c7 h4h5 f3f2	1611	advancedPawn crushing endgame long pawnEndgame	https://lichess.org/3vqrqX5R#103
XC922	8/8/3p1p1k/1ppK1P2/8/1P6/P7/8 w - - 0 50	d5d6 c5c4 d6c5 c4c3	1539	crushing endgame pawnEndgame short	https://lichess.org/F5iEkoFf#99
ihK0q	8/2k2b2/5Kpp/2P2p2/5P2/P7/7P/8 w - - 0 48	f6f7 g6g5 f4g5 h6g5 f7g6 f5f4	1550	crushing defensiveMove endgame long pawnEndgame	https://lichess.org/U2uLk6DQ#95
cj9w2	8/pp1k2p1/2PP4/PP6/4p1p1/8/5K2/8 b - - 0 45	b7c6 b5b6 a7b6 a5a6 d7d6 a6a7	1532	advancedPawn crushing endgame long pawnEndgame sacrifice	https://lichess.org/g98datyB/black#90
UxObL	8/8/5p1P/3p4/3P4/2pk4/K4P2/8 w - - 1 56	a2b1 d3d2 h6h7 c3c2 b1a2 c2c1q	1501	advancedPawn crushing deflection endgame exposedKing long pawnEndgame promotion	https://lichess.org/6pa8hryy#111
3iYWG	8/5pk1/6p1/7p/7P/4K1P1/5P2/8 b - - 0 59	g7f6 e3f4 f6e6 f4g5	1586	crushing endgame pawnEndgame short zugzwang	https://lichess.org/w7ls5clt/black#118
lSMh1	8/6k1/p7/2p2K2/1pp5/P6P/1PP5/8 w - - 0 41	f5e5 c4c3 b2c3 b4a3	1569	crushing deflection endgame pawnEndgame short	https://lichess.org/olUv26ir#81
JYvWs	8/8/2k5/2P1Kp2/P3p1pp/7P/5PP1/8 w - - 0 41	e5f5 g4g3 f2g3 e4e3	1530	crushing endgame pawnEndgame short	https://lichess.org/WBpmbfMN#81
T9w1U	8/6p1/2k5/2P4p/1K6/P5P1/8/8 w - - 0 41	a3a4 g7g5 b4c4 h5h4 c4d4 h4h3	1510	crushing endgame long pawnEndgame quietMove	https://lichess.org/SFBYpkHE#81
f1Jvc	8/pp6/2pk2p1/5P2/2P1K1P1/8/P7/8 b - - 0 39	g6f5 e4f5 d6e7 f5g6	1576	crushing defensiveMove endgame pawnEndgame short	https://lichess.org/4OugXOcX/black#78
DDqPA	8/8/8/4k1p1/ppppP3/P2P2P1/1PP1K3/8 w - - 0 39	a3b4 c4c3 b2c3 a4a3	1529	crushing endgame pawnEndgame short	https://lichess.org/9sBaOSzX#77
QDmxW	8/8/8/7p/5PkP/8/6K1/8 b - - 0 93	g4h4 g2f3 h4h3 f4f5	1527	crushing defensiveMove endgame pawnEndgame short zugzwang	https://lichess.org/Y8Olu5sQ/black#186
ZZbqQ	8/k7/P2p3p/1KpPp1pP/4P1P1/1p6/1P6/8 w - - 1 48	b5c6 c5c4 c6d6 c4c3 b2c3 b3b2	1550	advancedPawn crushing endgame long pawnEndgame quietMove sacrifice	https://lichess.org/2xbzadTJ#95
DF6Du	8/8/4k3/2p5/5P1p/4K2P/8/8 w - - 0 42	e3d3 e6f5 d3e3 c5c4 e3f3 c4c3 f3e3 c3c2 e3d2 f5f4 d2c2 f4g3	1503	advancedPawn crushing endgame pawnEndgame quietMove veryLong	https://lichess.org/ne0BYNdb#83
TnAsA	8/8/6p1/pp1k1p1p/1Pp2P2/P1P1K1PP/8/8 b - - 0 44	a5b4 a3b4 d5d6 e3d4 d6c6 d4e5	1534	crushing endgame long pawnEndgame zugzwang	https://lichess.org/XCVnQ9uP/black#88
BqILj	8/2k2p2/8/8/P5pp/5p2/1P1K2PP/8 w - - 0 53	g2f3 g4g3 h2g3 h4h3 d2e3 h3h2	1525	advancedPawn crushing endgame long pawnEndgame	https://lichess.org/MYRva93Q#105
Lf2iV	8/pp6/4kP2/2p5/2K5/8/PP6/8 b - - 2 40	b7b6 c4b5 e6f6 b5a6 f6e5 a6a7 b6b5 a7b6 e5d4 b6b5	1570	crushing endgame pawnEndgame veryLong	https://lichess.org/7Mp6bNP0/black#80
lfeQ3	8/8/6Kp/2k3p1/2P2p2/P4P2/7P/8 w - - 6 43	g6h6 g5g4 f3g4 f4f3 g4g5 f3f2	1509	advancedPawn crushing endgame long pawnEndgame	https://lichess.org/p6MwsTuz#85
5qNUA	8/2k5/2P1Kp2/1P6/4p1P1/8/8/8 w - - 1 55	b5b6 c7c6 e6f6 e4e3 g4g5 e3e2 g5g6 e2e1q	1515	advancedPawn crushing endgame pawnEndgame promotion veryLong	https://lichess.org/mkGJurG5#109
sp2Co	8/p7/2p2k2/3p3p/3P1KpP/1PP3P1/8/8 b - - 0 40	a7a6 b3b4 f6g6 f4e5	1513	crushing endgame pawnEndgame quietMove short zugzwang	https://lichess.org/kjed5qxW/black#80
1bUvD	8/8/p1p5/P1Pk2p1/1P1p2P1/3K3P/8/8 w - - 2 52	d3d2 d5c4 b4b5 c4b5 h3h4 g5h4	1503	crushing endgame long pawnEndgame	https://lichess.org/vRsNAa7f#103
2PrOt	8/8/1k6/2p1KP2/8/7p/7P/8 b - - 0 47	b6c6 e5e6 c6b5 f5f6 c5c4 f6f7	1508	advancedPawn crushing endgame long pawnEndgame	https://lichess.org/tqhKTOPw/black#94
v7HWo	8/8/5k2/1p3p1P/1P2pK2/8/5P2/8 w - - 0 47	f4e3 f6g5 h5h6 g5h6 e3f4 h6g6 f4e5 g6g5	1575	crushing defensiveMove endgame pawnEndgame veryLong	https://lichess.org/2vRIqDJ0#93
KJatg	8/8/5pk1/4p3/5KP1/7P/8/8 w - - 0 49	f4e4 g6g5 e4f3 g5h4 f3g2 e5e4 g2h2 e4e3 h2g2 e3e2	1558	advancedPawn crushing endgame master pawnEndgame quietMove veryLong zugzwang	https://lichess.org/KLQ7mAIw#97
vjpJj	8/8/5k1K/ppp5/6P1/8/P1P5/8 b - - 0 38	b5b4 g4g5 f6f7 h6h7 a5a4 g5g6	1526	crushing endgame long pawnEndgame	https://lichess.org/ULcqGhii/black#76
4rrPP	8/8/7p/1K3kp1/5p2/2P5/PP4PP/8 w - - 0 37	a2a4 g5g4 a4a5 f4f3 g2f3 g4f3	1515	crushing endgame long pawnEndgame quietMove	https://lichess.org/GXDbCNLD#73
VPadk	8/pp6/8/1PP3k1/5p1p/P4K2/8/8 b - - 0 38	h4h3 c5c6 h3h2 f3g2 f4f3 g2h2 f3f2 h2g2	1502	crushing endgame pawnEndgame veryLong	https://lichess.org/IQ0jWB5J/black#76
x1X6d	8/8/pp1k2p1/3p1pP1/PP3P2/2K1P3/8/8 b - - 5 44	a6a5 b4a5 b6a5 c3d4 d6e6 d4c5	1532	crushing endgame long pawnEndgame zugzwang	https://lichess.org/Jltj5Llr/black#88
Ek9QT	8/6pp/1p6/2k2p2/P4P2/2K5/6PP/8 b - - 1 36	b6b5 a4b5 c5b5 c3d4 b5c6 d4e5	1939	crushing endgame long pawnEndgame	https://lichess.org/rgytPAcR/black#72
pkVUv	8/4k3/p3p3/1pP1Pp2/2p4P/2P1K3/P7/8 w - - 3 43	e3f4 b5b4 c3b4 c4c3 f4e3 f5f4 e3d3 f4f3 d3c3 f3f2	1978	advancedPawn crushing endgame pawnEndgame sacrifice veryLong	https://lichess.org/Gan2ZuX9#85
EezSG	8/6p1/1p5p/p1k5/3pKP2/PP4P1/7P/8 w - - 2 35	f4f5 a5a4 b3a4 c5c4 a4a5 b6a5	1972	crushing endgame long pawnEndgame	https://lichess.org/mXSKrox7#69
78ZDS	8/5p1p/4p3/p1k3P1/Pp3P1P/3KP3/8/8 w - - 3 34	e3e4 b4b3 d3c3 b3b2 c3b2 c5d4	1984	advancedPawn advantage endgame long pawnEndgame	https://lichess.org/lSV3E6l4#67
fvR1z	7n/6KP/pp2k3/8/8/PP6/8/8 w - - 2 52	g7h8 e6f7 a3a4 a6a5 b3b4 a5b4 a4a5 b4b3 a5a6 b3b2 a6a7 b2b1q a7a8q b1b2	2036	advancedPawn endgame mate mateIn5 pawnEndgame promotion quietMove veryLong zugzwang	https://lichess.org/GoZpEf4m#103
9Pnx0	5k2/5P2/6K1/1p6/p1pp4/3P4/PPP5/8 w - - 0 40	a2a3 b5b4 a3b4 c4c3 b2c3 a4a3 c3c4 a3a2	1976	advancedPawn crushing endgame pawnEndgame sacrifice veryLong	https://lichess.org/SkDziFqY#79
0pI7l	3k4/8/8/pp6/2P1p2p/PK5P/2P3P1/8 w - - 0 31	b3c3 b5b4 a3b4 a5a4	1950	crushing defensiveMove endgame pawnEndgame short	https://lichess.org/Rp3giyCX#61
zB2K5	8/8/8/p7/P2pk3/1P3p2/3K1P2/8 b - - 2 49	d4d3 d2c3 e4e5 c3d3	2045	crushing endgame pawnEndgame short zugzwang	https://lichess.org/MwzFuRW8/black#98
4qs8K	8/8/1pk2p2/p1p1p1p1/KPP1P1Pp/P4P1P/8/8 w - - 0 32	b4c5 c6c5 a4b3 c5d4	1894	crushing endgame pawnEndgame short	https://lichess.org/hdVjcAqx#63
1J6fo	8/8/1p6/p1P1k3/1P2p1p1/4K1P1/8/8 b - - 0 40	b6c5 b4a5 e5d5 a5a6 d5c6 e3e4 c6b6 e4d5 b6a6 d5c5	2038	crushing endgame pawnEndgame veryLong	https://lichess.org/5gPxu34d/black#80
YVvZK	8/5p2/1p4p1/3pPkPp/P4P1P/3K4/8/8 w - - 2 42	d3e3 f5g4 f4f5 g4f5	1917	crushing endgame pawnEndgame short	https://lichess.org/qcYS97C4#83
R6Wj6	8/8/8/4k1pp/1p6/1P2K1PP/P7/8 w - - 0 48	g3g4 h5h4 e3e2 e5e4	1903	advantage defensiveMove endgame pawnEndgame quietMove short zugzwang	https://lichess.org/w1ANEdKC#95
bwkUm	8/4k2p/1pp3p1/4K1P1/3P3P/8/P7/8 b - - 0 41	b6b5 a2a3 e7d7 e5f6	1975	crushing endgame pawnEndgame quietMove short zugzwang	https://lichess.org/hnxg1Uo2/black#82
JUqEq	8/p7/1pp1k2p/3pP1pP/P2P2P1/1P6/3K4/8 w - - 0 38	d2c3 c6c5 b3b4 c5d4 c3d4 a7a6 b4b5 a6a5 d4d3 e6e5	2094	crushing endgame pawnEndgame quietMove veryLong zugzwang	https://lichess.org/KgAWQeLt#75
Y9B6H	8/2p2k2/2P3p1/p1P1K2p/P4P2/6P1/8/8 w - - 1 39	f4f5 g6g5 e5d4 h5h4 g3h4 g5h4	1889	crushing endgame long pawnEndgame quietMove	https://lichess.org/nAdv0dS6#77
GivHF	8/6p1/7p/p6P/1k4P1/1P6/2K5/8 b - - 9 52	b4a3 c2c3 a3a2 b3b4 a5b4 c3b4	1887	crushing endgame long pawnEndgame zugzwang	https://lichess.org/y2lStxHJ/black#104
VFkiZ	8/8/8/4k3/4p3/4K1Pp/7P/8 b - - 3 48	e5f5 e3d4 f5e6 d4e4	1801	crushing endgame pawnEndgame short zugzwang	https://lichess.org/j0jeRyQR/black#96
tL2DH	8/5p2/3k3p/1p1P2p1/pP2K1P1/P6P/8/8 b - - 0 42	f7f6 e4d4 d6d7 d4c5 f6f5 g4f5	1956	crushing endgame long pawnEndgame zugzwang	https://lichess.org/3XBgmAIZ/black#84
noJmA	8/5pp1/1k2p2p/1p1pP3/1K1P1P1P/2P3P1/8/8 b - - 0 34	g7g6 g3g4 b6c6 b4a5	2054	crushing endgame pawnEndgame quietMove short	https://lichess.org/xH3AeFwr/black#68
gK6zO	8/5K2/7p/4kpp1/8/5PP1/7P/8 b - - 1 66	h6h5 f7g6 h5h4 g6g5	1801	crushing endgame pawnEndgame short	https://lichess.org/rI9UMM9s/black#132
kD3DJ	8/5p2/p3p2p/3p1kp1/PP1P4/6P1/5PP1/6K1 b - - 0 29	f5e4 b4b5 a6b5 a4b5 e4d4 b5b6	1838	crushing endgame long pawnEndgame	https://lichess.org/QIt0ryJD/black#58
5XG7d	8/1p6/2p5/P3pk1p/1p1p3P/1P1P1KP1/2P5/8 b - - 8 38	f5e6 g3g4 h5g4 f3g4	1830	crushing endgame pawnEndgame short	https://lichess.org/LnLN34Fv/black#76
RdC7M	K1k5/8/P5p1/7p/7P/6P1/8/8 w - - 2 55	a6a7 c8c7 g3g4 h5g4 h4h5 g4g3 h5h6 g3g2 h6h7 g2g1q h7h8q g1g2	1858	advancedPawn endgame mate mateIn5 pawnEndgame promotion veryLong zugzwang	https://lichess.org/vZEMqJbI#109
miWcZ	K1k5/8/P5p1/6p1/8/7P/8/8 w - - 3 63	a6a7 c8c7 h3h4 g5g4 h4h5 g4g3 h5h6 g3g2 h6h7 g2g1q h7h8q g1g2	1941	advancedPawn endgame mate mateIn5 pawnEndgame promotion quietMove veryLong zugzwang	https://lichess.org/wiP8LiHF#125
ONYQ9	5k2/4P3/p2K1P2/1p6/8/8/7p/8 b - - 0 52	f8e8 d6e6 b5b4 f6f7	1800	advancedPawn endgame mate mateIn2 pawnEndgame short	https://lichess.org/TGLPp0Qn/black#104
SosKi	8/8/p4p2/1p2k3/1P2P1p1/3K2P1/7P/8 b - - 1 38	f6f5 e4f5 e5f5 d3d4 f5e6 d4c5 e6d7 c5b6	1824	crushing endgame pawnEndgame veryLong	https://lichess.org/9gXb2sBt/black#76
IUrwk	8/4p2p/4K1k1/6P1/1pp2P2/8/PP5P/8 w - - 0 38	f4f5 g6g5 e6d5 c4c3	1873	crushing endgame pawnEndgame short	https://lichess.org/zR1Lbw8w#75
SOJXg	8/8/p7/8/1P6/7p/8/5K1k b - - 7 75	h3h2 f1f2 a6a5 b4b5 a5a4 b5b6 a4a3 b6b7 a3a2 b7b8q a2a1q b8b7	1924	advancedPawn endgame mate mateIn5 pawnEndgame promotion quietMove veryLong zugzwang	https://lichess.org/mwm4o8sP/black#150
Gz5Je	8/8/6p1/1p5p/1P5P/p5P1/8/k1K5 b - - 2 44	a3a2 c1c2 g6g5 h4g5 h5h4 g5g6 h4h3 g6g7 h3h2 g7g8q h2h1q g8g7	1884	advancedPawn endgame mate mateIn5 pawnEndgame promotion veryLong zugzwang	https://lichess.org/8UDODKDO/black#88
klEQU	8/6p1/5p2/4k3/2p1P3/4KPP1/8/8 b - - 2 46	g7g5 f3f4 e5e6 e3d4	1811	crushing endgame pawnEndgame short	https://lichess.org/VGShoK3J/black#92
xO4vC	8/4k1p1/p1P5/P2p1PK1/8/8/8/8 w - - 1 48	g5f4 e7d6 f4g5 d5d4 c6c7 d6c7 g5g6 d4d3 g6g7 d3d2	1816	advancedPawn crushing endgame pawnEndgame quietMove veryLong	https://lichess.org/zLbLWQIX#95
baQe8	8/8/p7/PP3p2/3KpP2/6k1/8/8 b - - 0 47	g3f3 b5a6 e4e3 a6a7 e3e2 a7a8q	1935	advancedPawn crushing endgame long pawnEndgame promotion	https://lichess.org/xAo3i5hf/black#94
gSL7m	8/8/6p1/p2k3p/5P1P/P3K3/8/8 w - - 0 52	e3d3 a5a4 d3e3 d5c4 e3e4 c4b3	1807	crushing endgame long pawnEndgame quietMove zugzwang	https://lichess.org/pB1b0zLO#103
2PBCS	8/5pp1/7p/5K1P/6P1/5Pk1/8/8 w - - 2 42	f3f4 g3h4 f5e5 h4g4	1846	crushing endgame pawnEndgame short zugzwang	https://lichess.org/Lzfb1TUp#83
P76Dh	8/1p1k4/p2P4/P2K1ppp/8/6PP/1P6/8 b - - 0 38	f5f4 g3f4 g5g4 h3g4 h5h4 d5e4 h4h3 e4f3	1803	crushing defensiveMove endgame pawnEndgame veryLong	https://lichess.org/BO4P1Vsl/black#76
UU40b	8/8/8/8/6pp/5pkP/6P1/6K1 w - - 0 62	h3g4 f3g2 g4g5 h4h3 g5g6 h3h2	1976	advancedPawn endgame long mate mateIn3 pawnEndgame	https://lichess.org/o1iaoPrj#123
kGYiL	8/4k3/5p2/1p3Pp1/2p3P1/P3K3/1P6/8 b - - 2 65	e7d6 e3d4 d6c6 a3a4 b5a4 d4c4	1840	crushing deflection endgame long pawnEndgame zugzwang	https://lichess.org/CCjoJqZE/black#130
QLQ7Y	8/8/1p6/p7/P7/1P4Kp/8/7k b - - 6 54	h3h2 g3f2 b6b5 a4b5 a5a4 b5b6 a4a3 b6b7 a3a2 b7b8q a2a1q b8b7	1948	advancedPawn endgame mate mateIn5 pawnEndgame promotion veryLong zugzwang	https://lichess.org/0jADgC39/black#108
Kuk9X	7k/8/8/3p4/p2K1P2/1pp5/P1P5/8 w - - 0 39	a2b3 a4a3 d4c3 d5d4 c3d4 a3a2	1849	advancedPawn crushing endgame long pawnEndgame sacrifice	https://lichess.org/HbWMhsnd#77
VoO1g	8/2p5/1p6/pP1PP2p/1kPp2pP/5pP1/8/5K2 b - - 0 66	b4c5 d5d6 c7d6 e5e6 d6d5 e6e7	1901	advancedPawn crushing endgame long pawnEndgame	https://lichess.org/uKAoeT9H/black#132
dpdfT	8/8/6p1/7p/7P/p5P1/8/k1K5 b - - 6 48	a3a2 c1c2 g6g5 h4g5 h5h4 g5g6 h4h3 g6g7 h3h2 g7g8q h2h1q g8g7	1892	advancedPawn endgame mate mateIn5 pawnEndgame promotion veryLong zugzwang	https://lichess.org/pOnAk58L/black#96
nVGcg	8/8/p7/1p6/kP1K4/2P5/8/8 b - - 5 48	a6a5 d4c5 a5b4 c3b4 a4a3 c5b5	1806	crushing endgame long pawnEndgame zugzwang	https://lichess.org/yJmWd30e/black#96
GrowB	8/8/p7/1pP2k1p/6p1/P1P1K3/7P/8 b - - 1 43	f5e5 c5c6 e5d6 e3f4 d6c6 f4g5 c6d5 g5h5 g4g3 h2g3	1801	crushing endgame master masterVsMaster pawnEndgame veryLong	https://lichess.org/XwlasKJk/black#86
UfwxU	8/pp6/8/3P3p/6p1/1P4k1/P3K3/8 b - - 0 42	g3h2 d5d6 g4g3 d6d7 g3g2 d7d8q g2g1q d8h4 h2g2 h4g5 g2h1 g5h5	1934	advancedPawn crushing endgame pawnEndgame promotion veryLong	https://lichess.org/cHe0Q2oY/black#84
mLw0O	8/8/3K1k2/5ppp/4p2P/4P1P1/5P2/8 b - - 1 50	f5f4 h4g5 f6g5 e3f4	1836	attraction crushing endgame pawnEndgame short	https://lichess.org/IBwpt16T/black#100
hlLYd	8/8/8/5ppp/3k3P/6K1/5PP1/8 b - - 0 39	f5f4 g3f3 d4e5 h4g5 e5f5 g5g6 f5g6 f3f4	1822	crushing defensiveMove deflection endgame pawnEndgame veryLong	https://lichess.org/XypcZCVP/black#78
zdLGE	8/5k2/8/5K1p/6p1/6P1/7P/8 b - - 0 57	f7g7 f5g5 h5h4 g5h4 g7g6 h4g4	1865	crushing endgame long pawnEndgame	https://lichess.org/xZoAqJQS/black#114
y5ot3	8/1p1k4/8/1PP2pp1/8/5K2/7P/8 w - - 2 41	h2h3 d7e6 f3e3 e6d5 c5c6 b7c6	1880	crushing endgame long pawnEndgame	https://lichess.org/DJybsae4#81
1y81e	8/8/5k2/7P/1p1p2P1/3PpK2/1PP5/8 w - - 1 39	c2c3 d4c3 b2c3 b4b3 f3e3 b3b2	1804	advancedPawn crushing endgame long pawnEndgame	https://lichess.org/2vSjQhDv#77
7zW6t	8/pp6/8/8/P1P5/8/1K1k4/8 w - - 1 41	b2b3 a7a5 c4c5 d2d3	1806	crushing defensiveMove endgame pawnEndgame quietMove short	https://lichess.org/sBNpTfQX#81
9LUWd	8/8/2p1p2k/p3P1pp/P1P1K2P/6P1/8/8 w - - 0 41	c4c5 h6g6 h4g5 g6g5	1931	crushing endgame pawnEndgame short zugzwang	https://lichess.org/5MWMMMKo#81
MH607	8/8/3p2kp/p7/P1PKPp1P/8/8/8 b - - 0 40	f4f3 d4e3 g6f6 e3f3 f6e5 f3e3 h6h5 e3d3 e5f4 d3d4	1826	crushing defensiveMove endgame pawnEndgame veryLong	https://lichess.org/hWwsDrB5/black#80
1x4Jt	8/p4p2/1p3pkp/8/3PK3/2P2P2/8/8 b - - 2 40	g6g5 d4d5 f6f5 e4e5 f7f6 e5e6	1822	crushing defensiveMove endgame long pawnEndgame quietMove	https://lichess.org/i4IN16zp/black#80
Ai8Dv	8/1pp2kp1/p6p/P4K1P/1P4P1/8/8/8 b - - 1 38	b7b6 b4b5 a6b5 a5a6	1959	crushing endgame pawnEndgame short	https://lichess.org/JEZhIC38/black#76
dchGk	8/p7/Pp6/4p1p1/1k2P1P1/5P2/4K3/8 b - - 0 49	b4c3 f3f4 e5f4 e4e5 c3b4 e5e6	1898	crushing endgame long pawnEndgame quietMove	https://lichess.org/j0DhkDkq/black#98
BYuSL	5k2/8/3p4/p3pPK1/PpPp1p2/1P1P1P2/8/8 w - - 5 58	f5f6 e5e4 f3e4 f4f3	1870	crushing endgame pawnEndgame short	https://lichess.org/HJG91ij8#115
yIIXH	8/5k2/5p2/3P3K/ppp4P/5P2/PPP3P1/8 w - - 0 31	d5d6 b4b3 a2b3 c4c3 d6d7 f7e7 b2c3 a4a3	1858	advantage endgame pawnEndgame sacrifice veryLong	https://lichess.org/BH7CEFxM#61
yVAHm	1k6/1P6/2K3pp/5p2/4p2P/4P3/5PP1/8 w - - 1 45	f2f3 f5f4 e3f4 e4e3	1879	crushing endgame pawnEndgame short	https://lichess.org/FjaA9y7j#89
rDuaI	8/1p3k2/p3p1p1/4KpP1/P2P1P2/8/8/8 b - - 0 40	f7e7 a4a5 e7d7 e5f6	1863	crushing endgame pawnEndgame quietMove short zugzwang	https://lichess.org/pDqegaj1/black#80
DJ34j	8/6p1/5P2/1pp1k1P1/3p2K1/8/2P5/8 b - - 0 42	g7f6 g5g6 e5e6 g4h5 c5c4 h5h6	1909	crushing defensiveMove endgame long pawnEndgame	https://lichess.org/4ZYdW3WD/black#84
CgHoe	8/8/8/1p6/p2P4/Pkp5/1P6/1K6 w - - 0 51	d4d5 c3b2 d5d6 b5b4 d6d7 b4a3 d7d8q a3a2	2116	advancedPawn endgame mate mateIn4 pawnEndgame veryLong	https://lichess.org/3PpD19IH#101
Z3b9I	5k1K/8/1p5P/p1p5/P7/1P6/8/8 w - - 3 55	h6h7 f8f7 b3b4 a5b4 a4a5 b4b3 a5a6 b3b2 a6a7 b2b1q a7a8q b1b2	2216	advancedPawn endgame mate mateIn5 pawnEndgame promotion veryLong zugzwang	https://lichess.org/sPfCk7kq#109
daQel	8/8/6p1/7p/5P1P/pK4P1/8/k7 b - - 5 55	a3a2 b3c2 g6g5 h4g5 h5h4 g5g6 h4h3 g6g7 h3h2 g7g8q h2h1q g8g7	2195	advancedPawn endgame mate mateIn5 pawnEndgame promotion veryLong zugzwang	https://lichess.org/aOwNJM9Y/black#110
Ge8LL	8/8/7p/pk1p1pp1/1P1Pp2P/1K2P1P1/5P2/8 w - - 0 41	h4g5 a5a4 b3b2 h6g5	2131	crushing endgame intermezzo pawnEndgame short	https://lichess.org/Kt3pHUlp#81
FWLum	8/p7/6p1/PPp2p1p/3k4/5PK1/8/8 b - - 0 35	d4d5 a5a6 c5c4 b5b6 a7b6 a6a7	2176	advancedPawn crushing endgame long pawnEndgame	https://lichess.org/iZEQNaFE/black#70
xmPN9	8/2p2k2/1p3p1p/p1pP3P/P1P1KP2/8/8/8 b - - 0 51	f7g7 d5d6 c7d6 e4d5	2111	crushing endgame pawnEndgame short	https://lichess.org/OH2EMbXA/black#102
HIEFg	8/5k2/3K1p2/4p1p1/4P2p/5P1P/5P2/8 w - - 2 69	d6d7 f6f5 e4f5 f7f6 d7c6 f6f5	2104	crushing endgame long pawnEndgame	https://lichess.org/1RO8iyTY#137
l4KxZ	8/8/5kp1/5p1p/3K3P/5PP1/8/8 w - - 3 50	d4d5 f5f4 g3f4 f6f5 d5d4 f5f4	2134	crushing endgame long pawnEndgame	https://lichess.org/q1jfOwji#99
faU5L	8/8/pp2k3/3pPp2/5K2/PPP5/8/8 w - - 0 46	a3a4 a6a5 c3c4 d5d4	2163	crushing defensiveMove endgame pawnEndgame quietMove short zugzwang	https://lichess.org/V1HsglqL#91
dI6WI	8/pp1k4/8/8/5ppp/2PK4/PP4PP/8 w - - 0 32	d3e4 f4f3 g2f3 g4g3 h2g3 h4h3 f3f4 h3h2	2113	advancedPawn crushing endgame pawnEndgame sacrifice veryLong	https://lichess.org/VW9jWTMg#63
qqB39	8/8/5p2/4kPpp/6P1/4K2P/8/8 w - - 0 53	e3f3 h5g4 f3g4 e5e4	2107	crushing endgame pawnEndgame short	https://lichess.org/4VrrHGbC#105
SnTLK	8/8/p5k1/1p4P1/3p1rK1/1P4P1/8/8 w - - 0 47	g3f4 a6a5 g4f3 a5a4	2168	crushing endgame pawnEndgame quietMove short	https://lichess.org/Tc6jYRjD#93
6MJFJ	8/3k1pp1/pK2p2p/4P3/2P5/p7/P5PP/8 b - - 6 31	f7f6 b6b7 f6e5 c4c5	2131	crushing defensiveMove endgame pawnEndgame short	https://lichess.org/EoaBzzZG/black#62
9x0LP	8/pk4p1/7p/1Pp4P/4p1P1/2K1P3/8/8 b - - 11 46	a7a6 c3c4 a6a5 c4c5 b7c7 b5b6 c7b7 c5b5 a5a4 b5a4 b7b6 a4b4	2106	crushing defensiveMove endgame pawnEndgame veryLong zugzwang	https://lichess.org/YNEIigbm/black#92
kLNvz	8/8/8/pp1k2p1/4p3/PPP1K1P1/8/8 w - - 0 42	g3g4 a5a4 b3a4 b5a4 c3c4 d5c4 e3e4 c4b3	2102	crushing endgame pawnEndgame veryLong zugzwang	https://lichess.org/5Mf236kB#83
IABHs	8/8/4k1pp/2p5/2Pp1KPP/3P4/8/8 b - - 0 51	e6d6 h4h5 d6e6 h5g6	2126	crushing endgame pawnEndgame short	https://lichess.org/JczTEk93/black#102
lbnAM	8/1p6/1pk3p1/p4p1p/P1K2P1P/1P2P3/6P1/8 w - - 2 39	g2g3 b6b5 a4b5 c6b6 c4d4 b6b5 e3e4 f5e4	2113	crushing endgame pawnEndgame veryLong zugzwang	https://lichess.org/Y4LDwn4n#77
EwIU3	8/2k2p1p/2P1p3/1p1pKp2/1P6/4PP2/6PP/8 w - - 0 34	e5f6 f5f4 e3f4 d5d4	2102	crushing defensiveMove endgame pawnEndgame short	https://lichess.org/oiLtyvsG#67
Z7CEn	8/7p/p1k2p2/1pP3p1/1P1KPpP1/7P/5P2/8 w - - 1 36	e4e5 f6e5 d4e5 a6a5 b4a5 c6c5	2114	crushing deflection endgame long pawnEndgame	https://lichess.org/sJhgVy0K#71
WlZiu	8/5pk1/p6p/1p5K/1Pp4P/2P2P2/P7/8 w - - 3 44	f3f4 f7f5 a2a3 g7h7 a3a4 b5a4 b4b5 a4a3 b5a6 a3a2 a6a7 a2a1q a7a8q a1d1 a8f3 d1f3	2325	advancedPawn endgame mate mateIn5 pawnEndgame promotion quietMove veryLong	https://lichess.org/HJ54lz7e#87
R7rxm	8/8/8/p2p1kpp/P2P4/2P1K2P/5P2/8 w - - 0 40	e3f3 h5h4 f3e3 g5g4 h3g4 f5g4	2135	crushing endgame long pawnEndgame quietMove zugzwang	https://lichess.org/bcY5SJWU#79
hznu1	8/1p4p1/3k4/5p2/8/5KPP/P7/8 b - - 1 47	g7g5 h3h4 b7b5 h4g5	2117	crushing endgame pawnEndgame short	https://lichess.org/nLHvLp2a/black#94
5RXLZ	8/6k1/7p/3p4/1p6/3P1p2/P4P1P/7K w - - 0 29	h2h4 g7f6 h1h2 f6e5 h2g3 e5d4 g3f3 d4d3	2117	crushing endgame pawnEndgame veryLong	https://lichess.org/WjJzpn6U#57
fYbUQ	8/6p1/5p1p/4pP1P/3p1PP1/3K4/8/2k5 b - - 0 48	c1d1 f4e5 f6e5 g4g5	2101	crushing endgame master pawnEndgame short	https://lichess.org/RMy4EBdg/black#96
tyYbs	8/p5p1/7p/1P2p3/P2pk1P1/2P4P/4K3/8 w - - 0 41	c3d4 e4d4 a4a5 d4c5 b5b6 a7b6 a5b6 c5b6	2143	crushing endgame pawnEndgame veryLong	https://lichess.org/7jQOTXmU#81
YMn9E	8/5p2/1p2k1p1/p5Pp/1PP2P2/P3K3/8/8 b - - 12 42	e6f5 c4c5 f5e6 c5b6 e6d6 b4a5	2121	capturingDefender crushing endgame long pawnEndgame	https://lichess.org/VE19JG9G/black#84
1LvSg	8/2k5/4p3/pPKp1p2/P4Pp1/6P1/7P/8 b - - 6 39	c7b7 b5b6 d5d4 c5d4 b7b6 d4e5 b6c5 e5e6	2115	crushing endgame pawnEndgame veryLong zugzwang	https://lichess.org/YbC5Epum/black#78
Ge4Al	8/8/pppkP3/8/P1K5/8/1PP5/8 b - - 0 42	d6e6 a4a5 b6a5 c4c5	2114	crushing endgame pawnEndgame short	https://lichess.org/XRqPZs6Z/black#84
20WMy	8/8/3p2k1/p1pP2pp/P1P1K3/5P2/7P/8 w - - 1 38	f3f4 g5g4 f4f5 g6g5 f5f6 g5f6	2108	crushing defensiveMove endgame long pawnEndgame quietMove zugzwang	https://lichess.org/xFlhxjP6#75
gAzLp	8/8/1k2p1pp/pp2P3/3K2PP/2P5/P7/8 w - - 0 33	c3c4 b5b4 c4c5 b6b5	2103	crushing defensiveMove endgame pawnEndgame quietMove short	https://lichess.org/2MkdaQg2#65
PlnBz	8/pp6/4k3/PPP2p2/6p1/3KP3/8/8 b - - 0 39	e6d5 c5c6 b7c6 b5b6	2124	crushing endgame pawnEndgame short	https://lichess.org/IT6jiFzt/black#78
Vd4oN	8/8/pp1k1p2/3p1P2/PP1K4/8/2P5/8 b - - 0 36	d6c6 b4b5 a6b5 a4b5 c6d6 c2c3 d6e7 d4d5	2195	crushing endgame master pawnEndgame quietMove veryLong zugzwang	https://lichess.org/l9m7Mk7q/black#72
yqXkT	8/8/1p5p/p3pKp1/3kP3/1P4P1/P6P/8 b - - 5 48	b6b5 g3g4 b5b4 h2h3 d4c3 f5e5	2132	crushing endgame long master masterVsMaster pawnEndgame quietMove superGM zugzwang	https://lichess.org/7zpZaP58/black#96
vJXD4	8/8/ppk3p1/2p1Pp1p/P1Pp1P1P/3K2P1/8/8 b - - 16 44	b6b5 c4b5 a6b5 a4a5	2153	crushing defensiveMove endgame master masterVsMaster pawnEndgame short superGM	https://lichess.org/jYfF37bD/black#88
jYbok	8/5p2/4kPpp/1pp1P3/p3K1P1/1PP4P/P7/8 w - - 0 44	c3c4 a4b3 a2b3 b5c4 b3c4 g6g5 e4d3 e6e5	2142	crushing endgame pawnEndgame quietMove veryLong zugzwang	https://lichess.org/Q4JfpsR3#87
Qg2PR	8/4k2p/2K2pp1/5P2/6PP/8/8/8 w - - 0 46	c6c7 h7h5 g4h5 g6f5	2124	crushing deflection endgame pawnEndgame short	https://lichess.org/FCaiqLTm#91
MZyRS	8/8/5ppp/2k1p3/4P2P/2K2PP1/8/8 b - - 3 57	f6f5 h4h5 g6h5 e4f5	2111	crushing deflection endgame pawnEndgame short	https://lichess.org/XqQrC5zt/black#114
gRKa6	8/2k5/ppp4p/2Pp2p1/PP1P2PP/8/5K2/8 w - - 0 42	h4h5 a6a5 b4a5 b6c5	2248	crushing deflection endgame pawnEndgame short	https://lichess.org/fYwTUoyF#83
7JOs7	8/8/1p1kpp1p/2p3P1/2P1KP1P/1P6/8/8 b - - 0 39	f6g5 f4g5 h6g5 h4g5	2160	crushing endgame pawnEndgame short	https://lichess.org/DvZ9WxE4/black#78
zmZHm	8/6k1/4P3/p5K1/1p1p3P/6P1/P7/8 w - - 0 47	g5f5 d4d3 h4h5 d3d2 h5h6 g7h6 e6e7 d2d1q e7e8q d1f3	2217	advancedPawn crushing endgame pawnEndgame promotion veryLong	https://lichess.org/3zVWsMkz#93
3GJLJ	8/1p3p2/p2p4/3P1pp1/P1Pk1p2/1P3P1P/3K4/8 b - - 6 36	f7f6 a4a5 g5g4 h3h4	2164	crushing defensiveMove endgame pawnEndgame quietMove short zugzwang	https://lichess.org/OJoaOj3K/black#72
zCZZD	8/8/4p2p/3pP1p1/2pP3k/p1P2P1P/P6K/8 b - - 1 45	h6h5 h2g2 g5g4 h3g4 h5g4 f3f4 h4h5 g2g3	2116	crushing endgame pawnEndgame quietMove veryLong zugzwang	https://lichess.org/I22hEAJL/black#90
vIxKT	8/8/1p1p1k2/pP2p2K/P1P1P3/8/8/8 b - - 0 47	f6e6 h5g6 e6e7 g6g7	2126	crushing defensiveMove endgame pawnEndgame short zugzwang	https://lichess.org/lM32r9Kx/black#94
AjWRM	8/8/p4kpp/1p1P1p2/1P3P1P/4K3/P7/8 b - - 0 39	g6g5 f4g5 h6g5 h4h5	2196	crushing defensiveMove endgame pawnEndgame short	https://lichess.org/JUTQ15N0/black#78
YFgyu	8/8/5p1p/1p1k2p1/2pp2P1/1P1P1K1P/2P2P2/8 w - - 0 33	f3e2 c4b3 c2b3 d5c5 e2f3 c5b4	2241	crushing endgame long pawnEndgame	https://lichess.org/AVdA6b1p#65
sKYPu	8/8/6p1/3pk2p/7P/3K1PP1/8/8 b - - 1 41	d5d4 d3c4 e5e6 c4d4	2204	crushing endgame master pawnEndgame short zugzwang	https://lichess.org/TyQWgvYc/black#82
guTdd	8/8/8/8/8/3k1p1K/5P2/8 w - - 1 58	h3h2 d3d2 h2h3 d2e1 h3g3 e1e2 g3f4 e2f2	2137	crushing endgame pawnEndgame veryLong zugzwang	https://lichess.org/84vs55wk#115
yZMEz	8/6p1/pp1k3p/3Pp3/1KP1P1P1/7P/8/8 b - - 0 46	g7g5 c4c5 b6c5 b4c4 d6d7 c4c5	2104	crushing endgame long pawnEndgame zugzwang	https://lichess.org/VTNXCTHa/black#92
SRlkk	8/7p/3p4/3k4/5P2/4K1P1/8/8 b - - 0 67	d5c4 f4f5 c4d5 e3f4 h7h6 g3g4	2151	crushing defensiveMove endgame long pawnEndgame quietMove	https://lichess.org/Y6YblSGg/black#134
qaaRW	8/8/4p1pp/4k3/4P1PP/4K3/8/8 b - - 1 42	e5f6 e3d4 f6e7 d4e5 g6g5 h4h5 e7d7 e5f6	2159	crushing endgame pawnEndgame quietMove veryLong zugzwang	https://lichess.org/poojX4jn/black#84
h3un3	8/8/p5K1/2k2p1p/4p3/4P2P/P5P1/8 b - - 0 42	c5c4 g6f5 c4d3 f5f4 h5h4 a2a3 a6a5 a3a4	2157	crushing defensiveMove endgame pawnEndgame quietMove veryLong zugzwang	https://lichess.org/OQlVi53v/black#84
hLSzG	8/p6p/P5p1/1k3p2/5K1P/8/P5P1/8 w - - 1 43	g2g4 f5g4 f4g4 h7h6 g4f4 b5a6	2129	crushing endgame long pawnEndgame quietMove	https://lichess.org/v6zK7YQC#85
XjXcm	8/8/p5pp/3k1p2/3P1P1P/4K3/P7/8 b - - 0 57	a6a5 e3d3 a5a4 a2a3 h6h5 d3c3 d5e4 c3c4 e4f4 d4d5 f4g3 d5d6 f5f4 d6d7	2218	advancedPawn crushing endgame pawnEndgame quietMove veryLong zugzwang	https://lichess.org/0QnzLsh4/black#114
fTDmy	8/8/p7/1pPk2Kp/1P5P/8/8/8 w - - 2 48	g5h5 a6a5 b4a5 b5b4 a5a6 d5c6 a6a7 c6b7	2114	crushing endgame pawnEndgame quietMove veryLong	https://lichess.org/ScPTVOws#95
VDJhs	8/p7/8/1p6/2pK4/P1P2k2/2P5/8 w - - 4 47	a3a4 b5a4 d4c4 a7a5 c4b5 a4a3	2192	crushing endgame long pawnEndgame quietMove	https://lichess.org/WdWYs4To#93
AhT52	8/8/p7/p1k1p1p1/2PpK1P1/PP4P1/8/8 w - - 0 34	e4d3 e5e4 d3e4 a5a4 b3a4 c5c4	2229	crushing deflection endgame long pawnEndgame	https://lichess.org/UGWEaxXE#67
uBWVb	8/8/p5p1/1p1k1P1p/1P2p1P1/PK2P3/8/8 b - - 0 40	g6f5 g4h5 d5e5 b3c3	2158	crushing defensiveMove endgame pawnEndgame short	https://lichess.org/Rd9SLmxK/black#80
Iz6ZJ	8/p7/2p2K2/6p1/PPk5/2P5/5P2/8 b - - 0 45	c4c3 f6g5 c3b4 f2f4 c6c5 f4f5 c5c4 f5f6 c4c3 f6f7 c3c2 f7f8q	2239	advancedPawn crushing endgame pawnEndgame promotion quietMove veryLong	https://lichess.org/8TogpcIm/black#90
Eg0J1	8/7p/p7/1p1kppp1/1P6/3PKPP1/P6P/8 w - - 0 35	h2h3 f5f4 g3f4 e5f4 e3d2 d5d4	2262	crushing endgame long pawnEndgame	https://lichess.org/bZxsMEKC#69
18Q85	8/5k2/2pP1p2/2P3pp/4p3/7P/5KP1/8 b - - 0 47	f7e6 g2g4 h5h4 f2e3 e6f7 e3e4	2173	crushing endgame long master masterVsMaster pawnEndgame	https://lichess.org/gfnI0zK0/black#94
Wo4Q8	8/5p2/1k3p1p/p7/2K2PPP/8/8/8 b - - 0 41	a5a4 h4h5 b6c6 g4g5	2405	crushing endgame pawnEndgame quietMove short	https://lichess.org/6b59ChGo/black#82
1tfFW	8/8/8/pp2k3/5p2/PPP2K2/8/8 w - - 6 44	c3c4 a5a4 b3b4 b5c4 b4b5 c4c3 b5b6 e5d6 b6b7 d6c7	2415	crushing endgame master pawnEndgame veryLong	https://lichess.org/dLJqhnDN#87
xPnnO	8/8/4k2p/p1p2p2/P1P1p1PP/4KP2/8/8 b - - 1 43	e6e5 f3f4 e5e6 g4f5 e6f5 h4h5 f5f6 e3e4	2419	crushing endgame master pawnEndgame quietMove veryLong zugzwang	https://lichess.org/kjAmjvNV/black#86
M6KLr	8/8/4k1pp/8/1p1pK3/pP5P/P5P1/8 b - - 1 40	d4d3 e4d3 e6d5 g2g3 h6h5 h3h4	2416	crushing defensiveMove endgame long master pawnEndgame quietMove zugzwang	https://lichess.org/Qw2Odkry/black#80
gLUn5	8/7p/3k2p1/8/1PP5/3p2P1/4pK1P/8 w - - 1 49	f2e1 d6e5 e1d2 e5e4	2413	crushing defensiveMove endgame pawnEndgame short	https://lichess.org/yYAFDzLH#97
DlbmC	8/2p5/2k5/p1p2p1p/P2p1P1P/1PPP4/2K5/8 w - - 3 38	c2d2 d4c3 d2c2 c6d6 c2c3 d6d5 c3c2 d5d4 c2d2 c7c6	2448	crushing endgame pawnEndgame veryLong zugzwang	https://lichess.org/RCNup6s3#75
OPoMm	8/4kp2/4p1p1/6P1/1pK2P2/4P3/8/8 w - - 0 44	c4b4 e6e5 b4c4 e7e6 c4d3 e6f5	2415	crushing endgame long pawnEndgame	https://lichess.org/eJebWAz1#87
RUUZD	8/1p4p1/p1p2k1p/P1P5/1P1Pp2P/6P1/6K1/8 w - - 0 39	g3g4 f6e6 g2f2 e6d5 f2e3 g7g6 g4g5 h6h5	2437	crushing defensiveMove endgame pawnEndgame quietMove veryLong zugzwang	https://lichess.org/150iq5YG#77
jextu	8/8/p2k3p/1p4p1/PP2p1P1/1K2P2P/8/8 b - - 0 40	b5a4 b3a4 d6d5 b4b5 a6b5 a4b5	2409	crushing endgame long pawnEndgame	https://lichess.org/X93jpLQF/black#80
jpcfT	8/8/8/3k1ppp/2p5/P2K1PPP/8/8 w - - 0 59	d3c3 g5g4 f3g4 h5h4 g3h4 f5f4 g4g5 f4f3 g5g6 d5e6	2441	crushing defensiveMove endgame pawnEndgame quietMove sacrifice veryLong	https://lichess.org/6f2GZLyA#117
KLLc9	8/8/3p4/2pPpPk1/1p2P1p1/2P3K1/P7/8 w - - 0 41	c3b4 c5c4 f5f6 g5f6 b4b5 f6e7 g3g4 c4c3	2459	crushing endgame pawnEndgame quietMove veryLong	https://lichess.org/5BwUDjz5#81
mRgZE	8/7p/8/6p1/4k3/6PP/5K2/8 w - - 1 58	h3h4 g5g4 h4h5 e4d3	2416	crushing defensiveMove endgame pawnEndgame quietMove short	https://lichess.org/CZ3YPMTV#115
OCIQx	8/8/p7/2p4p/2P2k1K/1P3P2/P7/8 b - - 1 42	f4f3 b3b4 f3f4 b4c5 f4e5 h4h5	2490	crushing endgame long pawnEndgame	https://lichess.org/LwVxVNVn/black#84
z3yqm	8/8/6p1/5pP1/1p1Pk2P/2K5/8/8 w - - 0 39	c3c4 f5f4 c4b4 f4f3 h4h5 f3f2 h5g6 f2f1q	2408	advancedPawn crushing endgame pawnEndgame promotion quietMove veryLong	https://lichess.org/YJSLog6h#77
Muz96	8/8/3k3p/5pp1/2PK4/7P/6P1/8 b - - 0 51	h6h5 c4c5 d6e6 c5c6 e6d6 c6c7 d6c7 d4e5 g5g4 h3h4	2440	advancedPawn crushing defensiveMove endgame pawnEndgame veryLong	https://lichess.org/2rQ67TEn/black#102
JI2dH	8/8/p7/1p2p2p/2p1Pk1P/P1P2P2/1P3K2/8 w - - 0 36	f2e2 f4g3 e2e3 a6a5	2461	crushing defensiveMove endgame pawnEndgame short	https://lichess.org/sYBIBS0F#71
sy6Qe	8/2p5/pp6/3Pk1p1/2P3P1/4K3/P5P1/8 w - - 0 39	g2g3 b6b5 e3d3 b5b4 d3c2 e5d4 c2b3 d4c5 b3a4 c5c4	2512	crushing endgame pawnEndgame quietMove veryLong zugzwang	https://lichess.org/JKrq9ILC#77
FeXu4	8/7p/5kp1/1p2p3/1P2P2P/2K3P1/8/8 w - - 1 41	c3d3 g6g5 d3e2 f6g6 e2f3 g6h5 h4g5 h5g5	2410	crushing endgame pawnEndgame veryLong	https://lichess.org/uk8l5W5s#81
V3y0C	8/8/6p1/7p/4KP1P/6k1/8/8 w - - 0 68	e4e5 g3g4 e5e4 g4h4 e4f3 h4h3	2410	crushing endgame long pawnEndgame zugzwang	https://lichess.org/wLSvPlV6#135
zO8PH	8/7p/4k1p1/5pP1/3PK3/7P/8/8 w - f6 0 42	e4f4 e6d5 f4e3 d5c4 h3h4 c4d5	2504	crushing endgame long pawnEndgame zugzwang	https://lichess.org/8xzL8S3H#83
70M1e	8/8/1p1k2p1/p1p2p1p/2P2P2/1P3K1P/1P4P1/8 b - - 0 36	d6c6 f3g3 c6d6 g3h4 d6e6 h4g5 e6f7 g5h6	2408	crushing endgame master pawnEndgame veryLong	https://lichess.org/KOEW0Kz6/black#72
yFDaj	8/p7/8/3k1pp1/1p6/1P2KPP1/P7/8 w - - 0 37	e3d3 f5f4 g3g4 a7a6	2412	crushing defensiveMove endgame pawnEndgame short zugzwang	https://lichess.org/HKZR0N2z#73
cucKe	8/6p1/7p/pp2kP2/4p1PP/PP2K3/8/8 b - - 0 42	b5b4 a3b4 a5b4 h4h5	2405	crushing defensiveMove endgame master pawnEndgame short zugzwang	https://lichess.org/kxHGGv2E/black#84
snZUQ	8/8/8/p1p2K2/3k4/1P6/P7/8 w - - 2 44	f5f4 a5a4 f4f5 a4b3 a2b3 d4c3 f5e4 c3b3	2404	crushing endgame pawnEndgame veryLong	https://lichess.org/tHNiZw31#87
05VnQ	8/8/pp1p1k1p/2pP2p1/2P1K1P1/1P5P/P7/8 w - - 0 45	e4e3 f6e5 a2a3 b6b5 e3d3 b5c4	2424	crushing endgame long pawnEndgame zugzwang	https://lichess.org/g1bw2R9j#89
lPQHW	8/6k1/6p1/1p1Kp3/2p3PP/2P5/8/8 b - - 2 51	g7h6 d5c5 e5e4 c5d4	2473	crushing endgame master pawnEndgame short	https://lichess.org/1RClMfxz/black#102
IrrM9	8/2p5/1p4p1/p2Pk2p/2P4P/1P2K3/6P1/8 w - - 1 49	g2g3 b6b5 e3d3 a5a4	2425	crushing endgame pawnEndgame short	https://lichess.org/oWMBc2SS#97
yxPKg	8/1p6/8/p2k1p2/5P2/PP1K4/8/8 w - - 0 38	d3e3 a5a4 b3a4 d5c4 a4a5 c4c3	2472	crushing defensiveMove endgame long pawnEndgame	https://lichess.org/IKtjAWVH#75
gENpV	8/p1p5/1p1p4/1P2pp1k/P1P2P2/4P1K1/7P/8 b - - 0 33	h5g6 e3e4 f5e4 f4e5	2402	crushing endgame pawnEndgame short	https://lichess.org/PBf3yE1Q/black#66
hqgp1	8/pppk4/8/1P1K4/2P5/8/P7/8 b - - 0 42	c7c6 b5c6 b7c6 d5e5 d7e7 c4c5	2414	crushing defensiveMove endgame long pawnEndgame zugzwang	https://lichess.org/6mTidg6N/black#84
KNCPT	8/8/5p2/3p1k1p/3P4/1K3PP1/8/8 w - - 0 39	b3c3 f5g5 c3b4 f6f5 b4c3 f5f4	2442	crushing endgame long master pawnEndgame quietMove	https://lichess.org/buNZJima#77
tfb97	8/8/6pp/8/1p1k1PP1/1P4K1/8/8 w - - 0 43	g3f3 h6h5 g4g5 d4d5	2411	crushing defensiveMove endgame master pawnEndgame short	https://lichess.org/htZUXAbd#85
kJ2qp	8/5p2/p3p1p1/1p1kP3/5K2/P1P4P/1P6/8 w - - 4 49	h3h4 a6a5 b2b3 a5a4 b3b4 d5c4 f4g5 c4b3 g5f6 b3a3	2488	crushing endgame pawnEndgame quietMove veryLong	https://lichess.org/XcnUSdvH#97
egW05	4k3/5p1p/5K2/p3P1PP/P2p4/8/8/8 w - - 0 37	h5h6 e8f8 e5e6 f7e6 f6e5 d4d3	2415	crushing endgame long master pawnEndgame	https://lichess.org/2UYkNBxZ#73
Ox39o	8/8/ppp1k3/P5p1/2KPPp2/5P1P/8/8 b - - 0 33	b6a5 c4b3 e6d6 b3a4 c6c5 d4c5 d6c5 a4a5	2533	crushing endgame exposedKing master masterVsMaster pawnEndgame veryLong	https://lichess.org/PHDp8K4b/black#66
W8eCD	8/6pp/2p5/Ppk5/5K2/7P/P5P1/8 w - - 0 38	a2a3 c5d6 a5a6 d6c7 f4e5 c6c5 e5d5 c5c4 d5d4 c7b6	2442	crushing endgame pawnEndgame quietMove veryLong	https://lichess.org/XVn4eL4U#75
tqZk8	8/1p4pp/5p2/p1k1pP2/P3P3/1PK4P/6P1/8 b - - 0 32	g7g6 f5g6 h7g6 h3h4 c5d6 g2g4	2446	crushing defensiveMove endgame long pawnEndgame quietMove	https://lichess.org/n3vzctn1/black#64
bb3sa	8/8/4k1pp/p7/P3K1PP/8/8/8 b - - 0 38	e6d6 e4d4 g6g5 h4h5 d6e6 d4e4	2462	crushing defensiveMove endgame long pawnEndgame quietMove zugzwang	https://lichess.org/bGKPOR2J/black#76
Kjg3V	8/8/2p5/pp4kp/3Pp3/PP2P2K/6P1/8 b - - 1 46	a5a4 b3a4 b5a4 g2g3 g5f5 h3h4 f5g6 g3g4 h5g4 h4g4 g6f6 g4f4 f6e6 f4e4	2470	crushing endgame pawnEndgame quietMove veryLong zugzwang	https://lichess.org/6VRXIeg1/black#92
XSZSB	8/8/p4K1p/2p5/6P1/3k4/PP6/8 w - - 1 44	f6g6 c5c4 g6h6 d3c2	2522	crushing endgame pawnEndgame quietMove short	https://lichess.org/0Ju7AVeN#87
Th7Nz	8/8/4pp2/7p/4kP2/6P1/4K2P/8 w - - 0 39	h2h3 h5h4 e2f2 f6f5 g3h4 e4f4	2400	crushing endgame long pawnEndgame quietMove zugzwang	https://lichess.org/I8PQjAeh#77
KWuqs	8/5p2/4k2p/6p1/2pP1PP1/4K2P/8/8 w - - 0 59	f4g5 h6g5 e3e4 e6d6	2430	crushing defensiveMove endgame pawnEndgame short	https://lichess.org/u3ihUwtg#117
XoQ5Y	8/8/2k5/ppp4p/2Pp2pP/PP1P2P1/3K4/8 b - - 1 45	a5a4 c4b5 c6b5 d2c2	2417	crushing defensiveMove endgame pawnEndgame short	https://lichess.org/CIM8o7it/black#90
6xIBv	6k1/p5pp/2p5/1p1p1p2/1P1P4/P3K2P/2P2PP1/8 b - - 1 26	g7g5 f2f4 h7h6 f4g5 h6g5 h3h4 g5h4 e3f4	2466	crushing endgame pawnEndgame veryLong	https://lichess.org/6UjNxD8K/black#52
1LK6V	8/8/p3p3/1p1k4/3P4/PP1K4/8/8 w - - 0 47	d3c3 d5e4 a3a4 e4e3 a4b5 a6b5 b3b4 e3e4	2492	crushing endgame pawnEndgame veryLong	https://lichess.org/RE4GEcL2#93
yTzjp	8/8/6p1/2kp1pP1/p4P2/P1PK4/8/8 b - - 1 45	c5d6 d3d4 d6c6 c3c4 d5c4 d4c4 c6d6 c4d4	2409	crushing defensiveMove endgame pawnEndgame veryLong zugzwang	https://lichess.org/T9t544xG/black#90
BcKBM	8/8/2p5/2PpKp2/2kP4/8/5P2/8 b - - 5 47	f5f4 e5d6 c4d4 d6c6 d4e5 c6b5 d5d4 b5c4 f4f3 c5c6	2528	crushing endgame pawnEndgame veryLong	https://lichess.org/4HWrcjPb/black#94
yreM0	8/8/2p1pk2/p7/PpPPK3/1P6/8/8 b - - 1 39	f6f7 e4e5 f7e7 c4c5 e7d7 e5f6	2405	crushing endgame long pawnEndgame quietMove zugzwang	https://lichess.org/eQE0DENK/black#78
anjnD	8/1p6/4k3/1PP1p1pp/4Pp2/3K1P1P/8/8 b - - 3 43	e6d7 h3h4 g5h4 d3e2	2474	crushing endgame pawnEndgame short	https://lichess.org/BAiHj0yp/black#86
3Mq0j	8/8/8/6p1/P4k2/3K4/8/8 b - - 0 53	g5g4 a4a5 g4g3 d3e2 f4g4 e2f1 g4h3 f1g1	2403	crushing defensiveMove endgame pawnEndgame quietMove veryLong	https://lichess.org/wspK8Jym/black#106
YoGRS	8/8/3k4/3P2pp/3K1p1P/2P3P1/8/8 w - - 0 46	d4e4 f4g3 e4f3 g5g4 f3g2 d6d5	2424	crushing endgame long pawnEndgame	https://lichess.org/epSBXxmh#91
MMA5D	8/2k2p2/p5p1/1pK1PP2/1P5p/P6P/8/8 w - - 0 40	f5f6 c7d7 c5d5 g6g5 e5e6 f7e6 d5e4 d7e8	2441	crushing defensiveMove endgame pawnEndgame quietMove veryLong	https://lichess.org/w7ezZPvL#79
H1tTJ	8/5p2/4p1p1/2k1P3/p4PP1/P1K5/8/8 w - - 2 45	c3d3 g6g5 f4f5 c5d5	2413	crushing endgame pawnEndgame short	https://lichess.org/Bx8BsdcB#89
jQLYL	8/2p3p1/8/3K3p/2P4P/3k2P1/8/8 b - - 1 43	d3e3 c4c5 g7g6 c5c6 e3f2 d5e6 f2g3 e6d7 g3h4 d7c7	2415	crushing endgame pawnEndgame quietMove veryLong	https://lichess.org/jqZeNOUQ/black#86
pq46V	8/7p/4k1p1/1p2p3/4K1PP/P7/5P2/8 b - - 0 36	h7h6 h4h5 g6g5 f2f3 e6f6 e4d5	2402	crushing endgame long pawnEndgame quietMove zugzwang	https://lichess.org/AXwLD2zA/black#72
VVMMh	8/8/2k1p1p1/3pPp1p/1K3P1P/6P1/1P6/8 w - - 1 50	b4a5 d5d4 a5a4 c6d5 a4b3 d5e4	2474	crushing endgame long pawnEndgame quietMove	https://lichess.org/ORb8DNDc#99
ASDEA	8/p7/2p1k1p1/2Pp3p/P2P1p2/4pP2/1P4PP/4K3 w - - 1 39	b2b4 a7a5 b4a5 e6d7	2505	crushing defensiveMove endgame pawnEndgame short	https://lichess.org/qJZuKBW1#77
jPngM	8/2p5/8/p1k1p2p/P3P1pP/1PK3P1/2P5/8 w - - 0 31	c3d3 c5b4 d3d2 c7c6 d2d3 c6c5 d3d2 c5c4 b3c4 b4c4 c2c3 c4b3 d2d3 b3a4	2410	crushing endgame pawnEndgame quietMove veryLong zugzwang	https://lichess.org/HZXzixFz#61
8HOwX	8/2p5/2pk1p2/pp3P2/P2K4/2PP4/1P6/8 w - - 0 33	b2b3 c6c5 d4e4 c5c4 d3c4 b5a4 b3a4 d6c5 e4d3 c7c6	2528	crushing defensiveMove endgame pawnEndgame veryLong zugzwang	https://lichess.org/M5UeLDua#65
KpOV0	8/6p1/2pk2p1/3p2K1/p1pP3P/2P2P2/PP6/8 b - - 0 33	c6c5 a2a3 c5d4 c3d4	2475	crushing endgame pawnEndgame quietMove short	https://lichess.org/7K7HWV2a/black#66
9OVqg	8/2P5/8/2r5/p1k2R2/8/4K3/8 b - - 1 56	c4b5 f4f5 c5f5 c7c8q	1188	advancedPawn crushing deflection endgame pin promotion rookEndgame short	https://lichess.org/rKMw7hxE/black#112
ePeDZ	3k4/2R5/pPp2K2/6p1/1Pp3P1/8/1P5r/8 w - - 2 39	c7c6 h2h6 f6e5 h6c6	1148	crushing endgame rookEndgame short skewer	https://lichess.org/j5PlF0pA#77
uI6Xz	5r2/1R6/1p1p1kpp/pP6/2Pr4/6P1/7P/2R3K1 b - - 7 48	d6d5 c1f1 f6e5 f1f8	1173	crushing endgame rookEndgame short skewer	https://lichess.org/9uBV0mmf/black#96
xzzem	3r4/ppr1kp1p/5p2/3p4/1PPR4/P4P1P/6P1/2R4K b - - 0 29	d5c4 c1e1 e7f8 d4d8	1161	crushing deflection endgame rookEndgame short	https://lichess.org/o4wmzuui/black#58
GX2Wb	4r2k/8/8/p4rp1/2PR4/PP2p2p/2P1RPK1/8 w - - 0 42	g2g1 e3f2 e2f2 e8e1 g1h2 f5f2	1154	advancedPawn crushing deflection endgame long rookEndgame	https://lichess.org/jH07oydL#83
LL4jJ	8/8/3k4/1pr2Kp1/1R2p1Pr/3P4/3R3P/8 w - - 0 39	f5e4 h4g4 e4e3 g4b4	1162	crushing endgame rookEndgame short skewer	https://lichess.org/ZvztlMmB#77
x6vsP	5k2/5p2/3R2p1/3p3p/5P2/4PK1P/3r1P2/8 w - - 2 55	e3e4 d5e4 f3e3 d2d6	1123	crushing discoveredAttack endgame master rookEndgame short	https://lichess.org/5UYnIy51#109
nX71r	8/6p1/6p1/1R1PK2p/p6P/P4r2/kP6/8 w - - 0 39	d5d6 f3f5 e5e6 f5b5	1126	crushing endgame master rookEndgame short skewer	https://lichess.org/1XgtCamK#77
LziBU	8/8/p4k1p/1pP3p1/1P1K2P1/7P/P1p4r/4R3 w - - 2 39	c5c6 h2d2 d4c3 d2d1 c3c2 d1e1	1196	crushing endgame long rookEndgame	https://lichess.org/ZX2MOJbx#77
0TcjV	8/8/8/4k1p1/R3Pr2/6KP/8/8 b - - 2 45	f4e4 a4e4 e5e4 g3g4	1153	crushing endgame rookEndgame short	https://lichess.org/CbIS7Y9c/black#90
VkfJU	8/4Kpk1/7p/4Pr1P/8/8/6R1/8 b - - 5 53	f5g5 g2g5 h6g5 h5h6 g7g6 h6h7 g6h7 e7f7	1138	advancedPawn crushing deflection endgame master masterVsMaster rookEndgame veryLong	https://lichess.org/wXiRGEw7/black#106
GHcCV	8/1R6/3P1rkp/8/P5p1/2r3K1/3R2P1/8 w - - 3 47	g3g4 h6h5 g4h4 f6f4 g2g4 f4g4	1197	endgame long mate mateIn3 rookEndgame	https://lichess.org/Gqox4Wdw#93
PgeYO	6k1/7p/6p1/p2r1p2/1r6/3K3P/P4PP1/R4R2 w - - 0 29	d3e3 b4e4 e3f3 d5d3	1196	endgame mate mateIn2 rookEndgame short	https://lichess.org/uag1w22x#57
ZGF9O	8/7P/3k4/4p3/2K5/7r/R7/8 b - - 0 55	h3h7 a2a6 d6d7 a6a7 d7e6 a7h7	1074	crushing endgame long master rookEndgame skewer	https://lichess.org/tiyuFqxy/black#110
6xRZM	r7/1pp2R1p/p2p2k1/4r3/2P1P2P/2P5/P5P1/5R1K b - - 0 29	e5e4 f1f6 g6h5 f7h7	1168	crushing deflection endgame rookEndgame short	https://lichess.org/xZaUk9aL/black#58
iD9BI	8/6K1/P4R2/2k4p/3p3P/3P4/r4p2/8 w - - 1 53	g7h6 a2a6 f6a6 f2f1q	1158	advancedPawn crushing deflection endgame pin promotion rookEndgame short	https://lichess.org/jJaRex6n#105
WdqZ6	8/8/8/3k2p1/1R5p/6rP/5KP1/8 w - - 22 56	b4g4 g3g4 h3g4 d5e4 f2g1 e4f4	1167	crushing endgame long rookEndgame	https://lichess.org/oLy4Rxg3#111
wO1K1	2r5/8/2pk4/pr1p3p/1P3K1P/P1R1P1P1/8/2R5 w - - 0 32	b4a5 c8f8 f4g5 d5d4 g5g6 d4c3	1164	crushing discoveredAttack discoveredCheck endgame long rookEndgame	https://lichess.org/pnsWSfFn#63
MFGZc	8/6pk/3R4/6P1/3pK3/8/8/3r4 w - - 5 51	d6d4 d1d4 e4d4 h7g6 d4e4 g6g5	1151	crushing endgame long rookEndgame	https://lichess.org/0LtixOto#101
Jod6W	4r3/2k5/2p2p2/1p3P1p/1P1KPP1P/P7/8/3R4 w - - 2 43	e4e5 e8d8 d4c3 d8d1	1152	crushing endgame rookEndgame short skewer	https://lichess.org/6DhD9OhS#85
UKdjU	8/8/6p1/5p1p/1P1pk2P/7r/1R6/3K4 b - - 0 51	e4d3 b2b3 d3e4 b3h3	1157	crushing endgame rookEndgame short skewer	https://lichess.org/OjvGvgfF/black#102
PVhZh	8/R4pp1/7p/1pk2r2/P7/6KP/6P1/8 b - - 0 41	b5b4 a7a5 c5b6 a5f5	1178	crushing endgame rookEndgame short skewer	https://lichess.org/HsoUBPJT/black#82
7AuaP	3r4/3r4/p1kP4/1p2K1P1/8/3R4/2p5/2R5 b - - 1 53	d7d6 c1c2 c6b7 d3d6	1146	crushing deflection endgame rookEndgame short	https://lichess.org/3p9Q1kIC/black#106
TdwcF	8/P7/3R3k/r7/3p4/8/1p6/1K6 b - - 1 43	h6g5 d6d5 a5d5 a7a8q	1168	advancedPawn advantage deflection endgame promotion rookEndgame short	https://lichess.org/sTqFJbVd/black#86
l1Ccf	8/p7/1p1p4/8/2r3pk/2PR4/P1PK2P1/8 b - - 1 39	c4f4 g2g3 h4g5 g3f4	1194	crushing endgame fork rookEndgame short	https://lichess.org/zqDvDNuw/black#78
j3xDy	8/PR6/5p2/4pP2/8/1P4kr/5R2/4r1K1 w - - 3 47	f2f1 h3h1 g1h1 e1f1	1149	attraction deflection endgame mate mateIn2 rookEndgame short	https://lichess.org/FFUoHB5g#93
KjsNf	8/6k1/4rp2/2R3pp/5P2/6PP/5K2/8 b - - 0 57	g7g6 f4f5 g6f7 f5e6	1147	crushing endgame fork rookEndgame short	https://lichess.org/ApuMmZfG/black#114
iTtTQ	7r/4R2P/p4p2/1p4p1/1P2Pk2/4r3/3K2P1/3R4 b - - 0 45	e3e4 d1f1 f4g3 e7e4	1173	crushing deflection endgame rookEndgame short	https://lichess.org/N1OsrKLi/black#90
EF41x	8/5p2/4p3/4krPp/R7/6P1/5PK1/8 b - - 0 52	f5g5 f2f4 e5f6 f4g5	1174	crushing endgame fork rookEndgame short	https://lichess.org/W1oaQTQ6/black#104
2dPhu	7k/p6p/5p2/8/5P2/1P6/P2rpKPP/R7 w - - 2 36	a2a4 d2d1 f2e2 d1a1	1177	crushing endgame rookEndgame short	https://lichess.org/XjHZwwST#71
d2DPP	4k2r/1R3p2/4pPp1/3r4/7p/1K6/P6P/2R5 b - - 1 35	h8h5 c1c8 d5d8 b7e7 e8f8 c8d8	1165	deflection endgame long mate mateIn3 rookEndgame	https://lichess.org/43mtzzC2/black#70
wEzAm	8/1p1rr1k1/p1p2p1p/4PR2/4P3/4K3/PP1R2PP/8 b - - 0 31	d7d2 e5f6 g7f7 f6e7	1167	advancedPawn crushing discoveredAttack discoveredCheck endgame fork rookEndgame short	https://lichess.org/CjEA1gPa/black#62
5pE41	1k6/5R2/1r3p2/p4K2/6P1/5PP1/8/8 w - - 0 47	f7f6 b6f6 f5f6 a5a4 g4g5 a4a3 g5g6 a3a2 g6g7 a2a1q	1196	advancedPawn crushing endgame promotion quietMove rookEndgame veryLong	https://lichess.org/mK3xnpB0#93
eucz0	8/8/1p1r4/5kp1/1R6/P4PK1/8/8 b - - 10 53	d6h6 b4b5 f5f6 b5b6 f6g7 b6h6	1161	crushing endgame interference long rookEndgame	https://lichess.org/iX8mTL7C/black#106
NyiQv	8/2p1k3/p4rp1/1pP1K1Rp/1P3P2/3P3P/8/8 w - - 9 44	d3d4 f6e6 e5d5 c7c6	1198	endgame mate mateIn2 rookEndgame short	https://lichess.org/Dzyg5syV#87
lLH4P	2r5/6p1/5k2/5Pp1/6P1/2pK3P/2R5/8 w - - 7 43	c2c3 c8c3 d3c3 f6e5 c3d2 e5f4	1160	crushing endgame long rookEndgame	https://lichess.org/fu7SAiRg#85
E34bQ	R7/8/2r5/3k4/8/3K4/8/8 b - - 1 68	c6h6 a8a5 d5e6 a5a6 e6f5 a6h6	1140	crushing endgame long rookEndgame skewer	https://lichess.org/NHLAv4WL/black#136
tAfyH	8/6P1/2R5/1p1p1K2/3k4/p6P/4r3/8 b - - 0 56	e2g2 c6g6 g2g6 f5g6	1178	crushing endgame rookEndgame short	https://lichess.org/3iO9IQLX/black#112
WRkRx	3r3k/3P1r2/p7/8/P5K1/1p6/1R6/3R4 w - - 4 48	b2b3 d8g8 g4h5 f7h7	1150	endgame mate mateIn2 rookEndgame short	https://lichess.org/gDAR44Wf#95
GQmKn	8/1p6/r5p1/4PPRp/3k4/8/1PK5/8 b - - 0 32	d4e5 f5g6 e5f6 g6g7 f6g5 g7g8q	1166	advancedPawn crushing discoveredAttack discoveredCheck endgame long promotion rookEndgame	https://lichess.org/jTcjcmfn/black#64
O0qyh	7r/1p5p/1kp3PR/8/1KR5/1P3r2/8/8 b - - 0 46	f3f6 g6g7 h8g8 h6f6	1170	advancedPawn crushing discoveredAttack endgame rookEndgame short	https://lichess.org/kujpqZmD/black#92
knYXI	R7/8/8/1p5P/1k6/8/pr4PK/8 b - - 3 47	b4b3 h5h6 b2b1 h6h7 a2a1b a8a1 b1a1 h7h8q	1175	advancedPawn crushing endgame promotion rookEndgame veryLong	https://lichess.org/65PyFPbZ/black#94
m4VL3	2r5/1r6/4k3/1RK1Pp1p/5P2/4P3/7P/1R6 w - - 1 39	c5d4 b7d7 b5d5 d7d5	1161	endgame mate mateIn2 rookEndgame short	https://lichess.org/tyjg4GKM#77
K8nRJ	8/8/8/1p2p3/2p2p2/P2pkPr1/1P1R2Pr/2K3R1 b - - 9 55	g3f3 g1e1 e3d4 g2f3	1196	advantage endgame rookEndgame short	https://lichess.org/WHKJKPNh/black#110
hkKBN	6rk/1p3R2/p1p5/4P3/3P3p/2PR1K1P/1r6/8 w - - 1 36	f7f4 g8g3 f3e4 b2e2 e4f5 g3d3	1188	crushing deflection endgame exposedKing long rookEndgame	https://lichess.org/v4zjZUms#71
iSedz	8/p4p1p/2p5/2rpkp2/P1P2R2/5K2/2P2PPP/8 w - - 0 27	c4d5 c5c3 f3e2 e5f4	1198	crushing deflection endgame rookEndgame short	https://lichess.org/bqA2DCVo#53
Cdu3j	3r4/8/6kP/1p4P1/8/3p1K2/1P6/5R2 w - - 4 54	f3f4 d8f8 f4e4 f8f1	1148	crushing endgame master rookEndgame short skewer	https://lichess.org/mFZfVdQJ#107
5kL9b	4r3/p7/2r1p1pp/2Pp4/1k6/4R1P1/P4P1P/2R3K1 b - - 3 35	c6c5 e3b3 b4a4 c1c5	1187	crushing deflection endgame rookEndgame short	https://lichess.org/2bFlu2Gm/black#70
ElN32	8/8/r5p1/Pk3p1p/1R3P2/1Kp2PP1/8/8 b - - 1 56	b5a5 b4a4 a5b5 a4a6 b5a6 b3c3 a6b6 c3d4 b6c6 d4e5	1176	crushing endgame rookEndgame veryLong	https://lichess.org/nBhXOOK4/black#112
2es7C	8/8/5k2/4R3/3rp1P1/6K1/8/8 w - - 6 57	g3f4 e4e3 f4e3 f6e5	1121	crushing deflection discoveredAttack discoveredCheck endgame master rookEndgame short	https://lichess.org/DTUMSzMv#113
DsVv0	8/p5K1/1kp3RP/1p6/2r5/8/2P5/8 b - - 3 47	c4c2 h6h7 c2h2 g6h6 h2d2 h7h8q	1187	advancedPawn clearance crushing endgame long promotion rookEndgame	https://lichess.org/8Sl1A6LN/black#94
wvch3	8/6kp/8/PR5P/1P3R2/5P2/2r3rK/8 w - - 0 47	h2h3 g2h2 h3g4 c2g2 g4f5 h2h5 f5e4 h5b5	1181	advantage deflection endgame exposedKing rookEndgame skewer veryLong	https://lichess.org/OXveOOWb#93
bK1V2	5r2/8/5p2/3Rp2p/p3P3/rk4P1/5PKP/2R5 b - - 3 36	a3a2 d5b5 b3a3 c1c3	1184	endgame epauletteMate mate mateIn2 rookEndgame short	https://lichess.org/ptDeZ5kJ/black#72
Gsm6q	4r3/4P3/1r1k3p/6p1/1p2R1P1/1R3P1P/7K/8 b - - 1 42	e8e7 b3d3 d6c5 e4e7	1149	crushing deflection endgame rookEndgame short	https://lichess.org/dQA7JrGt/black#84
Yq9FA	2r3r1/5p1k/p4K1p/1p6/P1p5/8/5P2/2R4R b - - 1 39	c8c7 h1h6 h7h6 c1h1	1192	attraction endgame mate mateIn2 rookEndgame sacrifice short	https://lichess.org/ja7fvyvh/black#78
ujqlu	8/5p2/p3kR1p/1p6/2pP2rr/P1P5/1PK5/5R2 b - - 1 36	e6d5 f1f5 d5e4 f5e5	1146	endgame master mate mateIn2 rookEndgame short	https://lichess.org/44IRz8XS/black#72
PDNyp	8/8/4p3/7p/PR2PP2/5kP1/r7/5K2 w - - 3 44	f4f5 a2a1 b4b1 a1b1	1137	endgame mate mateIn2 rookEndgame short	https://lichess.org/xCq8i2KN#87
aYRfR	5k2/3R1ppp/2r5/8/1pp5/4P1PP/2P2PK1/8 w - - 0 30	d7b7 b4b3 c2b3 c4c3 b7a7 c3c2	1183	advancedPawn advantage endgame long rookEndgame	https://lichess.org/YND7aytr#59
tB9Sc	8/P4p2/1K2pk2/1R4pp/8/8/r7/8 b - - 1 49	h5h4 b5a5 a2a5 b6a5	1134	crushing endgame rookEndgame short	https://lichess.org/fGf5p3MM/black#98
oGK7f	4r3/5pk1/p1p3p1/Pp1p1r1p/1P3P2/2PRP1P1/6K1/7R b - - 14 50	g7h6 g3g4 f5f6 g4g5 h6g7 g5f6	1153	crushing endgame fork long pin rookEndgame	https://lichess.org/slVT1pDZ/black#100
uDZRp	1R6/7k/1R5p/P2p2p1/3P4/6P1/4rrK1/8 w - - 0 39	g2h3 f2h2 h3g4 e2e4 g4f3 g5g4	1376	endgame long mate mateIn3 rookEndgame	https://lichess.org/ba8xEvYr#77
UAqBZ	8/8/4R3/3p2P1/2p3kP/p1P5/r1PK4/8 b - - 0 37	g4h4 g5g6 a2b2 g6g7 b2b8 e6h6 h4g5 h6h8	1402	advancedPawn clearance crushing endgame rookEndgame veryLong	https://lichess.org/czmjhakq/black#74
sB8S3	3R4/8/p1p5/8/1P3p2/Pk2pK2/3p4/8 w - - 6 44	f3f4 e3e2 d8d2 e2e1q	1329	advancedPawn crushing endgame promotion rookEndgame short	https://lichess.org/mi2bTEIG#87
WQXg8	8/7p/4P1p1/pR3p2/3k1P1P/r7/5K2/8 b - - 0 46	a3e3 b5e5 e3c3 e6e7	1462	advancedPawn crushing endgame rookEndgame short	https://lichess.org/mdlBT3Xg/black#92
McWGo	7r/7r/p1P5/5p2/3Rpk2/1P4RP/P4K2/8 b - - 0 41	h7h3 g3h3 h8h3 c6c7 h3h8 d4d8	1477	advancedPawn crushing endgame long master masterVsMaster rookEndgame superGM	https://lichess.org/tyRI15wq/black#82
8Gl44	8/k2r1p2/1R2p3/5pPp/3r3P/1R2KP2/1P6/8 w - - 0 55	b6b5 f5f4 e3f2 d4d2 f2f1 d2d1 f1g2 d7d2 g2h3 d1h1	1225	endgame master mate mateIn5 rookEndgame veryLong	https://lichess.org/hLLrDiQh#109
ccgur	8/2R3k1/7p/5Kp1/8/7r/8/8 b - - 1 50	g7h8 f5g6 h3f3 c7c8 f3f8 c8f8	1377	endgame exposedKing long master mate mateIn3 rookEndgame	https://lichess.org/qlSjfkmf/black#100
LU6Uv	8/1p2rk2/p2R1p1p/2P4P/1P1R1KP1/1r6/8/8 w - - 1 44	f4f5 b3f3 d4f4 e7e5	1379	endgame epauletteMate mate mateIn2 rookEndgame short	https://lichess.org/V0ifGSDU#87
F66eR	R7/4K1Rp/2P5/2k5/4r3/6P1/5r2/8 w - - 5 44	e7d8 f2f8 d8c7 f8a8	1428	advantage endgame rookEndgame short skewer	https://lichess.org/7L86NwtL#87
KKNuX	8/8/8/8/5pk1/6p1/7p/3R2K1 w - - 0 66	g1g2 f4f3 g2h1 g4h3 d1d2 g3g2 d2g2 f3g2	1461	advancedPawn endgame exposedKing mate mateIn4 rookEndgame veryLong	https://lichess.org/1bCFGnta#131
lLF3q	8/r2r1pkp/6p1/8/R7/1P4P1/p4P1P/3R2K1 w - - 0 35	d1d7 a7a4 b3a4 a2a1q	1478	advancedPawn crushing endgame promotion rookEndgame short	https://lichess.org/Yi4MPNGd#69
mO1Fw	6k1/7P/6P1/4rP1K/4P3/p7/8/8 b - - 0 55	g8h8 h5h6 e5e7 f5f6 e7h7 g6h7 a3a2 f6f7 a2a1q f7f8q	1471	advancedPawn endgame mate mateIn5 promotion rookEndgame veryLong	https://lichess.org/5FB9xPnb/black#110
ksP3l	8/8/8/8/5pk1/6p1/R5Kp/8 w - - 2 62	a2a1 f4f3 g2h1 g4h3 a1a2 g3g2 a2g2 f3g2	1453	advancedPawn endgame exposedKing mate mateIn4 rookEndgame veryLong	https://lichess.org/KitsrpKQ#123
6RLHx	8/r6p/PR6/1K1k4/7P/4p3/6P1/8 w - - 0 49	b6b7 e3e2 b7a7 e2e1q a7d7 d5e6	1472	advancedPawn crushing defensiveMove endgame long promotion rookEndgame	https://lichess.org/TPbK8GqA#97
cwIHg	2r5/8/3k1p1p/5Pp1/R1p1r3/P4KP1/8/2R5 b - - 4 41	d6e5 a4a5 e5d4 c1d1 d4c3 f3e4 c8e8 e4f3	1438	crushing defensiveMove deflection endgame rookEndgame veryLong	https://lichess.org/HgiH6Fyh/black#82
0aOPI	4k3/4P2p/6p1/1K4P1/4R2P/2pr4/8/8 w - - 0 50	b5b4 c3c2 e4c4 d3d4 c4d4 c2c1q	1435	advancedPawn crushing deflection endgame long pin promotion rookEndgame	https://lichess.org/L6L2fbEk#99
91ZxU	8/8/2R3p1/4r3/p4kPP/2PK4/r7/3R4 w - - 1 36	c6g6 e5d5 d3c4 d5d1	1326	crushing endgame rookEndgame short skewer	https://lichess.org/zykMyL4d#71
Y3dIA	r7/6kP/5PP1/6K1/8/8/8/8 b - - 0 66	g7h8 g5h6 a8a7 g6g7 a7g7 f6g7	1401	advancedPawn endgame exposedKing long mate mateIn3 rookEndgame	https://lichess.org/ZiFMtidv/black#132
MfCps	r7/6kP/5PP1/6K1/8/8/8/8 b - - 0 65	g7h8 g5h6 a8a7 g6g7 a7g7 f6g7	1390	advancedPawn endgame exposedKing long mate mateIn3 rookEndgame	https://lichess.org/5HY7waEJ/black#130
kUxTc	8/8/8/8/3R1pk1/6p1/6Kp/3r4 w - - 0 53	d4d1 f4f3 g2h1 g4h3 d1d2 g3g2 d2g2 f3g2	1438	advancedPawn endgame exposedKing mate mateIn4 rookEndgame veryLong	https://lichess.org/w4GimRsX#105
zC23M	R7/5pk1/P6p/6pP/8/8/1KP5/6r1 b - - 2 58	g1e1 a6a7 e1e7 a8g8 g7g8 a7a8q	1374	advancedPawn attraction crushing endgame long master promotion rookEndgame	https://lichess.org/gJn6tuxl/black#116
sFvTu	8/8/8/8/5p2/4pk1R/r7/6K1 b - - 1 69	f3e2 h3h2 e2d1 h2a2 e3e2 a2a1 d1d2 g1f2	1357	crushing endgame master masterVsMaster rookEndgame skewer veryLong	https://lichess.org/ThSMiXKL/black#138
8b9wj	2r1r1k1/5p1p/p4p2/5P2/2P1p3/P1Rp4/5PPP/4R1K1 w - - 2 25	f2f3 d3d2 e1d1 e4e3 c3e3 e8e3	1452	advancedPawn crushing endgame long rookEndgame	https://lichess.org/anjtaTjk#49
hXUzs	8/1R4p1/5p1k/7r/6KP/4P3/5P2/8 w - - 2 35	b7g7 f6f5 g4f4 h6g7	1324	crushing endgame intermezzo rookEndgame short	https://lichess.org/R3Ix0WZt#69
L8x0j	r4k2/7R/5pp1/1N6/5P2/P5PK/1r5P/8 b - - 0 44	b2b5 h7h8 f8f7 h8a8 b5h5 h3g2	1367	advantage endgame long rookEndgame skewer	https://lichess.org/bLFNOm2t/black#88
10zfK	3r4/p2Pk2p/1p3pp1/4P3/2r5/6P1/P2R3P/4R1K1 b - - 0 29	d8d7 e5f6 e7f6 d2d7	1402	crushing discoveredCheck doubleCheck endgame rookEndgame short	https://lichess.org/dHPwM3YG/black#58
4xlLd	8/2P5/3K2p1/5k2/5p2/8/1R6/2r5 b - - 2 57	g6g5 b2b5 f5g4 b5c5	1429	crushing endgame master rookEndgame short superGM	https://lichess.org/BS5RtwLq/black#114
OkMxb	5r2/1p3k2/3P2p1/7p/2P5/5R2/6K1/8 b - - 2 41	f7e8 d6d7 e8d7 f3f8	1431	advancedPawn crushing deflection endgame rookEndgame short	https://lichess.org/w3RJwSGx/black#82
5FWok	6k1/5pp1/p6p/1p6/P2P4/2rp1KPP/6P1/R7 w - - 0 33	a4b5 d3d2 f3e2 c3c1 e2d2 c1a1	1367	advancedPawn crushing discoveredAttack discoveredCheck endgame long rookEndgame	https://lichess.org/B2uFJcuX#65
OhCXJ	8/1R6/2K1r1kp/p7/P7/1P2r1pP/6P1/7R w - - 5 38	c6b5 e3b3 b5a5 b3b7	1381	crushing endgame master masterVsMaster rookEndgame short skewer superGM	https://lichess.org/XvN8oxLl#75
OjkFH	4r3/6kP/6P1/5PK1/8/8/8/8 b - - 4 65	e8c8 f5f6 g7h8 g5h6 c8c7 g6g7 c7g7 f6g7	1482	advancedPawn endgame exposedKing mate mateIn4 rookEndgame veryLong	https://lichess.org/rgCPTAL1/black#130
trHO0	8/8/1p6/p2Pk2P/R1P5/4K3/8/7r w - - 1 57	a4a2 h1h3 e3f2 h3h2 f2g3 h2a2	1383	crushing endgame exposedKing long rookEndgame skewer	https://lichess.org/973yiIcD#113
gdMTo	6R1/7R/8/p1pk4/r7/7P/2r3P1/6K1 b - - 0 36	d5c4 h7h4 c4b5 g8b8 b5c6 h4a4	1440	crushing deflection endgame long rookEndgame	https://lichess.org/QKHdT3tS/black#72
dnrwZ	3r2k1/5ppp/p1P5/3p1R2/P7/8/6PP/6K1 b - - 0 31	d5d4 c6c7 d8c8 f5d5 g8f8 d5d8 f8e7 d8c8	1389	advancedPawn crushing endgame rookEndgame veryLong	https://lichess.org/3wm44Fcr/black#62
LDo4w	6k1/p5p1/6P1/1p1p4/2p5/P2r4/4r3/2K2R1R b - - 3 37	d3a3 h1h8 g8h8 f1f8	1362	attraction endgame mate mateIn2 rookEndgame sacrifice short	https://lichess.org/0UmIf0aS/black#74
BMxvy	8/1p5p/4pP1k/p7/5pR1/8/1r4PP/6K1 b - - 1 40	b2c2 f6f7 c2c1 g1f2 c1c8 g4g8 c8f8 g8f8	1405	advancedPawn crushing endgame rookEndgame veryLong	https://lichess.org/O9NFCoO8/black#80
dCv3j	8/8/p2P1R2/1p6/1P2k3/P7/r4p2/2K5 b - - 0 73	e4d3 d6d7 f2f1q f6f1 a2a1 c1b2 a1f1 d7d8q	1358	advancedPawn crushing endgame promotion rookEndgame veryLong	https://lichess.org/OdD0y0VW/black#146
xvRjt	8/6p1/P7/2r1p2p/3k4/1K1p1P2/R5PP/8 b - - 1 42	d4e3 a6a7 d3d2 a2d2 e3d2 a7a8q	1411	advancedPawn advantage endgame long promotion rookEndgame	https://lichess.org/bP0VGJ6h/black#84
0ZsPp	8/R7/3k4/3p3p/2p5/7r/1KR5/8 w - - 0 52	c2d2 c4c3 b2c2 c3d2	1475	advancedPawn crushing endgame fork rookEndgame short	https://lichess.org/EnRUg8Hp#103
hiynY	1k6/1p3P2/5K2/8/8/p1P1R3/8/5r2 w - - 3 56	f6e7 a3a2 f7f8r f1f8	1312	advancedPawn crushing endgame rookEndgame short	https://lichess.org/J18N55Qk#111
O6qUt	8/8/8/2r2p1R/2k3p1/6P1/4KPP1/8 w - - 4 45	e2e3 f5f4 e3f4 c5h5	1472	crushing discoveredAttack endgame rookEndgame short	https://lichess.org/NzRrZxID#89
RhPVb	4r2k/1R4pp/8/P7/8/7P/P2p1PP1/2rR1K2 w - - 1 34	b7b1 e8e1 d1e1 d2e1q	1357	advancedPawn endgame mate mateIn2 promotion rookEndgame short	https://lichess.org/exszLAIe#67
OGRc3	2R5/8/8/8/1k6/5K1P/2pr2P1/8 w - - 2 56	g2g4 d2d3 f3e4 d3c3	1462	crushing endgame rookEndgame short	https://lichess.org/wSvxFEQU#111
DB0nf	R7/8/8/8/1p6/p7/1k1K4/8 w - - 2 58	a8b8 b4b3 d2d3 a3a2	1464	advancedPawn crushing endgame rookEndgame short	https://lichess.org/zwsTxyR2#115
WMqcC	8/1R6/5K1P/8/8/2k5/1p5r/8 w - - 1 57	h6h7 h2h7 b7h7 b2b1q	1421	advancedPawn crushing deflection endgame promotion rookEndgame short	https://lichess.org/7EF51KNb#113
BGz8p	5k2/7R/3p4/6p1/r7/6PK/2r4P/4R3 w - - 0 39	e1d1 g5g4 h3h4 c2h2 h4g5 h2h7	1341	crushing deflection endgame long rookEndgame skewer	https://lichess.org/qe7M0VIX#77
2cHFU	2k2r2/R7/8/pR6/5p2/7P/r5PK/8 b - - 3 40	f4f3 a7a8 c8d7 a8f8	1493	crushing endgame rookEndgame short skewer	https://lichess.org/HgLKrNi3/black#80
fRr23	6k1/8/2r5/1p1r4/3P1p1P/1PP2P1K/P4P2/2R5 b - - 4 37	d5d4 c1g1 g8f7 c3d4	1440	crushing endgame intermezzo rookEndgame short	https://lichess.org/xEeqd9NE/black#74
Bx7hF	6r1/Pk6/1PP5/1K6/8/8/8/8 b - - 0 83	b7a8 b5a6 g8g7 b6b7 g7b7 c6b7	1382	advancedPawn endgame exposedKing long mate mateIn3 rookEndgame	https://lichess.org/ypEEqt5n/black#166
os9Hc	1R6/8/8/8/2k2P1P/4K1P1/1pr5/8 w - - 3 54	f4f5 c2c3 e3f4 c3b3	1375	crushing endgame rookEndgame short	https://lichess.org/5PHZWOue#107
1n1yr	r7/P2R3p/4p3/8/8/3p1P2/2k3PP/5K2 w - - 5 47	f1e1 a8a7 d7a7 d3d2 e1f2 d2d1q	1473	advancedPawn advantage deflection endgame exposedKing long promotion rookEndgame sacrifice	https://lichess.org/yDihVPb1#93
X2hQO	r7/2k3pp/2P2p2/3Pp3/p1K1P3/1p3P2/6PP/2R5 w - - 0 32	c4b4 b3b2 c1b1 a4a3	1274	advancedPawn crushing endgame rookEndgame short	https://lichess.org/sm2K5K0x#63
p9Oov	1k1r4/1r3p1R/4p1p1/1p6/1R1P1PP1/4K3/1P4P1/8 w - - 0 31	e3e4 f7f5 e4e5 b7h7	1462	advantage discoveredAttack endgame rookEndgame short	https://lichess.org/jqurfoFq#61
OfdWx	1r6/4kp2/3R2p1/1PpK3p/8/8/6PP/8 w - - 0 41	d5c5 b8b5 c5b5 e7d6	1344	crushing deflection endgame rookEndgame short	https://lichess.org/LR2DBn9r#81
liITt	8/8/1RP5/4rr2/k7/8/8/2R1K3 w - - 1 68	e1d1 f5f1 d1d2 e5d5 d2e3 f1c1	1339	crushing deflection endgame exposedKing long rookEndgame	https://lichess.org/pGvGJWEw#135
rs15o	8/P7/7r/1K6/8/2k5/7p/7R b - - 0 56	h6h8 h1h2 h8h2 a7a8q	1461	advancedPawn crushing deflection endgame promotion rookEndgame short	https://lichess.org/dOwWECH6/black#112
DxmgI	6k1/1R6/1p5p/5K2/5PP1/1r5P/p7/8 w - - 0 41	b7a7 b3b5 f5g6 b5a5	1319	crushing endgame master masterVsMaster rookEndgame short	https://lichess.org/yiY2JauI#81
paUqy	8/5p2/1pk2p2/2p5/3p1KP1/3P1PP1/R1P3r1/8 b - - 4 40	c6b5 c2c4 d4c3 a2g2	1374	crushing discoveredAttack endgame rookEndgame short	https://lichess.org/KgqnUIMz/black#80
MDlqu	8/2R2P1p/3P2p1/4p3/1r4kP/5r2/5PK1/8 b - - 0 45	b4b2 c7c4 g4h5 g2f3	1422	crushing deflection endgame master rookEndgame short	https://lichess.org/9flDL33q/black#90
a5eHS	8/5p1k/4p2p/4P3/3r1P1R/6PK/8/8 b - - 0 43	h7g6 f4f5 g6f5 h4d4	1329	crushing discoveredAttack endgame rookEndgame short	https://lichess.org/jsginCNW/black#86
40ErP	6k1/6p1/R7/8/2P3pP/6P1/p4K2/r7 w - - 0 35	c4c5 a1h1 a6a2 h1h2 f2e3 h2a2	1793	crushing endgame long rookEndgame skewer	https://lichess.org/aM6tAiDS#69
c1wXd	5k2/4R3/8/4p1Kp/6p1/6P1/r5PP/8 w - - 4 40	g5f6 a2a6 e7e6 a6e6 f6e6 e5e4	1794	crushing defensiveMove endgame long rookEndgame	https://lichess.org/RTpfw46F#79
rDb5j	4r3/1p3pk1/p7/6P1/1P1P2p1/P1P5/5K2/2R5 w - - 2 35	c1e1 g4g3 f2f1 g3g2 f1f2 e8e1	1790	advancedPawn crushing endgame exposedKing long rookEndgame	https://lichess.org/FtbpSZql#69
7cZRT	8/8/8/4pRP1/2p5/2kp4/2p5/2K5 w - - 2 54	f5f2 e5e4 g5g6 e4e3 f2c2 d3c2 g6g7 e3e2 g7g8q e2e1q	1600	advancedPawn endgame mate mateIn5 promotion quietMove rookEndgame veryLong	https://lichess.org/mv5xURhe#107
ecMOU	6R1/1p1r2p1/p1p2P1p/7P/3p2k1/3K4/P7/8 b - - 0 43	g4h5 g8g7 d7d6 f6f7 d6f6 d3d4	1501	advancedPawn advantage endgame long rookEndgame	https://lichess.org/h0UiJfMf/black#86
TX2iq	8/ppp2p1p/3p2p1/4r1k1/4P3/2P1R1P1/P1P2P1P/6K1 b - - 0 20	f7f5 f2f4 g5f6 f4e5	1642	crushing endgame fork rookEndgame short	https://lichess.org/4evUBy9B/black#40
CtOJ8	1R1nr3/P3P3/5p2/1p3k2/1Pp3p1/2P1K3/8/8 w - - 0 55	b8d8 e8e7 e3f2 e7a7	1564	crushing endgame rookEndgame short	https://lichess.org/Ctu9bRW6#109
WnrPY	6r1/1R4P1/8/4pk1P/5p2/8/6K1/8 b - - 0 49	f5f6 h5h6 f6g6 b7b6	1614	crushing endgame master masterVsMaster rookEndgame short superGM	https://lichess.org/LR9aY2sL/black#98
GYI89	8/8/3k4/8/p4R1P/5KP1/8/r7 w - - 1 48	h4h5 a1f1 f3e3 f1f4 g3f4 a4a3 h5h6 a3a2	1515	advancedPawn crushing endgame rookEndgame veryLong	https://lichess.org/gfsJcJAY#95
DMve8	5k2/pp5r/2p5/P1P2p2/3PpPp1/4P3/1R4KP/8 b - - 0 41	f8e8 a5a6 b7b5 c5b6	1584	crushing enPassant endgame rookEndgame short	https://lichess.org/yrvxUloe/black#82
hQ87z	2r5/6kP/5PP1/6K1/8/8/8/8 b - - 0 64	g7h8 g5h6 c8c7 g6g7 c7g7 f6g7	1515	advancedPawn endgame exposedKing long mate mateIn3 rookEndgame	https://lichess.org/N7F2ZKzi/black#128
8guS5	r5r1/p1p5/1p3kp1/3p1PR1/8/P2P3p/1PPK4/6R1 w - - 0 27	f5g6 h3h2 g1h1 f6g5	1528	advancedPawn advantage endgame rookEndgame short	https://lichess.org/g5ALE5bT#53
TBNNG	3r4/8/1R2k3/3p1pp1/3P4/5KP1/7P/8 b - - 2 46	d8d6 b6d6 e6d6 h2h4 g5h4 g3h4	1593	crushing endgame long rookEndgame	https://lichess.org/cYIXnbfu/black#92
Ct4v5	6k1/p4p1p/6p1/3R4/5P2/1P1pr1P1/P6P/5K2 w - - 0 29	d5e5 d3d2 e5e3 d2d1q	1532	advancedPawn advantage endgame promotion rookEndgame short	https://lichess.org/jsnSp02J#57
GjZtt	6r1/8/1P2Kp2/5p2/4kP2/2R1P2p/8/8 w - - 1 50	e6f6 h3h2 c3c1 g8g1	1534	advancedPawn crushing endgame rookEndgame short	https://lichess.org/AusMH6S9#99
wqYst	8/PR6/4k3/r3p1p1/3p2P1/3K4/5P2/8 b - - 5 45	e6d5 b7b5 a5b5 a7a8q	1553	advancedPawn crushing deflection endgame promotion rookEndgame short	https://lichess.org/AVluITpr/black#90
lecwb	1r6/1P3r2/1R6/5k2/1R2p1p1/6K1/8/8 b - - 1 56	e4e3 b4f4 f5e5 f4f7	1506	crushing endgame rookEndgame short skewer	https://lichess.org/qJmBsiFl/black#112
hAOZG	8/6R1/4k2p/2p5/R1P3K1/4Pr1P/5r2/8 b - - 3 39	f3e3 a4a6 e6e5 g7e7 e5d4 a6d6 d4c3 e7e3	1541	crushing deflection endgame exposedKing rookEndgame veryLong	https://lichess.org/05owmVo7/black#78
HJ1qU	1r6/1P6/8/8/pR1K4/P4kp1/8/8 w - - 0 70	d4c5 g3g2 b4b1 b8b7 b1b7 g2g1q	1535	advancedPawn crushing deflection endgame long promotion rookEndgame	https://lichess.org/O4cT8b3N#139
KKB5K	8/7P/6K1/8/8/3k4/p6r/R7 b - - 2 58	d3c3 a1a2 h2a2 h7h8q	1515	advancedPawn crushing deflection endgame promotion rookEndgame short	https://lichess.org/2gzm7cKV/black#116
0WPYk	8/1p3p1p/p2p1kp1/2rPp3/P1r5/2P4P/1P1R1KP1/R7 b - - 6 33	c5a5 b2b4 a5a4 a1a4	1521	advantage endgame rookEndgame short trappedPiece	https://lichess.org/hMBmqywk/black#66
oGaS4	6k1/5p2/p1r3p1/7p/PK5P/1Pp2RP1/8/8 w - - 0 45	f3c3 a6a5 b4a5 c6c3	1541	crushing deflection endgame rookEndgame short	https://lichess.org/nP62amSq#89
nbbbh	8/2p3p1/p4k1p/2p1rP2/1PprpKPP/P3R3/2R5/8 b - - 0 39	c5b4 g4g5 f6e7 f4e5	1520	crushing deflection endgame rookEndgame short	https://lichess.org/xPs3uRT9/black#78
CtzKN	8/2K4p/RP4p1/p5k1/r7/8/8/8 b - - 0 52	h7h5 b6b7 a4b4 a6b6 b4b6 c7b6	1555	advancedPawn clearance crushing endgame long rookEndgame	https://lichess.org/0lgAzCir/black#104
D93Mw	3r1k2/2R2p2/p2rp1p1/1p2K1P1/5P2/6P1/PP6/2R5 w - - 8 33	e5f6 e6e5 f6e5 d6e6	1588	attraction discoveredAttack discoveredCheck endgame mate mateIn2 rookEndgame short	https://lichess.org/8uU0e6W3#65
eevrg	6k1/6pp/b3p3/4Pp2/8/2ppP2P/5PP1/R4K2 w - - 0 29	a1a6 c3c2 a6a1 d3d2 f1e2 c2c1q	1528	advancedPawn crushing endgame fork long promotion rookEndgame	https://lichess.org/pYCkVRkQ#57
daoDn	8/pp2k3/2p1P3/3p1PP1/5K1r/5R1r/PP6/4R3 w - - 3 38	f4e3 h4e4 e3d2 h3f3	1507	crushing deflection endgame rookEndgame short	https://lichess.org/VDC8Kc9Q#75
GjuGl	1R6/1P6/6p1/5k1p/4pp2/5P1P/1r4P1/5K2 b - - 0 43	f5g5 f3e4 g5h4 e4e5 h4g3 e5e6 b2b1 f1e2 f4f3 g2f3	1689	crushing endgame quietMove rookEndgame veryLong	https://lichess.org/IGZinnTR/black#86
4tnM8	3k4/7R/3r1p1p/2p5/4K1PP/8/5P2/8 w - - 0 43	h7h6 f6f5 e4f5 d6h6	1556	crushing discoveredAttack endgame rookEndgame short	https://lichess.org/qZsUAFnJ#85
s75F3	8/6p1/8/6p1/5R2/P1P2prk/1P3K2/8 w - - 0 49	f4f3 g3f3 f2f3 g5g4 f3f2 h3h2	1557	attraction crushing defensiveMove endgame exposedKing long rookEndgame	https://lichess.org/F4friwf2#97
LEpPr	4k3/R3P3/5p2/6p1/1P2P2p/5P2/1r6/4K3 w - - 1 38	a7b7 h4h3 b7b8 e8e7 b8h8 h3h2	1550	advancedPawn crushing endgame long rookEndgame	https://lichess.org/KTaRiQZM#75
fMl9p	8/6R1/p3P3/1p5p/8/P3k1p1/1r6/3K4 b - - 1 47	g3g2 e6e7 g2g1q g7g1 b2b1 d1c2 b1g1 e7e8q	1574	advancedPawn crushing endgame promotion rookEndgame veryLong	https://lichess.org/dn8Ovxla/black#94
B2pxC	3r4/4kp2/p4p2/8/7R/P3rP2/KP5P/6R1 b - - 2 32	e3f3 g1e1 e7f8 h4h8 f8g7 h8d8	1650	crushing endgame long rookEndgame skewer	https://lichess.org/ni7oDM9f/black#64
AMOTL	8/4k3/2pR4/4P3/4K1P1/2r1p3/8/8 w - - 4 52	d6d3 e3e2 d3c3 e2e1q	1533	advancedPawn crushing endgame promotion rookEndgame short	https://lichess.org/0gH4GMre#103
s8eBK	8/6p1/7p/4P3/2p5/2P2k2/6rP/4R2K b - - 2 45	g2c2 e5e6 f3f2 e6e7 f2e1 e7e8q	1558	advancedPawn advantage endgame long promotion rookEndgame	https://lichess.org/Y7MO8DTH/black#90
lWCKb	8/3K4/R2P1pk1/8/4r3/5p1P/8/8 w - - 0 62	d7c7 f3f2 a6a1 e4e1	1585	advancedPawn crushing endgame rookEndgame short	https://lichess.org/cXuHN9DD#123
dRAr1	8/3R2pp/k7/1p6/4pPP1/p6P/8/6K1 w - - 0 43	d7d4 a3a2 d4d1 b5b4 d1a1 b4b3	1726	advancedPawn crushing endgame long rookEndgame	https://lichess.org/TQfJr08C#85
t0CaN	8/8/1p5p/p6k/P2r1PR1/6KP/8/8 b - - 2 34	d4a4 g4h4 h5g6 f4f5 g6f5 h4a4	1521	crushing discoveredAttack endgame long rookEndgame	https://lichess.org/06RWNKVn/black#68
jeBND	4r3/pp6/2p3R1/2P4R/1P3Pk1/4p1r1/P3K3/8 b - - 5 35	g4f4 h5h4 f4f5 g6g3	1554	crushing deflection endgame rookEndgame short	https://lichess.org/z3vYSQYl/black#70
mZ9yW	2k5/1R6/1pr5/5K2/1PP2P2/8/8/8 w - - 1 46	b4b5 c6c5 f5e6 c8b7	1525	crushing endgame rookEndgame short	https://lichess.org/XxiKP5o1#91
Vs6kR	8/3rk3/p3p1p1/1p2Pp1p/5P1P/3K2P1/P1PR4/8 w - - 5 34	d3c3 b5b4 c3b4 d7d2	1575	crushing deflection endgame rookEndgame short	https://lichess.org/Xz0gHuQW#67
YcFNw	8/4k3/5RK1/8/3P4/1P2P2r/8/8 w - - 1 41	e3e4 h3g3 g6f5 g3f3 f5e5 f3f6	1564	crushing endgame long rookEndgame	https://lichess.org/ayhhodNi#81
hc9LK	7k/6rp/8/2p1R3/2P5/1p1P3P/5PP1/6K1 w - - 0 34	e5c5 g7b7 c5c8 h8g7 c8e8 b3b2	1537	advancedPawn crushing endgame long quietMove rookEndgame	https://lichess.org/338lbU38#67
5oAUH	5r2/6k1/p5P1/2pppP1R/8/3K4/P7/8 b - - 4 39	f8h8 f5f6 g7g6 h5h8	1563	crushing deflection endgame rookEndgame short	https://lichess.org/sX0LQyuC/black#78
fdW76	7r/6pP/5pk1/1P6/2p2p2/7R/8/4K3 b - - 0 41	h8h7 h3h7 g6h7 b5b6 c4c3 b6b7 c3c2 e1d2	1543	advancedPawn crushing endgame rookEndgame veryLong	https://lichess.org/v3W9n3ey/black#82
vQBLK	8/R1P5/6kp/3K1pp1/8/7P/2r5/8 b - - 0 57	f5f4 a7a6 g6f5 a6c6	1522	crushing endgame rookEndgame short	https://lichess.org/9DLCq3jH/black#114
cjw77	7R/1p3r2/p3k3/4p3/5r1p/P2R1P2/1PP5/3K4 b - - 9 42	f4f3 h8e8 e6f6 d3f3	1568	crushing endgame interference intermezzo rookEndgame short	https://lichess.org/AWaXxVkC/black#84
w096I	8/R1P3p1/6kp/2r5/8/p5PP/3K4/8 b - - 0 38	g6g5 a7a5 c5a5 c7c8q	1500	advancedPawn crushing deflection endgame pin promotion rookEndgame short	https://lichess.org/KCPC5eYD/black#76
LftvU	r1r4k/7p/p1p1RPp1/8/5p2/8/1PP3P1/3R3K b - - 2 26	a8a7 e6e7 a7e7 f6e7 c8e8 d1d8 h8g7 d8e8	1582	advancedPawn crushing endgame pin rookEndgame veryLong	https://lichess.org/oBNuNKtB/black#52
lfu4g	2r5/2p1kp1p/p3p3/5p2/1pPR1P2/1K6/PP4PP/8 w - - 5 31	b3b4 c7c5 b4c3 c5d4	1510	crushing endgame fork rookEndgame short	https://lichess.org/oe0icLbP#61
A75qH	8/8/2R2R1p/kp6/8/1P3PP1/r6r/3K4 w - - 1 36	f6h6 a2a1 c6c1 a1c1 d1c1 h2h6	1523	crushing endgame exposedKing long rookEndgame	https://lichess.org/cQOKyysS#71
qE7rq	8/2r5/p5kP/5p2/PP1p1P2/3P4/2P1K2R/8 w - - 3 45	h6h7 c7c2 e2d1 c2h2 h7h8q h2h8	1514	crushing endgame long rookEndgame skewer	https://lichess.org/dlVZXRb9#89
5Oi7e	4r3/1kp4p/1p6/1P4p1/R1P5/4rpP1/R4K1P/8 b - - 0 32	g5g4 a4a7 b7c8 a7a8 c8d7 a2d2 d7e7 a8e8 e7e8 f2e3	1599	crushing endgame rookEndgame veryLong	https://lichess.org/Od3EeDu0/black#64
EFC5V	3rr3/pp2kppp/8/2p1PP2/8/2PR2KP/P1P5/3R4 b - - 0 24	c5c4 f5f6 g7f6 e5f6 e7f6 d3d8	1587	crushing endgame long rookEndgame	https://lichess.org/u3RGyZ8G/black#48
GP4qC	6rk/7p/p4KpR/3p4/2pP4/1pr1P1R1/8/8 b - - 1 49	b3b2 h6h7 h8h7 g3h3	1537	attraction endgame mate mateIn2 rookEndgame sacrifice short	https://lichess.org/cubWFML5/black#98
dhWgh	5rk1/RR3b2/5K2/3p2p1/8/8/4p3/8 w - - 0 41	b7f7 f8f7 a7f7 e2e1q	1506	advancedPawn crushing endgame promotion rookEndgame short	https://lichess.org/f83wmyPo#81
ZY7Ir	5r2/1R3P2/8/p2k4/5K2/2p5/P7/8 w - - 0 42	f4f5 c3c2 b7c7 f8f7 c7f7 c2c1q f7d7 d5c6	1644	advancedPawn crushing deflection endgame promotion rookEndgame veryLong	https://lichess.org/3k90ZbQU#83
Yehnh	1R6/8/6pk/7p/7P/2r2PK1/8/8 b - - 2 57	g6g5 b8b6 h6h7 h4g5	1528	crushing deflection endgame rookEndgame short	https://lichess.org/39N0aBa0/black#114
kZD4k	7R/5k2/4r2p/5p2/4pK1P/6P1/8/8 w - - 19 51	f4f5 e4e3 h8h7 f7g8 h7c7 e3e2 f5e6 e2e1q	1590	advancedPawn crushing defensiveMove endgame promotion rookEndgame veryLong	https://lichess.org/M5qX0frh#101
oWaGZ	8/8/5p1r/2rkp2P/1Rp3K1/2R1P3/5P2/8 w - - 3 45	b4b6 f6f5 g4f5 h6b6	1589	crushing discoveredAttack endgame rookEndgame short	https://lichess.org/riivtlTQ#89
N5ki4	r7/1p3p2/1ppp3p/rP2p3/P1P1P1kP/4K1P1/R4P2/R7 b - - 1 31	f7f5 f2f3 g4h5 e4f5	1912	crushing deflection endgame rookEndgame short	https://lichess.org/pCcNkkv9/black#62
P70Uo	2r5/R2k1pp1/4p2p/2P5/p5P1/r6P/P4PK1/R7 b - - 4 33	c8c7 c5c6 d7d6 a1d1 d6c6 d1c1	1963	crushing endgame long pin rookEndgame	https://lichess.org/lT7Fg8u8/black#66
ZmK8a	8/5k2/2P3p1/1p6/p3R3/P2r3P/6P1/6K1 b - - 0 41	d3a3 e4c4 b5c4 c6c7	1942	advancedPawn crushing endgame rookEndgame sacrifice short	https://lichess.org/c8w1HOqW/black#82
2BPpw	8/8/1r1P2k1/4p1p1/2p1Pp2/4rP2/1PRR4/3K4 b - - 2 40	e3d3 d6d7 b6d6 d2d3 c4d3 c2c6 d6c6 d7d8q	1975	advancedPawn crushing deflection endgame master pin promotion rookEndgame veryLong	https://lichess.org/AVxwOJBt/black#80
5uDSr	4r3/pR6/6pk/3P4/1P4R1/5p2/r2P1P2/3K4 w - - 1 34	g4f4 e8e1 d1e1 a2a1	2077	attraction endgame mate mateIn2 rookEndgame sacrifice short	https://lichess.org/lHnU7Ldg#67
k4Sxr	1k6/5R2/2PK4/4P3/8/5pr1/7p/8 w - - 2 61	c6c7 b8b7 f7f8 g3g6 e5e6 g6e6 d6e6 b7c7 f8h8 f3f2 h8h2 f2f1q	1940	advancedPawn advantage defensiveMove deflection endgame promotion rookEndgame sacrifice veryLong	https://lichess.org/8WTEXSqJ#121
96Fvk	6k1/p5p1/1p4P1/3p1r2/3P4/P3p3/4r3/1KR4R b - - 1 31	g8f8 c1c7 f8e8 h1h8 f5f8 c7c8	1967	advantage endgame long rookEndgame	https://lichess.org/QjgWgtAt/black#62
ZbyUb	6r1/1p5p/p7/3P3p/2P1pk1P/1P6/P4K2/3R4 w - - 0 38	d1g1 e4e3 f2f1 e3e2 f1e2 g8g1	1944	advancedPawn crushing deflection endgame exposedKing long rookEndgame	https://lichess.org/zlfy5AgW#75
JiJu1	6k1/R7/6K1/2p1p3/5rP1/5P2/P7/8 b - - 2 43	f4f3 a7a8 f3f8 a8f8 g8f8 g6f5 c5c4 f5e4	2043	crushing endgame exposedKing master masterVsMaster rookEndgame superGM veryLong	https://lichess.org/RA3DTYSO/black#86
93ec2	8/8/R4pK1/7P/6P1/5r2/pk6/8 w - - 2 49	a6b6 f3b3 b6a6 b3a3 a6a3 b2a3	1990	crushing defensiveMove endgame long rookEndgame	https://lichess.org/l5R1E2VU#97
Tqumj	2r5/1p1r1kpp/1P2pp2/1p6/8/3PP3/P3K1PP/1RR5 b - - 0 25	c8c6 c1c6 b7c6 a2a4 b5a4 b6b7	1952	advancedPawn crushing endgame long rookEndgame	https://lichess.org/yeB1elDz/black#50
E6Www	3r2k1/6p1/p5pp/8/P7/8/1Prp1PPP/1R1R2K1 w - - 0 28	g2g3 d8c8 g1f1 c2c1 f1e2 c1b1 d1b1 c8c1 e2d2 c1b1	2073	attraction clearance crushing endgame pin quietMove rookEndgame veryLong	https://lichess.org/cWGLcy4e#55
0nBoQ	8/6p1/4kp1p/1p2r2P/1P1R1KP1/6P1/8/8 w - - 9 40	d4e4 e6d5 e4e5 f6e5	1929	crushing endgame rookEndgame short	https://lichess.org/tUzU3kP7#79
ncQvo	r7/2k5/3p2P1/4pP2/1P2P3/P4K2/8/8 b - - 0 45	a8a3 f3g4 a3a1 f5f6	1860	crushing defensiveMove endgame rookEndgame short	https://lichess.org/PG6mQHe3/black#90
ejNZt	8/6R1/5p1p/7P/2k3P1/1r1pKP2/8/8 b - - 2 57	c4c3 g7c7 c3b2 e3d2	1836	crushing endgame rookEndgame short	https://lichess.org/6eLfV2Yx/black#114
LczJY	6k1/6pp/pP6/P1p1p3/r7/2P1R1P1/1r3R2/6K1 b - - 3 33	b2f2 g1f2 a4a5 c3c4 a5a2 e3e2	2058	crushing endgame long master quietMove rookEndgame	https://lichess.org/EKSggaSp/black#66
B5H1c	8/4kp2/p2ppp1P/8/4PPR1/1rPK3R/r7/8 b - - 0 32	a2a3 d3c2 b3b8 h6h7 a3a2 c2d3	2078	advancedPawn advantage defensiveMove endgame long rookEndgame	https://lichess.org/2a6c5zEK/black#64
ESbuI	4k3/p1p2R1p/2P1P1p1/3P4/4p3/8/P1p3PP/1rR2K2 w - - 7 38	f1e2 b1c1 e2d2 e4e3 d2c1 e3e2 c1c2 e2e1q	1803	advancedPawn crushing endgame exposedKing hangingPiece promotion rookEndgame veryLong	https://lichess.org/cDuZlPq3#75
rK6jB	8/6k1/1p4p1/p4PP1/P1Bp2K1/1Pr5/8/8 b - - 0 46	c3c4 f5f6 g7f7 b3c4 d4d3 g4f3	1868	crushing defensiveMove endgame intermezzo long rookEndgame	https://lichess.org/7MZaLDSt/black#92
b8BxH	6R1/4p2p/7k/7r/1R6/7P/1p4PK/1r6 b - - 4 46	h5c5 b4b6 e7e6 b6e6 h6h5 g2g4 h5h4 e6h6 c5h5 h6h5	1879	endgame exposedKing mate mateIn5 rookEndgame veryLong	https://lichess.org/dicb4sPa/black#92
xQgMt	8/p1p1r3/1pR4p/7k/1P3PR1/P2rP2P/6K1/8 b - - 18 48	d3e3 g4h4 h5h4 c6h6	1804	attraction deflection endgame mate mateIn2 rookEndgame sacrifice short	https://lichess.org/IX6njk1Z/black#96
oERYa	8/2RP2p1/5p2/2P1p3/4P3/7k/1r4r1/R6K w - - 1 58	a1a3 g2g3 a3g3 h3g3 c7b7 b2b7 d7d8q b7b1 d8d1 b1d1	1835	defensiveMove endgame exposedKing mate mateIn5 rookEndgame veryLong	https://lichess.org/DPx3lHwJ#115
pQ1B4	8/5pp1/3r3p/5k2/8/6P1/2Rp1P1P/3K4 w - - 4 40	c2d2 d6d2 d1d2 f5g4	1821	crushing endgame rookEndgame short	https://lichess.org/npNiAayG#79
NgssU	R7/3P4/4K3/8/8/p2r4/3k4/8 b - - 0 58	d2c2 a8a3 d3a3 d7d8q	1816	advancedPawn crushing deflection endgame promotion rookEndgame short	https://lichess.org/E7KrEKM1/black#116
S7DqW	6R1/7p/p5pk/2R5/6P1/5r2/r6P/6K1 b - - 1 38	f3d3 c5h5 g6h5 g4g5	1827	endgame mate mateIn2 rookEndgame sacrifice short	https://lichess.org/dOADFkvD/black#76
gO1fJ	8/pp1r4/4k1pp/2Rp1p2/4rP2/2K3P1/PP1R3P/8 b - - 4 33	e6d6 c5d5 d6c6 d5d7	1801	crushing endgame rookEndgame short	https://lichess.org/hTS6vOyc/black#66
HYY72	2k5/ppp3pp/1P3p2/P1P1p3/8/2R4P/5PPK/1r6 b - - 0 30	c7b6 c5b6 c8b8 c3c8 b8c8 b6a7	1809	advancedPawn crushing deflection discoveredAttack discoveredCheck endgame long rookEndgame sacrifice	https://lichess.org/Ca8rSEVw/black#60
pKfaV	6k1/p2R2p1/4P2p/8/r7/7P/6PK/8 b - - 0 36	a4a6 d7d8 g8h7 e6e7	1800	advancedPawn crushing endgame rookEndgame short	https://lichess.org/uyuTjZtS/black#72
kUysp	8/5p1p/6p1/5k2/3P1P2/5K1P/1r2N1P1/8 b - - 4 29	b2e2 g2g4 f5e6 f3e2	1826	crushing endgame intermezzo rookEndgame short	https://lichess.org/9dGwBPx5/black#58
EUAPD	8/3k4/4p3/4P2R/3pr2P/7K/5P2/8 w - - 0 44	f2f3 d4d3 f3e4 d3d2 h5g5 d2d1q	1911	advancedPawn crushing endgame long promotion rookEndgame sacrifice	https://lichess.org/JJvfVsrE#87
wMQN4	1r6/ppr1k2p/4p3/3p1pp1/PR1P4/1RPKP2P/5PP1/8 w - - 0 26	c3c4 a7a5 c4d5 a5b4	1863	crushing endgame rookEndgame short	https://lichess.org/MNhRFNTL#51
EoufV	7r/2R2p2/4p1k1/3p2p1/3P2P1/2P1P1K1/5R1P/1r6 w - - 7 35	c7f7 b1g1 g3f3 g6f7	1853	crushing endgame interference rookEndgame short	https://lichess.org/iYvJRMmg#69
6OyKB	3R4/6kp/6p1/5p2/3P1P1P/4p1P1/3r4/6K1 w - - 3 35	d4d5 d2d1 g1g2 e3e2	1830	advancedPawn crushing endgame rookEndgame short	https://lichess.org/XNsAKsQu#69
wnE7D	8/5p2/6p1/3ppk1p/1R5P/1P2PPP1/6r1/4K3 b - - 6 36	g2g3 e1f2 g3h3 f2g2 h3h4 b4h4	1810	advantage endgame long rookEndgame trappedPiece	https://lichess.org/QuNGts95/black#72
frt1K	3r3k/6pp/2RP1p2/p3p3/r7/5P1P/6PK/3R4 b - - 1 34	a4d4 d1d4 e5d4 d6d7 h8g8 c6c8 g8f8 c8d8	1936	advancedPawn crushing endgame pin rookEndgame veryLong	https://lichess.org/49pv5cv4/black#68
z2PtJ	6k1/pp4rp/2p5/8/2P2p2/1P1RpPP1/P3K2P/8 b - - 0 29	f4g3 d3d8 g8f7 d8d7 f7f8 d7g7 f8g7 h2g3	1845	capturingDefender crushing endgame rookEndgame veryLong	https://lichess.org/JjOfDNXs/black#58
otr5E	4r3/5R2/P5rk/5R2/8/5P1p/5P1P/5K2 w - - 3 39	a6a7 g6g1 f1g1 e8e1	1878	attraction endgame mate mateIn2 rookEndgame sacrifice short	https://lichess.org/9xUFODqh#77
ceeyj	6r1/p7/1p6/1R5P/2P4R/3k1P2/1P2rPK1/8 w - - 3 46	g2f1 e2e1 f1e1 g8g1	2059	attraction endgame mate mateIn2 rookEndgame sacrifice short	https://lichess.org/e3bjA2P7#91
MPKWn	8/8/p4r2/1p1pk1K1/1P5p/P1R2P2/5P2/8 b - - 0 47	h4h3 c3e3 e5d6 g5f6	1807	crushing deflection endgame rookEndgame short	https://lichess.org/bUFjBMGP/black#94
ro8VM	3r2r1/5p2/1p2k2p/4p3/2P2p2/6R1/PPP2P1P/3RK3 w - - 0 30	d1d8 f4g3 d8g8 g3h2 e1f1 h2h1q	1909	advancedPawn advantage endgame long promotion rookEndgame	https://lichess.org/PWSfmvC3#59
ncHaT	8/6p1/8/1R1Pkp1p/3r3P/4KPP1/8/8 b - - 2 40	d4d5 b5d5 e5d5 e3f4 d5e6 f4g5	1825	crushing endgame long rookEndgame	https://lichess.org/NnKM5WMv/black#80
JrzXY	8/ppp5/4p3/4P3/P1kP2K1/1rP2R2/8/8 b - - 4 36	b3c3 f3c3 c4c3 d4d5 e6d5 e5e6 d5d4 e6e7	1893	advancedPawn crushing endgame rookEndgame veryLong	https://lichess.org/Y3XytmAy/black#72
HzT7S	8/8/P1R1p3/5k2/5p1p/5P1P/r5P1/4K3 b - - 2 41	a2g2 c6c5 e6e5 c5a5	1901	crushing endgame rookEndgame short	https://lichess.org/tfHsm0i7/black#82
rWpkl	6k1/ppp2p1p/6p1/2PP4/P7/2P2R1P/r5PK/8 b - - 0 25	a2a4 d5d6 c7d6 c5d6 g8f8 f3e3 a4a2 d6d7 a2d2 e3e8	1804	advancedPawn crushing endgame quietMove rookEndgame veryLong	https://lichess.org/MxMDl1En/black#50
1HHHU	8/3r3p/r3k1p1/8/2P5/p1K2R1P/R7/8 b - - 0 45	g6g5 a2e2 e6d6 f3f6 d6c7 f6a6	1859	crushing endgame exposedKing long rookEndgame skewer	https://lichess.org/UYTWkhbg/black#90
prqNL	r7/8/8/2k5/8/1KP5/p1P3PP/R7 w - - 0 49	a1a2 a8b8 b3a3 c5c4 a2a1 c4c3	1801	crushing endgame long rookEndgame	https://lichess.org/7RBVDKLl#97
smnt0	8/8/6p1/2R1pk1p/5P1K/4r2P/8/8 w - - 0 57	f4e5 g6g5 h4h5 e3h3	1815	deflection endgame mate mateIn2 rookEndgame short	https://lichess.org/KA8yg3WH#113
7RRFH	4r3/R4p2/5k2/7p/PPP3p1/5p1P/5PP1/5K2 w - - 0 30	a4a5 e8e1 f1e1 f3g2	1910	advancedPawn crushing deflection endgame rookEndgame sacrifice short	https://lichess.org/w3yevggP#59
DAmQM	8/8/pr2k1pp/3R4/PPK1p3/6P1/7P/8 w - - 2 42	a4a5 b6b4 c4b4 e6d5	1839	crushing deflection endgame rookEndgame short	https://lichess.org/mha173kN#83
0LEGe	8/6R1/2p1k3/p1P1P3/3P4/4Pp1P/r7/6K1 w - - 0 36	g7g3 a2g2 g3g2 f3g2 h3h4 a5a4 g1g2 a4a3	1900	advancedPawn crushing endgame quietMove rookEndgame veryLong	https://lichess.org/m7mDxRjj#71
G0hPl	r5k1/5ppp/3RP3/1p4P1/1r5P/7R/2K5/8 b - - 2 38	a8a2 c2c3 b4c4 c3b3 a2a8 e6e7 a8e8 d6d8	1862	advancedPawn crushing defensiveMove endgame pin rookEndgame veryLong	https://lichess.org/8VULZRht/black#76
hJB7Y	1k6/3R1pp1/PK6/1Pr4p/6r1/8/8/8 b - - 6 42	g4g5 d7d8 c5c8 a6a7 b8a8 d8c8	1846	advancedPawn deflection endgame exposedKing long mate mateIn3 rookEndgame	https://lichess.org/iojAWXCW/black#84
GZE4y	8/5p1p/2RPp1p1/1p1rk3/1P4P1/4K2P/5P2/8 b - - 6 39	d5d6 f2f4 e5f6 c6d6	1836	crushing deflection endgame rookEndgame short	https://lichess.org/OyGIse2U/black#78
poYfB	8/1R6/8/4R3/8/1k2KP1p/r5r1/8 b - - 3 53	b3c2 e5c5 c2d1 b7b1	1828	endgame mate mateIn2 rookEndgame short	https://lichess.org/JvaWIxnB/black#106
nshTR	8/4R2P/8/8/5K2/3k3r/4p3/8 w - - 0 77	f4g4 h3h7 e7h7 e2e1q	1940	advancedPawn crushing deflection endgame master promotion rookEndgame short	https://lichess.org/xDDRNjEg#153
iUauI	7r/2k4p/2P2R2/1p4p1/p7/P2R3P/1P2r1P1/6K1 b - - 0 38	e2b2 d3d7 c7b6 c6c7 b6b7 d7d8	1818	advancedPawn crushing discoveredAttack discoveredCheck endgame exposedKing long rookEndgame	https://lichess.org/wqBNJfp6/black#76
olZZQ	6k1/pR5p/4P2p/8/2p5/7P/P1r3P1/6K1 b - - 0 24	c2a2 b7b8 g8g7 e6e7	1970	advancedPawn crushing endgame rookEndgame short	https://lichess.org/QoMThhho/black#48
7ta6t	4R3/3P4/8/2P3p1/5k2/4p3/1r4K1/8 w - - 3 63	g2h3 g5g4 h3h4 b2h2	1856	endgame mate mateIn2 rookEndgame short	https://lichess.org/7EqmsO3n#125
QLiwQ	2k5/1R6/8/p1KP3r/Pp6/8/8/8 w - - 5 71	c5c6 h5h6 d5d6 h6d6 c6d6 c8b7	1908	crushing deflection endgame long rookEndgame	https://lichess.org/eO70LqUo#141
vC9fH	6R1/8/8/3pp3/5p2/5K2/7P/6kr b - - 3 61	g1h2 f3f2 h2h3 g8h8 h3g4 h8h1	1801	crushing endgame long rookEndgame skewer	https://lichess.org/dx51SvWU/black#122
pCP61	8/8/4pR1p/2r3p1/6k1/6R1/P2r1P1P/5K2 b - - 5 40	g4h5 g3h3 h5g4 f2f3 g4h3 f6h6	2123	endgame long mate mateIn3 rookEndgame sacrifice	https://lichess.org/NMuv2tHo/black#80
f5zrn	6r1/1p3p2/p1p1rk1p/3p1p1P/PP1P1K2/2R1PP2/6P1/5R2 w - - 5 33	g2g3 e6e4 f3e4 d5e4 c3c6 b7c6 g3g4 g8g4	2183	endgame mate mateIn4 rookEndgame sacrifice veryLong	https://lichess.org/XPAF2WiS#65
TKLKp	r7/2p4p/3p2p1/Pkp5/4PP1P/4K3/8/R7 b - - 6 48	a8a5 a1a5 b5a5 f4f5 g6f5 e4f5 a5b5 f5f6	2125	crushing endgame rookEndgame veryLong	https://lichess.org/RBGnRw7C/black#96
1pfE6	8/8/pR3R1p/5ppk/8/7P/1P2r1PK/r7 b - - 2 34	g5g4 f6f5 h5h4 b6h6	2101	deflection discoveredAttack endgame mate mateIn2 rookEndgame short	https://lichess.org/wnHOTNSf/black#68
eJI4c	8/8/3R2pk/1r1p4/6P1/5PK1/8/8 b - - 2 41	h6g5 f3f4 g5h6 f4f5 h6g7 d6g6	2140	crushing endgame long rookEndgame	https://lichess.org/61UmkIuD/black#82
adVEn	4k3/1p6/3PP3/2P4K/8/8/1pr5/1R6 w - - 2 56	b1g1 c2h2 h5g4 h2g2 g1g2 b2b1q	2248	advancedPawn advantage deflection endgame long promotion rookEndgame	https://lichess.org/frHAtX0T#111
8audb	8/1p6/p3kpr1/5R2/2P5/1P2r2p/P4RP1/7K w - - 2 40	f5f3 h3g2 f2g2 g6h6 h1g1 e3f3	2206	advancedPawn crushing endgame long rookEndgame	https://lichess.org/jwmulyBo#79
32kI1	8/6R1/4pP2/R5Pp/1P2k3/6rP/4r1P1/6K1 w - - 5 37	f6f7 e2g2 g1f1 g2g1 f1f2 g3g2	2174	blindSwineMate endgame long master mate mateIn3 rookEndgame	https://lichess.org/pvy6mZxD#73
IiowE	8/R3R3/8/8/P1pk4/3p4/r7/3K4 w - - 12 63	e7h7 a2a1 d1d2 c4c3	2228	endgame mate mateIn2 rookEndgame short	https://lichess.org/O4A9TdNR#125
GleXM	8/8/R4pp1/7p/4p1kP/1r4P1/5PK1/8 b - - 3 46	e4e3 a6f6 e3e2 f6f4	2108	endgame mate mateIn2 rookEndgame short	https://lichess.org/k2DcbLbF/black#92
P3S2z	8/8/5RP1/p7/4r1kP/2K5/8/8 b - - 0 57	g4h4 g6g7 e4g4 f6f4 g4f4 g7g8q	2163	advancedPawn crushing deflection endgame long pin promotion rookEndgame	https://lichess.org/qC5Og8tF/black#114
QjzCH	8/6k1/8/4PRp1/7p/4P1r1/5K2/8 b - - 11 53	g7g6 e5e6 g6f5 e6e7 f5g4 e7e8q	2214	advancedPawn advantage endgame long promotion rookEndgame sacrifice	https://lichess.org/Ekwlf1E6/black#106
8N1fT	5R2/6pk/6p1/5pK1/R6P/4P1P1/1r3r2/8 b - - 1 36	f2g2 a4a8 g2g3 g5f4 g6g5 f4g3	2118	crushing endgame long quietMove rookEndgame	https://lichess.org/7SautRbz/black#72
DLnfn	3r2k1/ppp2ppp/3P4/8/r7/8/5PPP/3RR1K1 b - - 0 23	a4c4 d6c7 d8d1 e1d1 h7h6 d1d8	2130	advancedPawn crushing endgame long rookEndgame	https://lichess.org/6pNnPStN/black#46
Gfeex	6k1/1R3p2/5P2/4P3/4K3/1p3r2/8/8 b - - 10 48	f3h3 b7b8 g8h7 e5e6 h7g6 e6e7	2135	advancedPawn crushing endgame long master rookEndgame	https://lichess.org/YDWKOXqP/black#96
Uun5I	8/8/1p1k2p1/2p1R3/3P2r1/3K2P1/7P/8 w - - 0 42	e5e4 c5c4 d3e3 g4e4 e3e4 b6b5	2116	crushing defensiveMove endgame long rookEndgame	https://lichess.org/q20g9xW5#83
thwBC	5r2/ppk5/2p5/2P2r1p/1P5R/4P3/P5P1/3RK3 w - - 2 33	g2g4 f5f1 e1d2 f8d8	2181	advantage endgame rookEndgame short	https://lichess.org/QRl5K3Lh#65
0C79A	8/1R2k1p1/6Pp/3pK2P/3Pp3/5p2/5r2/8 b - - 1 46	e7e8 e5d6 f2c2 b7b8 c2c8 b8c8	2200	endgame exposedKing long mate mateIn3 rookEndgame	https://lichess.org/eyRa905P/black#92
cEB6J	8/p5p1/4pp1p/3k3P/5KP1/1pPr4/P1R2P2/8 w - - 0 34	a2b3 g7g5 h5g6 e6e5 f4f5 d3f3	2222	endgame long mate mateIn3 rookEndgame	https://lichess.org/1xECuqP1#67
Ee281	3R4/3P4/4k3/8/6K1/8/3r1p2/8 w - - 0 62	d8e8 e6f7 d7d8q d2d8 e8d8 f2f1q	2206	advancedPawn crushing defensiveMove endgame long promotion rookEndgame	https://lichess.org/8HhVnHCR#123
nJsVd	6k1/6pp/3PpP2/rp6/5P2/6P1/1R4KP/8 b - - 0 39	g7f6 d6d7 a5a8 b2c2 g8f7 c2c8	2174	advancedPawn crushing endgame long quietMove rookEndgame	https://lichess.org/rpQePzSN/black#78
Njwef	8/5k2/2r1p2p/1p2Pp2/1PP1p3/6P1/3K3P/2R5 w - - 0 37	c4b5 e4e3 d2d1 e3e2 d1e2 c6c1	2184	advancedPawn crushing deflection endgame exposedKing long rookEndgame	https://lichess.org/nqz0hMCs#73
FjPEw	7k/R5p1/1p4Pp/3r4/8/2P5/KP6/8 b - - 0 53	d5a5 a7a5 b6a5 b2b4 a5b4 c3b4 h8g8 b4b5 g8f8 b5b6 f8e7 b6b7	2117	advancedPawn crushing endgame quietMove rookEndgame veryLong	https://lichess.org/DI7xmW6p/black#106
2jQOw	8/p1k1R1p1/5r1p/2p5/2P5/P7/5rPP/4R1K1 b - - 2 26	c7b6 e1e6 f6e6 e7e6 b6a5 g1f2	2110	crushing endgame long rookEndgame	https://lichess.org/9wjwbDip/black#52
vDFn3	8/8/Pr2k3/4p3/8/K7/8/3R4 w - - 9 64	d1e1 b6a6 a3b3 a6c6	2142	crushing defensiveMove endgame rookEndgame short	https://lichess.org/Oa9Nnnrs#127
2Dvbe	8/8/3k1r2/p2P1p2/1p1R1K2/1P6/P7/8 b - - 3 43	d6c5 f4e5 f6f8 d4c4 c5b6 d5d6	2147	crushing endgame long rookEndgame	https://lichess.org/pOzXhLHW/black#86
YbPwn	8/2r5/1k6/p7/6P1/2p3K1/P1R5/8 w - - 4 47	a2a4 c7c4 g4g5 b6c5 g5g6 c5b4 g6g7 c4c8	2103	clearance crushing defensiveMove endgame rookEndgame veryLong	https://lichess.org/EBBh4TBi#93
utDh2	8/1r6/6kp/5p2/5RK1/7P/6P1/8 w - - 0 46	f4f5 h6h5 g4f4 b7b4	2101	crushing endgame rookEndgame short	https://lichess.org/gjtqzej3#91
qGqGj	2r5/8/3p2kp/1p6/3pP1P1/5P2/1P3R2/7K w - - 0 47	f3f4 d4d3 h1g2 c8c2 g2f3 d3d2 f2d2 c2d2	2131	advancedPawn crushing endgame rookEndgame veryLong	https://lichess.org/j4NdBj7k#93
03uRJ	3r1r2/p5k1/2p4R/1pp2pK1/4N3/8/PPP5/7R b - - 1 27	f5e4 h6g6 g7f7 h1h7 f7e8 g6e6	2171	endgame epauletteMate exposedKing long mate mateIn3 rookEndgame	https://lichess.org/a4P4aO95/black#54
f6KFU	8/5r2/2p1k3/1pP2p2/p2P4/P2KPR2/5P2/8 w - - 2 41	e3e4 f5e4 d3e4 f7f3 e4f3 b5b4	2206	crushing discoveredAttack endgame long rookEndgame	https://lichess.org/L5x0wsnY#81
4IsnQ	8/3p4/p2Ppk2/1pP2pp1/1P3r2/R5KP/P7/8 b - - 1 42	f4b4 c5c6 d7c6 a3d3 b4h4 d6d7	2108	advancedPawn advantage endgame long quietMove rookEndgame	https://lichess.org/6qoJSmnc/black#84
ohZOn	1r6/8/5p2/5P2/3N2r1/7k/1p3R2/1R5K b - - 1 49	g4d4 b1g1 d4d2 f2d2 b2b1q d2h2	2180	endgame long mate mateIn3 quietMove rookEndgame	https://lichess.org/G9oja4k4/black#98
IzwKV	8/5pk1/P3p2p/1K6/1P6/6p1/r7/6R1 b - - 5 46	g3g2 b5b6 h6h5 a6a7 h5h4 g1g2 a2g2 a7a8q	2120	advancedPawn crushing deflection endgame master promotion rookEndgame veryLong	https://lichess.org/0vh1dFsu/black#92
d1M3M	7r/p5k1/6p1/1Pp5/P3p3/4P1Pr/2R3K1/5R2 w - - 3 41	c2c5 h3h2 g2g1 h2h1 g1f2 h8f8	2128	crushing endgame long rookEndgame	https://lichess.org/z0mBReZq#81
K65lX	8/p4p1p/1p2p1k1/3r4/1P3PKP/P3R3/5P2/8 w - - 3 38	e3e5 h7h5 g4f3 d5e5 f4e5 g6f5 b4b5 f5e5	2118	crushing endgame rookEndgame veryLong	https://lichess.org/eiNWlFit#75
WxUBf	r7/8/P1k4p/R7/3K4/6PP/4p3/8 w - - 0 56	a5a1 a8d8 d4e3 d8d1	2126	crushing endgame rookEndgame short	https://lichess.org/575o3Clo#111
ecXWR	8/6pk/5p1p/7P/R4PPK/5r2/8/8 w - - 1 45	g4g5 f3f4 a4f4 h6g5 h4g3 g5f4	2219	attraction crushing endgame fork long rookEndgame sacrifice	https://lichess.org/kp11m0cv#89
YCjHS	6k1/5pp1/7p/1R2PP2/4pK1P/8/6r1/8 b - - 1 39	h6h5 b5b8 g8h7 e5e6	2102	crushing endgame rookEndgame short	https://lichess.org/LHv5T290/black#78
9WZ1o	7K/r7/P4k2/R4pp1/5P2/6P1/8/8 w - - 0 50	f4g5 f6g6 a5c5 a7a8 c5c8 a8c8	2153	defensiveMove endgame long mate mateIn3 rookEndgame	https://lichess.org/Dmcy0NVJ#99
e7w8U	8/8/6kp/1RP3p1/8/2r3PK/8/8 w - - 1 50	h3g4 h6h5 g4h3 h5h4 c5c6 c3g3 h3h2 g3c3	2266	crushing endgame rookEndgame veryLong	https://lichess.org/D5k0h1i9#99
hsKpS	3k4/5R2/P7/4rp2/8/8/8/7K b - - 0 54	d8c8 f7f8 c8c7 a6a7	2106	advancedPawn crushing endgame rookEndgame short	https://lichess.org/Qc1iCI1j/black#108
5JKT3	3R4/p1r2pkp/6p1/6P1/P7/2rn3P/2PK1P2/4R3 w - - 0 29	c2d3 c3c2 d2d1 c2c1 d1e2 c7e7	2142	crushing endgame long rookEndgame	https://lichess.org/5Kv7gNlz#57
uLt1j	8/1R6/3K4/k6r/2P5/p7/8/8 w - - 0 56	c4c5 h5h6 d6d5 a3a2	2144	advancedPawn crushing endgame rookEndgame short	https://lichess.org/jGzkiVhH#111
WrtkL	6k1/8/4Rpr1/3PP3/8/5K1p/8/8 w - - 0 49	e5f6 h3h2 f6f7 g8f7 e6g6 h2h1q	2148	advancedPawn crushing endgame long promotion rookEndgame	https://lichess.org/wLwb8ZPH#97
k21Ra	8/6p1/p3P2p/1rP5/3k4/2R4P/8/5K2 w - - 1 41	c5c6 d4c3 c6c7 b5f5 f1e2 f5f8	2134	crushing defensiveMove endgame exposedKing hangingPiece long rookEndgame	https://lichess.org/hZnLIMsB#81
PlR0x	7R/5pk1/5rp1/7p/3r4/6RP/6P1/6K1 w - - 8 43	h8h5 d4d1 g1h2 f6f1 g3g4 f7f5	2145	advantage endgame long quietMove rookEndgame	https://lichess.org/gdyASilK#85
PXNHB	5k2/p5pp/1p2p3/7P/P2P1P2/5K2/2rr1PR1/6R1 w - - 3 32	g2g7 c2c3 f3g2 f8g7	2128	crushing endgame interference rookEndgame short	https://lichess.org/cBg1tjQk#63
yFx0F	8/1r6/5PP1/4k1K1/8/8/8/8 b - - 0 53	b7b8 g6g7 b8b1 f6f7	2200	advancedPawn crushing endgame rookEndgame short	https://lichess.org/4AXTGA1W/black#106
s7zIT	1r6/8/1r3k2/2p1p1pp/2PpP3/Pp3P2/1RK3PP/1R6 w - - 0 32	b2b3 d4d3 c2c3 b6b3 b1b3 d3d2 b3b8 d2d1q	2236	advancedPawn crushing endgame promotion rookEndgame veryLong	https://lichess.org/QyXol7Or#63
WoT0B	8/1R6/2pkpp2/8/1PKP4/r7/P7/8 w - - 4 38	b7b6 d6c7 b6a6 a3a6	2109	crushing endgame rookEndgame short trappedPiece	https://lichess.org/0gWqrdug#75
1qncV	8/8/5R1p/4rppk/8/5PPP/6K1/8 b - - 0 56	g5g4 f6f5 e5f5 h3g4 h5g6 g4f5	2200	attraction crushing endgame fork long rookEndgame sacrifice	https://lichess.org/dNqK1dbj/black#112
3sOtg	8/1p6/p3pk2/P5p1/2R2p2/7r/4p1K1/R7 b - - 1 48	f4f3 g2h3 f3f2 c4c1	2127	advantage defensiveMove endgame hangingPiece rookEndgame short	https://lichess.org/uiryYBHR/black#96
4aF8Z	8/8/6R1/4kpp1/5rP1/6KP/8/8 b - - 3 41	f5g4 g6g5 f4f5 g3g4 f5g5 g4g5 e5e6 g5g6	2123	crushing defensiveMove deflection endgame rookEndgame veryLong	https://lichess.org/yd5eLLMS/black#82
wi161	8/1R2Pkp1/3r3p/p7/P4P2/3p3P/1Pr3P1/3R3K w - - 0 34	d1e1 c2e2 e1d1 d3d2	2133	advancedPawn advantage endgame rookEndgame short	https://lichess.org/blKYrca6#67
fn9Iv	r7/5k2/3R3p/2p1p3/1p2P2P/8/r1P2K2/6R1 w - - 3 35	d6h6 a2c2 f2f3 c2c3 f3g4 a8g8	2113	crushing endgame exposedKing long rookEndgame	https://lichess.org/DQaqBLks#69
7co9Y	5rk1/3P3p/R1P1p1p1/4P3/5r2/8/4p2P/1R4K1 w - - 0 36	c6c7 f4g4 g1h1 f8f1 b1f1 e2f1q	2224	advancedPawn endgame long master mate mateIn3 promotion rookEndgame	https://lichess.org/XgSh44VW#71
k2mEY	8/2pk4/4p1P1/p5P1/2R1K3/7r/8/8 b - - 0 48	h3h4 e4e5 h4c4 g6g7	2142	advancedPawn crushing defensiveMove endgame rookEndgame sacrifice short	https://lichess.org/D5BVom4T/black#96
9vvbR	8/1p2R1R1/5p2/1PPp2P1/5krP/7K/r7/8 w - - 3 42	g5f6 g4h4 h3h4 a2h2	2177	attraction endgame mate mateIn2 rookEndgame sacrifice short	https://lichess.org/4Y9OrwDX#83
UsLdb	8/r7/P7/8/8/7p/1R6/4K1k1 w - - 4 68	b2b3 a7e7 e1d2 h3h2	2138	advancedPawn crushing endgame rookEndgame short	https://lichess.org/23J7uP1O#135
63idV	8/6k1/2R4p/P4Kp1/2p2p2/6r1/1P6/8 b - - 5 57	g3g1 c6c7 g7f8 a5a6 g1a1 a6a7	2424	advancedPawn crushing endgame long rookEndgame	https://lichess.org/l0D6VPX8/black#114
HVyyO	1r6/8/7R/4P3/5Pk1/1r4R1/5P2/K7 b - - 0 44	b3g3 f2g3 g4g3 h6f6	2432	crushing defensiveMove endgame rookEndgame short	https://lichess.org/Dkhw2Nky/black#88
uAphe	3r4/pp2p1k1/6p1/3b2P1/P1P4K/1P3r1P/3R4/R7 w - - 1 40	c4d5 d8h8 h4g4 f3h3 g4f4 h8h4 f4e5 h3e3	2450	endgame mate mateIn4 rookEndgame veryLong	https://lichess.org/3nWSLPst#79
jYp8S	8/8/5pk1/7p/pr5P/2R2KP1/P7/8 w - - 4 49	a2a3 b4b3 c3e3 g6f5 f3f2 b3e3 f2e3 f5g4 e3f2 f6f5 f2g2 f5f4 g3f4 g4f4	2408	crushing endgame master quietMove rookEndgame veryLong	https://lichess.org/4vgiiFO4#97
ca3UD	8/4R3/2k2P2/3p4/8/r4P2/2p2K2/8 w - - 0 53	f6f7 a3f3 f2f3 c2c1q	2519	advancedPawn crushing endgame promotion rookEndgame short	https://lichess.org/pN4HAFIS#105
kL9xH	r5k1/8/P4p1p/8/3pK3/7P/2p3P1/R7 w - - 0 51	e4d4 a8d8 d4c3 d8d1 c3c2 d1a1	2426	crushing endgame long rookEndgame	https://lichess.org/9Q91jpSY#101
wEmWG	2rr4/pp4R1/4p1R1/2p2k2/P2P4/2P2PK1/8/8 b - - 0 31	c5d4 g6g5 f5f6 g3f4 e6e5 f4e4 d4d3 g5g6	2463	blindSwineMate endgame mate mateIn4 rookEndgame veryLong	https://lichess.org/gmnCpjEP/black#62
tBkfb	8/2R4p/5ppk/8/1p3PPP/4K3/1rp5/8 b - - 0 44	b4b3 g4g5 f6g5 h4g5 h6h5 e3f3 h7h6 c7h7 c2c1q h7h6	2458	endgame mate mateIn5 rookEndgame veryLong	https://lichess.org/XeFt0Dsq/black#88
sFH7x	8/8/6P1/6KP/2k5/8/8/7r b - - 4 58	h1g1 g5f6 g1h1 g6g7	2448	advancedPawn crushing defensiveMove endgame rookEndgame short	https://lichess.org/i676V2m2/black#116
uWk2r	6k1/8/5PK1/6P1/1p6/1P1r4/3p4/3R4 w - - 1 58	g6h6 g8f7 h6h5 d3d4 g5g6 f7f6	2444	crushing endgame long quietMove rookEndgame zugzwang	https://lichess.org/PnIOXudU#115
2RyZW	8/5kPR/p7/P7/rp2p2P/4K3/8/8 w - - 0 40	e3e4 b4b3 e4e3 a4b4 h7h8 f7g7 h8d8 b3b2	2427	advancedPawn clearance crushing discoveredAttack discoveredCheck endgame rookEndgame veryLong	https://lichess.org/SbW0DHe8#79
9OE9Q	2k4r/R6P/8/7K/2p5/1p6/2P5/8 w - - 0 53	h5h6 h8h7 h6h7 b3b2 a7a4 b2b1q	2445	advancedPawn crushing endgame long pin promotion rookEndgame sacrifice	https://lichess.org/uz77zqsv#105
PVRqZ	8/1p6/p7/2r5/1kP4K/7P/6P1/2R5 b - - 2 53	c5c4 c1c4 b4c4 g2g4 c4d5 h4h5 d5e6 h5h6 e6f7 h6h7	2409	crushing defensiveMove endgame quietMove rookEndgame veryLong	https://lichess.org/GpeldZpN/black#106
fbWxe	8/8/8/P7/1P2kp2/r4p2/2R2K2/8 b - - 2 49	a3b3 a5a6 b3b4 a6a7 b4a4 c2c4 a4c4 a7a8q	2443	advancedPawn advantage deflection endgame promotion rookEndgame veryLong	https://lichess.org/2ixqqtvz/black#98
WBNcM	5R2/8/5pk1/6p1/6K1/5P1P/r5P1/8 w - - 5 43	g2g3 a2a8 f8f6 g6f6	2465	crushing endgame rookEndgame short	https://lichess.org/SQGL0FSI#85
Q4WWn	4r3/1p6/p7/8/5PPP/1P3K2/P2kp3/4R3 w - - 1 55	f3f2 e8e4 e1e2 e4e2 f2f3 e2e3	2423	crushing endgame exposedKing long rookEndgame	https://lichess.org/24Bvfr3i#109
6tzml	1k6/8/1p3R2/7P/p4p2/8/5rPK/8 b - - 0 41	a4a3 h5h6 f2c2 f6f8 c2c8 f8c8 b8c8 h6h7	2423	advancedPawn crushing endgame exposedKing rookEndgame veryLong	https://lichess.org/0wf2P57q/black#82
Gx6xr	8/1pk5/3p4/3P4/2PK3p/1P2p1r1/8/4R3 w - - 1 42	e1e3 g3e3 d4e3 b7b5 c4b5 c7b6 e3f3 b6b5 f3g4 b5b4	2442	crushing endgame rookEndgame veryLong	https://lichess.org/3QKW6Afo#83
uAAKI	3r3r/8/1p6/p2P1p1p/P1k1p2P/6P1/5K2/1R5R b - - 1 44	h8h6 f2e3 h6g6 h1c1 c4d5 c1d1 d5e6 d1d8	2504	advantage endgame rookEndgame skewer veryLong	https://lichess.org/sqPo23hY/black#88
34F5y	8/8/p4r2/8/1P1pk1p1/P2R4/3K2P1/8 w - - 10 51	d2e2 f6f2 e2f2 e4d3 a3a4 d3c4 b4b5 a6b5	2408	crushing deflection endgame rookEndgame veryLong	https://lichess.org/dywikY8X#101
aFf3h	5k2/1R6/1P6/8/5p2/1r4p1/6P1/5K2 w - - 2 51	f1e2 f4f3 g2f3 b3b1	2450	crushing endgame rookEndgame short	https://lichess.org/uQvfxg1H#101
jmmrx	8/1rp2kp1/3p1p2/3P2P1/2PP4/1PK2R2/p1R5/r7 w - - 2 42	g5f6 a1b1 f6g7 f7g8 c2a2 b1b3 c3c2 b3f3	2407	crushing defensiveMove endgame rookEndgame skewer veryLong	https://lichess.org/nfD0ai2Z#83
uYlvY	8/4k2r/R4p2/p2Pp3/1p4P1/6K1/P7/8 b - - 2 48	h7g7 d5d6 e7e6 d6d7 e6e7 a6a8 e7d7 a8a7 d7d6 a7g7	2525	advancedPawn crushing discoveredAttack discoveredCheck endgame rookEndgame skewer veryLong	https://lichess.org/0tJDzoEf/black#96
hTAVU	k7/PR6/6p1/7p/7P/r5PK/8/8 b - - 0 44	a3a7 b7a7 a8a7 h3g2 a7b6 g2f3 b6c5 f3f4 c5d6 f4g5	2430	crushing endgame rookEndgame veryLong	https://lichess.org/SRfSBVZR/black#88
znxTx	8/6k1/3P4/4P3/4K3/2p2P2/3r3p/7R w - - 1 49	d6d7 c3c2 e5e6 g7f6	2428	advancedPawn crushing endgame master rookEndgame short	https://lichess.org/exC2s3k9#97
jmohq	8/1R4R1/6pr/5p1k/p4P1p/5K1P/rP3P2/8 b - - 1 46	a4a3 b7f7 a2b2 f7f5 g6f5 g7g5	2472	endgame epauletteMate long mate mateIn3 rookEndgame sacrifice	https://lichess.org/DzPDSBJ2/black#92
TxUzb	1r6/4RK2/3P3k/8/6p1/8/8/8 b - - 1 52	g4g3 e7e3 b8d8 f7e7 d8g8 d6d7 h6h5 e3g3 g8g3 d7d8q	2453	advancedPawn crushing deflection endgame promotion rookEndgame veryLong	https://lichess.org/kI82LkGC/black#104
49MNg	8/p4k1p/2PK4/1P2r3/8/7P/P7/8 b - - 10 49	e5b5 c6c7 b5b6 d6d5	2414	advancedPawn advantage defensiveMove endgame rookEndgame short	https://lichess.org/pnDJHL0E/black#98
RwNlK	8/8/1R6/2p5/P7/1Pr5/1k1K4/8 b - - 2 39	c3b3 a4a5 c5c4 b6b3 b2b3 d2c1 b3b4 a5a6 b4c3 a6a7	2411	advancedPawn crushing endgame intermezzo quietMove rookEndgame veryLong	https://lichess.org/9sULcyGr/black#78
c3ai0	8/8/4r3/2k5/1pp3P1/4K3/2P5/4R3 w - - 4 57	e3d2 c4c3 d2d1 b4b3 e1e6 b3b2	2626	advancedPawn crushing endgame long rookEndgame sacrifice	https://lichess.org/Vncz1m0D#113
poRiq	8/5r2/1ppk4/3pRpK1/P2P1P2/8/8/8 w - - 2 53	e5f5 f7f5 g5f5 b6b5 a4a5 b5b4 a5a6 d6c7	2452	crushing defensiveMove endgame quietMove rookEndgame veryLong	https://lichess.org/jvXZGCuK#105
YvPpH	8/1p6/p1p4r/P2p2k1/1P1Pp1pP/2P1K3/5PPR/8 b - - 0 38	h6h4 h2h4 g5h4 e3f4 g4g3 f2f3 e4e3 f4e3	2403	crushing endgame rookEndgame veryLong zugzwang	https://lichess.org/rzrn2s10/black#76
aDtzz	8/8/4p1Rp/4k3/p3r2r/R6P/5PPK/8 b - - 8 43	e4e2 g2g4 h6h5 h2g3	2482	crushing endgame quietMove rookEndgame short	https://lichess.org/CCAUd3lM/black#86
QSmlg	3R4/7p/1p2k3/1Pp1BpPP/4r3/3K4/8/8 b - - 0 51	e4e5 d8e8 e6d6 e8e5 d6e5 h5h6	2464	crushing endgame long master rookEndgame	https://lichess.org/79DO88I2/black#102
Il9cU	4r1k1/p1p2ppp/1p6/3P4/P7/8/5PPP/2R3K1 b - - 1 23	e8e7 d5d6 e7e8 d6c7 e8c8 c1d1 g7g6 d1d8	2486	advancedPawn crushing endgame quietMove rookEndgame veryLong	https://lichess.org/d7b2uyjs/black#46
EnjqT	8/4Kpp1/5r2/1k5P/8/8/8/7R b - - 0 53	b5c5 e7f8 f6a6 f8g7	2495	crushing endgame rookEndgame short	https://lichess.org/dOekaTTy/black#106
MHlF8	8/3r1p2/k3p1p1/pR1pP1Pp/P2K1P1P/8/1P6/8 b - - 4 31	d7b7 b5b7 a6b7 d4c5 b7a6 b2b3 a6a7 c5b5 d5d4 b5c4	2421	crushing endgame quietMove rookEndgame veryLong zugzwang	https://lichess.org/o2oZgJjE/black#62
lSw2X	8/5k2/1pR1p3/p5pp/P7/1PP3PK/3r3P/8 w - - 2 45	c6b6 g5g4 h3h4 f7g6 b6e6 g6f5 e6e5 f5e5	2492	crushing endgame master rookEndgame veryLong	https://lichess.org/EeuxmI2e#89
CGdMP	8/8/8/1p3kp1/8/r1P5/P1R3K1/8 w - - 0 45	g2g3 b5b4 g3g2 b4c3	2467	crushing endgame pin rookEndgame short	https://lichess.org/vsdPcUU8#89
hdeU1	8/8/6p1/p2k4/P4PKP/4P3/r2p4/3R4 w - - 3 43	g4g5 d5e4 g5g6 e4e3 h4h5 a2a4	2413	crushing endgame long rookEndgame	https://lichess.org/EbR7mJsB#85
PR5Tl	8/p4kpp/8/2P5/3R1p2/3P2rP/P6K/8 b - - 3 34	f7e6 c5c6 g3e3 d4c4 e6d5 c6c7	2535	advancedPawn crushing endgame long rookEndgame	https://lichess.org/SS6a1PTZ/black#68
EaUrf	8/3k2pR/8/2KP1p1P/6r1/8/8/8 b - - 0 47	f5f4 h5h6 f4f3 h6g7 d7e8 h7h8	2430	advancedPawn crushing endgame long rookEndgame	https://lichess.org/n5QVQKLp/black#94
07jK5	8/4PK2/2k5/p7/Pp6/2pR4/2P2r2/8 w - - 7 49	f7e8 f2c2 d3e3 c2h2	2450	crushing defensiveMove endgame master rookEndgame short	https://lichess.org/AZakFOrn#97
t37aT	2r5/4k2p/3R2p1/2pKP1p1/pp6/2P2P2/1P4PP/8 w - - 0 36	d6a6 a4a3 a6a7 e7f8	2436	crushing defensiveMove endgame rookEndgame short	https://lichess.org/tqyatUv6#71
0cSR3	8/8/8/P7/5k2/2R2pp1/1PP1r2P/6K1 w - - 0 46	h2g3 f4g3 g1f1 e2h2 f1e1 g3g2 e1d2 f3f2	2413	advancedPawn crushing endgame master rookEndgame veryLong	https://lichess.org/wtdFORCc#91
LGR8n	8/5R2/4p3/3pP3/3Pk3/r7/3K4/8 w - - 8 61	f7f6 a3a6 d2c3 a6c6	2444	crushing endgame master quietMove rookEndgame short	https://lichess.org/9uN1GOww#121
oLGAR	4r1k1/p6R/1p1p2p1/2pp4/6P1/2KPP3/P1P2r2/7R b - - 2 30	e8e3 h7h8 g8f7 h1h7 f7e6 h8e8 e6f6 e8f8 f6g5 f8f2	2498	crushing endgame exposedKing rookEndgame skewer veryLong	https://lichess.org/MT86Cj0M/black#60
b5P3n	6k1/p4p2/5p2/1p3P1p/1r2P3/3K1P1P/2R3P1/8 w - - 0 45	d3c3 b4c4 c3b2 c4c2 b2c2 h5h4	2414	crushing defensiveMove endgame exposedKing long rookEndgame	https://lichess.org/iO2wawfk#89
CI8tE	8/7k/8/8/3P4/P3prp1/1PK5/6R1 w - - 0 48	d4d5 e3e2 c2d2 f3f1 d2e2 f1g1	2409	advancedPawn crushing endgame long master masterVsMaster rookEndgame	https://lichess.org/MdtINrbt#95
OTQx8	8/8/R5P1/8/1p3k1K/pr6/6P1/8 b - - 0 51	b3b1 a6f6 f4e5 g6g7 e5f6 g7g8q	2401	advancedPawn crushing endgame long master promotion rookEndgame	https://lichess.org/Uzo6mdzz/black#102
xNcgL	8/8/5kp1/1r6/1PR5/5pKP/8/8 b - - 5 51	b5f5 c4c5 f5c5 b4c5	2425	crushing endgame rookEndgame short	https://lichess.org/lYBFXQIc/black#102
04yi1	R7/7k/5K2/4P3/6r1/7p/8/8 w - - 0 51	a8a3 g4g6 f6f7 h3h2 a3h3 g6h6 h3h2 h6h2 e5e6 h2f2	2491	advancedPawn crushing endgame master rookEndgame veryLong	https://lichess.org/PtwbtSfd#101
S9v7S	5k2/p4p2/3R1P2/8/6R1/8/r4rPK/8 b - - 0 36	a2e2 d6d8 e2e8 g4h4 f2f6 h4h8	2416	crushing endgame long quietMove rookEndgame	https://lichess.org/H4uUnGMl/black#72
nqKN1	8/p6R/5p2/P4k2/5r1P/7K/r5P1/4R3 w - - 0 43	g2g4 f5g6 h3g3 a2f2	2452	crushing defensiveMove endgame rookEndgame short	https://lichess.org/juTmZJlw#85
w9qZJ	8/2k5/p1p5/P3p2p/1P4p1/2PK2P1/5R1P/4r3 w - - 2 38	f2e2 e1e2 d3e2 c6c5 b4c5 c7c6	2420	crushing endgame long rookEndgame	https://lichess.org/341SGbOm#75
IuvXA	8/8/8/3p1P2/1k1p1KP1/4r3/2R5/8 b - - 4 62	d4d3 c2b2 b4c3 f4e3 d5d4 e3e4	2463	crushing endgame long rookEndgame	https://lichess.org/figHIBTE/black#124
Fo5TW	8/8/p5r1/1pK2kP1/2p5/8/PP6/6R1 b - - 1 46	g6g5 g1g5 f5g5 a2a3 g5f4 c5b6 f4e5 b6a6 b5b4 a3b4	2446	crushing endgame master quietMove rookEndgame veryLong	https://lichess.org/Wk0LmmkL/black#92
ZBlZp	1k6/1R4p1/P7/4K3/r6p/8/P2r4/1R6 b - - 0 39	b8c8 b7b8 c8d7 b1b7 d7c6 b8c8	2402	endgame exposedKing long mate mateIn3 rookEndgame	https://lichess.org/4he5eGMN/black#78
bCMnm	8/8/1Pk5/p1P2p2/5p2/7r/P1R1K3/8 w - - 2 44	a2a4 f4f3 e2d3 f3f2 d3e2 h3h1 e2f2 h1h2 f2f1 h2c2	2400	advancedPawn crushing discoveredAttack discoveredCheck endgame exposedKing quietMove rookEndgame skewer veryLong	https://lichess.org/WqJR7aRQ#87
SpV2V	8/1p6/1K6/1P4rk/8/1R4p1/8/8 w - - 0 50	b6b7 g3g2 b3b1 g5f5 b1g1 f5b5	2433	advancedPawn crushing endgame long rookEndgame	https://lichess.org/1Ul4RvOn#99
go6GV	4k3/p7/2P5/B1P2p2/P6p/6bP/1K4P1/8 w - - 3 42	b2c3 g3e1 c3c4 e1a5	1166	advantage bishopEndgame endgame short skewer	https://lichess.org/risuiqM1#83
kunUE	5b2/8/4kPK1/6P1/8/8/8/8 b - - 0 83	e6e5 g6f7 f8d6 g5g6	1135	bishopEndgame crushing endgame master short	https://lichess.org/D52fcghB/black#166
2y7MZ	8/p1p5/7p/3p2p1/P1pP1kB1/3b1P2/1P3KP1/8 b - - 3 34	d3f5 g2g3	1118	bishopEndgame endgame mate mateIn1 oneMove	https://lichess.org/PzE0IFvz/black#68
neB0O	8/b7/P4Bp1/3k3p/3p3P/3K4/8/8 b - - 4 43	d5c6 f6d4 a7d4 d3d4 c6b6 d4e5 b6a6 e5f6 a6b6 f6g6 b6c6 g6h5	1155	bishopEndgame crushing endgame veryLong	https://lichess.org/KJEDCjOC/black#86
HRH3G	8/3B4/3kP3/5ppp/1p6/P1p5/1P2KP1P/8 w - - 0 43	b2c3 b4a3 d7a4 a3a2	1181	advancedPawn bishopEndgame crushing endgame short	https://lichess.org/vSiK2pFy#85
l96ua	8/8/4k1p1/6Bp/4PK2/b4P2/P7/8 w - - 0 46	g5h6 a3c1 f4g3 c1h6	1174	advantage bishopEndgame endgame short skewer	https://lichess.org/C5DDzlT5#91
5wMoh	8/8/3p4/2p1b1k1/2P1B1p1/4P1Pp/1p1K3P/8 b - - 0 72	e5g3 h2g3 g5f6 d2c2 b2b1r c2b1	1174	bishopEndgame crushing endgame hangingPiece long master masterVsMaster	https://lichess.org/kmsKDwH7/black#144
ouAXF	8/4b3/1p2k3/5p1p/p1p4P/P1P1PKB1/1P6/8 b - - 13 53	e7d6 g3d6 e6d6 f3f4 d6e6 f4g5 e6e5 g5h5	1187	bishopEndgame crushing endgame veryLong	https://lichess.org/r5zwgjJH/black#106
kMaHK	8/8/5B2/5Kp1/3p2P1/2k5/2P5/2b5 w - - 2 46	f6g5 c1g5 f5g5 c3c2 g5h6 d4d3 g4g5 d3d2 g5g6 d2d1q	1187	advancedPawn bishopEndgame crushing endgame promotion veryLong	https://lichess.org/JKLU7dhA#91
m6ilu	8/8/4Bp1p/pk6/2p5/P1Pb2P1/5P2/4K3 w - - 4 36	e1d2 b5a4 e6d7 a4a3	1075	bishopEndgame crushing endgame short	https://lichess.org/fy9UDGac#71
hY3Wn	8/5B2/2k4p/2Pp3K/3P4/3b4/8/8 b - - 20 51	d3b5 f7e8 c6b7 e8b5	1172	bishopEndgame crushing deflection endgame short skewer	https://lichess.org/JHbaiAmT/black#102
Wh5qL	8/pp6/3p2k1/3Pb2p/3pPP2/3B2K1/PP6/8 b - - 0 36	e5f6 e4e5 g6g7 e5f6	1148	bishopEndgame crushing discoveredAttack discoveredCheck endgame short	https://lichess.org/g22jYQ1T/black#72
icq60	8/4k1p1/2KbP3/3P2PP/8/8/8/8 b - - 0 51	d6e5 h5h6 g7h6 g5h6	1139	bishopEndgame crushing endgame short	https://lichess.org/9iEWZgIH/black#102
rxYYL	8/8/2P1b3/1P6/8/k6p/7K/8 b - - 0 62	a3a4 b5b6 a4b5 b6b7 b5c6 b7b8q	1195	advancedPawn bishopEndgame crushing endgame long promotion	https://lichess.org/T3WMhEby/black#124
lWCUA	8/2bP4/8/8/5pPk/5B2/4K2p/8 b - - 7 69	h4g3 g4g5 g3h4 g5g6 h2h1r f3h1	1196	bishopEndgame crushing endgame long quietMove	https://lichess.org/PvepIehc/black#138
JqBD2	8/7p/4k1p1/8/2PB4/p2K3P/6P1/2b5 b - - 1 43	c1b2 d4b2 a3b2 d3c2 b2b1q c2b1	1140	bishopEndgame crushing endgame long	https://lichess.org/OAwvMnPF/black#86
J3YXa	8/8/pp2k2B/3pbp1p/8/1P2KP1P/P5P1/8 w - - 0 36	h6f4 d5d4 e3d3 e5f4	1155	bishopEndgame crushing deflection endgame short	https://lichess.org/1iEV39gH#71
r8Qgi	8/8/6B1/1Pb4P/4bp2/4k3/5p2/5K2 b - - 4 50	e4g6 h5g6 c5d4 b5b6 d4b6 g6g7	1192	advancedPawn bishopEndgame crushing endgame long	https://lichess.org/SupsZH5p/black#100
4cabX	8/1p6/2k1b3/Bp6/3P4/1P2K3/8/8 w - - 1 43	b3b4 b7b6 d4d5 e6d5 a5b6 c6b6	1181	bishopEndgame crushing endgame long trappedPiece	https://lichess.org/57hRxf2f#85
HZwkH	4b3/8/3P2p1/p1K2p2/7p/5BkP/6P1/8 b - - 0 43	g6g5 f3c6 e8c6 c5c6 a5a4 d6d7 a4a3 d7d8q	1193	advancedPawn bishopEndgame crushing endgame promotion veryLong	https://lichess.org/yf4Nwcts/black#86
WviuM	8/8/3k4/3P2p1/1p1K4/6P1/B7/3b4 w - - 2 51	d4c4 b4b3 a2b3 d1b3 c4b3 d6d5	1180	bishopEndgame crushing endgame long	https://lichess.org/D8k5FPRI#101
jV4V3	8/8/p3p3/1p1pBk2/1P1P3b/P3PK2/8/8 w - - 1 47	e5g3 h4g3 f3g3 f5e4 g3f2 e4d3	1185	bishopEndgame crushing endgame long	https://lichess.org/G9IOS7qL#93
7zN9F	8/p3K1k1/8/5P2/P2p4/8/2P5/6b1 b - - 4 54	g1h2 f5f6 g7g6 f6f7 h2d6 e7d6	987	advancedPawn bishopEndgame crushing endgame long master	https://lichess.org/mPrUvmt6/black#108
8Do2u	5b2/5K2/7p/pBp4P/Pk6/1P6/8/8 b - - 54 78	b4b3 f7f8 c5c4 b5c4 b3c4 f8g7	1152	bishopEndgame crushing endgame hangingPiece long	https://lichess.org/555xL63k/black#156
EK50l	2b5/1p1N4/1P6/P7/6k1/5p2/5K2/8 b - - 4 57	c8d7 a5a6 d7c6 a6a7 g4f4 a7a8q	1167	advancedPawn bishopEndgame crushing endgame long promotion	https://lichess.org/G6ls4Z23/black#114
9zRcx	8/1p1k4/p1p1b3/4b1p1/2PBB1p1/1P2P3/P2K1P2/8 b - - 2 36	d7d6 c4c5 d6d7 d4e5	1141	bishopEndgame crushing deflection endgame master masterVsMaster short	https://lichess.org/fAZlqEo9/black#72
5CEVH	8/8/7p/8/5KP1/p1k5/8/1B6 w - - 1 71	g4g5 h6g5 f4g5 c3b2 b1f5 a3a2	1179	advancedPawn bishopEndgame crushing endgame long	https://lichess.org/D9KVVyV9#141
NhCxT	8/2p4p/1pk2p2/p1b1pPp1/P1P5/1PK2P1P/5BP1/8 w - - 1 43	f2e1 c5b4 c3c2 b4e1	1164	bishopEndgame crushing endgame master short skewer	https://lichess.org/N9Lz01Hi#85
YBSI7	8/p4k2/P6p/1P3KpP/6P1/8/1b6/8 b - - 5 69	b2c3 b5b6 c3d4 b6b7	1143	advancedPawn bishopEndgame crushing endgame short	https://lichess.org/LP7bZGXD/black#138
wLFnG	8/7p/1b3kp1/3K1p2/5B1P/6P1/8/8 b - - 4 57	b6d8 f4g5 f6f7 g5d8	1155	bishopEndgame crushing endgame short skewer	https://lichess.org/LvgF2pJw/black#114
NOMVD	4b3/6k1/4p1p1/4P3/4qP2/2p2K2/2B3P1/8 w - - 0 48	c2e4 e8c6 e4c6 c3c2 c6e4 c2c1q	1185	advancedPawn bishopEndgame crushing endgame long master promotion sacrifice	https://lichess.org/ipDpA3rx#95
kIrL2	2b5/8/8/Pk1p3p/3PpPp1/6P1/4K3/4B3 b - - 12 77	c8a6 f4f5 b5c6 e2e3	1126	bishopEndgame crushing defensiveMove endgame quietMove short	https://lichess.org/vG2qeNs3/black#154
MCARg	8/2kb2p1/Bp1b1p1p/PPpKp3/6PP/2B2P2/8/8 b - - 2 42	g7g6 a5b6 c7b6 d5d6	1134	bishopEndgame crushing endgame short	https://lichess.org/yaMIS0wo/black#84
Zpsy0	8/5p2/2kPbK2/5P2/8/8/8/8 b - - 0 54	e6b3 f6e7 b3c2 d6d7 c2f5 d7d8q	1187	advancedPawn bishopEndgame crushing endgame long promotion	https://lichess.org/jdLYRHwM/black#108
vncsR	8/5p2/5Bk1/2K3Pp/4p3/5b2/5P2/8 w - h6 0 50	g5h6 g6f6 h6h7 f6g7 h7h8r g7h8	1186	bishopEndgame crushing endgame hangingPiece long	https://lichess.org/w9awdH1U#99
NHH1j	8/3B4/5p2/p7/8/5K1p/5P1k/8 w - - 0 45	f3e2 h2g2 e2e3 h3h2	1127	advancedPawn bishopEndgame crushing endgame master short	https://lichess.org/4lwkvJlA#89
Bxy7O	8/8/3p1p2/kBpPp2p/2P1P1p1/6P1/2K5/8 w - - 10 48	c2b3 h5h4 g3h4 g4g3 h4h5 g3g2	1155	advancedPawn bishopEndgame crushing endgame long	https://lichess.org/VO1Kx2DI#95
RTHZZ	8/8/p4P2/1p4Pb/1P3K2/k7/8/8 b - - 2 51	a3b4 f4f5 b4b3 g5g6	1131	bishopEndgame crushing endgame short	https://lichess.org/XZAsoix0/black#102
zLB9j	8/5p1p/4pkp1/8/1p1bPBP1/1P1b1P2/7P/3B3K b - - 0 32	d4e5 g4g5 f6g7 f4e5	1156	bishopEndgame crushing deflection endgame short	https://lichess.org/6QetUd2X/black#64
pWruR	8/8/5k2/3K1p2/p2P1P1p/P2b4/6B1/8 b - - 0 46	d3e4 g2e4 f5e4 d5e4 h4h3 e4f3 h3h2 f3g2 h2h1r g2h1 f6f5 d4d5	1160	bishopEndgame crushing defensiveMove endgame veryLong	https://lichess.org/oA4mMn3g/black#92
UCtqJ	8/8/5B2/3p1p1p/p2P3P/K2k4/8/8 w - - 7 58	a3a4 f5f4 f6e5 f4f3 e5g3 d3d4	1189	bishopEndgame crushing endgame long quietMove	https://lichess.org/22S0dRaU#115
2ugff	8/pp3p2/8/k2pP1P1/b2P4/8/1K6/8 b - - 1 46	b7b5 e5e6 f7e6 g5g6	1142	advantage bishopEndgame endgame short	https://lichess.org/jiDbHsFm/black#92
dzP8M	8/2p5/2P5/1P2kp2/2K3p1/3B2P1/5b2/8 b - - 2 55	f2g3 b5b6 c7b6 c6c7	1185	advancedPawn bishopEndgame crushing endgame master short	https://lichess.org/pgKiLLdT/black#110
5MgNm	8/8/8/6p1/1p1k2P1/1Kp5/3p4/3B4 b - - 3 59	d4e3 b3b4 e3d3 b4b3 c3c2 d1c2	1182	bishopEndgame crushing endgame long	https://lichess.org/My6fjf1k/black#118
9A1sC	8/8/2bp2p1/5p2/p1P1k2P/P1K3P1/8/3B4 w - - 7 46	d1c2 e4f3 c2d1 f3g3 h4h5 g6h5	1162	bishopEndgame crushing defensiveMove endgame long	https://lichess.org/PKqYiqwJ#91
4vKnW	8/1pb5/8/1p1kpp1p/8/P2KP1BP/1P3PP1/8 w - - 2 37	f2f3 e5e4 d3e2 c7g3	1133	bishopEndgame crushing discoveredAttack endgame short	https://lichess.org/aWlHK2q3#73
ht2J5	6b1/8/7P/8/8/p1k1K3/8/1B6 w - - 3 57	e3f4 c3b2 b1g6 a3a2 h6h7 g8h7	1187	advancedPawn bishopEndgame crushing endgame long master	https://lichess.org/x2MdSIP5#113
WHl2H	8/6B1/7p/3k1P2/2p5/b3K3/P6P/8 w - - 0 40	g7h6 a3c1 e3e2 c1h6	1192	bishopEndgame crushing endgame short skewer	https://lichess.org/6bZIdW65#79
D4PIQ	8/p1p4p/2p1k1p1/8/4P3/3PKbPp/PPP2P1P/8 b - - 5 26	f3g4 f2f3 g4h5 g3g4 h5g4 f3g4	1198	bishopEndgame crushing endgame long trappedPiece	https://lichess.org/8CrgV4WC/black#52
vdOBN	2b5/8/1K1k1p2/P1p1p3/2P1P3/3P4/8/8 b - - 4 67	d6d7 a5a6 c8a6 b6a6	988	bishopEndgame crushing endgame short	https://lichess.org/acj6QDq5/black#134
9wGMJ	8/8/k7/6PK/8/2p5/8/2B1b3 b - - 0 55	e1d2 g5g6 d2c1 g6g7 a6b5 g7g8q	1105	advancedPawn bishopEndgame crushing endgame long promotion sacrifice	https://lichess.org/CqQrfZMo/black#110
hkmLS	8/5p1B/4k2p/4p2P/2b5/4P3/5K2/8 b - - 1 35	f7f5 h7g8 e6e7 g8c4	1157	bishopEndgame crushing endgame short skewer	https://lichess.org/n2tP9x7e/black#70
jcFh5	8/3B2b1/1P6/P7/7p/1K3kp1/8/8 b - - 0 44	g3g2 d7c6 f3f2 c6g2	1139	bishopEndgame crushing endgame master short	https://lichess.org/sfdIIJYl/black#88
Lqrqo	8/7p/b1B5/P4p1k/5p1P/7K/5P2/8 b - - 7 44	h7h6 c6e8	1167	bishopEndgame endgame mate mateIn1 oneMove	https://lichess.org/R9G2WbdG/black#88
Jsv9F	8/3k1Bp1/7p/1pK4P/1P6/2P5/4b3/8 w - - 5 53	c5d5 e2c4 d5c5 c4f7	1137	bishopEndgame crushing endgame short skewer	https://lichess.org/yDZH7qOm#105
rCzGW	5b2/8/4K2p/2kP2p1/1pP2pP1/1P3P1P/8/8 b - - 5 37	c5d4 d5d6 f8d6 e6d6 d4e3 c4c5 e3f3 c5c6 f3g2 c6c7 f4f3 c7c8q	1181	advancedPawn bishopEndgame crushing endgame promotion quietMove veryLong	https://lichess.org/wcUT2sCa/black#74
4hrFZ	8/k5p1/2p2p1p/2P2P2/3pb1PP/6K1/2P1B3/8 w - - 5 35	e2d3 e4d3 c2d3 a7a6 g3f3 a6b5	1078	advantage bishopEndgame endgame long master	https://lichess.org/CBCcTuRm#69
BhdRp	8/8/6kP/6P1/1pp3K1/3p4/PP6/3B4 w - - 0 55	b2b3 c4c3 d1f3 c3c2 f3e4 g6f7 e4d3 c2c1q	1185	advancedPawn bishopEndgame crushing endgame promotion veryLong	https://lichess.org/nvOC0s5H#109
KqREk	8/5p2/8/6KP/3k1P2/1b6/8/8 b - - 2 52	d4e4 h5h6 f7f6 g5f6 e4f4 h6h7	1163	advancedPawn bishopEndgame crushing endgame long	https://lichess.org/c1tBR0Fx/black#104
lq91T	8/8/3k4/5p2/2pP2PP/1p3B2/PP5K/8 w - - 0 58	a2a3 c4c3 b2c3 b3b2 g4f5 b2b1q	1179	advancedPawn bishopEndgame crushing endgame long promotion	https://lichess.org/bJv7XK94#115
yzVwQ	8/3B4/1pp2p2/3b2k1/1P1K1p2/8/5P2/8 b - - 3 46	f4f3 b4b5 c6b5 d4d5	1401	advantage bishopEndgame deflection endgame short	https://lichess.org/DmwBSylE/black#92
FnP76	8/3b1p2/3k2pp/pP1p4/B2P4/4KP2/6PP/8 b - - 1 38	d6c7 b5b6 c7c8 b6b7 c8b7 a4d7	1456	advancedPawn bishopEndgame crushing deflection endgame exposedKing long	https://lichess.org/VzZhiJ8n/black#76
9bjA6	8/3bP3/5p1B/7P/8/2k5/1b3p2/3K1B2 w - - 2 49	h6g7 d7g4 f1e2 f2f1q	1473	advancedPawn bishopEndgame endgame master mate mateIn2 pin promotion short	https://lichess.org/jupXhTmF#97
e04Cb	8/p1b1k2B/1p5p/2pbP3/5K1P/1PB5/P7/8 b - - 4 41	e7e6 h7g8 e6d7 g8d5	1360	bishopEndgame crushing deflection endgame short skewer	https://lichess.org/Tiqa2G6N/black#82
6N2rG	8/8/b7/P7/7P/4kP1P/7K/8 b - - 0 59	e3f3 h4h5 a6d3 h5h6 f3f4 a5a6	1488	bishopEndgame crushing endgame long quietMove	https://lichess.org/l1vSbuqG/black#118
LA4q0	8/8/8/1Pk1P2p/2P3bP/4Kp2/8/8 b - - 0 51	c5c4 b5b6 g4c8 e5e6 c8e6 b6b7	1455	advancedPawn bishopEndgame crushing endgame long	https://lichess.org/OqdfVSe2/black#102
zay52	8/p7/8/5B2/3K4/1kp5/8/8 w - - 4 59	d4c5 a7a5 f5d3 a5a4	1462	bishopEndgame crushing defensiveMove endgame quietMove short	https://lichess.org/9m5UUuWq#117
ZhBGg	3B4/8/p7/P6p/7P/4Kpk1/8/8 w - - 5 54	d8c7 g3g2 c7d8 f3f2	1429	advancedPawn bishopEndgame crushing defensiveMove endgame master short	https://lichess.org/T4OyZbCW#107
yifBp	2b5/8/7p/3p1kp1/2pPpP2/2P3PP/5K2/3B4 b - - 1 34	g5f4 d1g4 f5g6 g4c8	1414	bishopEndgame crushing endgame short skewer	https://lichess.org/2pcleR88/black#68
A1pxe	8/7p/3k1p1P/5PP1/5K2/8/8/1b6 b - - 0 51	d6e7 g5g6 h7g6 h6h7	1488	advancedPawn bishopEndgame crushing endgame short	https://lichess.org/l58VMxWU/black#102
02kCY	8/8/8/7p/p1b5/P5kP/2p3P1/2B3K1 b - - 7 46	g3h4 g1h2 c4f1 g2g3	1460	bishopEndgame endgame mate mateIn2 short	https://lichess.org/wqBVso2E/black#92
Mpby2	8/1b5p/p5p1/1p3p1k/5B2/1BP3PP/P4b1K/8 b - - 0 38	h7h6 b3d1 b7f3 d1f3	1336	bishopEndgame endgame mate mateIn2 short	https://lichess.org/4QkltdWS/black#76
n7rqg	2k5/4B3/2P5/p1K1pp2/P6p/5PbP/8/8 w - - 0 50	e7d6 e5e4 f3f4 e4e3 d6e5 e3e2	1400	advancedPawn bishopEndgame crushing endgame long	https://lichess.org/GmNjVb55#99
sXxx4	8/8/2KPk3/1p6/8/8/4b3/8 b - - 3 62	e2f3 c6c7 e6d5 d6d7	1453	advancedPawn bishopEndgame crushing defensiveMove endgame short	https://lichess.org/f67c8Bzt/black#124
52SMQ	8/8/8/6BP/1b1p2P1/2pk4/P7/3K4 w - - 1 41	h5h6 c3c2 d1c1 b4a3	1365	advancedPawn bishopEndgame endgame mate mateIn2 short	https://lichess.org/5pkq6bLP#81
7cHb3	4b3/5pp1/p2k3p/1ppB4/8/2P2KP1/PP3PP1/8 w - - 6 31	f3e4 f7f5 e4f5 d6d5	1490	bishopEndgame crushing deflection endgame short	https://lichess.org/n5fKee3J#61
dI3vm	8/4b3/2P5/3pk1p1/6P1/4BK2/8/8 b - - 0 51	e5d6 e3c5 d6c5 c6c7 e7d6 c7c8q	1275	advancedPawn bishopEndgame crushing endgame long promotion sacrifice	https://lichess.org/WWbrk193/black#102
4UJ76	8/5p2/2k1p2P/4P3/P6P/1p3P2/3K4/1b6 b - - 1 48	b3b2 d2c3 b1d3 c3b2	1440	advantage bishopEndgame endgame short	https://lichess.org/DewPtwvz/black#96
ypXwF	5k2/3b3p/3P2p1/1p1BK1P1/p1p5/5P2/P6P/8 w - - 0 37	a2a3 c4c3 d5e4 d7f5	1406	bishopEndgame crushing endgame short	https://lichess.org/TwwWweP3#73
jJU8M	3B4/p7/7p/5p1B/2p2p2/2P3PP/P3rk1K/8 w - - 0 40	h5e2 f4g3 h2h1 g3g2 h1h2 g2g1q	1439	advancedPawn bishopEndgame endgame long mate mateIn3 promotion	https://lichess.org/ryV7d0vV#79
yzW9g	8/8/2P4P/1K1k4/p7/P7/2b5/8 b - - 0 56	d5d6 b5b6 c2e4 c6c7 d6d7 h6h7 e4h7 b6b7 h7e4 b7b8 d7e7 c7c8q	1343	advancedPawn bishopEndgame crushing defensiveMove endgame promotion veryLong	https://lichess.org/OyRCHZFD/black#112
nlxyb	8/8/2p5/1p1p4/3P3p/1PB4k/8/1K6 w - - 0 53	c3a5 h3g2 a5d8 h4h3	1393	bishopEndgame crushing endgame short	https://lichess.org/bfv9Rb0k#105
7czDe	8/8/5P2/3bp3/1k5P/4K3/8/8 b - - 0 64	b4c5 h4h5 d5g8 h5h6 c5d6 f6f7 g8f7 h6h7	1403	advancedPawn bishopEndgame crushing endgame quietMove veryLong	https://lichess.org/o5RO2R3O/black#128
CJGz7	8/5pp1/2p5/1p1k2Pb/1P3K1P/2PB4/8/8 w - - 5 39	f4f5 h5g6 f5f4 g6d3	1435	bishopEndgame crushing endgame short skewer	https://lichess.org/toxNmWFF#77
jeITk	B7/2kP1ppp/4p3/1p6/p2P4/6P1/5P1P/6K1 w - - 1 31	a8c6 a4a3 c6b5 a3a2 d7d8q c7d8	1255	advancedPawn bishopEndgame crushing endgame long	https://lichess.org/IpkXadI0#61
xJwMC	8/8/1p2k3/p1p3p1/1PP1KpPp/P4P1P/1b1B4/8 b - - 0 46	b2a3 b4a5 b6a5 d2a5	1462	bishopEndgame crushing endgame short	https://lichess.org/4reXLyV3/black#92
N6kPp	8/ppp4p/2Bp2p1/2PP1p1k/3P1P2/3K1P1P/1b6/8 b - - 4 35	b7c6 c5d6 c7d6 d5c6	1364	bishopEndgame crushing endgame intermezzo short	https://lichess.org/bIiHgxkF/black#70
DGSZP	8/4k3/7p/5P2/1p1K3P/8/8/1B1b4 w - - 1 49	d4e5 b4b3 b1d3 d1c2	1419	bishopEndgame crushing endgame short	https://lichess.org/QNYMDvOK#97
DrIZb	8/8/2k2P2/7K/2p4P/8/8/5b2 b - - 0 54	c6d6 h5g6 f1d3 g6g7 c4c3 f6f7	1405	advancedPawn bishopEndgame crushing defensiveMove endgame long	https://lichess.org/zXZTL5SI/black#108
N9l6M	8/7p/8/7B/3K4/5p2/6k1/8 w - - 1 73	d4e5 f3f2 h5e2 h7h5	1396	advancedPawn bishopEndgame crushing defensiveMove endgame master short	https://lichess.org/m8lId2Xz#145
HUHGM	8/1p1b4/3B4/2P2pK1/1k4p1/p5P1/8/8 b - - 1 51	a3a2 c5c6 b4c4 c6d7 a2a1q d7d8q	1365	advancedPawn advantage bishopEndgame discoveredAttack discoveredCheck endgame long promotion	https://lichess.org/X8LmyTp0/black#102
LeOGU	8/1b2k2B/p2pP3/P2P4/1P1P4/2p3pP/6K1/8 w - - 1 46	h7e4 b7d5 e4d5 c3c2	1365	advancedPawn bishopEndgame crushing endgame sacrifice short	https://lichess.org/DJ178xHN#91
khJPb	8/5B2/1p6/8/3K4/p7/1k6/8 w - - 2 56	f7c4 b6b5 c4d5 b5b4	1456	bishopEndgame crushing defensiveMove endgame short	https://lichess.org/zahK7l8j#111
PEoMZ	8/1b3p2/pp1k2p1/3p3p/2pK2P1/2P2P1B/PP5P/8 b - - 0 30	b7c8 g4h5 c8h3 h5h6	1468	bishopEndgame crushing endgame sacrifice short	https://lichess.org/t6fNb9dP/black#60
8dqjd	8/7p/2p3p1/1p1kB3/1P3KPP/2P5/2b5/8 w - - 7 48	h4h5 g6g5 f4g5 d5e5	1398	bishopEndgame crushing deflection endgame short	https://lichess.org/VLi1KfiO#95
a2XKA	8/8/b3p1P1/3k1p1p/3P4/2K1p3/8/8 b - - 0 62	e3e2 c3d2 d5d4 g6g7 a6c4 g7g8q	1343	advancedPawn bishopEndgame crushing endgame long promotion	https://lichess.org/fZN41xVp/black#124
uFFMq	8/4k3/p5p1/1p1K4/3Pp2p/1P4p1/P6P/2B5 w - - 0 37	h2g3 h4h3 d5e4 h3h2	1460	advancedPawn bishopEndgame crushing endgame short	https://lichess.org/o4cc45fA#73
WuGqh	2b5/K7/1Pk5/8/P6p/8/7P/8 b - - 0 55	c8b7 a4a5 b7c8 a5a6 c8h3 b6b7	1379	advancedPawn bishopEndgame crushing endgame long quietMove	https://lichess.org/WiIc7VyW/black#110
vrB4I	8/8/7p/6p1/4p1P1/2kpB2P/8/2K5 w - - 3 58	e3c5 d3d2 c1d1 c3d3 c5g1 e4e3 g1e3 d3e3	1346	advancedPawn bishopEndgame crushing endgame veryLong	https://lichess.org/Ve0XzyQh#115
sHJVV	8/B7/4p3/p2k4/P4b2/2PKp3/8/8 w - - 2 47	a7e3 f4e3 d3e3 d5c4	1393	bishopEndgame crushing endgame short	https://lichess.org/sSh33muN#93
0mp4e	8/8/5P2/1Pbp4/3p1kP1/8/4K3/8 b - - 0 48	f4g4 f6f7 g4f5 b5b6 c5d6 b6b7	1426	advancedPawn bishopEndgame crushing endgame long	https://lichess.org/21VpB8VU/black#96
73Ea2	4k3/4P3/4K3/B7/1p6/8/P7/4b3 w - - 17 63	a2a3 b4b3 a5e1 b3b2 e1a5 b2b1q	1498	advancedPawn bishopEndgame crushing endgame long promotion sacrifice	https://lichess.org/lNPl5n7f#125
5iNzi	1kb5/8/1P1K1p1p/7P/8/5B2/8/8 b - - 2 60	c8b7 f3b7 b8b7 d6e6 b7b6 e6f6	1447	bishopEndgame crushing endgame long	https://lichess.org/LO4MuF3z/black#120
Ce0fZ	1k6/1p3K2/pPp5/2Pp3P/1P1Pb1B1/8/5p2/8 w - - 0 58	g4e2 e4f3 e2f1 f3h5	1493	bishopEndgame crushing endgame interference short	https://lichess.org/KBt3BNWV#115
9oaIg	8/3b4/p1p2k1p/1p5P/5KP1/P2B4/1P6/8 w - - 0 36	d3f5 d7f5 g4f5 c6c5 b2b4 c5c4	1415	bishopEndgame crushing defensiveMove endgame long quietMove zugzwang	https://lichess.org/udupFdW8#71
jvK0L	8/2k5/P1p4p/2P1PB1P/3P3K/4P3/bp6/8 w - - 1 50	h4g4 a2e6 f5e6 b2b1q	1383	advancedPawn advantage bishopEndgame deflection endgame promotion short	https://lichess.org/IxdlgraX#99
5TAqX	8/5k2/4b3/p1p1Pp2/1pp5/P1P1B2P/2P2KP1/8 w - - 0 32	e3c5 b4b3 c2b3 c4b3	1414	bishopEndgame crushing endgame short	https://lichess.org/jVJlRc8Y#63
znLiI	8/8/8/2p2p2/3kbB2/1P4P1/1b2K3/3B4 b - - 3 44	d4c3 f4e5 c3b4 e5b2	1323	advantage bishopEndgame endgame short skewer	https://lichess.org/Ni6BFSLE/black#88
d8wF7	2b5/8/3P4/1KP1k3/8/8/8/8 b - - 2 56	e5e6 b5c6 c8d7 c6c7 d7a4 c5c6 a4d1 d6d7	1469	advancedPawn bishopEndgame crushing defensiveMove endgame veryLong	https://lichess.org/GwQK6IYJ/black#112
bgawC	8/8/8/6P1/p7/3Bp2P/1k2Kb2/8 b - - 0 62	a4a3 d3c4 f2h4 g5g6	1440	bishopEndgame crushing endgame quietMove short	https://lichess.org/P2bdGRBZ/black#124
O1kIv	8/1p4p1/p1p5/8/4pk2/PPP1b2P/4K1P1/4B3 b - - 1 40	g7g5 g2g3 f4e5 e2e3	1237	bishopEndgame crushing deflection endgame short	https://lichess.org/kRKUYzqq/black#80
KbDkn	8/p7/K2k4/8/1P5P/P4b2/8/8 b - - 1 49	d6c6 b4b5 c6c5 a3a4	1458	bishopEndgame crushing defensiveMove endgame short	https://lichess.org/eFF25ENo/black#98
PXYAn	8/3k4/1bp5/3pB2p/1P1P1KpP/6P1/8/8 b - - 1 55	d7e6 f4g5 b6d8 g5h5 e6f5 h5h6	1374	bishopEndgame crushing defensiveMove endgame long	https://lichess.org/P2TzeHvF/black#110
u5V2j	8/8/2pK4/1kPp4/3B4/8/p7/8 w - - 0 49	d4e5 b5c4 e5b2 d5d4 d6c6 d4d3	1473	bishopEndgame crushing endgame long master quietMove	https://lichess.org/52dAYCMl#97
ixq7h	8/8/p1P2Bp1/1p5p/1k2K2P/6b1/8/8 b - - 0 45	a6a5 f6e5 g3e5 e4e5 a5a4 c6c7	1450	advancedPawn bishopEndgame crushing endgame long master	https://lichess.org/ecn5MttG/black#90
x4Oez	1B1b4/5pk1/1p1P3p/p1p5/P2p3p/1P1P4/5PP1/6K1 b - - 0 35	g7f6 b8c7 f6e6 c7d8	1330	bishopEndgame crushing endgame short	https://lichess.org/8Enm7SWk/black#70
6tjNR	8/8/p5p1/1pkpbp1p/8/1P1K1P1P/P5P1/4B3 b - - 1 39	e5d4 b3b4 c5d6 d3d4	1455	bishopEndgame crushing deflection endgame short	https://lichess.org/MXbNbMLr/black#78
RAc3r	6k1/8/1p1b3p/p5p1/3p1N2/P6P/1PP2P1B/6K1 b - - 0 32	d6f4 h2f4 g5f4 g1g2 g8f7 g2f3	1348	bishopEndgame crushing endgame long	https://lichess.org/xmTQUY8m/black#64
N5RHP	8/1p6/2P2k1p/pP6/P4K2/8/2b5/8 b - - 0 50	b7c6 b5b6 f6e6 b6b7	1447	advancedPawn bishopEndgame crushing endgame short	https://lichess.org/jgYuXH8n/black#100
mopDj	8/8/pp6/3B4/k1P5/6p1/4Kb2/8 b - - 1 61	a4b3 c4c5 b3b4 c5c6 b4c5 c6c7	1426	advancedPawn bishopEndgame crushing discoveredAttack discoveredCheck endgame long	https://lichess.org/n8ekljSi/black#122
U8bWS	8/6pp/8/b2P1p2/2KP4/1p3P1P/k5P1/2B5 w - - 0 40	c4b5 a5d2 c1d2 b3b2 d5d6 b2b1q	1760	advancedPawn advantage bishopEndgame endgame long promotion sacrifice	https://lichess.org/EhC1aSiz#79
kGkC1	8/7p/6p1/Pk2P3/1P3pPP/4b3/4K3/8 b - - 0 39	b5b4 e5e6 e3c5 a5a6	1640	bishopEndgame crushing endgame short	https://lichess.org/yVOdG4hp/black#78
cTq7L	8/8/5PKp/2k1b3/1p4P1/1B6/8/8 b - - 2 43	c5d4 f6f7 e5d6 g6h6 d4e4 g4g5	1505	advancedPawn bishopEndgame crushing endgame long master superGM	https://lichess.org/X1nVSbxa/black#86
CHinb	8/5B2/3k1p2/2p1pPp1/b2pP3/3P2P1/3K4/8 b - - 5 48	d6c6 f7e8 c6b6 e8a4	1512	bishopEndgame crushing endgame short skewer	https://lichess.org/HMMufY3o/black#96
Df7sl	8/p7/1p1bp3/3p4/3Pb1p1/P3P1k1/3BB3/6K1 b - - 11 36	e4f3 d2e1 g3h3 e2f1 f3g2 f1g2	1515	bishopEndgame endgame long mate mateIn3	https://lichess.org/Zuf3T27B/black#72
t277d	8/8/8/5p1p/p3pKbP/2B1P1P1/1Pk5/8 w - - 10 59	f4e5 a4a3 b2a3 c2c3	1538	bishopEndgame crushing deflection endgame short	https://lichess.org/LwBsy97f#117
Gwyud	8/5ppp/4p3/4P1K1/1B3PPP/1p4k1/1P2b3/8 w - - 1 50	b4f8 h7h6 g5h5 e2g4	1513	bishopEndgame endgame mate mateIn2 short	https://lichess.org/2GegJi8r#99
QclZV	8/8/7p/p1k4B/P5p1/1PK5/2P1b2P/8 w - - 3 36	h2h3 g4g3 h5e2 g3g2	1515	advancedPawn bishopEndgame crushing endgame sacrifice short	https://lichess.org/HD69CtLQ#71
o2A4j	8/8/1p6/2p5/P1k1p3/4p1p1/P3K1B1/8 w - - 0 52	g2e4 c4d4 e4c6 c5c4	1644	bishopEndgame crushing defensiveMove endgame short	https://lichess.org/65VeQ9n0#103
HH4oP	8/8/8/4kpp1/3p4/4K3/4B3/8 w - - 0 78	e3f3 g5g4 f3g3 e5e4 e2b5 d4d3 b5d7 d3d2	1523	advancedPawn bishopEndgame crushing endgame veryLong	https://lichess.org/MY120yoQ#155
CxKBC	8/4b3/2p1k1P1/1p1p4/3P1B2/2K5/8/8 b - - 0 53	e6f6 f4g5 f6g6 g5e7	1576	bishopEndgame crushing deflection endgame short skewer	https://lichess.org/qKh6DegD/black#106
ypwei	8/8/5P2/7K/3k3P/1b6/8/8 b - - 0 67	d4e5 h5g6 b3c2 g6g7	1593	bishopEndgame crushing defensiveMove endgame short	https://lichess.org/Ih5IotN5/black#134
Gp3Vt	8/1pB2ppp/p1p5/P2p1kb1/3P4/2PK1P1P/1P4P1/8 b - - 1 31	g5f4 g2g4 f5g5 h3h4 g5h4 c7f4	1565	advantage bishopEndgame deflection endgame long	https://lichess.org/XAA80m1P/black#62
EorId	8/3kBp1p/3P2b1/5p2/1p6/2p2P1P/1P3KP1/8 w - - 0 32	b2c3 b4b3 e7f6 b3b2	1508	advancedPawn bishopEndgame crushing endgame short	https://lichess.org/slbFwbjw#63
Zfkwm	8/1p3k2/p2bbpp1/P2p3p/1P1B1P2/1BP1K1P1/7P/8 w - - 3 37	d4c5 d6c5 b4c5 d5d4 e3d4 e6b3 c5c6 b7c6	1562	bishopEndgame crushing discoveredAttack endgame veryLong	https://lichess.org/GM6lz49S#73
tQpKH	8/5p2/1Pk1b3/4K1P1/3B4/8/p7/8 b - - 0 54	e6d5 b6b7 c6b7 e5d5	1500	advancedPawn bishopEndgame crushing deflection endgame short	https://lichess.org/TtE5D4Mp/black#108
wfRfQ	8/8/2kb4/8/1P4pB/P2K1p1P/6P1/8 w - - 0 45	g2f3 g4h3 d3e2 h3h2	1600	advancedPawn bishopEndgame crushing endgame short	https://lichess.org/Fs91JkTX#89
ubk11	8/8/4kPK1/7p/7P/8/4b3/8 b - - 7 70	e2d3 g6g7 d3f5 f6f7	1519	advancedPawn bishopEndgame crushing defensiveMove endgame short	https://lichess.org/NqAfDufj/black#140
vpEB5	8/3b1B2/7p/2kP4/p6P/Pp6/1K6/8 b - - 8 42	c5d4 f7e6 d7b5 d5d6	1567	bishopEndgame crushing endgame master short	https://lichess.org/8lEAFiRx/black#84
stgc1	8/1p6/5kP1/1P2b2P/3p4/8/4KP2/8 b - - 2 38	f6g5 f2f4 g5f4 h5h6	1541	bishopEndgame crushing endgame short	https://lichess.org/fCpv8ONv/black#76
5cjzO	8/1B3k1p/p5p1/P1P2p2/b3p2P/8/5KP1/8 b - - 0 31	a4b5 c5c6 b5c6 b7c6	1546	bishopEndgame crushing endgame short	https://lichess.org/QNwAROYT/black#62
Jerb1	8/8/p7/1p6/4pK2/P2k4/3B4/8 w - - 3 48	d2c1 a6a5 c1e3 b5b4 a3a4 b4b3	1532	bishopEndgame crushing endgame long quietMove	https://lichess.org/2kHwnTwy#95
Je4yG	6k1/pb3p1p/1p1p2p1/8/2p5/1P1PP1P1/P5BP/6K1 w - - 0 24	g2b7 c4c3 g1f2 c3c2	1551	advancedPawn bishopEndgame crushing endgame short	https://lichess.org/QgABccj4#47
blzYD	2k5/p5B1/1pp2p2/4p3/7P/1P1P4/2P3P1/1b5K b - - 2 31	f6f5 h4h5 b1c2 h5h6 c2b3 h6h7	1568	advancedPawn bishopEndgame crushing endgame long quietMove sacrifice	https://lichess.org/7EW4Dxzb/black#62
W8rQz	8/1b2k3/p2pp3/6p1/1BP1Pb2/3K1B2/P7/8 b - - 2 39	e7f6 e4e5 f4e5 f3b7	1656	advantage bishopEndgame discoveredAttack endgame master short	https://lichess.org/F8l52Ylc/black#78
Aqpvv	8/8/5Bp1/1pKP1pP1/p1b5/6P1/1k6/8 b - - 0 69	b2b3 d5d6 c4e6 c5b5	1511	bishopEndgame crushing endgame short	https://lichess.org/FbQZ0hyv/black#138
IEgVJ	8/p5pp/1P3p2/P2Bk3/1b2P3/3K3P/6P1/8 b - - 0 41	a7b6 a5a6 b4d6 a6a7	1565	advancedPawn bishopEndgame crushing endgame short	https://lichess.org/JqQRJzga/black#82
WDpau	8/8/4k3/2p2pKp/2p5/p1B1P3/8/8 b - - 1 48	e6d5 g5f5 d5c6 e3e4	1545	bishopEndgame crushing defensiveMove endgame short	https://lichess.org/2L3354Uh/black#96
kwcAm	8/8/p3b3/7P/5K2/P1P5/1k6/8 b - - 0 61	e6b3 h5h6 b3g8 c3c4 b2c3 c4c5	1585	bishopEndgame crushing defensiveMove endgame long quietMove	https://lichess.org/b7cGVFCv/black#122
c0T5z	8/3P4/8/8/8/1p1k1B2/2p5/1K6 w - - 0 65	b1c1 d3c3 d7d8q b3b2	1517	advancedPawn bishopEndgame endgame mate mateIn2 short	https://lichess.org/uMvIYFrC#129
Fa2kX	8/5kp1/7p/1pBp3P/3P2P1/1P2K2b/8/8 w - - 2 49	b3b4 h3g4 e3f4 g4h5 f4e5 h5f3	1597	bishopEndgame crushing defensiveMove endgame long master	https://lichess.org/lj6PCpkH#97
7cW69	8/8/pB6/P1p1pK2/3bP3/3P4/2k5/8 w - - 3 51	f5e6 c2d3 e6d5 c5c4 b6d4 e5d4	1545	bishopEndgame crushing endgame long quietMove	https://lichess.org/fAawLp8l#101
U5ZNi	8/1B6/1p6/6p1/3kP1K1/3b4/8/8 w - - 2 53	g4g5 d3e4 b7a6 e4d3 a6c8 b6b5 c8d7 b5b4	1518	bishopEndgame crushing defensiveMove endgame quietMove veryLong	https://lichess.org/guXw4Bo3#105
GxvbE	8/8/8/5K1p/5pp1/5k2/7P/4B3 w - - 2 57	e1d2 g4g3 d2f4 g3g2	1507	advancedPawn bishopEndgame crushing endgame master short	https://lichess.org/zD338pht#113
Vwdm9	8/3B4/8/p7/P7/1kpK4/8/8 w - - 2 62	d7e6 b3b2 e6d7 c3c2	1567	advancedPawn bishopEndgame crushing defensiveMove endgame short	https://lichess.org/fHVXmIJd#123
ktMs3	8/1P3k1p/3bp1p1/3p4/8/6P1/3B1P1P/1b4K1 b - - 0 33	f7e7 d2b4 d6b4 b7b8q	1657	advancedPawn advantage bishopEndgame deflection endgame promotion short	https://lichess.org/fH6qZW0W/black#66
e1vPE	8/8/6K1/pP2kP2/P2b4/1P6/8/8 b - - 3 54	e5d6 f5f6 d6e6 f6f7 e6e7 b5b6 d4b6 g6g7 b6d4 g7g8	1583	advancedPawn bishopEndgame crushing defensiveMove endgame veryLong	https://lichess.org/S20mlKdw/black#108
QJF0t	8/8/8/5Kp1/4P1P1/5k2/8/b7 b - - 1 48	f3e3 e4e5 a1d4 e5e6 d4c5 f5g5 e3e4 g5f6 e4f4 g4g5	1617	bishopEndgame crushing defensiveMove endgame quietMove veryLong	https://lichess.org/tPUVsBNM/black#96
rr2vJ	1Bk5/2p2p2/1p5p/P2p2p1/1P6/7P/5PP1/6K1 w - - 1 28	b8a7 c8b7 a5b6 c7b6 g1f1 b7a7	1529	bishopEndgame crushing endgame long trappedPiece	https://lichess.org/0uxqdm9P#55
gISuk	8/8/4pK2/4Pb2/5P2/5k2/7B/8 w - - 7 69	f6g5 f3g2 h2g1 g2g1	1518	bishopEndgame crushing endgame master short trappedPiece	https://lichess.org/YSk9hmqB#137
sqkvu	8/3b1k2/5p2/1p1p1Pp1/pP1P2PK/P6B/8/8 w - - 0 58	h4h5 f7g7 h3f1 d7e8	1529	bishopEndgame endgame mate mateIn2 short	https://lichess.org/dNrj6mHm#115
NyUiy	8/1p6/p5P1/Pp1k4/1P6/3K2b1/3B4/8 b - - 0 54	g3e5 d2c3 e5c3 d3c3	1508	bishopEndgame crushing endgame master masterVsMaster short	https://lichess.org/ZS97wMbL/black#108
Hh0an	8/8/1B1kP3/1b1p1P2/p5p1/7p/3K1P1P/8 w - - 0 45	b6c5 d6c5 f5f6 c5d6 f6f7 d6e7	1519	bishopEndgame crushing endgame hangingPiece long master	https://lichess.org/h9bunGPC#89
DChUl	3B4/8/4p1p1/p3P2k/1p1P1K2/P1Pb4/7P/8 w - - 0 48	a3b4 a5a4 f4e3 a4a3 e3d3 a3a2	1577	advancedPawn bishopEndgame crushing endgame long quietMove sacrifice	https://lichess.org/ZR1olClC#95
Pq4Mi	3b4/6B1/7p/6p1/p5P1/1k3P2/1P6/2K5 w - - 0 41	g7h6 d8f6 h6f8 f6b2	1595	bishopEndgame crushing endgame short	https://lichess.org/kCYE1cqG#81
lPkkp	8/8/p4Bp1/P6p/5k1P/4p3/3pK3/8 b - - 2 46	f4e4 f6g5 d2d1r e2d1 e4f3 d1e1	1524	bishopEndgame crushing defensiveMove endgame long	https://lichess.org/0Ho4t32N/black#92
0K1YS	8/6k1/1p1b2p1/1P2pp1p/P1K4P/6P1/4BP2/8 b - - 1 40	d6c5 a4a5 c5f2 a5a6	1535	bishopEndgame crushing endgame master short	https://lichess.org/KNeez6ee/black#80
D1RXI	k7/P7/bPPK2pp/4p3/8/3p2PP/8/8 b - - 1 48	d3d2 d6c7 d2d1q b6b7 a6b7 c6b7 a8a7 b7b8q a7a6 b8b6	1793	advancedPawn bishopEndgame endgame exposedKing mate mateIn5 promotion veryLong	https://lichess.org/MJJxoVlv/black#96
0eyhI	8/8/7p/2pPk1p1/bp4P1/p2PK2P/P1P5/3B4 b - - 0 40	e5d5 c2c4 b4c3 d1a4	1674	bishopEndgame crushing discoveredAttack endgame master short	https://lichess.org/gXWuJqbo/black#80
zUM7y	8/7k/5K2/4p2P/4P3/5PP1/8/b7 b - - 0 41	h7h6 g3g4 a1d4 g4g5 h6h5 g5g6	1562	bishopEndgame crushing endgame exposedKing long quietMove	https://lichess.org/pzQ4df1e/black#82
9jJC7	8/2b4p/P1k3p1/5p2/2K1p2P/6P1/3B1P2/8 b - - 0 36	c6b6 d2a5 b6a6 a5c7	1636	bishopEndgame crushing deflection endgame short skewer	https://lichess.org/X7R8GQd2/black#72
u7XGB	8/5p1p/1p2p1pP/pBkbP1P1/P4P2/1PK5/8/8 b - - 2 34	d5e4 b5e8 e4f5 e8f7	1530	bishopEndgame crushing endgame short	https://lichess.org/FoDDWkto/black#68
zoQC9	4b3/8/4pk1P/3p2p1/1p1P2P1/1P1B4/1K6/8 w - - 0 52	b2c2 e8g6 h6h7 g6d3 c2d3 f6g7	1545	bishopEndgame crushing endgame long master	https://lichess.org/xLSMVFQh#103
Ncxh1	8/3k4/8/1P3p2/3B1b2/1P1p1K2/8/8 w - - 0 48	d4e3 d3d2 e3d2 f4d2	1517	advancedPawn bishopEndgame crushing endgame master short xRayAttack	https://lichess.org/Ri8qdC64#95
NAuxA	5b2/8/4Bp1p/p7/3p4/1Pk2PP1/4K2P/8 w - - 3 44	e6c4 a5a4 b3a4 c3c4	1604	bishopEndgame crushing deflection endgame short	https://lichess.org/shC2oTDa#87
Iyn9k	8/8/P7/P5B1/3p4/b2p4/4k3/1K6 b - - 5 61	a3e7 a6a7 e7g5 a7a8q	1580	advancedPawn bishopEndgame crushing endgame master promotion short	https://lichess.org/wNzMxVMH/black#122
SQj7E	8/p7/2P2kp1/bPP4p/8/7P/4K1P1/8 b - - 0 52	f6e5 b5b6 a7b6 c6c7	1598	advancedPawn bishopEndgame crushing endgame short	https://lichess.org/hlwe6EE2/black#104
5HZgL	5k2/8/8/5KP1/3B4/5p2/8/4b3 w - - 2 90	f5f6 e1c3 d4c3 f3f2	1532	advancedPawn bishopEndgame crushing endgame sacrifice short	https://lichess.org/ZlFGgi56#179
I7tPK	8/k3Bp2/1p2p1p1/1P1bP2p/2pK1P1P/4P3/8/8 b - - 3 35	a7b7 e3e4 c4c3 e4d5 c3c2 e7a3	1682	bishopEndgame crushing defensiveMove endgame long trappedPiece	https://lichess.org/RiOXTMNw/black#70
eyfvR	8/4b3/7p/8/1p3pK1/1B2kP1P/P5P1/8 w - - 5 49	g2g3 h6h5 g4f5 f4g3	1500	bishopEndgame crushing deflection endgame short	https://lichess.org/xYfCFZm6#97
LFoUC	8/5k2/p1p1p2p/4PP2/1P4P1/1KP3bP/1P6/8 w - - 1 45	f5e6 f7e6 b3c4 g3f2	2034	advantage bishopEndgame defensiveMove endgame short	https://lichess.org/z4Nw7rZi#89
ncgjO	8/2bB2kp/2Pp2p1/1p2p3/1P1pP1KP/3P2P1/8/8 w - - 2 39	g4g5 h7h5 g3g4 c7d8	1969	bishopEndgame endgame mate mateIn2 quietMove short	https://lichess.org/Av8XwPiJ#77
uXa3I	8/4B2p/p6P/6P1/P2b2k1/4p3/4K3/8 b - - 0 47	d4e5 e7f6 g4f5 f6e5	2008	bishopEndgame crushing endgame short	https://lichess.org/j6mR1NaK/black#94
t1jnO	8/bk5p/6pP/P1p2pP1/K1P1pB2/4P3/8/8 w - - 2 49	a4b5 a7b8 f4b8 b7b8 b5c5 f5f4 e3f4 e4e3 f4f5 e3e2 f5g6 e2e1q	1934	advancedPawn bishopEndgame crushing endgame promotion sacrifice veryLong	https://lichess.org/yuD8lzmd#97
TkBHz	8/8/2B5/8/1P1kp1Pp/1P6/3K1P2/8 w - - 0 55	f2f3 h4h3 f3e4 d4e5 b4b5 h3h2 b5b6 h2h1q	1968	advancedPawn bishopEndgame crushing endgame promotion veryLong	https://lichess.org/rcUjbpaI#109
4ePsa	8/1p6/3B4/PPK1p1p1/4k1p1/8/4bP2/8 b - - 2 50	e4f3 a5a6 g4g3 f2g3 b7a6 b5b6	1957	bishopEndgame crushing endgame long	https://lichess.org/mmibh3tA/black#100
1ZXqW	8/8/p7/B2kp2p/P3p1p1/bPK1PpP1/5P1P/8 w - - 2 35	a5b4 a3c1 c3c2 c1e3	1964	bishopEndgame crushing endgame short	https://lichess.org/2g7Q8zY9#69
8Jz68	1b4k1/2p5/4P3/3KP3/PP4p1/2P5/8/8 b - - 1 44	g4g3 d5c6 g3g2 e6e7 g8f7 c6d7	2096	advancedPawn bishopEndgame crushing endgame long	https://lichess.org/k43Wy2xf/black#88
8HTiC	1k6/8/PP1P4/b1B2bpp/5p2/8/5KPP/8 b - - 1 37	f5c8 d6d7 c8d7 c5d6 b8a8 b6b7	1988	advancedPawn bishopEndgame clearance crushing endgame exposedKing long	https://lichess.org/55wEGhX3/black#74
38pL1	1b6/1P4p1/2K3pp/k7/5P2/4P1P1/8/8 b - - 0 53	a5b4 e3e4 g6g5 e4e5 g5f4 g3f4 h6h5 e5e6 h5h4 e6e7	1933	advancedPawn bishopEndgame crushing endgame quietMove veryLong	https://lichess.org/v9yARl4U/black#106
n16no	8/8/2Pk4/1K6/PP6/8/8/6b1 b - - 2 58	g1a7 b5a6 a7d4 a6b7	1905	bishopEndgame crushing defensiveMove endgame short	https://lichess.org/0r5Z8TsK/black#116
Q1cpR	8/8/1p3p2/pk1p1Pp1/3P1bP1/P1B5/1PK5/8 b - - 8 72	b5c4 a3a4 b6b5 b2b3	1934	bishopEndgame endgame mate mateIn2 quietMove short	https://lichess.org/MBsORbPt/black#144
G6GAc	8/8/4p3/PP1b4/3P4/3KpkB1/8/8 b - - 0 47	f3g3 d3e3 d5c4 b5b6 c4a6 e3e4	1804	bishopEndgame crushing defensiveMove endgame long	https://lichess.org/7XOVcS3m/black#94
L4j9y	8/8/1B5P/3kp3/pb6/8/6P1/5K2 b - - 0 54	e5e4 b6d4 d5d4 h6h7 d4d5 h7h8q	2083	advancedPawn bishopEndgame crushing endgame long promotion quietMove sacrifice	https://lichess.org/pXUVLYhQ/black#108
lFEzu	8/8/p5p1/7p/k1K2p2/1p3P1P/1B6/8 b - - 1 45	a6a5 h3h4 g6g5 h4g5 h5h4 g5g6 h4h3 g6g7 h3h2 g7g8q h2h1q g8e8	1812	advancedPawn bishopEndgame endgame mate mateIn5 promotion quietMove veryLong	https://lichess.org/iyaN336U/black#90
5tYGg	8/8/pp2k3/3p1pBp/P2p1Kpb/1P1P1P2/2P3P1/8 b - - 2 37	g4f3 g5h4 f3g2 h4f2	1804	advantage bishopEndgame endgame short	https://lichess.org/s1avqvs0/black#74
kbpkf	8/4B1p1/7k/5p1P/p4Kp1/8/8/8 w - - 4 50	f4f5 g4g3 e7c5 g3g2 f5g4 a4a3	1804	advancedPawn bishopEndgame crushing endgame long	https://lichess.org/Mdu1JojB#99
8OP3z	8/8/4k3/5b2/pBp1pK2/P1P5/8/8 b - - 4 68	e6d5 f4f5 e4e3 b4e7 e3e2 e7h4	1804	bishopEndgame crushing defensiveMove endgame hangingPiece long quietMove	https://lichess.org/pPhMn474/black#136
AQx26	6b1/4K1p1/2B2p1p/8/3k1P1P/6P1/8/8 b - - 6 51	g7g5 e7f6 g5h4 g3h4	1813	bishopEndgame crushing endgame short	https://lichess.org/0uwwyFS2/black#102
n9svq	8/8/4k3/2p1BpKP/3P4/5b2/8/8 b - - 0 45	c5d4 h5h6 e6e5 h6h7 d4d3 h7h8q	1821	advancedPawn bishopEndgame crushing endgame long promotion sacrifice	https://lichess.org/faOE0V2J/black#90
K0FC4	8/b3k2p/2K2p2/p1p2p2/8/P3P2P/4BPP1/8 b - - 1 29	f5f4 c6b7 a7b8 b7b8	1867	bishopEndgame crushing endgame short trappedPiece	https://lichess.org/RhGPlX6z/black#58
OeOZM	8/8/7P/5PK1/1kp5/8/2b5/8 b - - 0 53	c4c3 h6h7 c2f5 h7h8q	1904	advancedPawn bishopEndgame crushing endgame promotion short	https://lichess.org/ilZ2l7nc/black#106
8wkiv	8/8/pb4k1/5p2/3PpK2/P3B2P/1P6/8 w - - 2 44	d4d5 b6c7 d5d6 c7d6	1978	bishopEndgame endgame mate mateIn2 short	https://lichess.org/r7TbLV6g#87
YxoYG	8/8/7P/5p2/5k2/8/3Kp3/3b4 b - - 0 51	f4f3 d2e1 d1a4 h6h7 a4d1 h7h8q	1813	advancedPawn bishopEndgame crushing endgame long promotion	https://lichess.org/7n0bs8K4/black#102
2qGDV	1b6/8/P7/4kp2/1PKp4/8/3B4/8 b - - 0 48	f5f4 d2f4 e5f4 c4d4	1832	bishopEndgame crushing deflection endgame short	https://lichess.org/YwD9kqpq/black#96
gyzMR	4B3/1b6/1P6/1K5p/p5kP/8/8/8 w - - 0 48	e8c6 a4a3 c6b7 a3a2 b7d5 a2a1q	1851	advancedPawn bishopEndgame crushing endgame long promotion sacrifice	https://lichess.org/aXwB8MKx#95
bsw2e	8/p1pb1p2/1p1p1P1p/3P1kP1/3PN3/P5K1/1P6/8 b - - 0 37	f5e4 g5g6 f7g6 f6f7	1804	advancedPawn bishopEndgame crushing endgame short	https://lichess.org/cTmEgyHJ/black#74
YGVH8	8/p7/1p5p/4pp1P/1P4p1/P5P1/5K1k/5B2 w - - 0 52	f1e2 f5f4 g3f4 g4g3	1821	bishopEndgame crushing endgame short	https://lichess.org/rzVQrZSs#103
1GW5H	8/1b3k2/1P6/5p1p/P5pP/6B1/8/K7 w - - 2 42	g3f4 f7e6 a1b2 e6d5 b2c3 d5e4 f4d6 f5f4	1832	bishopEndgame crushing defensiveMove endgame veryLong	https://lichess.org/DBQhygL1#83
tYglN	8/8/5p2/2k4B/5P1b/1p3K1P/8/8 w - - 0 50	f3g4 f6f5 g4h4 b3b2 h5g6 b2b1q	1815	advancedPawn bishopEndgame crushing endgame long promotion sacrifice	https://lichess.org/y4cG4S4Q#99
YRwDq	8/8/pK5k/1p5P/2b5/P1P2B2/8/8 w - - 13 54	b6a6 b5b4 a6a5 b4a3 a5b4 a3a2	1815	advancedPawn bishopEndgame crushing discoveredAttack discoveredCheck endgame long	https://lichess.org/b7NsdLTm#107
tU4Vd	8/7P/8/p1k3K1/P5P1/2b5/8/8 b - - 0 47	c5b4 g5h6 b4a4 g4g5 a4b3 g5g6	1886	bishopEndgame crushing endgame long quietMove	https://lichess.org/UGMWrMwW/black#94
DI7xa	8/5B2/5p2/4p1kp/pp6/4K1PP/P7/8 w - - 2 46	f7e8 b4b3 a2b3 a4a3	1813	bishopEndgame crushing endgame short	https://lichess.org/A9v1DDJX#91
NuxVY	8/1k2bp2/4p1p1/B2pP1Pp/K2P3P/8/1P3P2/8 w - - 3 35	b2b4 e7g5 h4g5 h5h4 a4b5 h4h3	1813	bishopEndgame crushing endgame long quietMove sacrifice	https://lichess.org/jt9RZgtA#69
IPtip	8/5pp1/pb2p2p/1p1kP2P/3P2P1/P1BK1P2/8/8 b - - 1 46	g7g6 g4g5 h6g5 h5h6	1966	bishopEndgame crushing endgame short	https://lichess.org/xECY4WdK/black#92
H1zEx	8/5ppp/3k4/2p4b/1p6/1B2KP2/1PP3PP/8 b - - 3 26	d6e5 g2g4 h5g6 f3f4 e5d6 f4f5 g6f5 g4f5	1910	bishopEndgame crushing endgame trappedPiece veryLong	https://lichess.org/xjAQb1jI/black#52
ZrfmB	8/8/p2B4/8/1P6/1k1p2K1/8/8 w - - 0 52	g3f2 d3d2 f2e2 b3c2	1859	advancedPawn bishopEndgame crushing defensiveMove endgame short	https://lichess.org/p7zCinoG#103
j4X7K	8/p7/2p2pK1/4k1pB/1P2p1P1/P3P3/7P/3b4 w - - 3 37	g6f7 f6f5 g4f5 d1h5	1911	bishopEndgame crushing deflection endgame short	https://lichess.org/87u5TylP#73
gWaIt	8/8/6pp/1p6/5pK1/1B4PP/P3kP2/2b5 w - - 1 38	f2f3 h6h5 g4h4 g6g5 h4h5 f4g3	1851	bishopEndgame crushing deflection endgame long	https://lichess.org/m836ZjYY#75
Ijkh6	8/8/4Bk1p/2bP1p2/1pP3pP/pP3KP1/P7/8 w - - 0 56	f3f4 c5d6 f4e3 d6g3	1879	bishopEndgame crushing deflection endgame short skewer	https://lichess.org/aFPsUSNj#111
S2Rsg	1b6/8/P1p5/2Pk1p2/1K1P4/P6p/5P1P/8 w - - 0 36	b4a5 b8a7 a5b4 d5d4	1890	bishopEndgame crushing endgame short	https://lichess.org/vWSofmRV#71
FRldy	8/3b4/2p5/2P2k2/5B2/1P4Kp/8/8 w - - 2 50	b3b4 h3h2 g3h2 f5f4	2026	advancedPawn bishopEndgame crushing deflection endgame short	https://lichess.org/9TkQqAMe#99
PmLsf	8/3k1p2/8/1p1KP1Bp/1P2p1pP/2Pb4/5P2/8 w - - 2 39	g5f6 e4e3 f2e3 g4g3	1819	bishopEndgame crushing endgame short	https://lichess.org/eZuk3OQp#77
Xps0n	8/8/8/2pBp3/2P3kp/1K6/8/8 w - - 0 46	b3a4 g4f4 d5g2 e5e4	1857	bishopEndgame crushing defensiveMove endgame short	https://lichess.org/uiQh4Ftq#91
v0P9J	8/8/B1K5/4p1k1/6pp/6P1/8/8 w - - 0 47	c6d5 h4g3 a6f1 g5f4	1849	bishopEndgame crushing defensiveMove endgame short	https://lichess.org/pdbREvL9#93
oAujY	8/pp6/8/3P4/P5Pk/1P2p2P/2P1Kb2/8 b - - 0 45	h4h3 g4g5 f2h4 g5g6 h4f6 d5d6	1894	bishopEndgame crushing endgame long quietMove	https://lichess.org/Jq7s4g7X/black#90
MiwbV	8/5B2/2pp1p2/p3k1p1/7p/2P1P2P/2P2KP1/8 w - - 0 37	f7e8 a5a4 e8f7 d6d5	1855	bishopEndgame crushing defensiveMove endgame quietMove short	https://lichess.org/jKkBhpKk#73
Fyn2J	8/8/p7/2p1bk1p/1pP5/1P1P1PBp/2P1K3/8 w - - 2 39	e2f2 h3h2 g3h2 e5h2	1933	advancedPawn bishopEndgame crushing endgame short xRayAttack	https://lichess.org/hYnru4KW#77
5E7Gl	8/8/3b3p/2p1p1pk/1pP1P1P1/1P2BK1P/8/8 b - - 0 31	h5h4 f3g2 h6h5 e3f2	1839	bishopEndgame endgame mate mateIn2 short	https://lichess.org/JQur4XVw/black#62
KOecQ	8/6B1/1K4p1/3kP2p/8/p7/7P/8 w - - 1 58	b6b5 d5e6 b5c4 a3a2	1855	advancedPawn bishopEndgame crushing endgame short	https://lichess.org/mNDPqSdB#115
KABAk	6b1/8/5B2/6PP/k7/1p6/pK6/8 b - - 0 53	a4b5 g5g6 g8d5 h5h6 d5e4 h6h7	1831	advancedPawn bishopEndgame crushing endgame long	https://lichess.org/nyntMgIx/black#106
mvrdP	8/3b4/1Pk5/P2p1pp1/3P4/4K1P1/8/5B2 w - - 7 48	f1h3 f5f4 g3f4 g5f4 e3f3 d7h3	1886	bishopEndgame crushing endgame long master	https://lichess.org/tmYiH1Jr#95
5pUCZ	8/8/8/3k2Kp/3b1P1P/1p4P1/8/2B5 w - - 0 59	f4f5 d4e3 c1e3 b3b2	1867	advancedPawn bishopEndgame crushing endgame sacrifice short	https://lichess.org/X3Ol5gAv#117
1A4AJ	3b4/4k3/1p4B1/p1pK3p/P1P2pp1/1P5P/6P1/8 w - - 0 61	g6h5 f4f3 g2f3 g4g3	1831	bishopEndgame crushing endgame short	https://lichess.org/rw2KHrfq#121
XAaN9	8/8/4k2P/p2p2PB/P3p3/4K3/1b6/8 w - - 7 55	g5g6 b2c1 e3d4 c1h6	2010	bishopEndgame crushing endgame short skewer	https://lichess.org/nGozm8zM#109
SREMO	8/pp2b3/4k3/1PPpP1pp/3Pp3/4P2P/6K1/4B3 b - - 2 43	a7a6 c5c6 b7c6 b5a6	1971	bishopEndgame crushing deflection endgame short	https://lichess.org/zF7W6ft5/black#86
YgFmY	2k5/p7/P1PK2p1/1B3bP1/8/4p3/8/8 b - - 0 58	f5g4 c6c7 e3e2 b5c6 e2e1q c6b7	1999	advancedPawn bishopEndgame clearance endgame long mate mateIn3 quietMove	https://lichess.org/0ABUdCr1/black#116
UKtLi	8/7k/2p1p2p/2Pb2pK/3P2P1/6BP/8/8 w - - 1 41	g3e5 d5e4 h3h4 e4g6	1926	bishopEndgame endgame mate mateIn2 quietMove short	https://lichess.org/N6tdYQIp#81
KxDbH	8/6p1/2pBkp1p/1b2P3/p3K1P1/2P2P2/7P/8 w - - 0 32	e5f6 e6d6 f6g7 b5c4	1858	bishopEndgame crushing defensiveMove endgame short	https://lichess.org/KYrTMIcR#63
kjJjj	8/8/7p/1pB4K/2p2p1P/2Pk4/5P2/8 w - - 2 39	c5d4 b5b4 h5h6 b4b3 h4h5 b3b2	1821	advancedPawn bishopEndgame crushing endgame long	https://lichess.org/0hnf5mFa#77
xSd4I	8/4B3/p7/2P1b3/3p2Kp/2k5/P1P5/8 w - - 7 60	e7h4 c3c2 h4g3 d4d3 g3e5 d3d2	2108	advancedPawn bishopEndgame crushing endgame long sacrifice	https://lichess.org/nbuwrSZc#119
GPF60	8/pp2Bp2/4p1k1/4Pb1p/1P1PpK2/P3P3/6P1/8 b - - 0 37	g6h6 d4d5 e6d5 f4f5	2208	bishopEndgame crushing deflection endgame short	https://lichess.org/ErgERlAT/black#74
hOwWS	4k3/3b4/5PKp/1p2P3/8/P7/7P/8 b - - 2 42	h6h5 f6f7 e8f8 g6f6 h5h4 e5e6 d7e6 f6e6	2106	advancedPawn bishopEndgame crushing endgame veryLong	https://lichess.org/lHZZcaFU/black#84
9h0Dx	8/5p1p/4p3/pp2P3/1k3PP1/5K2/5P2/3B4 w - - 0 31	f3e2 b4c3 e2e3 a5a4	2126	bishopEndgame crushing defensiveMove endgame short	https://lichess.org/Bkq5trRn#61
FbSCU	8/8/3Bp3/8/PP6/2kpp3/8/3K4 w - - 0 49	a4a5 e3e2 d1e1 d3d2 e1e2 c3c2	2104	advancedPawn bishopEndgame crushing defensiveMove endgame exposedKing long	https://lichess.org/9CtcCwTv#97
yp6BR	8/1p3p1B/1k4p1/1b6/7P/6K1/5PP1/8 b - - 0 33	b5d3 h4h5 b6c6 h5h6 c6d5 h7g8	2193	bishopEndgame crushing endgame long pin	https://lichess.org/7r321zvy/black#66
1udhU	5b2/1k6/3pBBpp/3P4/p2Pp3/4K1P1/7P/8 w - - 0 40	e3d2 e4e3 d2e3 a4a3 e3d2 a3a2	2200	advancedPawn bishopEndgame crushing endgame long	https://lichess.org/RFB1ayyz#79
llYAT	6k1/8/Bb2p3/8/2p3P1/1P1p3P/2P5/5K2 w - - 0 37	f1e1 d3c2 e1d2 c4b3 a6c4 b6e3	2109	advancedPawn bishopEndgame capturingDefender crushing endgame long master	https://lichess.org/WL2SLFd7#73
8U0jL	8/4k1b1/6P1/6KP/8/8/8/8 b - - 2 60	g7f6 g5h6 f6c3 h6h7	2157	bishopEndgame crushing defensiveMove endgame short	https://lichess.org/WJbwGohS/black#120
4Oz1V	8/6p1/2k1P1p1/2p3P1/1p1bKB1P/1P6/8/8 w - - 1 49	f4e5 d4e5 e6e7 c6d7 e4e5 c5c4 e7e8r d7e8	2103	bishopEndgame crushing endgame veryLong	https://lichess.org/lXw5GrHG#97
l1Gnw	8/3k4/1P1p2bp/2pB4/8/1p1P2PP/1PP5/6K1 w - - 0 35	d5e6 d7e6 c2b3 e6d7	2127	advantage bishopEndgame defensiveMove endgame short	https://lichess.org/eyqiauIn#69
ah6tv	8/p7/1p6/4k3/1P2bp2/3BK2P/P7/8 w - - 0 45	e3e2 f4f3 e2e3 e4d3	2161	bishopEndgame crushing endgame short	https://lichess.org/GuNUwaOf#89
V9d5O	3B4/8/8/1p1p1p1k/1P1P2p1/P6P/5KP1/5b2 b - - 3 36	g4h3 f2f1 h3h2 g2g4	2126	bishopEndgame crushing endgame hangingPiece short	https://lichess.org/G3LwNf0X/black#72
zgP3I	8/1p6/pB4bp/P2pk1p1/6P1/4P3/4KP2/8 b - - 1 41	e5e4 b6d4 h6h5 f2f3	2109	bishopEndgame endgame mate mateIn2 quietMove short	https://lichess.org/x0l6DBXL/black#82
cQYW7	2B5/8/4p3/4Pp1p/2b1kPp1/6P1/5K1P/8 b - - 9 41	h5h4 c8b7 e4d4 g3h4	2103	bishopEndgame crushing endgame master masterVsMaster short	https://lichess.org/dmGKabpa/black#82
KyO2q	8/4b1p1/pk2p1P1/2p1P2p/2K5/P5P1/2PB4/8 b - - 3 34	e7d8 d2h6 h5h4 g3h4	2101	bishopEndgame crushing endgame short	https://lichess.org/rXgVdF93/black#68
KEaQi	8/8/1P5p/K4pp1/5P1B/6P1/4b2k/8 b - - 0 48	e2f3 h4g5 h2g3 g5h6	2116	bishopEndgame crushing endgame master short	https://lichess.org/T3cMSU4M/black#96
hCakN	3b4/8/k2p1p2/2pP1Pp1/2P1K1P1/8/3B4/8 b - - 3 52	d8a5 d2g5 f6g5 f5f6 a5d8 e4f5	2207	bishopEndgame crushing endgame long master sacrifice	https://lichess.org/lOR7wlN7/black#104
XbdbE	8/8/P1k5/2B5/1P2p3/6p1/5pKb/8 b - - 0 55	c6c7 b4b5 h2g1 b5b6 c7c6 b6b7	2100	advancedPawn bishopEndgame crushing endgame exposedKing long quietMove	https://lichess.org/4uJbKdmD/black#110
emzNh	2B5/6p1/p6p/P3kP2/8/1p1P1K1P/8/8 w - - 0 44	c8b7 e5d4 f5f6 g7f6 b7a6 b3b2	2169	advancedPawn bishopEndgame crushing endgame long	https://lichess.org/hyqh22Jn#87
mtSrB	8/p7/1p6/7p/7P/1P1kpp2/P6B/5K2 w - - 4 51	f1e1 f3f2 e1f1 e3e2 f1f2 d3d2 h2f4 d2d1	2151	advancedPawn bishopEndgame crushing defensiveMove endgame exposedKing veryLong	https://lichess.org/p9uUhdBj#101
01oWi	8/p7/8/1PP1p3/4K1k1/2b3P1/8/8 b - - 0 48	g4g3 b5b6 a7b6 c5c6	2120	bishopEndgame crushing endgame short	https://lichess.org/pbHmn2fH/black#96
wtG8p	8/1p2k3/5PKp/p3P3/P4b2/1P6/7P/8 b - - 0 45	e7f8 e5e6 f4h2 e6e7 f8e8 f6f7 e8e7 g6g7	2163	advancedPawn bishopEndgame crushing endgame exposedKing sacrifice veryLong	https://lichess.org/QQoqs3NW/black#90
d2seD	8/8/2PbB3/pK6/P4p2/1P3Pp1/5kP1/8 w - - 1 59	b5a5 f2g2 a5b6 g2h2 c6c7 d6c7 b6c7 g3g2	2122	advancedPawn bishopEndgame crushing endgame veryLong	https://lichess.org/xt3pVtp4#117
tbNQ7	8/6p1/4p1Bp/b2pkp2/5P1P/4P1P1/4K3/8 b - - 0 39	e5e4 g6h5 d5d4 h5f3	2274	bishopEndgame endgame master mate mateIn2 quietMove short	https://lichess.org/C7CtmmMc/black#78
OIcPP	8/2p2p2/bp1p1k2/p2P1P1P/2P2KP1/P7/8/8 b - - 2 37	a6c4 h5h6 f6e7 h6h7	2168	advancedPawn bishopEndgame crushing endgame short	https://lichess.org/mqEiJKFQ/black#74
V0H7d	6k1/1p6/p3p3/P1P4p/1PP2Pp1/6P1/2b1K3/8 b - - 0 36	c2a4 b4b5 a6b5 c5c6 b7c6 a5a6	2105	advantage bishopEndgame endgame long sacrifice	https://lichess.org/lcqHrvNr/black#72
1qtQY	3B4/5kpp/4p3/8/ppp3P1/5p1P/PP3P2/6K1 w - - 0 35	d8a5 c4c3 b2c3 b4b3 a2b3 a4b3	2130	bishopEndgame crushing endgame long	https://lichess.org/sUmIeyxM#69
LYmXM	6B1/8/1p1ppk2/p1b5/2P1P3/1P3K2/P7/8 w - - 5 49	g8h7 f6g7 h7f5 e6f5	2168	bishopEndgame crushing endgame master short trappedPiece	https://lichess.org/7TmYiXBa#97
tbJvw	8/8/7K/3kp2P/1p6/4P3/6b1/1B6 b - - 0 46	g2e4 b1a2 d5d6 h6g7	2186	bishopEndgame crushing defensiveMove endgame master short	https://lichess.org/Z4tFeH81/black#92
bwFPB	8/8/B5p1/1p5p/1Pk5/P2pp3/6PP/3K4 w - - 2 45	a3a4 c4c3 a6b5 e3e2 d1e1 d3d2 e1e2 c3c2 b5d3 c2c1 e2e3 d2d1q	2107	advancedPawn bishopEndgame crushing endgame exposedKing promotion sacrifice veryLong	https://lichess.org/GT4676zJ#89
NtzlF	8/8/4Bp2/4p1p1/PkP3P1/1p1K4/6P1/8 w - - 2 44	a4a5 e5e4 d3e4 b3b2 e4d5 b2b1q	2145	advancedPawn advantage bishopEndgame endgame long promotion	https://lichess.org/PLFHv4DE#87
yg8Ja	8/8/6p1/8/3K1B1p/8/6k1/8 w - - 0 43	d4e5 g2f3 f4h6 h4h3 h6f4 g6g5	2214	bishopEndgame crushing endgame long	https://lichess.org/aGY1Xs09#85
kIINc	2b5/p3k3/1p2p1K1/3p4/3PpPB1/PP2P3/8/8 b - - 0 45	c8a6 g4e6 e7e6 f4f5 e6e7 g6g7 a6e2 f5f6 e7e6 f6f7	2206	advancedPawn attraction bishopEndgame crushing endgame sacrifice veryLong	https://lichess.org/Cji8vnAY/black#90
H13TD	8/2p2p2/7p/p1PPk3/4B3/1P1Kp2P/P7/2b5 w - - 0 43	c5c6 e3e2 d3e2 e5e4 d5d6 c1f4 d6c7 f4c7	2214	advancedPawn bishopEndgame crushing deflection endgame veryLong	https://lichess.org/qqXIcxAQ#85
loxmw	8/1p6/p2P1k2/PPP5/5K2/7b/5P2/8 b - - 0 46	a6b5 c5c6 b7c6 a5a6 h3c8 d6d7 c8d7 a6a7	2127	advancedPawn bishopEndgame crushing endgame sacrifice veryLong	https://lichess.org/qUZIQvw4/black#92
r0ymr	8/5ppk/7p/8/PPP1P3/8/5bP1/7K b - - 0 36	h7g6 c4c5 f2e1 c5c6 e1b4 c6c7	2131	advancedPawn bishopEndgame crushing endgame long quietMove	https://lichess.org/4wWGTJSt/black#72
I5U4V	2B5/pp6/2p4p/2P1p3/1P3p2/P1k2K2/8/8 b - - 3 49	c3b3 c8b7 b3a3 b4b5	2123	bishopEndgame crushing endgame short	https://lichess.org/DryjtmQB/black#98
aeKUL	8/7p/8/4k1PP/4b1P1/2p1K3/4B3/8 w - - 2 39	e2d3 c3c2 d3c2 e4c2 g5g6 h7h6	2173	advancedPawn advantage bishopEndgame defensiveMove endgame long xRayAttack	https://lichess.org/AEqA4cZ2#77
aM17t	8/1p6/3Pk3/p1K1P1p1/3B1p1p/P3bP1P/8/8 b - - 4 54	b7b6 c5c6 e3d4 d6d7 e6e7 c6c7 d4e5 c7c8 e7d6 d7d8q	2332	advancedPawn bishopEndgame crushing defensiveMove endgame promotion sacrifice veryLong	https://lichess.org/JuovH47X/black#108
vs4sK	8/7p/2p2kbK/1pPp4/1P1P4/2P5/8/5B2 b - - 3 39	f6f5 f1h3 f5f6 h3d7	2134	bishopEndgame crushing endgame short	https://lichess.org/0XQmSOg2/black#78
ZY4AC	8/8/2B4P/8/5k2/3ppp2/8/4K3 w - - 0 53	h6h7 f3f2 e1f1 f4g3 c6f3 g3f3 h7h8q e3e2	2328	advancedPawn bishopEndgame capturingDefender endgame master mate mateIn4 veryLong	https://lichess.org/60uW8bNP#105
z3OOP	5b2/8/p5p1/1p4B1/3P2p1/P1Pk1pP1/1P3P1P/2K5 w - - 0 41	c1b1 d3e2 g5e3 f8h6 e3h6 e2f2 b1a2 f2e2	2236	bishopEndgame crushing defensiveMove deflection endgame sacrifice veryLong	https://lichess.org/7omxbIXU#81
YE9i6	8/6p1/3k4/2pP1pp1/B2p4/1P1P3P/1KP5/8 w - - 0 37	c2c4 g5g4 h3g4 f5g4 b3b4 g4g3	2234	bishopEndgame crushing endgame long	https://lichess.org/dkwXss8m#73
e9vQF	4B3/8/1p1p1kp1/2pK2p1/6P1/3p3P/8/8 w - - 0 54	d5d6 c5c4 e8b5 d3d2 b5a4 b6b5 a4d1 b5b4 d6d5 b4b3 d5c4 b3b2	2110	advancedPawn bishopEndgame crushing endgame quietMove veryLong	https://lichess.org/YYm60rMf#107
0UVTT	8/8/8/5p1B/8/3Kp1k1/3p2P1/8 w - - 2 61	h5f3 g3f2 f3h5 f5f4	2146	bishopEndgame crushing defensiveMove endgame short	https://lichess.org/lSAQ2cM4#121
OCQ9w	8/1p6/p3p2B/2kp2P1/3b4/P6K/8/8 b - - 0 43	e6e5 g5g6 e5e4 h6e3 d4e3 g6g7	2220	advancedPawn advantage bishopEndgame clearance endgame long sacrifice	https://lichess.org/hBUI3Zcw/black#86
Qvc5q	8/1Pk5/2p1B3/6p1/4ppKp/8/5P2/8 w - - 0 52	g4g5 e4e3 e6g4 h4h3 g5f4 h3h2	2142	advancedPawn bishopEndgame crushing endgame long	https://lichess.org/SOdVFweQ#103
IQasM	8/3kb3/1B1p4/1p1Pp3/1P2P3/5K2/8/8 b - - 7 46	e7d8 b6d8 d7d8 f3g4 d8e8 g4g5	2124	bishopEndgame crushing defensiveMove endgame long	https://lichess.org/JaunEG68/black#92
1glRg	8/8/8/P4p2/1pK3kp/2b1B3/7P/8 b - - 0 49	f5f4 e3f4 g4f4 a5a6	2136	bishopEndgame crushing endgame sacrifice short	https://lichess.org/x5UHNbm7/black#98
5pTsC	8/8/p5k1/1pPb1ppp/1P1Pp3/P3K1P1/4B2P/8 w - - 2 47	h2h3 h5h4 g3h4 f5f4	2144	bishopEndgame crushing endgame short	https://lichess.org/vyqfb2u8#93
OgwFh	4B3/2k4p/b3p1p1/p1P1ppP1/4P2P/P1K2P2/8/8 b - - 7 45	a6e2 e8g6 h7g6 h4h5	2156	bishopEndgame crushing endgame master sacrifice short	https://lichess.org/DQq9oLzV/black#90
y8MoA	8/4k3/7p/1pp3p1/3b4/1P4B1/P5PP/5K2 w - - 0 36	a2a4 c5c4 b3c4 b5a4	2102	bishopEndgame crushing deflection endgame short	https://lichess.org/l4k1hVvP#71
KCd59	6k1/8/p7/1PP1b3/P7/6p1/6K1/8 b - - 0 45	a6b5 a4a5 g8f7 a5a6 e5b8 c5c6	2223	bishopEndgame crushing endgame long quietMove	https://lichess.org/hjqDyPAj/black#90
kKkzJ	8/8/3K2p1/1p4Pp/p1b4P/P1Pk4/5B2/8 w - - 22 64	f2d4 b5b4 c3b4 d3d4	2230	bishopEndgame crushing deflection endgame short	https://lichess.org/bpt326Vy#127
DK0qr	3k4/3P3p/1P2K3/2B5/7b/5p1P/8/8 w - - 1 47	e6d6 h4e7 d6c6 e7c5 c6c5 d8d7	2160	bishopEndgame crushing endgame long	https://lichess.org/HzFpuN9Q#93
o5wQ3	8/8/pB2kb2/P5p1/2p2p1p/2P2P1P/1K4P1/8 w - - 0 49	b6d4 f6d4 c3d4 e6d6	2123	bishopEndgame crushing defensiveMove endgame short	https://lichess.org/IkKgY8Uw#97
O2mvc	2b5/p2pkp2/1p4p1/1P1B3p/P3PP1P/4K3/6P1/8 b - - 0 30	a7a6 a4a5 b6a5 b5b6	2293	advantage bishopEndgame endgame short	https://lichess.org/12h6mYTi/black#60
beZAP	8/2k5/2P4p/1PK5/5pp1/8/4bB2/8 b - - 1 70	g4g3 b5b6 c7b8 f2d4 e2a6 d4e5 b8c8 e5f4	2268	bishopEndgame crushing endgame exposedKing master quietMove veryLong	https://lichess.org/TfmXSdZ7/black#140
dIxfM	3K4/1p6/2b1k1pB/2P1Pp1p/5P1P/8/8/8 w - - 7 46	h6f8 g6g5 f4g5 f5f4 g5g6 f4f3 g6g7 e6f7 e5e6 f7g8	2135	bishopEndgame crushing defensiveMove endgame quietMove veryLong	https://lichess.org/83emHYPR#91
4QGZv	1B6/8/P1k2p2/2p5/2KbP3/8/8/8 b - - 2 45	c6b6 a6a7 b6b7 b8d6	2432	advancedPawn bishopEndgame crushing endgame short	https://lichess.org/okUPE5SM/black#90
3cudu	2k5/2P5/p7/Bp2K3/1P2p1p1/P4b2/5P2/8 w - - 0 53	e5d6 e4e3 f2e3 f3e4 a5b6 g4g3	2470	advantage bishopEndgame clearance endgame long quietMove	https://lichess.org/iEu9ZtD9#105
uptPG	8/8/1P4pp/4K3/Pk6/4p2P/4Bb2/8 b - - 0 48	b4a4 e5f4 h6h5 h3h4 g6g5 h4g5	2414	bishopEndgame crushing endgame long quietMove	https://lichess.org/4zifPZ5M/black#96
RdlLl	8/7p/3bk3/1P4PP/5p2/pK6/5B2/8 b - - 0 46	e6f5 g5g6 h7g6 h5h6 g6g5 h6h7 d6e5 b5b6 f5g6 f2d4 e5d4 b6b7	2548	advancedPawn bishopEndgame crushing endgame master sacrifice veryLong	https://lichess.org/rbGv0xo1/black#92
zRgWA	8/p3b3/5p1p/1p3Pp1/2k1P1P1/2B3P1/PP6/6K1 w - - 0 29	e4e5 b5b4 e5f6 e7c5 g1g2 b4c3	2415	bishopEndgame crushing endgame exposedKing long	https://lichess.org/IzIpPiQL#57
UGOCj	8/8/pK6/1p1k1p1p/8/2B2PP1/8/8 w - - 8 52	b6a6 f5f4 g3f4 h5h4 f4f5 h4h3 f5f6 d5e6 c3e5 b5b4 a6b5 b4b3	2479	bishopEndgame crushing endgame master masterVsMaster quietMove veryLong	https://lichess.org/KiRhBXOd#103
PjaAs	8/p3kp2/1p2p1p1/1P1b3p/3P1P1P/P2BK1P1/8/8 w - - 1 33	d3e4 d5e4 e3e4 e7d6 a3a4 f7f6 e4e3 d6d5 e3d3 f6f5 d3c3 d5e4	2404	bishopEndgame crushing endgame quietMove veryLong zugzwang	https://lichess.org/KHEzzLd2#65
fHC6E	2b5/8/4k3/p3P3/6p1/PP4Kp/2B5/8 w - - 1 53	g3g4 h3h2 c2e4 e6e5 g4g3 e5e4	2405	advancedPawn bishopEndgame crushing discoveredAttack discoveredCheck endgame long	https://lichess.org/yQSs2uvX#105
jw9Rb	8/8/p1p1K1k1/P1Pp1p1p/3P1B1P/2P5/2b5/8 b - - 33 64	c2b3 e6d6 b3a4 c3c4 d5c4 d4d5 c6d5 c5c6 a4c6 d6c6	2459	bishopEndgame crushing endgame sacrifice veryLong	https://lichess.org/AU4kZtHo/black#128
vLy4z	8/b7/7B/PP3k2/6p1/5p2/8/5K2 b - - 0 50	g4g3 b5b6 a7b8 a5a6 g3g2 f1g1 b8g3 a6a7 g3d6 h6e3	2476	advancedPawn bishopEndgame crushing defensiveMove endgame veryLong	https://lichess.org/yUAzcnCK/black#100
NBdhI	8/5p2/1p1p4/3Pk1P1/1Pb1B1P1/6K1/7P/8 w - - 1 45	h2h4 e5e4 h4h5 e4e5	2446	advantage bishopEndgame endgame hangingPiece short	https://lichess.org/HWAJreIm#89
vqVpc	8/5p2/1bk1P3/p4BPp/P1Kp3P/2p5/P7/8 b - - 0 44	f7e6 g5g6 e6f5 c4d3 b6d8 g6g7	2484	advancedPawn bishopEndgame crushing endgame long sacrifice	https://lichess.org/HtNiLF03/black#88
7dQQ8	8/4b3/1pB5/2PP1k2/6p1/4p1K1/8/8 w - - 0 49	c5b6 e7h4 g3h4 e3e2 h4h5 e2e1q	2554	advancedPawn bishopEndgame crushing endgame long promotion sacrifice	https://lichess.org/syBDeY2D#97
7nsJ3	8/8/4k3/3b1p2/6pp/4P2P/5KPB/8 w - - 0 52	h2g1 g4g3 f2f1 d5e4	2498	bishopEndgame crushing endgame master short	https://lichess.org/LBVuegpI#103
HPa3o	8/8/2p4P/Bp6/3Pbp2/2P1k1p1/6P1/5K2 w - - 3 55	a5b4 e4g2 f1g2 f4f3 g2g3 f3f2 h6h7 f2f1q h7h8r f1g1 g3h3 g1h1 h3g4 h1h8	2415	advancedPawn attraction bishopEndgame crushing endgame promotion skewer veryLong	https://lichess.org/SeOed5KO#109
dD88A	8/5k2/5P2/4K1P1/1p5P/8/6b1/8 b - - 2 44	g2h3 h4h5 b4b3 g5g6 f7e8 h5h6	2529	bishopEndgame crushing endgame exposedKing long quietMove	https://lichess.org/winzR3n4/black#88
3l5IW	8/p7/8/1Bk2ppp/P1P1b3/2K3P1/7P/8 w - - 1 40	h2h4 f5f4 g3f4 g5h4	2551	bishopEndgame crushing deflection endgame master short	https://lichess.org/kc7XZS63#79
crUIk	8/3p3p/3P1K2/4Bp2/2p1kP2/2P5/2b3P1/8 b - - 2 52	e4e3 f6e7 c2a4 g2g4 f5g4 f4f5 e3e4 f5f6 e4e5 f6f7	2411	advancedPawn bishopEndgame crushing endgame quietMove sacrifice veryLong	https://lichess.org/myWrmy2G/black#104
DByoc	8/8/6p1/pp3p2/4bPP1/P1BpK3/1Pk5/8 w - - 0 44	c3a5 f5g4 e3e4 d3d2 a5d2 c2d2	2409	advancedPawn bishopEndgame crushing endgame long sacrifice	https://lichess.org/Wbj3FXHw#87
cckAV	8/5k2/4p2p/PBp5/3b2PB/8/6K1/3b4 b - - 0 45	d1g4 a5a6 g4f5 b5c6 c5c4 h4f2 d4f2 g2f2	2402	bishopEndgame crushing endgame quietMove veryLong	https://lichess.org/znZGMzfz/black#90
tPxYy	3b4/7p/6kP/p1B2p2/2P5/1P4P1/8/3K4 b - - 0 38	g6h6 c5d6 h6g5 c4c5 g5f6 c5c6	2417	bishopEndgame crushing endgame long master quietMove	https://lichess.org/akj3W5OY/black#76
56BFg	8/4b3/8/1p1pBp2/p1pP4/P1P1PK1k/1P6/8 w - - 22 69	f3f4 e7a3 b2a3 b5b4	2407	advantage bishopEndgame endgame master sacrifice short	https://lichess.org/tZZPQ54h#137
d96ej	8/3B1b2/1p5p/1P4k1/P1pK2P1/8/8/8 b - - 2 48	g5f6 a4a5 c4c3 d7f5	2461	bishopEndgame crushing defensiveMove endgame short	https://lichess.org/izdhue2r/black#96
Kl5of	4k3/8/3KPP2/4P3/8/8/8/1b6 b - - 0 61	b1g6 f6f7 e8f8 e6e7 f8f7 d6d7	2410	advancedPawn bishopEndgame crushing defensiveMove endgame exposedKing long	https://lichess.org/8qF4GbNL/black#122
xRyLd	8/2K5/8/2B4p/7P/5p2/6k1/8 w - - 0 65	c7d7 g2g3 d7e6 g3h4 c5f2 h4g4 f2e1 h5h4	2421	bishopEndgame crushing defensiveMove endgame veryLong	https://lichess.org/AYYtYPAS#129
mbU8H	6B1/4k1p1/7p/3Pp2P/1b2P1P1/p7/4K3/8 w - - 0 42	e2d3 e7f8 d5d6 f8g8	2474	bishopEndgame crushing endgame short	https://lichess.org/Nml26awD#83
kZN49	8/8/p7/1p2K1k1/5ppp/1P6/P4B1P/8 w - - 0 37	e5e4 g4g3 f2g1 g5g4 h2h3 g4h3 e4f3 b5b4 g1c5 h3h2	2441	bishopEndgame crushing defensiveMove endgame quietMove veryLong	https://lichess.org/UHyhRJFa#73
C4SNP	8/8/p1kP4/2P5/1PK5/8/Pb6/8 b - - 6 59	b2e5 a2a4 e5d6 c5d6 c6d6 c4d4	2463	bishopEndgame crushing defensiveMove endgame long quietMove zugzwang	https://lichess.org/x4mSFndJ/black#118
IL73e	8/p7/1p2kp2/1P1pb1pp/1B3P2/3KP1PP/8/8 b - - 0 41	e5d6 f4f5 e6e5 b4d6 e5d6 d3d4 g5g4 h3h4 a7a6 b5a6	2432	bishopEndgame crushing endgame quietMove veryLong zugzwang	https://lichess.org/1aWOV6RK/black#82
hfBL1	8/3k4/1Kb1p1p1/2P1Pp1p/8/3B2P1/7P/8 w - - 1 38	d3b5 c6b5 b6b5 g6g5 b5b6 d7c8	2423	bishopEndgame crushing defensiveMove endgame long quietMove	https://lichess.org/R4snKxKV#75
qSVLD	8/8/6P1/2pK4/P7/8/1bk5/8 b - - 1 53	b2d4 d5c4 c2d2 a4a5	2411	bishopEndgame crushing defensiveMove endgame short	https://lichess.org/MaGiWf2O/black#106
DREqy	8/7b/7P/6P1/5P2/6K1/3k4/8 b - - 3 47	d2d3 f4f5 h7f5 g3f4 f5h7 f4e5	2500	bishopEndgame crushing defensiveMove endgame long quietMove	https://lichess.org/3HhVA8H0/black#94
VyfF1	6k1/p7/4K1PP/1p3P2/2pb4/8/P7/8 b - - 0 54	c4c3 f5f6 c3c2 h6h7 g8h8 g6g7 h8h7 e6f7 h7h6 g7g8q	2446	advancedPawn bishopEndgame crushing endgame exposedKing promotion veryLong	https://lichess.org/K8AI0KrH/black#108
5rLys	8/6Bp/8/8/1pk5/2p3P1/5K1P/8 w - - 2 54	f2e1 c4b3 e1d1 b3b2	2499	bishopEndgame crushing defensiveMove endgame short	https://lichess.org/YtkdVth3#107
6FiI4	8/pB3pk1/1p2p1p1/4p3/P1P5/1P3P2/3K2P1/1b6 b - - 0 29	a7a5 b3b4 a5b4 c4c5 b6c5 a4a5 f7f5 a5a6	2437	advantage bishopEndgame endgame quietMove sacrifice veryLong	https://lichess.org/7J952ezL/black#58
5FXpq	8/8/8/6p1/6P1/3k1B1P/4pK2/3b4 w - - 6 56	h3h4 g5h4 f3e2 d1e2 g4g5 e2g4 g5g6 d3e4 g6g7 g4e6	2463	bishopEndgame crushing defensiveMove endgame quietMove veryLong	https://lichess.org/vdIZwEOO#111
qAaUU	8/6pp/5k2/3p4/4bPP1/3BP3/3K4/8 b - - 1 35	g7g6 d3e4 d5e4 g4g5 f6g7 d2c3	2420	bishopEndgame crushing defensiveMove endgame long	https://lichess.org/WrIhTQ5O/black#70
vBpF5	8/7p/1P2k1p1/P3p3/2K5/4b3/6PP/8 b - - 0 41	e6d6 c4b5 d6d7 a5a6 d7c8 b5c6 c8b8 a6a7 b8a8 b6b7 a8a7 c6c7 e3b6 c7c8 a7a6 b7b8q	2445	advancedPawn bishopEndgame crushing endgame promotion veryLong	https://lichess.org/Uqx5MUXs/black#82
D2Pyb	8/1p2b3/4k2B/3p1p1p/1P1P4/P3K2P/8/8 w - - 2 46	h6g7 e7g5 e3f3 b7b5 g7e5 g5c1	2459	bishopEndgame crushing endgame long quietMove	https://lichess.org/txPaevTN#91
V2kjW	8/5pk1/6p1/PP6/3b4/5KP1/8/8 b - - 0 43	g7f8 f3e4 d4f2 e4d5 f8e8 d5c6	2586	bishopEndgame crushing defensiveMove endgame long	https://lichess.org/WXqwmFWU/black#86
WFph8	8/7k/4p1pp/5p1P/4pK2/8/4B1P1/8 b - - 1 43	g6h5 e2h5 e4e3 f4e5 e3e2 h5e2	2402	bishopEndgame crushing endgame long	https://lichess.org/yrYBSDjp/black#86
oNGvY	8/8/1p6/8/P1p4p/6kP/3K1p2/5B2 w - - 0 67	d2c3 g3h2 c3c4 h2g1 f1e2 g1g2 c4b5 g2h3	2475	bishopEndgame crushing endgame master veryLong	https://lichess.org/BPVKmvlY#133
XnI1b	8/1p2bk2/2p3p1/3p4/1P1B1KP1/2P4P/8/8 b - - 1 33	e7f6 d4f6 f7f6 h3h4 b7b6 h4h5	2464	bishopEndgame crushing endgame long quietMove	https://lichess.org/JUym1J28/black#66
DRRY5	8/1p5b/2p4P/P1P2pK1/2k5/8/3B4/8 b - - 0 61	c4c5 d2f4 c5b5 g5f6	2417	bishopEndgame crushing endgame quietMove short	https://lichess.org/E4g453Lq/black#122
wTOYP	8/5k2/8/4p1pp/p3p3/K3P2P/5P2/4B3 w - - 0 39	a3a4 h5h4 e1a5 g5g4 a5c7 f7e6 h3g4 h4h3	2494	bishopEndgame crushing endgame quietMove veryLong	https://lichess.org/7xFOtOg2#77
89gk8	8/p4pp1/2b1p2p/2P1PP2/1k1K3P/8/B7/8 b - - 0 42	c6d7 a2e6 f7e6 f5f6 g7f6 e5f6 d7e8 c5c6 e8c6 f6f7	2513	advancedPawn bishopEndgame crushing endgame master sacrifice veryLong	https://lichess.org/I4aVjGYr/black#84
7Fybf	8/5K1p/6p1/pk6/1b4P1/7P/1B6/8 b - - 0 54	h7h5 g4g5 b5c4 f7g6 a5a4 g6h5 a4a3 b2a3	2405	bishopEndgame crushing endgame quietMove veryLong	https://lichess.org/j8KZEdaa/black#108
PgDWG	8/8/4p1k1/1p1bPp2/p1pP1PpP/P7/1P3K1P/3B4 w - - 3 37	f2g3 b5b4 d1a4 c4c3 b2c3 b4a3	2479	bishopEndgame crushing deflection endgame long	https://lichess.org/hAAhhSt0#73
Wsi6H	2b5/8/5k1p/1Pp2p1B/2P1pP1P/4K3/8/8 b - - 3 44	c8e6 b5b6 e6c8 h5e8 c8b7 e8d7	2413	bishopEndgame crushing endgame long master quietMove	https://lichess.org/9tU88H99/black#88
3PjbQ	8/8/1K1k4/p1p1p3/2P1B3/PP6/3b4/8 b - - 2 55	d2c3 b3b4 c5b4 c4c5 d6e7 c5c6	2437	bishopEndgame crushing endgame long master masterVsMaster	https://lichess.org/Gscznqkw/black#110
Uprdu	8/5b2/7k/5P2/5KPP/8/8/8 b - - 2 71	f7e8 f4e5 h6g7 e5e6 e8f7 e6e7	2528	bishopEndgame crushing defensiveMove endgame long	https://lichess.org/nMkpLhLD/black#142
K6x9C	8/8/5KP1/8/P3k3/b7/P7/8 b - - 0 53	a3f8 f6f7 f8h6 f7e6	2506	bishopEndgame crushing defensiveMove endgame short	https://lichess.org/ghAfVz9X/black#106
HLTXi	2B5/K7/6p1/5p1p/6k1/6P1/7P/8 w - - 1 43	a7b6 g4h3 c8d7 h3h2 d7e8 g6g5	2504	bishopEndgame crushing defensiveMove endgame long	https://lichess.org/6x65JB1v#85
IbCgc	8/8/4KP2/2p1P3/2k5/b7/8/8 b - - 0 58	c4b5 e6d5 c5c4 e5e6 b5b4 e6e7	2604	advancedPawn bishopEndgame crushing endgame long master	https://lichess.org/YfaLVeYr/black#116
qcZ9M	3k4/b3p2p/B1P3p1/1PP2p2/2bK1P2/6PP/8/8 b - - 8 43	c4f1 c6c7 d8c7 b5b6 a7b6 c5b6 c7b6 a6f1	2494	advancedPawn attraction bishopEndgame crushing endgame fork veryLong	https://lichess.org/v2bCCHiF/black#86
Mqlzk	8/2k2ppp/P7/5b2/2pp4/B4BbP/P2K2P1/8 b - - 0 36	c7b8 a3c5 c4c3 d2e2 c3c2 a6a7 b8c7 c5a3	2464	advancedPawn bishopEndgame crushing defensiveMove endgame exposedKing veryLong	https://lichess.org/8ChBbSAt/black#72
xfQYB	8/5p2/B7/6k1/6bp/P1PK4/8/8 w - - 0 43	a6b7 g5f4 a3a4 h4h3 a4a5 h3h2 a5a6 g4c8	2539	advancedPawn bishopEndgame crushing endgame veryLong	https://lichess.org/jjFm4QrN#85
KPe9m	8/5p2/4k2p/pp6/5K2/6P1/2B4P/8 w - - 0 38	f4g4 a5a4 g4f4 e6d5 f4e3 d5c4 c2d3 c4c3	2458	bishopEndgame crushing defensiveMove endgame quietMove veryLong	https://lichess.org/HEJIzW5d#75
Ei5P0	8/8/B7/3bp3/5p1p/4kP1P/6P1/4K3 w - - 0 40	a6f1 e5e4 f3e4 d5e4 f1b5 e4g2	2445	bishopEndgame crushing endgame long	https://lichess.org/fUUDqu9H#79
9nvGB	1kb5/6p1/2p5/P1Pp3P/3Pp3/4K3/4B3/8 b - - 0 47	b8c7 e3f4 c7b7 f4g5 b7a7 g5g6 c8a6 g6g7 a6e2 h5h6 e4e3 h6h7	2421	advancedPawn bishopEndgame crushing endgame sacrifice veryLong	https://lichess.org/6DZrb4tn/black#94
RWcoQ	8/5p2/8/8/3N4/n3P1PP/p1K2P2/k7 w - - 4 46	c2b3 a1b1 b3a3 a2a1q	1139	advancedPawn crushing endgame knightEndgame promotion short	https://lichess.org/MxaXbloa#91
yfuvI	8/8/5pp1/5n1p/5Pk1/6P1/5K1P/6N1 b - - 13 58	h5h4 h2h3 g4h5 g3g4 h5h6 g4f5	1197	crushing endgame fork knightEndgame long master	https://lichess.org/J3p72IVQ/black#116
ydC6Z	4n3/8/2P5/1p2NP1p/p7/2k3KP/8/8 w - - 1 46	f5f6 e8f6 c6c7 f6e4 g3f4 e4d6	1183	crushing defensiveMove endgame knightEndgame long	https://lichess.org/aIQNClrY#91
eF8ey	8/2k3p1/1P3n2/P1P4p/3K4/6P1/8/8 b - - 0 39	c7c6 a5a6 f6d7 a6a7	1174	advancedPawn crushing endgame knightEndgame short	https://lichess.org/CT2Uf885/black#78
23BUB	1k6/8/5n2/P1N5/1PKp2p1/7p/7N/8 w - - 0 45	c5d7 f6d7 h2g4 d7e5 g4e5 h3h2	1157	advancedPawn advantage endgame knightEndgame long	https://lichess.org/XfDQ1V3E#89
1MjBw	8/1p6/p1pN1p2/P1P5/3Ppk1p/6pP/6K1/8 b - - 5 45	f4e3 d6f5 e3f4 f5h4	1166	crushing endgame knightEndgame short	https://lichess.org/bS7JIgJo/black#90
Fce74	2n5/6p1/P5p1/2p3PP/6K1/2P5/1k6/8 b - - 0 52	b2c3 h5h6 g7h6 g5h6	1138	crushing endgame knightEndgame master short	https://lichess.org/wIcaVFhX/black#104
7txVH	3k4/1K4p1/2P5/3n2p1/2N5/1p3P1P/6P1/8 w - - 0 56	c4d6 b3b2 c6c7 d5c7	1140	advancedPawn crushing endgame knightEndgame master short	https://lichess.org/H9LEzBIU#111
krihX	8/8/4K3/1k3P2/8/4n3/5N1p/8 w - - 3 55	e6e5 e3g4 f2g4 h2h1q	1152	advancedPawn crushing deflection endgame fork knightEndgame promotion short	https://lichess.org/qmyv8gID#109
NUQMS	1K6/3k1n2/3p2p1/1NpPp1Pp/2P1P2P/8/8/8 w - - 30 60	b5a7 f7g5 h4g5 h5h4 a7c8 h4h3	1179	crushing endgame knightEndgame long quietMove sacrifice	https://lichess.org/m3oIGzCF#119
ADwkA	8/1N3pkp/6p1/3Pp3/1p6/3n1P2/P5PP/5K2 b - - 0 32	d3c1 d5d6 b4b3 a2b3	1186	crushing endgame knightEndgame short	https://lichess.org/msafhRCs/black#64
h3KKu	8/8/k7/P5N1/1P5p/6p1/5pK1/8 w - - 2 64	g5f3 h4h3 g2h3 f2f1q	1178	advancedPawn attraction crushing deflection endgame knightEndgame promotion short	https://lichess.org/IOjAORx1#127
n7NRI	8/n5Nk/p6p/2p5/P1p2P2/2PP4/1P5K/8 w - - 0 36	g7e6 c4d3 e6c5 d3d2	968	advancedPawn crushing endgame knightEndgame short	https://lichess.org/VraPDut0#71
8T8wF	8/5pp1/1pn1k2p/4p3/PPP1K3/3NP2P/6P1/8 w - - 2 34	c4c5 f7f5 e4f3 e5e4 f3e2 e4d3	1169	advantage endgame fork knightEndgame long master	https://lichess.org/TzOuUubO#67
xvLJM	8/3k1p1p/3P2p1/p1nP4/3K1P2/2N4P/6P1/8 b - - 4 37	d7d6 c3b5 d6d7 d4c5	1149	crushing deflection endgame knightEndgame short	https://lichess.org/PyWaGwVb/black#74
e0SFZ	2n1k3/2N2n2/5P2/p2pP3/P1pP4/2P5/1K6/8 b - - 2 57	e8d7 e5e6 d7c7 e6f7	1180	advancedPawn crushing endgame fork knightEndgame master short	https://lichess.org/onbT5TOa/black#114
s7agd	8/4k3/p2pN1p1/3P2Kp/1pP5/1P6/8/8 w - - 0 41	g5g6 h5h4 e6d4 h4h3 d4f3 a6a5 g6g5 a5a4 b3a4 b4b3	1152	crushing endgame knightEndgame quietMove veryLong	https://lichess.org/jTv7hHed#81
7veHC	8/8/4n1P1/8/2k2PK1/8/8/8 b - - 0 55	c4d5 f4f5 e6g7 f5f6	894	crushing endgame knightEndgame short	https://lichess.org/Zqbn01am/black#110
29TdB	3n4/8/8/8/p1p3PP/1kN5/3K4/8 w - - 0 56	c3a4 b3a4 d2c3 a4b5	1176	crushing defensiveMove endgame hangingPiece knightEndgame short	https://lichess.org/5JgC9Z77#111
jGfud	8/p4kpp/1p2np2/8/3N4/2P3P1/PP3P1P/6K1 w - - 2 29	b2b4 e6d4 c3d4 f7e6 g1f1 e6d5	1178	advantage endgame knightEndgame long	https://lichess.org/ty4QLBZ3#57
eJtv3	8/8/3n4/5N1p/4pK1P/8/4kP2/8 b - - 1 58	e2f2 f5d6 e4e3 d6e4	1130	crushing endgame hangingPiece knightEndgame master short	https://lichess.org/9dXTdYFL/black#116
vwoLg	4n3/p3P2p/4k1p1/2pN4/8/4K2P/PPP3P1/8 w - - 5 32	e3e4 e8d6 e4f4 e6d5	1187	advantage deflection endgame knightEndgame short	https://lichess.org/orkabGiM#63
Sxe54	8/8/7K/2k5/p5PP/npN5/8/8 b - - 1 53	b3b2 c3a4 c5d4 a4b2	1139	crushing endgame knightEndgame short	https://lichess.org/sYOqUqcL/black#106
8OO7E	8/1P6/2n2p2/2pk2pp/3p3P/3N1KP1/5P2/8 b - - 0 46	c5c4 d3b4 c6b4 b7b8q	1157	advancedPawn crushing deflection endgame knightEndgame master masterVsMaster promotion short superGM	https://lichess.org/JlMh5q3t/black#92
KkCZy	8/8/7p/8/pN3n1P/P1p5/1k6/3K4 b - - 1 40	f4d3 b4d3 b2a3 d1c2 h6h5 c2c3	1195	crushing endgame knightEndgame long	https://lichess.org/zXhpdpYg/black#80
B9Sep	8/8/2n3p1/1pP2k1p/7P/4K3/4N1P1/8 b - - 4 47	b5b4 e2d4 c6d4 e3d4 b4b3 d4c3 f5e6 c3b3	1165	crushing endgame knightEndgame veryLong	https://lichess.org/jpTG6z89/black#94
43HoS	8/8/8/4p3/4P3/3P4/4KNkp/8 w - - 8 51	d3d4 e5d4 e4e5 d4d3 e2e3 d3d2	1190	advancedPawn crushing endgame exposedKing knightEndgame long	https://lichess.org/BtJpq6eC#101
cIIqG	8/5p1p/4p1p1/p1kpPn2/8/PP1K3P/3N1PP1/8 b - - 0 31	f5d4 b3b4 a5b4 a3b4 c5b4 d3d4	1118	crushing endgame knightEndgame long	https://lichess.org/gk8huYbB/black#62
t2cox	2n5/8/P1p2k2/3P4/1P2K3/8/8/8 b - - 0 44	c6d5 e4d5 f6e7 d5c6	1126	crushing defensiveMove endgame knightEndgame short	https://lichess.org/SRc121SL/black#88
RdRYp	8/3kP3/5n1P/pp6/3P2P1/8/1P6/7K b - - 0 46	d7e7 g4g5 f6e4 h6h7	1183	advancedPawn crushing endgame knightEndgame short	https://lichess.org/gRaKKMve/black#92
hLcpj	8/7p/5kp1/5p2/4pK2/4N2P/6P1/8 w - - 4 56	g2g4 g6g5 f4g3 f5f4 g3f2 f4e3	1194	crushing endgame fork knightEndgame long	https://lichess.org/TOMsbZqW#111
ByzCM	8/3k2p1/p1N1pp1p/P2p4/3P4/1n1KP2P/5PP1/8 w - - 3 35	d3c3 d7c6 c3b3 c6b5	1109	advantage endgame knightEndgame short	https://lichess.org/rKQf9vym#69
TJNid	8/3n3p/2knNpp1/1p1N4/1P1K2P1/8/7P/8 b - - 2 42	f6f5 e6d8	1199	endgame knightEndgame mate mateIn1 oneMove	https://lichess.org/3gIHcK7y/black#84
rvjyo	3k4/1pp2n2/p1p1KN2/8/6P1/3P4/8/8 b - - 8 45	f7h6 g4g5 h6f5 e6f5	1042	crushing endgame knightEndgame short trappedPiece	https://lichess.org/lmkgH6lo/black#90
BVWBR	8/8/5kp1/1P3p2/3NnP1P/1KP5/6p1/8 w - - 0 53	d4f3 e4d2 f3d2 g2g1q	1183	advancedPawn crushing deflection endgame knightEndgame master masterVsMaster promotion short	https://lichess.org/50SxBEts#105
W0d1d	8/2k5/8/2P5/2K2n2/2P3N1/7p/8 w - - 0 51	c4d4 f4e2 g3e2 h2h1q	1127	advancedPawn crushing deflection endgame knightEndgame promotion short	https://lichess.org/fCYcaWfL#101
tJdIq	8/6p1/6kp/P1n5/6P1/1P2K2P/8/8 b - - 0 53	c5b3 a5a6 b3a5 a6a7 a5c4 e3d4 c4b6 d4c5 b6a8 c5c6	1199	advancedPawn crushing defensiveMove endgame knightEndgame veryLong	https://lichess.org/lK1umgcP/black#106
GWJOf	8/3k2p1/1n2p2p/p3N2P/2PK4/8/5PP1/8 b - - 5 48	d7d6 c4c5 d6c7 c5b6	1129	crushing endgame fork knightEndgame master short	https://lichess.org/bzGBIY1V/black#96
65hP8	8/7p/5P2/4pP2/3p3P/p2K4/1k6/2N5 w - - 3 47	c1e2 a3a2 f6f7 a2a1q f7f8q a1d1 d3e4 d1e2	1153	advancedPawn crushing deflection endgame exposedKing knightEndgame promotion veryLong	https://lichess.org/aJGWfgRP#93
LkKH4	8/8/3nk2p/3p1ppP/2pP2P1/2P2KN1/8/8 b - - 1 45	d6e4 g4f5 e6f6 g3e4 d5e4 f3e4	1179	crushing endgame knightEndgame long	https://lichess.org/oFEqRmAa/black#90
zgbb9	8/1p6/8/p1p3k1/P3K3/3N4/1n6/8 b - - 5 43	c5c4 d3b2 c4c3 b2d3	1141	advantage defensiveMove endgame hangingPiece knightEndgame short	https://lichess.org/gxSSPMnu/black#86
7lH0M	5k2/5p2/3N2p1/2P1p1Pp/4P2P/3K1n2/8/8 b - - 0 45	f3h4 c5c6 f8e7 c6c7 e7d6 c7c8q	1028	advancedPawn crushing endgame knightEndgame long promotion	https://lichess.org/YZbD5EMZ/black#90
zCPzQ	8/7p/p3pkp1/1p1p4/1P1N4/P4K2/6PP/8 w - - 3 33	f3f4 e6e5 f4e3 e5d4 e3d4 f6e6	1196	crushing defensiveMove endgame fork knightEndgame long	https://lichess.org/hnt4vwUN#65
gepTy	8/5p2/3K4/2N5/5kp1/7p/6PP/8 w - - 0 43	g2g3 f4f3 c5d3 f3g2 d3e5 g2h2 e5g4 h2g3	1081	crushing defensiveMove endgame knightEndgame veryLong	https://lichess.org/KfHGLqsu#85
AuWFD	6k1/6p1/2N3Kp/P2n1P2/6P1/8/8/8 w - - 1 51	a5a6 d5f4	1147	endgame knightEndgame mate mateIn1 oneMove	https://lichess.org/064j3QIl#101
KUZxx	8/8/8/1p6/1P2kpp1/2K5/4N1PP/8 w - - 6 62	g2g3 f4f3 e2c1 f3f2	1151	advancedPawn crushing endgame knightEndgame short	https://lichess.org/4Bph6rKC#123
ccWNK	8/7p/8/2P5/3n1P2/5kP1/7P/5K2 b - - 4 58	d4c6 f4f5 f3e4 f5f6 c6d8 c5c6	1149	crushing endgame knightEndgame long quietMove	https://lichess.org/5lfYJYbq/black#116
utMx9	6n1/4k2p/6BP/6K1/8/8/8/8 b - - 0 57	h7g6 h6h7 g8f6 h7h8q	1191	advancedPawn crushing endgame knightEndgame promotion short	https://lichess.org/15TK1HF0/black#114
4dlga	8/p7/Pp3p2/1P2nP2/2Pk4/4N3/4K3/8 w - - 10 46	e2d2 e5c4 e3c4 d4c4	1189	crushing endgame knightEndgame short	https://lichess.org/lTZyP4yC#91
Uny2F	5n2/1p6/1Pp2p2/p1Pp2k1/3P2P1/P1N3K1/8/8 w - - 3 37	c3d5 c6d5 c5c6 b7c6 b6b7 f8d7	1145	crushing defensiveMove endgame hangingPiece knightEndgame long	https://lichess.org/nR5W2Shg#73
famIr	8/8/2n5/1pP1ppk1/1N3p1p/P4P1P/6P1/3K4 b - - 0 40	c6d4 c5c6 d4c6 b4c6	1110	crushing endgame knightEndgame master short	https://lichess.org/E7cyWPGH/black#80
pMvwQ	8/P7/1n5p/1pNnk1p1/1P3p2/5P1P/3K4/8 b - - 1 72	d5b4 c5d7 b6d7 a7a8q	1156	advancedPawn advantage deflection endgame knightEndgame promotion short	https://lichess.org/f8W2tfVl/black#144
Q83U3	8/8/7p/2nk1pp1/3p4/P4P1P/2KN2P1/8 w - - 4 47	d2b3 d4d3 c2d2 c5b3	1049	crushing deflection endgame knightEndgame short	https://lichess.org/oypYqyiE#93
Lp9Hu	8/ppp3k1/8/6pp/2n1PpN1/2P2P2/P1P1K1PP/8 w - - 0 32	e2d3 c4b2 d3e2 h5g4	1171	crushing endgame knightEndgame short	https://lichess.org/6k5vkn8d#63
SIfOM	3n4/8/3k4/4Np1P/4p3/2K1P1P1/8/8 w - - 3 46	c3d4 d8e6 d4c3 d6e5	1192	crushing deflection endgame knightEndgame master short	https://lichess.org/0sTDKxyx#91
oJfF2	8/8/5N2/2p3p1/1pK3P1/5k2/8/8 w - - 2 63	f6h7 f3g4 h7f6 g4f5	1008	crushing endgame knightEndgame short	https://lichess.org/9IR3zoYI#125
dw1T8	8/p3Nn1P/8/1p3p2/8/1P1kp1K1/P7/8 w - - 3 41	e7f5 e3e2 g3f2 d3d2	1128	advancedPawn crushing defensiveMove endgame knightEndgame short	https://lichess.org/KxIPRCIM#81
f2qxA	3N4/8/8/2Pkn1p1/1K6/8/8/8 w - - 2 49	b4b5 g5g4 c5c6 e5c6 d8c6 g4g3	1185	crushing endgame knightEndgame long quietMove sacrifice	https://lichess.org/AMqEcSyL#97
FFJhR	8/6np/p1k3P1/7P/8/1K6/8/8 b - - 0 51	h7g6 h5h6 g7e6 h6h7	1137	advancedPawn crushing endgame knightEndgame master short	https://lichess.org/vgFOvZA2/black#102
K6wsA	8/8/p1N5/P4p2/4pPpk/4K3/7P/8 w - - 0 44	c6b8 h4h3 b8c6 h3h2 c6d4 g4g3 d4f5 g3g2	1168	advancedPawn crushing endgame knightEndgame veryLong	https://lichess.org/FpPrMPUe#87
nJuAW	8/8/P1K5/3nk3/8/8/8/8 b - - 0 60	d5e7 c6b7 e5d4 a6a7	1389	advancedPawn crushing defensiveMove endgame knightEndgame short	https://lichess.org/aCf3v6Uz/black#120
w2Qcq	3k4/3P4/2K1P3/5n1p/6pP/6P1/8/8 b - - 2 62	f5g3 e6e7 d8e7 c6c7	1368	advancedPawn crushing defensiveMove endgame knightEndgame short	https://lichess.org/DXgfjRRZ/black#124
84dP1	8/8/1K6/4N3/5p2/4k1p1/6P1/8 w - - 0 55	e5g6 f4f3 g2f3 g3g2	1443	advancedPawn crushing endgame knightEndgame short	https://lichess.org/ymdNRAKv#109
hyiAf	8/4k3/3Np2p/4P3/p4Pn1/3K4/P7/8 w - - 3 42	f4f5 g4e5 d3e4 e7d6	1488	crushing endgame knightEndgame short	https://lichess.org/4nawYCDv#83
7jHym	1k6/P3n1p1/1PP5/1K6/8/7p/8/8 b - - 0 54	b8a8 b5a6 h3h2 b6b7	1461	advancedPawn endgame knightEndgame mate mateIn2 short	https://lichess.org/CyzmzF50/black#108
cgiq6	5n2/8/5N1P/p4K2/k7/8/8/8 b - - 1 53	a4b3 f6d7 f8d7 h6h7	1466	advancedPawn crushing endgame knightEndgame sacrifice short	https://lichess.org/ou8Cm7OR/black#106
MFzRP	8/8/2N3pP/5k2/5n2/5K2/8/8 b - - 0 54	g6g5 h6h7 f4g6 c6e7 g6e7 h7h8q	1333	advancedPawn crushing deflection endgame knightEndgame long promotion	https://lichess.org/OXJqOFk6/black#108
b9cnX	8/4k3/8/2PK4/8/1N6/p1n5/8 w - - 4 57	d5c6 c2d4 b3d4 a2a1q	1430	advancedPawn crushing deflection endgame knightEndgame promotion short	https://lichess.org/2GEFPdHQ#113
7aE9H	8/p4k2/P4p2/1PK1n3/4P3/8/7p/7N w - - 5 64	b5b6 e5d7 c5d4 d7b6	1410	crushing deflection endgame knightEndgame short	https://lichess.org/6Ttko4PB#127
xhaZU	8/4k3/1p2n1PK/3p1p2/p7/P2N4/1P6/8 b - - 2 47	e7f6 d3f4 e6f4 g6g7 f6f7 h6h7	1436	advancedPawn crushing defensiveMove endgame knightEndgame long master sacrifice	https://lichess.org/39GnYg03/black#94
N4P01	8/8/N6p/Pk1np1p1/1P4P1/5P2/2K5/8 w - - 1 49	a6c5 d5b4 c2b3 b5c5	1362	crushing endgame knightEndgame short	https://lichess.org/ZU1ooG01#97
RZ3Sw	8/8/3knKP1/8/2p1N2p/8/8/8 b - - 0 56	d6d7 e4c5 e6c5 g6g7 c4c3 g7g8q	1326	advancedPawn crushing endgame knightEndgame long promotion sacrifice	https://lichess.org/QWpKHPf7/black#112
N6Q7T	8/6p1/P2P4/1n5p/7k/4p2P/1P6/6K1 b - - 0 42	e3e2 g1f2 b5d6 a6a7	1465	advancedPawn crushing endgame knightEndgame short	https://lichess.org/2HsY3SHO/black#84
yahGO	8/p2k3p/2p3p1/3p1p2/3P3P/P4P1n/1P2N3/5K2 b - - 3 33	h7h6 f1g2 h3g5 h4g5	1348	advantage endgame knightEndgame short trappedPiece	https://lichess.org/vgozupXg/black#66
kCeRB	8/5p1p/8/2p3k1/4n3/1P1NK2P/6P1/8 b - - 1 35	g5f5 g2g4 f5e6 e3e4	1437	crushing deflection endgame knightEndgame short	https://lichess.org/qzqnP6aQ/black#70
ICWlc	8/7k/p4K2/1p4PP/1P6/P3n3/8/8 b - - 0 45	e3d5 f6f7 d5e3 g5g6 h7h6 g6g7	1457	advancedPawn crushing defensiveMove endgame exposedKing knightEndgame long	https://lichess.org/qpcWIv0T/black#90
iCuqb	8/7p/8/8/pk6/1p2K3/P2N4/8 w - - 2 51	a2b3 a4a3 d2b1 a3a2	1355	advancedPawn crushing endgame knightEndgame short	https://lichess.org/ki8UHcbq#101
iYkjc	8/4k3/7P/3pPp2/8/8/K3n3/8 b - - 0 42	e7f7 e5e6 f7e6 h6h7	1284	advancedPawn crushing endgame knightEndgame master short	https://lichess.org/QZkzfLNv/black#84
EbDUb	8/4kp2/3np1p1/3pK1P1/1P1N3P/4P3/8/8 w - - 10 54	b4b5 d6c4 e5f4 e6e5 f4f3 e5d4	1353	crushing endgame fork knightEndgame long	https://lichess.org/DPWUEuxP#107
Psuxv	8/6p1/8/2p2k2/p5nP/3p1K2/PP1N1P2/8 w - - 0 39	d2c4 g4e5 c4e5 f5e5 f3e3 c5c4	1365	crushing defensiveMove endgame knightEndgame long master	https://lichess.org/exIxEA1r#77
frG1O	4n3/5p2/4pN2/4K1p1/1k5p/7P/5P2/8 w - - 0 43	f6e8 g5g4 h3g4 h4h3	1394	advantage endgame knightEndgame short	https://lichess.org/UQ2ui6q2#85
EAJZA	8/8/p6p/3nk2P/P2N2K1/6P1/8/8 w - - 3 41	d4f5 d5f6 g4f3 e5f5	1290	crushing deflection endgame knightEndgame short	https://lichess.org/f8Ro1VIj#81
Ck6yo	8/P1n3pp/3N4/8/2p5/2kp4/5PPP/4K3 b - - 3 43	c3d4 d6b5 c7b5 a7a8q	1263	advancedPawn crushing deflection endgame knightEndgame promotion short	https://lichess.org/ucB1GJHB/black#86
dOz4m	8/8/6p1/3pK1kn/3N3p/7P/6P1/8 b - - 10 51	h5f4 d4f3 g5h6 e5f4	1489	crushing deflection endgame knightEndgame short	https://lichess.org/OvZIUuxC/black#102
DXmlE	8/p2N1pk1/1pn1p2p/6p1/2P1K3/1P4PP/P4P2/8 w - - 3 31	d7e5 f7f5 e4e3 c6e5	1343	crushing deflection endgame knightEndgame short	https://lichess.org/fNYUBISn#61
eh92V	6k1/5pnp/2P1p1p1/8/pP3P2/P5PP/6K1/8 b - - 0 37	g7e8 b4b5 g8f8 b5b6 f8e7 b6b7	1370	advancedPawn crushing endgame knightEndgame long quietMove	https://lichess.org/mQgjdYqa/black#74
341Vh	8/8/8/8/n7/1N1K4/p1P5/5k2 w - - 4 60	c2c4 a4c5 b3c5 a2a1q	1450	advancedPawn crushing deflection endgame knightEndgame promotion short	https://lichess.org/kPfsIrDZ#119
1Fi4I	8/5k2/2n1Np2/5p1p/4K3/7P/6P1/8 w - - 0 44	e4f5 c6e7 f5e4 f7e6	1332	crushing deflection endgame knightEndgame short	https://lichess.org/qaRLuAXf#87
Wpv69	8/5p2/5npp/1pk5/2p1KPPP/P1P2N2/1P6/8 w - - 5 39	e4e5 f6g4 e5e4 f7f5	1418	endgame knightEndgame mate mateIn2 short	https://lichess.org/KjEOtXQg#77
SWTLJ	8/5p2/6p1/1pk5/5p2/1KP1p2P/P1N3P1/8 w - - 0 49	a2a4 b5a4 b3a4 c5c4	1392	crushing endgame knightEndgame short	https://lichess.org/ofEiMkif#97
ZpWIu	8/6p1/n2P1p1p/P7/2k5/2p1P2P/8/2K5 b - - 1 52	a6b8 a5a6 c4d5 a6a7	1376	advancedPawn advantage endgame knightEndgame short	https://lichess.org/NFq2BY2B/black#104
JWink	8/8/p1p5/8/1P1N2p1/6kp/1P6/6K1 w - - 0 51	g1h1 g3f2 h1h2 g4g3 h2h3 g3g2	1436	advancedPawn crushing endgame exposedKing knightEndgame long	https://lichess.org/SskZzkRj#101
4xG6a	8/8/6p1/4p1p1/2P5/3k1KP1/3N4/8 w - - 0 50	d2e4 g5g4 f3g4 d3e4 c4c5 e4d5	1366	crushing deflection endgame knightEndgame long	https://lichess.org/v6HgHcCQ#99
tg1QW	7n/2p4P/pp1p3K/3k4/P7/4pN2/8/8 b - - 3 58	h8f7 h6g7 d5e6 f3g5 f7g5 h7h8q	1390	advancedPawn advantage defensiveMove deflection endgame knightEndgame long promotion	https://lichess.org/Y2cOTi6N/black#116
xTzak	8/8/5p1p/2k5/2nN4/5P2/1pK3PP/8 w - - 2 42	d4b3 c5b4 b3d4 b4a3	1445	crushing defensiveMove endgame knightEndgame short	https://lichess.org/gJTljmcZ#83
s7JT3	8/4k3/3n4/2pP1p1p/1nN1pP1P/1P2K1P1/N7/8 w - - 1 45	a2b4 d6c4 b3c4 c5b4	1463	crushing endgame intermezzo knightEndgame master short	https://lichess.org/LodNKFtI#89
Sjjoq	8/7p/2p5/6P1/2Np3P/1P2ppk1/2P5/4K3 w - - 3 42	c4e5 f3f2 e1f1 e3e2 f1e2 g3g2	1315	advancedPawn crushing defensiveMove endgame exposedKing knightEndgame long	https://lichess.org/BVyGy4pI#83
fn3Dr	8/1p3p2/5pkp/4pN2/2P1n3/5K1P/4N1P1/8 b - - 1 38	g6f5 g2g4 f5e6 f3e4	1404	crushing deflection endgame knightEndgame short	https://lichess.org/AKkSUFTg/black#76
42hzo	8/p3KPk1/8/1p2p3/3nP1p1/7n/8/8 b - - 2 48	d4c6 e7e8 g7f6 f7f8q	1439	advancedPawn advantage defensiveMove endgame knightEndgame master promotion short	https://lichess.org/nAWTTY9q/black#96
WnwqC	5b2/8/4N3/2p1p3/2Pp4/3P4/2k1K3/8 w - - 0 54	e6f8 e5e4 d3e4 d4d3	1476	crushing endgame knightEndgame short	https://lichess.org/En7TDIA1#107
WvUrV	8/1N5p/5kp1/5p2/2p1nP2/P7/6PP/6K1 w - - 0 32	g1f1 c4c3 b7a5 c3c2 a5b3 e4d2	1405	advancedPawn crushing endgame knightEndgame long	https://lichess.org/IuUV6HSJ#63
4xum2	8/5k2/p5p1/6n1/PP6/2P3N1/4K2p/8 w - - 2 43	e2f2 g5e4 f2g2 e4g3	1270	crushing endgame knightEndgame short	https://lichess.org/0eoen8Vp#85
X9JsA	8/5p2/p3kn1P/3p2KN/1p6/1P6/P7/8 b - - 3 39	f6h5 h6h7 h5f6 h7h8q	1458	advancedPawn crushing endgame knightEndgame master masterVsMaster promotion short	https://lichess.org/Bt6rU1Q7/black#78
jujQZ	8/7p/2k1P3/1p1N1p2/3K1P2/8/6nP/8 b - - 0 52	c6d6 e6e7 d6d7 d4e5 g2h4 e5f6	1411	advancedPawn crushing endgame knightEndgame long	https://lichess.org/ANZlJvVD/black#104
91RZ3	8/5k2/N2p3p/1p4p1/4Pn2/P1Np1P2/1P3PKP/8 w - - 2 34	g2g3 f4e2 g3g2 e2c3 b2c3 d3d2	1329	advancedPawn crushing endgame knightEndgame long	https://lichess.org/l9x71hFf#67
SGwjH	8/8/8/7p/5K2/5N2/5kp1/8 w - - 0 56	f4e4 h5h4 f3h4 g2g1q	1241	advancedPawn crushing deflection endgame knightEndgame promotion quietMove short	https://lichess.org/28L8QqZ2#111
1mMxc	3k4/6p1/p1KP2p1/8/PP6/5n2/7N/8 b - - 0 47	f3h2 b4b5 a6a5 b5b6 h2f3 b6b7	1338	advancedPawn crushing endgame knightEndgame long	https://lichess.org/J9FlNQmJ/black#94
22nOy	2k5/8/2PKN2p/4p3/3p4/4n1P1/7P/8 w - - 0 54	d6e5 d4d3 e5f4 d3d2 f4e3 d2d1q	1453	advancedPawn crushing endgame knightEndgame long promotion	https://lichess.org/tSuclKog#107
nuBSm	8/3k2K1/8/6P1/6nP/8/8/8 b - - 4 55	d7e7 h4h5 e7e6 h5h6 e6f5 h6h7 f5g5 h7h8q	1459	advancedPawn crushing endgame knightEndgame promotion quietMove veryLong	https://lichess.org/znAJUTDl/black#110
C8lQW	5k2/5p1p/1p3P2/pPp3P1/P3K2n/2P4P/8/8 b - - 0 49	h4g6 e4d5 f8e8 d5c6 g6e5 c6b6	1483	advantage endgame knightEndgame long	https://lichess.org/2B28LjKI/black#98
sj7xw	8/8/8/5p2/1P2k1p1/6Kp/P7/4N3 w - - 0 49	b4b5 f5f4 g3g4 h3h2 e1f3 h2h1q	1332	advancedPawn crushing endgame knightEndgame long promotion	https://lichess.org/e7ZphNLc#97
ArFK7	3n4/8/1p3n2/2p2k1p/2N2PpP/1NP3K1/1P6/8 b - - 1 35	d8e6 c4d6 f5g6 f4f5 g6g7 f5e6	1329	crushing endgame fork knightEndgame long master	https://lichess.org/85TgxJ3c/black#70
RKJBJ	8/8/4k1P1/4PnK1/5P2/8/8/8 b - - 2 64	f5g7 g5h6 g7f5 h6h7 f5e7 g6g7	1473	advancedPawn crushing defensiveMove endgame knightEndgame long	https://lichess.org/a9J35Ctv/black#128
alWlb	8/pN2k3/5p1p/3p1P2/3N1pP1/4n2P/PPP5/2K5 w - - 0 36	d4e6 f4f3 c1d2 f3f2	1386	advancedPawn advantage endgame knightEndgame short	https://lichess.org/onopQVoN#71
iSl7f	8/3k4/p1pP3n/P1P2pKP/8/8/8/8 b - - 4 54	f5f4 g5f4 d7e6 f4g5 h6f7 g5g6 f7e5 g6g7	1342	crushing defensiveMove endgame knightEndgame veryLong	https://lichess.org/hodMmLQY/black#108
6j8bt	8/8/5Kp1/5p2/5Pk1/p1N5/8/8 w - - 4 47	f6g6 g4f4 g6f6 f4g4 f6e6 f5f4	1397	crushing defensiveMove endgame knightEndgame long	https://lichess.org/js6rb0IP#93
EXb1J	8/8/3k2p1/p3n2p/3P1N2/P7/2K5/8 b - - 0 50	g6g5 d4e5 d6e5 f4h5	1428	crushing endgame knightEndgame short	https://lichess.org/C7o1WLWY/black#100
YxGi4	1k6/P4p2/1K2pp2/8/1N6/5n1p/5P2/8 b - - 0 42	b8a8 b4a6 h3h2 a6c7	1481	endgame knightEndgame mate mateIn2 quietMove short	https://lichess.org/ELKj26zD/black#84
qODlk	8/8/1n6/3p1pp1/k2Pp3/1NK1P1P1/5P2/8 b - - 1 48	b6d7 b3c5 d7c5 d4c5 a4b5 c3d4 b5c6 d4e5 c6c5 e5f5	1419	crushing endgame knightEndgame veryLong	https://lichess.org/eo1OOKND/black#96
mLMHx	n7/4N3/1K6/P4ppp/4k3/6P1/7P/8 w - - 2 45	b6b7 f5f4 b7a8 f4f3 a8b7 f3f2 a5a6 f2f1q	1349	advancedPawn crushing endgame knightEndgame promotion sacrifice veryLong	https://lichess.org/00ogHFFy#89
rJBam	8/6p1/7p/1pn2p2/2k5/P3KP1P/2N3P1/8 w - - 1 50	c2d4 f5f4 e3f4 c4d4	1532	crushing deflection endgame knightEndgame short	https://lichess.org/JUINOACv#99
GnREU	8/pp6/8/2P2n1P/2P5/P4K2/4p1N1/3k4 w - - 7 52	f3f4 f5h4 g2h4 e2e1q	1563	advancedPawn crushing deflection endgame knightEndgame promotion short	https://lichess.org/PolrQEWK#103
VBOZ4	8/4K3/8/6pk/5pN1/5P1p/8/8 w - - 3 60	e7f6 h5h4 f6g6 h4g3 g6g5 g3f3 g5h4 f3g2 g4e5 h3h2	1596	advancedPawn crushing endgame knightEndgame veryLong zugzwang	https://lichess.org/StjrI3td#119
nRFls	8/5N2/2p1n3/3p2p1/2kP2P1/4KP2/8/8 w - - 7 58	f3f4 g5f4 e3f3 c4d4	1534	crushing endgame knightEndgame short	https://lichess.org/R0EoPd4h#115
pm1Np	8/8/2K5/1P3pk1/2n5/3N2P1/2p5/8 w - - 4 53	b5b6 c4e5 d3e5 c2c1q	1567	advancedPawn crushing deflection endgame knightEndgame promotion short	https://lichess.org/2nux5Zoa#105
DFQs3	8/8/3P4/2k1K3/4P3/pp6/N7/8 w - - 0 65	a2c3 a3a2 d6d7 a2a1q d7d8q a1c3	1550	advancedPawn crushing endgame knightEndgame long pin promotion	https://lichess.org/IifJx7Zs#129
ODUfj	8/8/Pk6/2NpPp2/3n1P2/1K6/8/8 w - - 0 59	b3b4 d4c6 b4a4 b6c5	1532	crushing deflection endgame knightEndgame short	https://lichess.org/Oyx6IUVx#117
fTtgC	8/8/nPn3pp/P1P1k3/4N1P1/1K5P/8/8 w - - 3 47	e4d6 a6c5 b3c4 e5d6	1509	crushing endgame knightEndgame short	https://lichess.org/bZ2toWvi#93
21dUV	8/1k2n1P1/2p1p3/4P2p/p1NP1P2/5K2/8/8 w - - 2 40	f3g3 e7f5 g3h3 f5g7	1545	crushing endgame knightEndgame short	https://lichess.org/IeLw3Cts#79
nobXs	8/6k1/1p1N4/p2PpK2/P1P5/1P1p4/4n3/8 w - - 0 51	d6e4 e2g3 e4g3 d3d2 g3e4 d2d1q	1575	advancedPawn crushing endgame knightEndgame long promotion sacrifice	https://lichess.org/kCUqlbYZ#101
5Wtzf	8/4k3/8/2KP4/8/1N6/p1n5/8 w - - 5 52	c5c6 c2d4 b3d4 a2a1q	1588	advancedPawn crushing deflection endgame knightEndgame promotion short	https://lichess.org/aoFyONdq#103
6j4cK	4N3/7p/1p6/p1n1k1PP/P7/K7/8/8 b - - 4 51	e5f5 g5g6 h7g6 h5h6 g6g5 h6h7	1516	advancedPawn crushing endgame knightEndgame long	https://lichess.org/REouiKaT/black#102
mLQkx	8/8/4k1pp/pp2P3/n1pK4/8/PP1N2PP/8 w - - 6 30	b2b3 c4c3 d2e4 c3c2	1524	advancedPawn crushing endgame knightEndgame short	https://lichess.org/tI3feb2r#59
0GaKN	6k1/3n1p2/p2N2pp/4P3/P1P2P1P/1n4P1/8/3K4 b - - 0 30	f7f6 e5e6 g8f8 e6d7	1669	advancedPawn advantage endgame knightEndgame short	https://lichess.org/8LJglmf2/black#60
tHB25	8/8/1P1n1k2/2N4p/6p1/6P1/6K1/8 b - - 2 49	f6g5 c5e4 d6e4 b6b7	1629	advancedPawn crushing endgame knightEndgame master masterVsMaster sacrifice short	https://lichess.org/nNuOgz34/black#98
zqxtS	3nN3/1p3pp1/p6p/3pk3/P7/4K1PP/5P2/8 b - - 11 37	d8e6 f2f4 e5f5 g3g4 f5g6 f4f5 g6g5 f5e6	1677	advantage endgame fork knightEndgame veryLong	https://lichess.org/7YsicF8E/black#74
iVeVH	8/4k3/1p6/pPpK1PP1/n1PpN3/8/8/8 w - - 0 51	g5g6 a4c3 e4c3 d4c3 g6g7 e7f7	1509	crushing endgame knightEndgame long	https://lichess.org/ksavVkLs#101
AtrX1	8/5N1P/4p1n1/1p1k4/p3p3/P1P2p2/3K4/8 b - - 1 40	d5c4 f7e5 g6e5 h7h8q	1651	advancedPawn advantage deflection endgame knightEndgame promotion short	https://lichess.org/3k0kK5R5/black#80
CfEla	8/1p6/8/2nkpN1P/p5p1/P3K3/5P2/8 b - - 0 42	d5e6 h5h6 e6f5 h6h7	1590	advancedPawn crushing endgame knightEndgame sacrifice short	https://lichess.org/UGezWqI0/black#84
1EeiO	8/8/1k4n1/6P1/PP4KP/5p2/8/8 w - - 0 45	h4h5 f3f2 h5g6 f2f1q	1572	advancedPawn crushing endgame knightEndgame promotion short	https://lichess.org/WNKtaS5l#89
8kJ3l	8/1n6/1P5p/1N2k1p1/2P1p1P1/3pK2P/8/8 w - - 1 38	b5d4 d3d2 d4c6 e5d6 e3d2 d6c6	1583	advancedPawn crushing defensiveMove endgame knightEndgame long	https://lichess.org/iMkANMmz#75
gyNCM	8/5kp1/1P1K3p/n2P3P/8/8/8/8 b - - 4 59	f7e8 d6c7 e8e7 d5d6 e7e6 d6d7	1539	advancedPawn crushing endgame exposedKing knightEndgame long	https://lichess.org/c2mHwVZp/black#118
02DwR	k7/P7/1K6/1N6/8/4p1p1/3n4/8 b - - 1 59	d2c4 b6a6 e3e2 b5c7	1542	defensiveMove endgame knightEndgame mate mateIn2 short	https://lichess.org/fRO3U43N/black#118
P4iA5	8/8/P1N2K2/1n6/1p6/1Pk5/8/8 b - - 2 70	c3b3 c6d4 b5d4 a6a7	1520	advancedPawn crushing endgame knightEndgame sacrifice short	https://lichess.org/qlxRRjQK/black#140
qwacx	8/1P6/n1N5/3p4/3Pk3/5p2/5Kp1/8 b - - 0 52	e4d3 c6b4 a6b4 b7b8q	1599	advancedPawn crushing deflection endgame knightEndgame master masterVsMaster promotion short	https://lichess.org/4XXTSaKQ/black#104
V5ObW	8/1N6/P5p1/4np1p/2kp4/8/4K1PP/8 b - - 0 47	e5c6 b7a5 c6a5 a6a7	1575	advancedPawn advantage endgame knightEndgame sacrifice short	https://lichess.org/opovdy2r/black#94
47yIX	4k3/pp3p1p/2P5/PP1p1n2/8/8/8/7K b - - 0 40	b7c6 b5b6 a7b6 a5a6 e8d7 a6a7 d7c7 a7a8q	1603	advancedPawn advantage endgame knightEndgame promotion veryLong	https://lichess.org/tFB381VH/black#80
RkWiR	8/8/6K1/5p2/5kpp/8/7P/5N2 w - - 0 43	g6h5 g4g3 h5h4 g3g2	1507	advancedPawn crushing endgame knightEndgame short	https://lichess.org/pLMMJLvt#85
nGVz3	8/8/6pp/4Kp2/5P2/3N2k1/8/8 w - - 0 55	e5f6 h6h5 f6g5 h5h4 g5g6 h4h3 g6f5 h3h2	1553	advancedPawn crushing endgame knightEndgame quietMove sacrifice veryLong	https://lichess.org/Zd7CI0Gq#109
7C72m	8/pp6/5k2/5p2/P1PK3P/2N5/5n2/8 b - - 1 38	f5f4 c3e4 f2e4 d4e4	1574	crushing endgame knightEndgame short	https://lichess.org/cIm5jWmP/black#76
9cWzP	8/8/1k1P3p/4pNp1/1p6/8/5K2/8 w - - 1 52	f5e7 b4b3 d6d7 b6c7 e7c6 c7d7	1616	advantage endgame knightEndgame long	https://lichess.org/R5eY1xV5#103
NsEta	6k1/1p4p1/p2pN1pp/2PP4/8/P3nPPP/7K/8 b - - 0 41	d6c5 d5d6 g8f7 d6d7	1615	advancedPawn crushing endgame knightEndgame short	https://lichess.org/MJDtpEc5/black#82
JJi3K	8/8/1pN4p/5pp1/2P5/3K3P/6k1/8 w - - 0 49	d3e3 f5f4 e3e4 f4f3	1602	crushing endgame knightEndgame short	https://lichess.org/zTxJLD9a#97
aVmW8	8/4n3/1k6/1P5N/3K4/7p/8/8 w - - 0 49	d4e3 h3h2 h5g3 e7f5 g3f5 h2h1q	1673	advancedPawn crushing deflection endgame exposedKing knightEndgame long promotion	https://lichess.org/3LnMJUuV#97
kQJ3O	8/3k4/KP5p/8/3P4/5pnP/P7/8 b - - 0 46	d7c8 a6a7 c8d7 b6b7 f3f2 b7b8q f2f1q b8g3	1561	advancedPawn advantage endgame knightEndgame promotion veryLong	https://lichess.org/3lEbT1Nh/black#92
l46uP	8/5np1/8/3k1K1P/4p1N1/8/5P2/8 b - - 4 50	f7h6 g4h6 g7h6 f5g6 d5e5 g6h6 e5f6 h6h7 e4e3 f2e3	1515	crushing endgame knightEndgame veryLong	https://lichess.org/ZsLfOFp1/black#100
6pMum	8/1pk5/3p4/3P3P/2Pn4/p1N5/6P1/6K1 w - - 1 39	h5h6 d4e2 g1h2 e2c3 h6h7 a3a2 h7h8q a2a1q	1524	advancedPawn advantage endgame knightEndgame promotion veryLong	https://lichess.org/emgm1yk9#77
qqXfF	6k1/1pp3pp/3p2p1/1P1Pp3/P7/2N3nP/2K5/8 b - - 0 32	h7h5 a4a5 g3f5 a5a6 b7a6 b5a6	1514	crushing endgame knightEndgame long quietMove	https://lichess.org/BRW3uo1K/black#64
qPb5i	8/1p3p2/p1n2k1p/5Pp1/2p1K3/2P1N2P/PP6/8 b - - 2 31	c6e7 e3g4 f6g7 f5f6	1509	crushing endgame knightEndgame short	https://lichess.org/se0cwjhG/black#62
jk8KG	3N1k2/5p1p/2N3p1/8/1pp5/3n1P2/1P4PP/6K1 w - - 3 32	g1f1 c4c3 c6b4 c3b2 b4d3 b2b1q	1529	advancedPawn crushing endgame knightEndgame long promotion	https://lichess.org/5b9GI9qF#63
233yU	3k4/1p4N1/2p1Pp2/p2p1PP1/3n4/8/1P4K1/8 b - - 0 37	f6g5 f5f6 d4e6 g7e6 d8e8 e6g5	1523	crushing endgame exposedKing knightEndgame long master	https://lichess.org/iV443rNh/black#74
fX23b	8/8/6p1/4k1Pp/3Np3/3pK3/8/8 w - - 2 65	d4c6 e5f5 c6e7 f5g5	1522	crushing defensiveMove endgame knightEndgame short	https://lichess.org/gOZlnMDj#129
oXwct	8/5p1p/6p1/2p1Pp2/2k2P2/1p4P1/3KN2P/8 w - - 0 45	d2c1 c4d3 e2g1 c5c4 e5e6 f7e6	1586	crushing endgame knightEndgame long quietMove	https://lichess.org/vcbOlU9O#89
ooafc	3k4/1p4p1/1N2K3/PP6/7p/8/6P1/5n2 b - - 0 39	f1e3 a5a6 d8c7 a6a7 c7b6 a7a8q	1547	advancedPawn crushing endgame knightEndgame long master promotion	https://lichess.org/3IebHdWD/black#78
VI479	8/8/n2b4/8/Pp1NN2p/1P1K4/6k1/8 w - - 10 52	e4d6 h4h3 d4f5 h3h2	1507	advancedPawn advantage endgame knightEndgame master short	https://lichess.org/h8DcelAE#103
9cnSR	8/8/8/3nNp1P/1k1p1P2/5K2/8/8 b - - 0 47	b4c5 h5h6 d5f6 e5d7 f6d7 h6h7	1570	advancedPawn crushing endgame knightEndgame long sacrifice	https://lichess.org/Ez6LKoue/black#94
vr0mB	6k1/2n2pp1/2b1p2p/8/1p1N4/P2P2P1/4PP1P/6K1 w - - 0 30	d4c6 b4b3 c6e5 b3b2	1542	advancedPawn crushing endgame knightEndgame short	https://lichess.org/oKoXdWxq#59
v4v94	8/6K1/1k3Pn1/8/6N1/7p/8/8 b - - 7 58	h3h2 g4h2 g6e5 h2g4	1557	advantage endgame knightEndgame short	https://lichess.org/1znz4LA8/black#116
FuwEy	8/8/8/5p1P/3n4/1p1k4/5K2/3N4 b - - 0 55	f5f4 h5h6 d3c2 h6h7 b3b2 d1b2	1596	advancedPawn crushing endgame knightEndgame long master masterVsMaster	https://lichess.org/WeKfJORQ/black#110
N0z9h	8/3N4/P1n5/4p1pp/6k1/8/5P2/6K1 b - - 2 53	e5e4 d7e5 c6e5 a6a7	1628	advancedPawn advantage endgame knightEndgame master sacrifice short	https://lichess.org/e71M8MGf/black#106
IqsAY	8/1p4p1/4n1p1/3kp1P1/3pN3/5K2/PPP5/8 b - - 8 34	e6c5 e4c5 d5c5 f3e4	1524	crushing endgame knightEndgame short	https://lichess.org/ZMZ5FR9t/black#68
Sp4we	8/8/1P1k4/3p1p1p/N2PpK1P/1p4P1/8/8 w - - 1 45	f4f5 e4e3 b6b7 d6c7 a4c3 b3b2	1583	advancedPawn advantage endgame knightEndgame long	https://lichess.org/tOrAdzLr#89
EdHQh	8/6p1/3p4/5P1P/4k1KP/2p5/4n3/4N3 b - - 0 49	e2d4 f5f6 g7f6 h5h6	1603	advantage endgame knightEndgame master masterVsMaster short	https://lichess.org/MJ6p6cRR/black#98
zIJ8g	8/6p1/3Nn2p/5pk1/5P2/6KP/6P1/8 b - - 0 36	e6f4 h3h4 g5f6 g3f4	1610	crushing deflection endgame knightEndgame short	https://lichess.org/rAJYp7xy/black#72
Dw3Vj	8/8/2k1pp2/2Pp1N1n/3P1P2/5K2/8/8 b - - 0 88	c6c7 f3g4 h5f4 g4f4	1555	crushing endgame knightEndgame master masterVsMaster short trappedPiece	https://lichess.org/lTl7OiYX/black#176
rTqp4	8/7p/n2K4/2P2p2/2N1p3/P5kP/8/8 w - - 1 44	c5c6 f5f4 c4d2 e4e3	1532	crushing endgame knightEndgame quietMove short	https://lichess.org/B1fbn1hU#87
bWGEd	8/8/8/7N/8/4kp1p/7P/6K1 w - - 0 51	h5g7 e3e2 g7f5 f3f2 g1h1 f2f1q	1635	advancedPawn deflection endgame knightEndgame long mate mateIn3 promotion	https://lichess.org/HY0XuW3V#101
UIzsS	8/2N2kpp/1p1p4/PP2p3/8/2n1K3/6PP/8 b - - 0 43	f7e7 a5a6 e7d8 a6a7	1648	advancedPawn crushing endgame knightEndgame master masterVsMaster short	https://lichess.org/xIoMOD7c/black#86
9ZXeF	8/5p1p/6p1/p7/1k1p4/8/2KN1PPP/8 w - - 2 36	d2b3 d4d3 c2b2 a5a4 b3d2 a4a3	1624	crushing endgame knightEndgame long	https://lichess.org/DxvMcEM5#71
eS9R1	8/8/4k3/4pp2/3pK3/8/3N4/8 w - - 0 62	e4d3 e6d5 d2b3 e5e4	1540	crushing endgame knightEndgame short	https://lichess.org/ebq7BonU#123
By4HX	8/8/8/1n1Pk3/1K2P1PP/P1p2P2/8/8 w - - 0 50	b4b3 e5d4 a3a4 d4d3 a4b5 c3c2	1813	advancedPawn crushing endgame knightEndgame long master sacrifice	https://lichess.org/rKuJzZbu#99
CSfkW	8/4Npp1/4p1p1/3pP3/k4P1P/1p1K2P1/8/8 w - - 0 45	d3d2 a4a3 e7c6 b3b2 d2c2 a3a2 c6b4 a2a1	1930	advancedPawn crushing endgame knightEndgame veryLong	https://lichess.org/cGxix8LA#89
BUUSS	8/N2nk1pp/Pp2p3/3p4/1P6/8/6PP/5K2 b - - 0 33	d7b8 a7c8 e7d8 a6a7 d8c8 a7a8q	1823	advancedPawn crushing endgame knightEndgame long promotion	https://lichess.org/acd9WQPG/black#66
a3EgH	8/5N2/6p1/1p1p4/6P1/nk2P3/3K1P1P/8 w - - 0 46	f7e5 a3c4 e5c4 d5c4	1818	crushing endgame knightEndgame short	https://lichess.org/P9aR4hum#91
fzrgN	8/8/4kppp/8/1pN1P1P1/p7/P1K5/8 w - - 0 44	c2d3 b4b3 a2b3 a3a2	1844	advancedPawn crushing endgame knightEndgame short	https://lichess.org/0qfWaDHL#87
5ITiq	6k1/8/2p2P1K/1pn3P1/8/8/8/8 b - - 0 59	g8f7 g5g6 f7e6 g6g7 e6f7 h6h7	1969	advancedPawn advantage defensiveMove endgame knightEndgame long	https://lichess.org/djr4Kksr/black#118
usGrm	7k/8/2p1p1KP/1pPpP3/3P2N1/8/2n5/8 b - - 2 65	b5b4 h6h7 b4b3 g4h6 b3b2 h6f7	1856	advancedPawn endgame knightEndgame long master mate mateIn3 quietMove	https://lichess.org/VkP7Cq2m/black#130
aMadV	8/8/3k3K/8/6PP/8/n7/8 b - - 0 48	d6e7 h6g7 a2b4 h4h5 b4d3 h5h6	1811	crushing endgame knightEndgame long quietMove	https://lichess.org/PKiSIZ97/black#96
Bmwrn	8/8/2k5/P4pp1/1K1Nn3/8/8/8 b - - 1 64	c6d5 a5a6 g5g4 a6a7 d5d4 a7a8q	1810	advancedPawn crushing endgame knightEndgame long promotion	https://lichess.org/pHmJcHgI/black#128
k5A5f	3n2k1/8/5PPP/7K/8/p7/5P2/8 b - - 0 57	a3a2 h6h7 g8h8 h5h6 d8e6 g6g7 e6g7 f6g7	1821	advancedPawn endgame exposedKing knightEndgame mate mateIn4 veryLong	https://lichess.org/cjEcGOBt/black#114
rBqqG	7k/8/2N5/p1p5/8/1n1PK1P1/8/8 w - - 0 38	e3e2 a5a4 e2d1 a4a3 d1c2 a3a2	1929	advancedPawn crushing endgame knightEndgame long quietMove	https://lichess.org/9qFpTFCZ#75
P5YIE	2k5/p7/7p/1p1N4/1Pp1nP1K/P5P1/7P/8 w - - 4 40	h4h5 e4f6 d5f6 c4c3 f4f5 c3c2	1809	advancedPawn advantage endgame knightEndgame long sacrifice	https://lichess.org/JiDu1qZq#79
NpKop	8/7p/1P2pnp1/p3kp2/P1K4P/4N3/8/8 b - - 0 43	f5f4 e3g4 f6g4 b6b7 e5e4 b7b8q	1890	advancedPawn advantage endgame knightEndgame long promotion sacrifice	https://lichess.org/QT75u4DS/black#86
h03Hi	8/pp6/3knpP1/3p4/1P1P1N1p/P3K3/8/8 b - - 1 43	e6f4 g6g7 f4e6 g7g8q	1829	advancedPawn crushing endgame knightEndgame promotion short	https://lichess.org/4vwWQ5CB/black#86
uFUR4	8/6p1/4p2p/6n1/p1k2P2/P2NK1P1/2p4P/8 b - - 0 44	c4b3 f4g5 h6g5 e3d2	1820	advantage endgame knightEndgame short	https://lichess.org/yGPfPeoP/black#88
nvxRF	8/8/5k1P/p4P1K/8/1P6/6P1/2n5 b - - 2 41	c1b3 g2g4 a5a4 g4g5 f6f5 h6h7	1855	advancedPawn crushing endgame exposedKing knightEndgame long quietMove	https://lichess.org/VHc5buUh/black#82
7M5f0	8/8/5k2/5P2/8/1P3N1p/P1K3n1/8 w - - 0 47	a2a4 g2e1 f3e1 h3h2	1822	advancedPawn crushing endgame knightEndgame sacrifice short	https://lichess.org/hbwvBrIL#93
5jtCR	8/6p1/2Nnpk2/1p2p2p/4PP1P/3K2P1/8/8 b - - 0 50	e5f4 e4e5 f6f7 e5d6 f7e8 g3f4	2076	crushing endgame fork knightEndgame long	https://lichess.org/ZlfMtR8l/black#100
IjaNw	8/8/1p3p2/2k3pp/1p2P3/pK3PP1/3N2P1/8 w - - 0 41	d2c4 a3a2 b3a2 c5c4	1894	advancedPawn crushing deflection endgame knightEndgame short	https://lichess.org/21CkYtgo#81
8okTL	8/ppN1kpp1/1n2P3/3pKPP1/4R3/8/8/8 b - - 0 41	d5e4 f5f6 g7f6 g5f6 e7d8 e6e7 d8c7 e7e8q	1879	advancedPawn crushing deflection endgame knightEndgame promotion veryLong	https://lichess.org/ovLVuY9e/black#82
obx8g	1k6/8/8/1P1K2p1/8/5n1p/7N/8 w - - 0 65	h2f3 g5g4 d5e4 g4g3 e4f4 h3h2 f4g3 h2h1q	1873	advancedPawn crushing endgame knightEndgame promotion veryLong	https://lichess.org/7jY5iV3W#129
IW6T6	3n4/pp6/2pNk3/P1P3p1/3PK1P1/8/8/8 b - - 0 42	b7b6 c5b6 a7b6 a5a6 e6d6 a6a7	1833	advancedPawn crushing endgame knightEndgame long sacrifice	https://lichess.org/Zg2BaHSw/black#84
BABQI	8/8/4pp2/1p2k3/3p3P/p5N1/2K2P2/8 w - - 0 37	h4h5 d4d3 c2d3 a3a2	1892	advancedPawn crushing endgame knightEndgame short	https://lichess.org/9fCsUrzM#73
cxaCn	8/8/1n6/8/1P6/P2N3P/3Kp3/5k2 w - - 6 51	h3h4 b6c4 d2c2 c4e5 d3e5 e2e1q	1841	advancedPawn advantage deflection endgame knightEndgame long master masterVsMaster promotion	https://lichess.org/wh0GQU8j#101
IiYcv	8/8/1p2p1k1/p1P2n2/P1P2Kp1/4B1P1/8/8 b - - 0 38	f5e3 c5b6 e3c4 b6b7	1836	advancedPawn crushing endgame knightEndgame short	https://lichess.org/JCIkbhan/black#76
MmQx7	8/7p/5p2/pP2k3/P1n1P3/1N4P1/5K2/8 b - - 6 46	e5e4 b3d2 c4d2 b5b6 e4d5 b6b7	1931	advancedPawn crushing endgame knightEndgame long master masterVsMaster sacrifice	https://lichess.org/9ByJ2xSJ/black#92
0L5uX	8/1p4p1/p7/1PP1k2p/5p2/3K1P1N/1P6/5n2 b - - 0 44	f1h2 c5c6 e5d6 c6b7 d6c7 b5a6	1849	advancedPawn crushing endgame knightEndgame long master	https://lichess.org/xfHI71J9/black#88
Lw42N	8/3n1p2/5k2/5Pp1/p1NK2P1/8/8/8 b - - 0 43	d7e5 c4e5 a4a3 e5d7 f6e7 d7c5 a3a2 c5b3	1882	crushing defensiveMove endgame knightEndgame quietMove veryLong	https://lichess.org/hHz4nniM/black#86
Qu2yQ	8/8/8/8/1P4p1/5k1p/8/3N2K1 w - - 0 48	d1f2 h3h2 g1h1 f3f2 h1h2 g4g3	1891	advancedPawn crushing deflection endgame knightEndgame long	https://lichess.org/0azvnXlj#95
dc8KZ	8/3n4/P5pp/2p2k2/2PP3P/6K1/2P5/8 b - - 0 45	c5d4 c4c5 d7c5 a6a7	1955	advancedPawn crushing endgame knightEndgame quietMove short	https://lichess.org/vg4p5sOc/black#90
2n6UB	8/5N2/p1Pk2p1/3P1p2/nP1K1P1p/8/8/8 b - - 9 64	d6e7 d5d6 e7f7 c6c7	1806	advancedPawn crushing endgame knightEndgame sacrifice short	https://lichess.org/B57lNtGZ/black#128
ICfmf	6n1/8/1p4P1/p2k1P2/3P1K2/P7/8/8 b - - 0 49	d5d6 f4g5 d6e7 d4d5 b6b5 d5d6 e7d6 f5f6 d6e5 f6f7	1961	advancedPawn crushing endgame exposedKing knightEndgame quietMove veryLong	https://lichess.org/bCCRh8Ug/black#98
PLqJQ	8/7p/2k1PKp1/2n5/4P3/7P/6P1/8 b - - 2 47	c6d6 e4e5 d6d5 e6e7	1899	advancedPawn crushing endgame knightEndgame short	https://lichess.org/qvo1Oc5D/black#94
NTnEV	8/8/5p2/1PPk2p1/1K1PnPP1/8/8/8 w - - 1 49	c5c6 g5f4 c6c7 e4d6 b5b6 d5c6	1813	crushing endgame knightEndgame long	https://lichess.org/oEGCP1K2#97
x3Vav	8/8/8/6P1/1P6/P4k1p/6N1/4K3 w - - 0 60	e1f1 h3h2 g2h4 f3g3 h4f5 g3h3 f1f2 h2h1q	1817	advancedPawn advantage defensiveMove endgame knightEndgame promotion veryLong	https://lichess.org/uB5fNxzN#119
50Y0t	8/8/1Pk5/2P3p1/3K3p/4N1pP/8/8 w - - 1 54	e3g2 g5g4 g2f4 g3g2 f4g2 g4h3	1925	advancedPawn crushing deflection endgame knightEndgame long	https://lichess.org/z4A1dx1a#107
U9Fh0	8/K5p1/4p2p/Pkn5/2N5/6P1/7P/8 w - - 6 52	a5a6 b5c4 a7b6 c5a6	1880	crushing endgame hangingPiece knightEndgame short	https://lichess.org/sNqxPLgU#103
Cujg1	8/8/8/8/pk5K/8/6N1/8 w - - 0 54	g2e3 b4b3 h4g4 a4a3	1972	crushing endgame knightEndgame short	https://lichess.org/sNq3srUf#107
goBG7	8/1p3p2/p5k1/6p1/2P1n1K1/PP2N1PP/8/8 w - - 5 38	e3f5 e4f6 g4f3 g6f5	1821	advantage deflection endgame knightEndgame short	https://lichess.org/r7xL3bg6#75
WeGAT	8/8/7N/3p2p1/2p3P1/2k5/1nP2P1P/3K4 w - - 5 50	d1c1 d5d4 h6f5 d4d3 c2d3 c4d3 f5e3 d3d2	1855	advancedPawn crushing endgame knightEndgame quietMove veryLong	https://lichess.org/TfhUpNx2#99
bQXHo	5k2/5P2/5K2/7p/7n/3N2p1/8/8 b - - 1 61	h4g6 d3c5 g3g2 c5e6	1974	endgame knightEndgame mate mateIn2 quietMove short	https://lichess.org/2dYq6lZF/black#122
KKIoQ	8/8/8/8/7p/4kp2/3N3K/8 w - - 4 66	d2f1 e3e2 h2g1 f3f2 g1g2 h4h3 g2h3 e2f1	1900	advancedPawn crushing defensiveMove deflection endgame exposedKing knightEndgame veryLong	https://lichess.org/EZ2YIVBD#131
XSebM	8/8/8/7k/P3K2p/1PP3p1/7N/8 w - - 0 50	h2f3 h4h3 e4f4 h3h2 f4g3 h2h1q	1880	advancedPawn crushing endgame knightEndgame long promotion	https://lichess.org/OzunbNVr#99
ZVNVZ	6n1/8/6K1/7P/6k1/8/8/8 b - - 6 79	g8f6 h5h6 f6d7 g6g7 g4f5 h6h7 d7e5 h7h8q	1901	advancedPawn crushing endgame knightEndgame promotion veryLong	https://lichess.org/DuNxKMWZ/black#158
1DjQh	8/4k3/8/2n1PK2/3N4/2p5/8/8 w - - 0 58	f5f4 c5e6 d4e6 c3c2 e6d4 c2c1q	1895	advancedPawn crushing endgame knightEndgame long promotion sacrifice	https://lichess.org/3ZdRxUNT#115
tI78S	8/4nK2/3kP3/7P/8/8/8/8 b - - 0 55	e7f5 e6e7 f5e7 h5h6 e7f5 h6h7	1919	advancedPawn crushing endgame knightEndgame long	https://lichess.org/TxiccNqz/black#110
JwLve	8/6p1/5p1p/4p3/1pk1K3/4P2P/5PP1/2N5 w - - 0 39	c1d3 f6f5 e4f5 c4d3	1946	crushing deflection endgame knightEndgame short	https://lichess.org/cuRV9GTq#77
zl1ps	8/8/7p/KP2pkp1/n7/5P2/5P1P/8 b - - 0 49	a4c3 b5b6 c3e2 b6b7 e2d4 a5b6	1874	advancedPawn crushing defensiveMove endgame knightEndgame long master masterVsMaster	https://lichess.org/g0Y0NNbI/black#98
XZhmX	2n5/2K3p1/6kp/8/5P2/8/P6P/8 b - - 8 47	c8a7 a2a4 g6f5 c7b7 h6h5 b7a7	1882	crushing endgame knightEndgame long quietMove trappedPiece	https://lichess.org/N7dMQsCL/black#94
PH0Rt	8/k6p/7P/2P1Nn2/1PK1pp2/8/8/8 w - - 2 51	c4d5 f4f3 d5e4 f3f2	1933	advancedPawn advantage endgame knightEndgame short	https://lichess.org/uCsPp1as#101
RhZwC	8/3k4/5K2/1p1pP3/2pP4/2Pn4/1P6/8 b - - 6 41	d3b2 f6f7 d7c7 e5e6 b5b4 e6e7	1817	advancedPawn crushing endgame knightEndgame long master	https://lichess.org/k9cz5Xdt/black#82
I8Ema	8/p4p1p/2k5/1P1pPP2/3K4/6P1/5n2/8 b - - 0 37	c6b5 e5e6 f7e6 f5f6 f2e4 f6f7 e4f6 f7f8q	1852	advancedPawn advantage endgame knightEndgame promotion veryLong	https://lichess.org/bbavVoYk/black#74
6tyA5	8/2N5/8/1p1p4/1Pk2PK1/P1n5/8/8 w - - 2 54	g4g5 d5d4 f4f5 d4d3 f5f6 c3e4 g5g6 e4f6 g6f6 d3d2	1940	advancedPawn crushing endgame knightEndgame quietMove sacrifice veryLong	https://lichess.org/mAabLtgD#107
QeSun	8/p7/7p/6pk/1K2pp2/1P2N3/6PP/8 w - - 0 41	e3f1 e4e3 f1e3 f4e3 b4c3 h5g4 c3d3 g4f4	1823	crushing defensiveMove endgame knightEndgame veryLong	https://lichess.org/Bu5cxFkd#81
CVkbl	8/7p/1KPk2p1/4pp2/4pP2/3nP2P/8/5N2 b - - 2 46	d3c5 f4e5 d6d5 c6c7	1945	advancedPawn crushing endgame knightEndgame short	https://lichess.org/3zpmpzzI/black#92
7ltDW	6N1/8/4k1p1/5p1p/4pK1P/6P1/8/8 w - - 0 56	f4e3 e6f7 g8h6 f7g7 g3g4 g7h6	1831	crushing defensiveMove endgame knightEndgame long trappedPiece	https://lichess.org/n1BBQrxj#111
B24VW	8/7n/2p1k1P1/7P/5K2/8/8/8 b - - 0 59	h7f6 h5h6 f6d5 f4g5 d5c3 h6h7	1806	advancedPawn crushing defensiveMove endgame knightEndgame long	https://lichess.org/l5YZg9Xq/black#118
iKiSb	8/p7/2N2k2/2P4p/P4Pp1/3p2K1/1P6/8 w - - 0 40	g3f2 g4g3 f2g3 d3d2	1818	advancedPawn crushing endgame knightEndgame short	https://lichess.org/4PvqWQRs#79
4SwMj	2n5/2P5/2N5/p7/3K4/k7/8/8 b - - 1 63	a3a4 d4c5 a4b3 c6a5	1967	crushing endgame knightEndgame short	https://lichess.org/lEnv50fq/black#126
4oeVK	3k4/8/2PPK2p/p7/P6P/4n3/8/8 b - - 0 52	e3c4 c6c7 d8c8 d6d7 c8c7 e6e7	1863	advancedPawn crushing defensiveMove endgame exposedKing knightEndgame long	https://lichess.org/kn2l1LjE/black#104
izYpP	8/2n2N2/4pPP1/3pP3/1p1P4/p7/K1k5/8 w - - 1 55	g6g7 c7b5 g7g8q b4b3 a2a1 b3b2 a1a2 b2b1q	2110	advancedPawn endgame exposedKing knightEndgame mate mateIn4 promotion quietMove veryLong	https://lichess.org/jWMsIenh#109
q2qaK	8/6pp/3kp3/3pN3/6P1/4PK2/8/8 w - - 3 39	f3f4 g7g5 f4g5 d6e5 g5h6 e5f6	2109	crushing defensiveMove deflection endgame knightEndgame long	https://lichess.org/pExkgOKH#77
uknqO	3k4/8/2PPK2p/6p1/5p1n/5P2/7P/8 b - - 3 56	h4f3 c6c7 d8c8 d6d7 c8c7 e6e7	2139	advancedPawn crushing defensiveMove endgame exposedKing knightEndgame long	https://lichess.org/H70fFudM/black#112
rYbUm	8/5k2/1p1n4/p1p1KP2/P1P5/1PN1p3/8/8 b - - 1 49	f7e7 c3d5 e7d7 d5e3	2106	crushing endgame knightEndgame short	https://lichess.org/MHDXyNTL/black#98
EcFWL	8/8/6p1/7p/4NKnk/8/6P1/8 b - - 3 66	g4h6 e4g5 h6g4 g2g3	2236	endgame knightEndgame mate mateIn2 quietMove short	https://lichess.org/d7ge7bc2/black#132
zR5DK	8/3n2k1/2KP1p2/pPp3p1/2P4p/1P5P/8/8 b - - 1 47	d7f8 b5b6 g5g4 b6b7 g4h3 b7b8q h3h2 b8b7	2149	advancedPawn crushing endgame knightEndgame promotion veryLong	https://lichess.org/uBoyLHNT/black#94
RlSsp	8/8/8/5K2/8/4N1p1/5k2/8 w - - 4 54	e3g4 f2e2 g4f6 g3g2	2110	advancedPawn crushing defensiveMove endgame knightEndgame short	https://lichess.org/1V78wZlN#107
rnFpf	8/6k1/8/4PK2/7P/3n4/8/8 b - - 0 40	g7h6 e5e6 h6g7 h4h5 d3b2 h5h6 g7h6 e6e7 b2c4 f5e6	2131	advancedPawn crushing defensiveMove endgame exposedKing knightEndgame quietMove veryLong	https://lichess.org/eTPRoEOk/black#80
f69Ai	8/8/KP1k3p/P3n3/8/7P/8/8 b - - 0 43	d6d7 a6b7 e5c4 a5a6	2106	crushing endgame knightEndgame master short	https://lichess.org/HLX0tCKI/black#86
DUUKL	8/1n6/2P5/1P2k3/1K6/8/8/8 b - - 0 49	b7d6 b5b6 e5d5 b6b7 d5c6 b7b8q	2109	advancedPawn crushing endgame knightEndgame long promotion	https://lichess.org/JfqJpED6/black#98
5zhSl	5n2/8/p1kp4/8/1P1PpN1p/1K2P3/5P2/8 b - - 3 43	f8g6 f4g6 h4h3 g6e7 c6b5 e7f5 h3h2 f5g3	2150	crushing endgame hangingPiece knightEndgame veryLong	https://lichess.org/CAAOoEYZ/black#86
ofq8J	8/2N5/7p/8/3pkP2/4p3/4K1PP/8 w - - 3 54	g2g3 d4d3 e2e1 e4f3 c7e6 d3d2 e1d1 e3e2 d1d2 f3f2 e6d4 e2e1q	2125	advancedPawn crushing endgame exposedKing knightEndgame promotion veryLong	https://lichess.org/m92fAlGS#107
XZMaX	8/4kp2/4p1pp/p3P3/1N1n1P2/1P4P1/3K3P/8 w - - 0 38	d2c3 d4b5 c3c4 b5a3 c4c5 a5b4	2206	advantage endgame knightEndgame long	https://lichess.org/QQxX003v#75
IOgLl	6k1/p6p/4p2P/PP6/3pK3/8/2n5/8 b - - 1 47	e6e5 b5b6 a7b6 a5a6 d4d3 a6a7	2276	advancedPawn crushing endgame knightEndgame long	https://lichess.org/1L9y6l6F/black#94
8Qlvk	8/8/6P1/2K5/3p2N1/4k3/7p/6n1 b - - 1 53	e3f4 g4h2 d4d3 h2f1 g1f3 g6g7 d3d2 f1d2	2125	advancedPawn crushing endgame knightEndgame master quietMove veryLong	https://lichess.org/oQibnOy3/black#106
bQtb8	8/5pk1/p1P1p3/1n2K3/6P1/P7/5P1P/8 b - - 0 34	g7f8 a3a4 b5a7 e5d6	2134	crushing endgame knightEndgame short	https://lichess.org/SWPk9cYQ/black#68
1CcmY	8/4k3/1pp2n2/3PKP2/1P5P/P7/8/8 b - - 2 48	f6d5 b4b5 d5f6 b5c6	2214	crushing endgame knightEndgame short	https://lichess.org/iqvplJCn/black#96
XYWJe	3N4/2p5/3pKP1n/8/8/2k5/8/8 b - - 4 51	c3c4 d8f7 h6g4 f7d6	2115	crushing endgame knightEndgame short	https://lichess.org/CWft2ieR/black#102
SpDZi	8/2p5/3n1k2/p2P1p1p/1pPK1PpP/1P4P1/3N4/8 w - - 0 40	d4c5 d6e4 d2e4 f5e4 c5d4 a5a4 d4e4 a4a3	2122	crushing endgame knightEndgame veryLong	https://lichess.org/ZCwdgUFD#79
Whkfa	8/8/8/5n2/2k1p3/P3N1p1/3K4/8 b - - 1 57	c4d4 e3f5 d4c4 d2c2 g3g2 f5e3 c4b5 e3g2	2121	crushing endgame hangingPiece knightEndgame veryLong	https://lichess.org/E8xkq0vh/black#114
RvXKg	8/6kp/8/7K/5P1P/P5P1/4n3/8 w - - 1 41	g3g4 e2g3 h5g5 h7h6	2173	endgame knightEndgame mate mateIn2 short	https://lichess.org/GySCu4dE#81
Z2rK3	8/N7/6pp/5p2/2k2K2/2n2PPP/8/8 w - - 0 44	a7c8 c4d4 g3g4 c3e2	2220	endgame knightEndgame mate mateIn2 short	https://lichess.org/IhMF2IOE#87
Lzy8i	8/7p/5kp1/1pP5/1n3PPP/5K2/P7/8 b - - 1 47	b4a2 c5c6 f6e7 f4f5 g6f5 g4f5	2137	crushing endgame knightEndgame long	https://lichess.org/PQG6jpwi/black#94
6GwyP	8/3N4/5n1P/p7/5p2/1k2K3/6P1/8 w - - 0 51	e3f4 f6d7 f4f5 d7f8 g2g4 a5a4	2186	crushing defensiveMove endgame hangingPiece knightEndgame long quietMove	https://lichess.org/7d0LQRNF#101
eM66s	8/p1k3p1/np5p/2p2PP1/7P/8/8/5K2 b - - 0 44	h6g5 f5f6 g7f6 h4h5 a6b4 h5h6	2286	advantage endgame knightEndgame long master masterVsMaster quietMove	https://lichess.org/83lya1op/black#88
U1HCE	8/2Nk4/7p/p1p1P1p1/Pn2K3/6P1/1P6/8 w - - 3 43	c7d5 b4d5 e4d5 h6h5	2101	crushing defensiveMove endgame knightEndgame short	https://lichess.org/de7vOvu5#85
GmfOY	8/7p/8/3k4/4p3/P1pnP1P1/4KPNP/8 w - - 4 47	g2f4 d5c4 e2d1 c4b3	2121	advantage defensiveMove endgame knightEndgame master short	https://lichess.org/YqLyCXMz#93
k1v7e	8/4p2p/3p4/3P1kPP/2n2P2/2N5/2n5/6K1 b - - 0 36	f5f4 g5g6 h7g6 h5g6 f4e5 g6g7	2173	advancedPawn advantage endgame knightEndgame long	https://lichess.org/F4eZSMvB/black#72
NlgVE	8/8/2p1kpp1/1p2p2p/1P1nPP1P/P2KN1P1/8/8 w - - 0 39	e3c2 d4c2 d3c2 e5f4 g3f4 g6g5	2271	crushing endgame knightEndgame long	https://lichess.org/GzBkjWTZ#77
tDYDs	5k2/8/5P2/1pK2n2/1P3P2/7p/8/3N4 w - - 0 47	c5b5 f5d6 b5b6 d6e4	2121	crushing endgame knightEndgame short	https://lichess.org/lg0d3mUG#93
jO5C3	8/p7/PpNp1k2/1PpPn3/2P1P3/2K1n3/8/8 b - - 2 51	e3c4 c6a7 f6e7 a7c8 e7d8 a6a7 d8c8 a7a8q	2254	advancedPawn advantage endgame exposedKing knightEndgame promotion veryLong	https://lichess.org/BGtbs6jo/black#102
ozBRQ	8/2k5/2P2p2/2KP3p/5n1p/5P2/6PP/8 b - - 0 36	f4g2 d5d6 c7c8 c5b6 g2f4 d6d7 c8d8 c6c7 d8d7 b6b7	2137	advancedPawn crushing defensiveMove endgame exposedKing knightEndgame veryLong	https://lichess.org/OhCYJCP0/black#72
oMgcL	8/1p2k3/2p1n3/2P3NP/1p6/6P1/8/5K2 w - - 0 36	g5e6 b4b3 e6f4 b3b2	2235	advancedPawn crushing endgame knightEndgame short	https://lichess.org/LPQqEqwb#71
4V4RO	3k4/p1n5/N1P1p2p/1P1pP2P/3K4/8/8/8 w - - 7 50	d4c5 c7a6 b5a6 d8c7 c5b5 d5d4 b5c4 c7c6 c4d4 c6b5	2165	crushing endgame knightEndgame quietMove veryLong zugzwang	https://lichess.org/qUJlQAuT#99
QbZ2C	8/7p/1p6/5P2/3N4/pk1p4/8/1K6 b - - 1 54	b3c3 d4f3 c3c4 f5f6 c4d5 f6f7	2125	advancedPawn crushing endgame knightEndgame long quietMove	https://lichess.org/fZ0xtQjV/black#108
Qo4ky	8/7p/2N3p1/5p2/5P2/4P3/PK1n1Pk1/8 w - - 2 38	b2c2 h7h5 c2d2 h5h4	2107	advantage defensiveMove endgame knightEndgame quietMove sacrifice short	https://lichess.org/0QSnv0Ku#75
jBOI3	8/8/6p1/5p1P/5B1P/3k1P2/4nK2/8 b - - 2 50	e2f4 h5h6 g6g5 h4h5	2119	crushing defensiveMove endgame knightEndgame short	https://lichess.org/yziAu2d4/black#100
sdLyl	8/5p2/3k1p1p/3N1P1P/4P3/8/4K3/3n4 b - - 4 49	d6e5 e2d1 e5e4 d5e7	2215	crushing defensiveMove endgame knightEndgame short	https://lichess.org/0uz2XlUR/black#98
LrIQr	8/8/p6p/3k1p2/1Pp2P1P/3p4/3NK3/8 w - - 0 40	e2e3 c4c3 d2f3 d3d2	2328	advancedPawn crushing endgame knightEndgame short	https://lichess.org/RCTiZy98#79
pGHQy	8/8/8/1p6/2pNpp2/P5k1/1P2K3/8 w - - 0 48	d4b5 g3g2 b5d6 f4f3	2124	advantage endgame knightEndgame short	https://lichess.org/naiI3kqM#95
c7sjQ	5k2/1N5p/6p1/8/2pp4/4p3/PP4PP/6K1 w - - 0 34	b7d6 c4c3 b2c3 d4c3	2204	crushing endgame knightEndgame short	https://lichess.org/xQBCGCqD#67
inpCX	4N3/8/1p2k3/p7/P3ppp1/1PK5/5P2/8 w - - 0 59	c3d4 e4e3 d4d3 e3f2 d3e2 g4g3	2265	advancedPawn crushing endgame knightEndgame long	https://lichess.org/sHyThrYw#117
5yL4T	8/8/1P6/4K3/P2n4/2k5/8/8 b - - 0 53	c3c4 e5d6 d4b3 b6b7	2110	advancedPawn crushing endgame knightEndgame short	https://lichess.org/yfHHIv1c/black#106
44c5N	8/1p3ppp/3k1n2/p2np3/8/P1NKPN1P/1P3PP1/8 w - - 0 25	c3d5 e5e4 d3d4 e4f3 d5f4 g7g5 g2g4 g5f4	2129	crushing endgame fork knightEndgame veryLong	https://lichess.org/qq9CeI6o#49
Z8eup	8/3n4/8/2k2KP1/8/4P3/8/8 b - - 0 59	d7f8 g5g6 f8g6 f5g6 c5d5 g6f5	2202	crushing defensiveMove endgame knightEndgame long	https://lichess.org/QjUyl5Vp/black#118
vPKht	8/8/8/5pp1/8/4k1K1/4N3/8 w - - 5 58	e2g1 g5g4 g3g2 f5f4 g2f1 f4f3 f1e1 f3f2	2165	advancedPawn crushing endgame knightEndgame quietMove veryLong zugzwang	https://lichess.org/d86Pmpsm#115
TfZ72	8/8/2p5/5PK1/7P/k7/4n3/8 b - - 0 52	e2g3 h4h5 c6c5 h5h6 g3e4 g5g6 c5c4 h6h7	2129	advancedPawn crushing defensiveMove endgame knightEndgame quietMove veryLong	https://lichess.org/fRhvOI8I/black#104
vTTrs	8/2N2k2/p6p/1p3n2/3p3P/PPp2P2/2P2K2/8 w - - 0 43	c7a6 d4d3 a6b4 d3d2 f2e2 f5e3 e2e3 d2d1q	2283	advancedPawn crushing deflection endgame knightEndgame promotion veryLong	https://lichess.org/Bp0DvzY6#85
r5a9S	8/8/2p4p/4kN2/2p1p1P1/6K1/8/8 w - - 0 43	f5e3 e5d4 g3f2 d4d3	2108	crushing endgame knightEndgame short	https://lichess.org/uT6CYyEK#85
k8Tph	8/6N1/8/6k1/1P4p1/3p1p2/PP3P2/4K3 w - - 0 49	e1d2 g4g3 g7e6 g5g4 f2g3 f3f2	2165	advancedPawn crushing defensiveMove endgame knightEndgame long	https://lichess.org/CxhYNXCO#97
7Hw5D	8/5N1p/6p1/8/1p6/p1k1PP2/K5PP/8 w - - 2 51	f7e5 b4b3 a2b1 a3a2 b1a1 b3b2 a1a2 c3c2	2103	advancedPawn crushing defensiveMove endgame exposedKing knightEndgame veryLong	https://lichess.org/O3Ww3oW1#101
BYJJZ	8/3N1p2/4k3/4pp2/8/4K3/8/8 w - - 4 59	d7f8 e6e7 f8h7 f7f6	2119	crushing defensiveMove endgame knightEndgame master short	https://lichess.org/erYVwWNV#117
6NUCA	8/8/8/8/N7/Pp5p/5Kp1/1k6 w - - 2 62	a4c5 b1a2 c5d3 a2a3	2148	crushing endgame knightEndgame short	https://lichess.org/vaAbkaXw#123
We31U	8/pp6/8/3N4/P2Pp3/1P2Pkpp/8/6K1 w - - 0 41	d5f4 h3h2 g1h1 f3e3 f4g2 e3d4	2189	advancedPawn crushing endgame knightEndgame long	https://lichess.org/uaZDNPLB#81
grwfT	8/2p2p2/1p2nNp1/4Pk1p/p1P2P2/2P2KPP/8/8 b - - 1 42	g6g5 g3g4 h5g4 h3g4 f5g6 f4f5 g6g7 f5e6 f7e6 f6e4 a4a3 e4d2	2244	crushing defensiveMove endgame fork knightEndgame master veryLong	https://lichess.org/W8FBcOgt/black#84
dmnpg	8/4kp2/2n4p/2PpP1pP/3P4/2K5/p1N3P1/8 b - - 0 42	f7f6 e5f6 e7f6 g2g4 f6e6 c3b2	2129	crushing endgame knightEndgame long quietMove	https://lichess.org/4k6p3IgZ/black#84
RFCvT	8/4n3/8/1p3p1P/p3kP1N/8/3K4/8 b - - 3 51	e4f4 h5h6 f4g4 h6h7 g4h4 h7h8q	2117	advancedPawn crushing endgame knightEndgame long promotion	https://lichess.org/Ws62L7AS/black#102
qnw97	8/Np6/8/2k4p/4n2K/1P6/8/8 w - - 4 43	h4h5 e4d6 h5g4 c5b6	2157	crushing endgame knightEndgame master quietMove short	https://lichess.org/W1TBEQ2c#85
WAxoR	8/1k3P2/1p2n1p1/p2N3p/3P4/P1P5/1K6/8 b - - 0 46	b7c6 d5e7 c6d6 e7g6	2183	advantage endgame knightEndgame short	https://lichess.org/9Un8oShH/black#92
O2JBy	8/4N1k1/4p3/2p1P3/pp1p4/3P3K/PPP5/8 w - - 0 50	a2a3 c5c4 a3b4 c4c3 b2c3 a4a3 e7c6 a3a2 c6d4 a2a1q	2219	advancedPawn advantage endgame knightEndgame master promotion sacrifice veryLong	https://lichess.org/lTCr8B8C#99
X1kKN	8/1kpn2p1/pp2p2p/2P2p2/PP1K1P2/3N4/6PP/8 b - - 0 34	b7c6 b4b5 a6b5 d3b4 c6b7 c5c6 b7c8 c6d7 c8d7 a4b5	2415	advancedPawn crushing endgame fork knightEndgame veryLong	https://lichess.org/OceDyLkB/black#68
XJkeQ	6k1/p5pp/1p3p2/4N3/2Ppn3/7P/PP3PP1/5K2 w - - 0 28	f2f3 e4g3 f1f2 g3h1	2451	crushing endgame knightEndgame short	https://lichess.org/uNv2F5Ro#55
iT5ZA	8/ppp5/1P4p1/P1P1k3/8/3K4/6n1/8 b - - 0 38	a7b6 c5c6 g2f4 d3d2 b7c6 a5a6 f4d5 a6a7	2431	advancedPawn advantage defensiveMove endgame knightEndgame veryLong	https://lichess.org/VaiXByLy/black#76
2uwFG	8/7p/1p1k1N2/1P2p1p1/n1K3P1/5P2/6P1/8 b - - 0 39	h7h6 f6e4 d6e6 c4b3	2478	crushing endgame knightEndgame master short	https://lichess.org/nsZneeco/black#78
M39h3	8/8/p2k2Pp/P4p2/2Pn1K2/8/4B1P1/8 b - - 0 41	d4e2 f4e3 e2c3 g6g7	2426	advancedPawn crushing defensiveMove endgame knightEndgame short	https://lichess.org/h7h4Wm86/black#82
y5nvT	8/6K1/5P2/p3n3/P4N2/1k6/8/8 w - - 0 60	f4d3 e5d3 f6f7 d3c5 g7f6 c5d7 f6e7 d7e5	2406	crushing endgame hangingPiece knightEndgame veryLong	https://lichess.org/RKCwWbes#119
K8KGY	8/8/p1p5/8/5p2/3k3p/PPN2K2/8 w - - 3 45	c2b4 d3d2 b4c6 h3h2 f2g2 f4f3 g2h2 f3f2 h2g2 d2e1	2415	advancedPawn crushing defensiveMove endgame exposedKing knightEndgame master sacrifice veryLong	https://lichess.org/frHrrZKs#89
NHfgc	8/2p5/n2p4/PN1Pppk1/2P5/8/8/3K4 b - - 0 40	g5f4 b5c7 a6c7 c4c5 c7b5 c5d6 b5d6 a5a6 d6b5 d5d6 b5d6 a6a7	2470	advancedPawn advantage endgame knightEndgame sacrifice veryLong	https://lichess.org/E0lfprEn/black#80
qo738	8/8/2P1n3/p2N3K/7p/1k5P/8/8 w - - 0 52	c6c7 e6c7 d5c7 b3c4 c7e6 a5a4	2439	crushing defensiveMove endgame knightEndgame long sacrifice	https://lichess.org/9z1ySAu2#103
oHxzj	8/8/4K3/4P3/6P1/3n4/5k2/8 b - - 0 53	d3f4 e6f7 f2f3 g4g5 f3g4 g5g6 g4f5 g6g7 f5e5 g7g8q	2473	advancedPawn crushing defensiveMove endgame knightEndgame promotion quietMove veryLong	https://lichess.org/W87L9XQU/black#106
t3g6l	8/6p1/8/4kpPP/2n5/5P2/1pK2P2/8 b - - 0 44	e5f4 h5h6 c4d2 c2b2 g7h6 g5g6 f4f3 g6g7 d2e4 g7g8q	2432	advancedPawn crushing endgame knightEndgame promotion veryLong	https://lichess.org/6JAHn6k3/black#88
LtjFi	8/8/3n1PN1/8/1k5P/1p6/1K6/8 w - - 2 50	h4h5 d6c4 b2c1 b4c3 c1d1 b3b2	2401	advancedPawn crushing endgame knightEndgame long	https://lichess.org/m6D2RBt5#99
Mhf6V	8/8/8/6K1/5p2/6kp/3N4/8 w - - 0 60	d2e4 g3f3 e4d2 f3g2 g5f4 h3h2 f4e3 h2h1q	2400	advancedPawn crushing defensiveMove endgame knightEndgame promotion veryLong	https://lichess.org/cksS9I5R#119
slDkw	8/1p6/7K/2k3PP/5n2/8/8/8 b - - 0 58	c5d6 g5g6 f4d5 h6g7	2414	crushing defensiveMove endgame knightEndgame short	https://lichess.org/I4cQmoWJ/black#116
2bB8T	8/k1N5/p7/K4p1p/1P1n4/6P1/8/8 w - - 0 49	c7a6 f5f4 g3f4 h5h4 a6c5 d4b3 c5b3 h4h3	2502	advantage endgame knightEndgame quietMove sacrifice veryLong	https://lichess.org/1rpteQif#97
L1ueZ	8/8/PN1p4/3P4/1PPp2k1/3P1p2/1n2K3/8 w - - 0 43	e2f2 b2d1 f2e1 f3f2 e1d1 f2f1q	2409	advancedPawn crushing deflection endgame exposedKing knightEndgame long promotion	https://lichess.org/ivdznpkM#85
zmd7w	n7/P6p/8/7k/3NK1p1/8/8/8 b - - 3 52	h5h4 e4d5 h4g3 d5c6 g3f2 d4f5	2453	crushing defensiveMove endgame knightEndgame long	https://lichess.org/OBuCdqGa/black#104
65UTX	8/p1p1k3/1p3bKp/3P4/2P1N3/1P1p4/P6P/8 w - - 0 41	e4f6 d3d2 d5d6 e7d8 d6c7 d8c8	2415	advancedPawn crushing defensiveMove endgame knightEndgame long	https://lichess.org/rA8iakDf#81
S6rrd	8/8/7N/7p/5k2/2P1p3/4K3/8 w - - 4 64	e2d3 h5h4 h6f5 h4h3 f5e3 h3h2	2404	advancedPawn crushing endgame knightEndgame long quietMove	https://lichess.org/MOUIIdhc#127
bJNz7	8/5pk1/3N3p/2p2p2/n4P2/3K2PP/8/8 b - - 0 40	a4b2 d3c2 b2a4 d6c4 g7f6 c2b3 f6e6 b3a4	2453	crushing defensiveMove endgame knightEndgame quietMove trappedPiece veryLong	https://lichess.org/D4XElKt8/black#80
yh92F	8/3n4/5pPp/4k2P/6P1/5K2/8/8 b - - 0 54	f6f5 g4g5 h6g5 g6g7 d7f6 h5h6	2511	advancedPawn crushing endgame knightEndgame long	https://lichess.org/LAI0cFUO/black#108
vgYnT	8/8/2k1n1KP/8/8/p2N4/8/8 b - - 0 59	e6f4 g6f5 f4d3 h6h7 a3a2 h7h8q	2427	advancedPawn crushing defensiveMove endgame knightEndgame long promotion sacrifice	https://lichess.org/a7lNv8R9/black#118
mVrQw	3n4/K7/1Pk5/P7/8/8/8/8 b - - 2 58	d8b7 a5a6 b7d6 a7b8 c6b6 a6a7 b6c5 a7a8q	2476	advancedPawn crushing endgame knightEndgame promotion veryLong	https://lichess.org/42N50mcU/black#116
ekwFh	8/4N2n/5k1P/6PK/8/8/8/8 b - - 0 57	f6e7 g5g6 h7f6 h5g5 f6e4 g5f4 e4d6 h6h7 e7f6 h7h8q	2462	advancedPawn crushing endgame knightEndgame promotion veryLong	https://lichess.org/1GpjHova/black#114
5XZjp	8/8/2k5/4P3/1Pp4p/2N1K2n/8/8 b - - 0 49	h3g1 b4b5 c6d7 b5b6 h4h3 e3f2 h3h2 f2g2 g1h3 e5e6 d7e6 b6b7 h2h1q g2h1	2439	advancedPawn crushing endgame knightEndgame master veryLong	https://lichess.org/Mg7no8UD/black#98
9HlDF	8/8/4N3/4p3/1kP2pp1/1Pn5/2K3P1/8 w - - 0 48	c4c5 f4f3 g2f3 g4f3 c5c6 f3f2	2433	advancedPawn crushing endgame knightEndgame long	https://lichess.org/Ai3SE51P#95
6N2wm	8/2p5/3p4/3Pk1p1/2P3P1/8/1K3N1p/8 w - - 2 46	b2c2 e5d4 c2b3 d4e3	2432	crushing endgame knightEndgame short	https://lichess.org/uvDniAOv#91
7cquC	1k6/8/1PPK2p1/P5P1/8/5n1p/8/8 b - - 2 50	h3h2 a5a6 h2h1q c6c7 b8c8 b6b7	2404	advancedPawn endgame exposedKing knightEndgame long mate mateIn3	https://lichess.org/fFZACfEP/black#100
fKSqD	8/7p/8/4k3/2K5/P3npN1/7P/8 w - - 0 41	c4c5 f3f2 a3a4 h7h5 h2h4 e5f4	2431	advancedPawn crushing endgame knightEndgame long master masterVsMaster quietMove	https://lichess.org/ozeRa0Cl#81
HFjD4	8/8/4p2K/1k1p2nP/3P2P1/8/8/8 b - - 0 60	g5e4 h6g6 e6e5 h5h6 e5d4 h6h7	2423	advancedPawn crushing endgame knightEndgame long	https://lichess.org/ESPyQQiU/black#120
za0gF	8/k3n3/1pP4p/1P2P1p1/2pp1PK1/6P1/7P/1N6 w - - 0 39	f4g5 c4c3 b1c3 d4c3 g5h6 c3c2 h6h7 e7g6 g4f5 g6h8	2479	advancedPawn crushing defensiveMove endgame knightEndgame veryLong	https://lichess.org/Hh44qz5T#77
FOeGz	8/nK6/PN6/5k1p/5pp1/8/6PP/8 b - - 2 42	f4f3 g2f3 g4f3 b7a7 f5e4 b6c4 f3f2 c4d2 e4d3 d2f1 d3e2 f1g3	2491	crushing endgame knightEndgame quietMove veryLong	https://lichess.org/hVWftZ1i/black#84
lQUou	5k2/5P2/1n2p1p1/3pN1p1/pKpP4/2P2PP1/2P4P/8 w - - 1 44	b4c5 a4a3 c5d6 a3a2 d6e6 f8g7 e5g6 b6d7 e6d7 g7f7	2510	advancedPawn crushing deflection endgame knightEndgame master quietMove sacrifice veryLong	https://lichess.org/5xvVx5hY#87
ToJKC	8/8/p4KnN/6P1/8/k7/8/8 b - - 1 54	g6h4 h6f5 h4g2 f6e5	2505	crushing defensiveMove endgame knightEndgame short	https://lichess.org/wLBhYWlH/black#108
ZE9aD	8/8/8/2p1P3/4N3/1k1p1KP1/2n5/8 w - - 0 44	e5e6 c2d4 f3e3 b3c2 e4c5 d3d2 e3d4 d2d1q	2435	advancedPawn crushing endgame knightEndgame promotion veryLong	https://lichess.org/6FSJH24t#87
TaFdV	8/4k3/2KP4/4P3/8/2n5/8/8 b - - 0 46	e7d8 e5e6 d8e8 e6e7 c3e4 d6d7 e8e7 c6c7 e4f6 d7d8q	2406	advancedPawn crushing endgame exposedKing knightEndgame promotion veryLong zugzwang	https://lichess.org/Z3MaBOmY/black#92
PKLBa	8/8/6k1/7p/8/2n1NP1K/3p2P1/8 w - - 1 43	g2g4 g6g5 h3g3 h5h4	2407	crushing endgame knightEndgame master short	https://lichess.org/0yqQRed8#85
M6kln	8/8/1n1k2p1/p2p4/P2P4/3NKP2/8/8 w - - 4 49	d3b2 b6c4 b2c4 d5c4 e3e4 g6g5 d4d5 c4c3 e4d3 d6d5 d3c3 d5c5 c3d3 c5b4	2454	crushing endgame knightEndgame quietMove veryLong zugzwang	https://lichess.org/Xs5u6vhW#97
hGFzE	8/7p/1pn1NK2/3p4/2kP2P1/7P/8/8 w - - 1 57	f6g7 b6b5 g4g5 b5b4 e6c5 c6d4	2416	crushing endgame knightEndgame long master masterVsMaster quietMove	https://lichess.org/iAfrHxqN#113
Gn7Ek	8/6k1/p7/1p4p1/1PPn1pP1/1N1p1P2/P4K2/8 b - - 3 43	d4f3 c4b5 a6b5 f2f3	2456	crushing endgame intermezzo knightEndgame short	https://lichess.org/vi5ScrLS/black#86
q4gLf	8/7p/7K/5P2/2k5/6P1/7P/5n2 b - - 0 43	c4d5 f5f6 d5e6 h6g7 f1e3 g3g4	2406	crushing defensiveMove endgame knightEndgame long master	https://lichess.org/3ZLbOR4Y/black#86
Z8jsW	8/P1n5/8/2P3k1/2K5/8/8/8 b - - 1 51	c7a8 c4d5 g5f5 d5d6	2470	crushing defensiveMove endgame knightEndgame short	https://lichess.org/IWFkPKP3/black#102
JNTdT	8/8/8/8/4K1P1/1p1pN2P/3k4/8 w - - 0 53	e4d4 d2c1 g4g5 b3b2 d4d3 b2b1q	2425	advancedPawn crushing endgame knightEndgame long promotion	https://lichess.org/jwmUZsbb#105
TMuCr	8/5pp1/3k3p/p1nP4/3KP3/1pN5/6PP/8 b - - 1 54	a5a4 c3b5 d6d7 d4c5 b3b2 b5a3	2423	crushing defensiveMove deflection endgame knightEndgame long	https://lichess.org/byMqaz9P/black#108
NUbV9	8/3nk3/pN3p1p/Pp1P2p1/1P1K4/6P1/5P2/8 b - - 1 48	e7d6 b6d7 d6d7 g3g4	2408	crushing defensiveMove endgame knightEndgame short	https://lichess.org/CjaimXdi/black#96
ljRi1	8/8/8/5N2/5k2/5p2/4p3/4K3 w - - 5 72	f5h4 f4g4 h4g6 g4g3 g6e5 f3f2 e1e2 g3g2	2457	advancedPawn crushing defensiveMove endgame exposedKing knightEndgame veryLong zugzwang	https://lichess.org/QWBL0LPx#143
mDyYc	8/p6p/5kp1/2pn1p2/8/P1P2K1P/1P2N1P1/8 w - - 0 30	e2f4 d5f4 f3f4 c5c4	2513	crushing defensiveMove endgame knightEndgame short	https://lichess.org/4HOerZzP#59
Ut9vb	8/8/1N6/5ppp/8/2K3P1/6kP/8 w - - 1 43	h2h4 g5g4 b6d5 g2g3	2542	crushing endgame knightEndgame master quietMove short	https://lichess.org/48p9zKVP#85
NeBD3	8/4Nkn1/5p2/6pp/4K1P1/5P2/8/8 w - - 2 67	g4h5 f7e7 h5h6 g7e8 h6h7 e8d6 e4d3 d6f7	2403	crushing defensiveMove endgame hangingPiece knightEndgame quietMove veryLong	https://lichess.org/wSmZSZge#133
JAcIa	8/p2k4/1pn1p3/4Pp1p/1N1P1Pp1/P5P1/2K4P/8 w - - 1 42	c2d3 c6b4 a3b4 d7c6 d3c3 b6b5 c3c2 c6d5	2494	crushing endgame knightEndgame quietMove veryLong	https://lichess.org/QRiht0JU#83
Aldmy	8/8/3k1n2/P5p1/2PK4/5N1p/8/8 w - - 0 52	a5a6 d6c7 f3h2 g5g4 h2f1 f6h5 d4e3 g4g3	2538	crushing endgame knightEndgame master quietMove veryLong	https://lichess.org/jiUzQUjF#103
YSmAU	7k/1p5p/2p5/2Pp2p1/1P1P4/7P/1K4P1/n7 b - - 1 46	h7h5 g2g4 h8g7 b2a1	2419	crushing endgame knightEndgame short trappedPiece	https://lichess.org/vd9EMFoH/black#92
ha3EJ	8/5k2/3p1n1p/3N3P/2P1pKP1/8/8/8 w - - 1 64	g4g5 h6g5 f4e3 f6d5 c4d5 f7g7 e3e4 g7h6 e4f3 h6h5	2448	crushing endgame knightEndgame veryLong	https://lichess.org/GpcHjW6E#127
APvJh	8/4k3/5p1N/2n2K2/4p1PP/8/8/8 w - - 0 48	h6g8 e7f7 g8f6 e4e3 f6h7 c5e6	2424	crushing defensiveMove endgame knightEndgame long	https://lichess.org/zTNTXniM#95
CjCbt	8/p7/1p4K1/1P5p/6pk/P7/8/6N1 w - - 0 51	g6f5 h4g3 f5g5 h5h4 g1e2 g3f2	2478	crushing defensiveMove endgame knightEndgame long quietMove	https://lichess.org/lPbVNqTb#101
m2u0u	8/p7/P2N2kp/2p1pp2/1p5P/1Pn1P1P1/3K1P2/8 w - - 0 33	f2f4 c3e4 d6e4 f5e4 g3g4 e5f4	2515	crushing endgame knightEndgame long	https://lichess.org/SeQraQ55#65
RvYIP	8/2n5/3k1p2/p2p1Pp1/P2N2Pp/2P4P/2K5/8 w - - 2 43	c2d3 c7a6 d4e6 a6c5 e6c5 d6c5 d3d2 c5c4 d2c2 d5d4 c3d4 c4d4	2416	crushing endgame knightEndgame master quietMove veryLong zugzwang	https://lichess.org/R8r3SceK#85
3gzlE	8/7p/4pp2/pkPn1p2/N2P1P2/1K4P1/7P/8 w - - 0 41	a4c3 d5c3 b3c3 e6e5 f4e5 f6e5	2404	crushing endgame knightEndgame long	https://lichess.org/yimRnDKv#81
KNmWm	8/8/4K3/6pk/6N1/7p/8/8 w - - 4 54	g4h2 g5g4 h2f1 h5h4 e6e5 g4g3 e5f4 g3g2 f1h2 h4h5 h2f3 h3h2 f3h2 g2g1q	2403	advancedPawn crushing deflection endgame knightEndgame promotion quietMove veryLong	https://lichess.org/KMj6144w#107
RWrgR	8/8/K1N2k2/1P4p1/7n/8/8/8 b - - 0 55	g5g4 b5b6 g4g3 c6d4 h4f5 b6b7 f5d4 b7b8q	2560	advancedPawn crushing endgame knightEndgame promotion quietMove veryLong	https://lichess.org/FF79xBLb/black#110
V4YvG	6k1/8/P4p1Q/5P2/1qpp4/5P2/1P1K4/8 w - - 1 47	d2c1 b4e1 c1c2 d4d3	1150	endgame mate mateIn2 queenEndgame short	https://lichess.org/TKyzRcb4#93
EpaxJ	5k2/8/p6p/1PPpQ3/P2p1PPq/5K2/8/8 w - - 7 42	e5d5 h4h1 f3f2 h1d5	1124	crushing endgame queenEndgame short skewer	https://lichess.org/SlCdHJBf#83
6qyQa	8/Pq4k1/5pp1/2P4p/1P1Q4/6P1/8/3K4 w - - 5 51	d4a1 b7h1 d1c2 h1a1	1151	crushing endgame queenEndgame short skewer	https://lichess.org/DAbPojOA#101
qvZMP	5k2/Q7/4qp1p/2P1p1pP/p5P1/K7/1P6/8 w - - 0 48	a3a4 e6a2 a4b5 a2a7	1133	crushing endgame master queenEndgame short skewer	https://lichess.org/bqzGC6hz#95
N4L52	5Q2/8/8/6Kp/k6P/8/8/1q6 b - - 0 54	b1c1 f8f4 c1f4 g5f4 a4b4 f4g5 b4c5 g5h5	1197	crushing endgame master queenEndgame veryLong	https://lichess.org/xnzWm1te/black#108
JxBFD	8/5k2/5p1p/1p2q3/3p4/1Q3P2/1P3K2/8 b - - 1 61	f7g6 b3g8 g6f5 g8g4	1149	endgame mate mateIn2 queenEndgame short	https://lichess.org/rhZKoL4I/black#122
wPlp2	4Q3/8/p4pk1/4p3/4P1P1/3q4/5PK1/8 b - - 6 46	g6g5 e8h5 g5f4 h5f5	1196	endgame epauletteMate mate mateIn2 queenEndgame short	https://lichess.org/qvepj3Ol/black#92
xtw4j	6k1/4K2p/3pQ1p1/2pP4/2P2P2/8/pq5P/8 b - - 1 39	g8h8 e6c8 h8g7 c8f8	1155	endgame mate mateIn2 queenEndgame short	https://lichess.org/ucpHjbE9/black#78
sgXDf	4k3/6Q1/7p/p2q1K2/6P1/4P2P/8/8 w - - 13 66	f5g6 d5g5 g6h7 g5g7 h7g7 a5a4	1165	crushing defensiveMove endgame long queenEndgame	https://lichess.org/JvV6Rb4s#131
Vm4eJ	8/8/1p2K3/k1q5/P3Q3/8/8/8 b - - 11 77	c5b4 e4a8	1186	endgame mate mateIn1 oneMove queenEndgame	https://lichess.org/nib2bKIU/black#154
6tju2	6k1/5p2/5Q1p/6p1/8/5PPK/3q3P/8 w - - 2 36	f6h6 g5g4 f3g4 d2h6	1142	crushing discoveredAttack endgame master queenEndgame short	https://lichess.org/Ex01Ye1z#71
36taA	8/8/4kpQ1/8/3p4/6PP/4q3/6K1 b - - 0 57	d4d3 g6e8 e6d5 e8e2 d3e2 g1f2 e2e1q f2e1	1185	crushing endgame queenEndgame veryLong	https://lichess.org/TfxXkzgF/black#114
h3T1g	8/1Q3pk1/P5p1/8/6qp/6P1/5PKP/8 w - - 2 39	a6a7 h4h3 g2f1 g4d1	1163	endgame mate mateIn2 queenEndgame short	https://lichess.org/LoqlMTwu#77
IEfLS	8/1q3p2/3Qp3/2K3k1/2P3P1/8/8/8 w - - 1 59	d6d4 b7a7 c5b5 a7d4	1177	crushing deflection endgame master queenEndgame short skewer	https://lichess.org/2AhtCIw8#117
RDpNS	8/4Q1kp/5pp1/2p5/2q1PK2/6PP/8/8 b - - 1 52	g7h6 e7f8 h6h5 g3g4 h5h4 f8h6	1171	endgame long mate mateIn3 queenEndgame	https://lichess.org/wk7heIFw/black#104
lTxQO	8/3P2kp/1q2K1p1/3Q1p2/8/8/6PP/8 w - - 8 40	e6e7 b6f6 e7e8 f6f8	1161	endgame mate mateIn2 queenEndgame short	https://lichess.org/RuX64dbV#79
rdt01	8/3Q1kpp/5p2/p2p4/6K1/3q2P1/P6P/8 b - - 3 40	f7g6 d7e8 g6h6 e8h5	1196	endgame mate mateIn2 queenEndgame short	https://lichess.org/mqaHGDsE/black#80
fu3wN	3Q4/6kp/6p1/3P1p2/6K1/6P1/5P2/7q w - - 0 36	g4f4 h1e4 f4g5 h7h6	1140	endgame mate mateIn2 queenEndgame short	https://lichess.org/DyYGP7uQ#71
tuXWf	8/pQ5p/6p1/7k/5P2/1P2PKP1/P6P/3q4 w - - 1 36	f3e4 d1h1 e4e5 h1b7	1169	crushing endgame queenEndgame short skewer	https://lichess.org/bkZs0FMN#71
Qu9ZW	5Q2/1p6/k1p5/3p4/PP1P4/2K5/7p/8 b - - 0 45	h2h1q f8a8 a6b6 a8a5	1152	endgame mate mateIn2 queenEndgame short	https://lichess.org/C8EGSf8Q/black#90
awwzh	8/5pk1/6p1/5q2/4p3/2Qp2P1/5PK1/8 b - - 1 42	g7h6 c3h8 h6g5 h8h4	1153	endgame mate mateIn2 queenEndgame short	https://lichess.org/MsYfMfPD/black#84
i5QdO	6k1/5p2/6p1/3QP2p/4KP1P/6P1/8/1q6 w - - 25 74	e4f3 b1h1 f3e2 h1d5	1197	crushing endgame master queenEndgame short skewer	https://lichess.org/AAxDqiMe#147
M50CF	7Q/8/8/6K1/P4P2/3k4/6q1/8 w - - 0 64	g5f6 g2b2 f6e6 b2h8	1158	crushing endgame master queenEndgame short skewer	https://lichess.org/mcSQSrzp#127
FGvsb	8/p7/2Q3p1/4p1k1/4P3/2P3K1/P2q2P1/8 w - - 2 45	c6e6 d2f4 g3h3 f4h4	1118	endgame mate mateIn2 queenEndgame short	https://lichess.org/W6Ce4b93#89
2cRNn	8/8/4K3/7P/3Q4/1k6/8/2q5 w - - 2 67	d4g4 c1c8 e6f6 c8g4	1133	crushing endgame master queenEndgame short skewer	https://lichess.org/zVHiiBL1#133
DTIu1	6k1/5p2/p6p/1p2P3/2P1Q3/7q/1P5P/5K2 w - - 1 40	e4g2 h3g2 f1g2 b5c4	1180	crushing endgame queenEndgame short	https://lichess.org/ZtqcTeDo#79
WFkgV	1Q6/2p4p/1p3kp1/8/3P4/6K1/3q3P/8 b - - 13 52	d2d4 b8h8 f6e6 h8d4	1159	crushing endgame queenEndgame short skewer	https://lichess.org/mxmqxSGy/black#104
WBXGR	7Q/8/6p1/3p2kp/3P3P/4P1P1/5PK1/2qq4 b - - 0 40	g5f5 h8e5 f5g4 e5f4	1182	endgame mate mateIn2 queenEndgame short	https://lichess.org/0b9ihV0B/black#80
iKZZU	6Q1/2p5/1p1p1p2/3Pp1kp/2PqP3/7P/6PK/8 b - - 4 51	g5f4 g8g3 f4e4 g3f3	1137	endgame mate mateIn2 queenEndgame short	https://lichess.org/UZbxL8RW/black#102
fNQMc	8/6Q1/7P/4Kp2/1p6/1P6/5k2/3q4 w - - 2 59	h6h7 d1a1 e5f5 a1g7	1161	crushing endgame master queenEndgame short skewer	https://lichess.org/kcKXaE0i#117
7ahe4	8/4Q1kp/5pp1/2p5/2q2P2/6PK/7P/8 b - - 1 40	g7h6 e7f8 h6h5 g3g4	1111	endgame mate mateIn2 queenEndgame short	https://lichess.org/iYRAognu/black#80
R1gcW	8/p7/1p6/4pq2/8/1P2kp1P/P5P1/4Q2K b - - 2 55	e3d3 e1b1 d3c3 b1f5	1125	crushing endgame master masterVsMaster queenEndgame short skewer	https://lichess.org/Vplc0RcH/black#110
25HZk	8/p3Q1kp/5pp1/2p5/5P2/P6K/4pqPP/8 b - - 1 44	g7h6 e7f8 h6h5 g2g4	1122	endgame mate mateIn2 queenEndgame short	https://lichess.org/aMj1pZXT/black#88
0QqW7	6k1/7p/6p1/8/qP2p3/2Pp3P/3K2P1/4Q3 w - - 0 43	e1e4 a4c2 d2e3 c2e2 e3d4 e2e4 d4e4 d3d2	1134	advancedPawn crushing endgame queenEndgame veryLong	https://lichess.org/Hfo0tDX7#85
ayG8v	8/7k/p2Qp1pp/1p2P3/6P1/1P3q1K/P4P2/8 w - - 1 39	h3h4 g6g5 h4h5 f3h1	1184	endgame mate mateIn2 queenEndgame short	https://lichess.org/ouwhx3ys#77
p448N	3k4/6Q1/P1p5/2K5/3P3P/8/8/5q2 w - - 2 51	a6a7 f1b5 c5d6 b5d5	1171	endgame master mate mateIn2 queenEndgame short	https://lichess.org/MKy85jdy#101
4FzmX	8/6kp/pp4p1/3P1p2/1Q6/1P2KP1P/6q1/8 w - - 0 34	b4b6 g2g1 e3d3 g1b6	1189	crushing endgame queenEndgame short skewer	https://lichess.org/lxBQkrPR#67
YU1Y3	8/1q2K3/3Q1pk1/6pp/4P3/5P1P/6P1/8 w - - 9 46	e7e6 b7f7	1107	endgame mate mateIn1 oneMove queenEndgame	https://lichess.org/1bzAeY95#91
QiNdB	8/5pp1/p1p1q1p1/5k2/P3p3/6P1/6KP/5Q2 b - - 1 42	f5g5 f1f4 g5h5 f4h4	1139	endgame mate mateIn2 queenEndgame short	https://lichess.org/lpQ5H94M/black#84
9ErXA	8/5p2/4p1k1/p1Q4q/P2Pp3/4P3/5P1K/8 w - - 2 53	h2g3 h5f3 g3h2 f3f2	1132	crushing deflection endgame master queenEndgame short	https://lichess.org/raTfBicB#105
sSdFi	8/1p6/1k2q2P/2p1P3/3p4/3P2QK/8/8 w - - 1 55	g3g4 e6h6 h3g3 h6e3	1158	crushing endgame master queenEndgame short	https://lichess.org/jL8VCu4o#109
LR7XV	6k1/6p1/7p/1q1P4/4Q1P1/3p3P/8/6K1 w - - 3 50	e4d4 b5b1 g1g2 b1c2 g2g3 d3d2	1166	advancedPawn crushing endgame exposedKing long queenEndgame	https://lichess.org/4zJVpo1l#99
j4D8B	8/3q3p/5P2/4QK2/8/5k2/8/8 w - - 3 63	f5g5 d7g4 g5h6 g4g6	1127	endgame mate mateIn2 queenEndgame short	https://lichess.org/M5m7sfRr#125
m5d2Z	3Q4/8/4K1kp/8/8/7P/5p2/8 b - - 0 50	f2f1q d8g8 g6h5 g8g4	1162	endgame mate mateIn2 queenEndgame short	https://lichess.org/YkBQibWy/black#100
BAmoZ	8/7k/3p2p1/3P4/5Q2/6P1/7K/3q4 w - - 1 46	h2h3 d1h1 h3g4 h1h5	1162	endgame mate mateIn2 queenEndgame short	https://lichess.org/cQx8EOC4#91
lDn5s	8/2Q2pk1/4q3/8/P2P4/2P1p1P1/1P3PK1/8 w - - 0 42	c7e5 e6e5 d4e5 e3e2 f2f4 e2e1q	1120	advancedPawn crushing endgame long promotion queenEndgame	https://lichess.org/FtyNG85Z#83
w1oAz	8/2Q2pkp/6p1/3pP3/q2N4/7P/5PP1/6K1 b - - 0 32	a4d4 e5e6 d4f6 e6e7 f6a1 g1h2	1171	advancedPawn crushing endgame long pin queenEndgame	https://lichess.org/pD0VEDLJ/black#64
AXVLM	8/p4Qpp/2k1p3/3pP3/q2p3P/8/P4PP1/6K1 b - - 2 28	d4d3 f7e8 c6b7 e8a4	1146	crushing endgame queenEndgame short skewer	https://lichess.org/ErenDRrp/black#56
xM8Xa	8/8/Q7/5K2/P7/8/1kq5/8 w - - 2 59	f5e6 c2g6 e6e5 g6a6	1159	crushing endgame master queenEndgame short skewer	https://lichess.org/jUGMuTZP#117
uAzYn	6k1/Q6p/1p4p1/8/P7/5KP1/7P/5q2 w - - 1 41	f3g4 f1f5 g4h4 f5h5	1190	endgame mate mateIn2 queenEndgame short	https://lichess.org/17VdN4iF#81
Z2tcb	6k1/2p2p2/2p2Pp1/p2p4/5Q2/2q2P1P/P5PK/8 b - - 5 33	d5d4 f4h6 d4d3 h6g7	1148	endgame mate mateIn2 queenEndgame short	https://lichess.org/7Bafiga7/black#66
PUEZv	6k1/5p2/2Q5/6K1/1P4PP/P3q3/8/8 w - - 1 41	g5f6 e3h6 f6e5 h6c6	1160	crushing endgame queenEndgame short skewer	https://lichess.org/mrt4heFt#81
xzvul	2Q5/8/3K4/8/4k3/p7/P7/6q1 w - - 1 53	c8c4 g1d4 c4d4 e4d4 d6e6 d4c3 e6d5 c3b2 d5d4 b2a2 d4c3 a2b1	1178	crushing endgame queenEndgame veryLong	https://lichess.org/7ynpcD1o#105
35jJW	3q4/5kp1/p6p/4Q3/1p4PP/8/PP6/1K6 w - - 0 34	a2a3 d8d1 b1a2 b4b3	1182	endgame mate mateIn2 queenEndgame short	https://lichess.org/J4HFp1UV#67
cc4Fh	8/8/7p/8/8/8/2K2pQ1/4k3 b - - 3 68	f2f1q g2d2	1199	endgame mate mateIn1 oneMove queenEndgame	https://lichess.org/CTaZYM11/black#136
ofWYD	2k5/8/3Q4/p2K4/P6q/8/8/8 w - - 8 61	d5c6 h4a4 c6b6 a4b4 d6b4 a5b4 b6a5 b4b3 a5a4 b3b2	1168	advancedPawn crushing endgame queenEndgame veryLong	https://lichess.org/8fLA0CVD#121
8SXey	8/Q4p1k/4q1p1/2P4p/7P/6P1/p4P2/6K1 w - - 0 42	c5c6 e6e1 g1g2 a2a1q	1166	advancedPawn crushing endgame master promotion queenEndgame short	https://lichess.org/mr5esEjv#83
Y2G4e	8/4p1k1/3p2p1/2pP4/2P3P1/6KP/3qp3/Q7 b - - 1 49	g7h6 a1h8 h6g5 h3h4	1098	endgame mate mateIn2 queenEndgame short	https://lichess.org/5VXdGSmk/black#98
h6RJb	7K/5qP1/7k/8/8/8/8/8 w - - 0 90	g7g8q f7f6 g8g7 f6g7	1135	endgame mate mateIn2 queenEndgame short	https://lichess.org/wtqaruRX#179
YXOrA	8/5p2/4p1p1/1p5p/p1k1P2P/Pq3PP1/1P1Q2K1/8 b - - 4 48	b3d3 d2b4	1123	endgame master mate mateIn1 oneMove queenEndgame	https://lichess.org/CNNqE4Ck/black#96
bpRK8	8/1P1Q4/P4kpp/8/3p1P1K/6P1/7P/7q w - - 15 56	b7b8q h1h2 d7h3 g6g5 f4g5 h6g5 h4g4 h2e2	1300	endgame mate mateIn4 queenEndgame veryLong	https://lichess.org/Z9pfhtfH#111
YrZ9M	8/Q7/1p3Kpk/7p/5P2/4P1P1/7q/8 b - - 1 38	h5h4 a7g7 h6h5 g7g6	1450	endgame mate mateIn2 queenEndgame short	https://lichess.org/e6wavevH/black#76
h2yQ2	8/pQ6/6kp/3P4/1PP5/2q5/8/3K4 b - - 2 48	c3c4 b7c6 c4c6 d5c6 g6f5 c6c7	1361	advancedPawn crushing endgame long queenEndgame	https://lichess.org/HAY8o6IW/black#96
TxBaO	2k5/pp4Q1/2p5/P1Pp1P2/1P3KP1/7q/8/8 w - - 4 57	f4e5 h3c3 e5f4 c3g7	1299	crushing endgame queenEndgame short skewer	https://lichess.org/KGXyFXTM#113
4v40v	8/8/4p2P/Q2k4/2p5/8/KPq5/8 b - - 8 60	d5d4 a5c3 c2c3 b2c3	1494	crushing endgame master queenEndgame short	https://lichess.org/WBtPqVUf/black#120
Ipsq8	Q7/p2pk3/4p3/1P6/8/4K1P1/P4P2/4q3 w - - 3 34	e3f3 e1h1 f3e3 h1a8	1332	crushing endgame queenEndgame short skewer	https://lichess.org/65SCVhk1#67
px9iv	8/8/8/6Q1/5K2/7k/6pp/8 b - - 7 66	g2g1q g5h5 h3g2 h5f3	1486	endgame mate mateIn2 queenEndgame short	https://lichess.org/LRqOFWko/black#132
QvXXG	8/2Q3p1/4pPkp/1p6/p3qP1P/P1P3PK/8/8 b - - 0 38	g7f6 h4h5 g6h5 c7f7 e4g6 g3g4	1372	attraction endgame long mate mateIn3 queenEndgame	https://lichess.org/gHMirzQj/black#76
TqPGn	3Q4/5pkp/4p1p1/2p4P/ppq2P2/6PK/8/8 b - - 0 36	a4a3 h5h6 g7h6 d8f8 h6h5 g3g4	1404	attraction endgame long mate mateIn3 queenEndgame	https://lichess.org/kHgVljlF/black#72
HbQlr	3Q4/5pkp/6p1/1q5P/6PK/8/8/q7 b - - 2 53	a1a5 h5h6 g7h6 d8f8	1430	attraction endgame mate mateIn2 queenEndgame short	https://lichess.org/1tGSWIWX/black#106
Yc2Zh	8/6pk/4Q3/1pp5/7q/2P4P/5PP1/6K1 w - - 1 40	e6g4 h4g4 h3g4 b5b4 g1f1 b4b3 f1e2 b3b2	1368	advancedPawn crushing endgame queenEndgame veryLong	https://lichess.org/zS1SUwkD#79
GLnxm	5q2/8/p5p1/1p2Qpk1/4p3/2P5/1P4PP/7K b - - 1 38	f8f6 h2h4 g5g4 e5f6	1363	crushing deflection endgame master queenEndgame short	https://lichess.org/WWUNRtu6/black#76
UCMd8	4Q3/2p1P1pk/5q1p/2p2p1P/5P2/KP1p4/8/8 b - - 0 37	d3d2 e8g6 f6g6 h5g6 h7g6 e7e8q	1442	advancedPawn attraction crushing endgame long promotion queenEndgame	https://lichess.org/bZOMsx7G/black#74
yPuu7	8/8/2Q4p/5ppk/3P4/4q1P1/6KP/8 b - - 9 52	e3d4 c6e8 h5g4 h2h3	1457	endgame mate mateIn2 queenEndgame short	https://lichess.org/cmb7FQn7/black#104
J9J6K	8/1Q4pp/2p1kp2/P7/1PP1K1P1/4P2P/8/7q w - - 5 42	e4d4 c6c5 d4c5 h1b7	1496	crushing discoveredAttack endgame queenEndgame short	https://lichess.org/W0PjBJYd#83
dZDH5	8/7p/2Q3p1/7k/1P2rP2/P3PK2/7P/1q6 w - - 2 41	c6e4 b1h1 f3e2 h1e4	1443	crushing deflection endgame queenEndgame short skewer	https://lichess.org/6mkte7vX#81
P9FxK	Q7/8/6p1/1K5p/7P/3k2P1/5P2/1q6 w - - 1 44	b5c6 b1h1 c6d7 h1a8	1287	crushing endgame queenEndgame short skewer	https://lichess.org/fW6oqFYs#87
SWcqw	8/8/8/8/5Qp1/8/PPK1q1kP/8 w - - 4 55	c2c3 e2f3 f4f3 g4f3	1386	crushing endgame queenEndgame short	https://lichess.org/If2DvTrO#109
cpMBu	6k1/1p1P2pp/p7/3p2q1/5p2/P1P4Q/5PPP/6K1 b - - 2 26	f4f3 h3e6 g8f8 e6e8	1461	endgame mate mateIn2 queenEndgame short	https://lichess.org/cWv5b85F/black#52
lHvIj	3Q4/8/6p1/4qpkp/8/7P/6P1/7K b - - 3 40	e5f6 h3h4 g5h4 d8f6	1482	attraction crushing deflection endgame queenEndgame short	https://lichess.org/mncI4JLs/black#80
fVKXL	8/5pk1/1PQ5/4p3/2P2pqp/6P1/5PKP/8 w - - 0 38	b6b7 h4h3 g2f1 g4d1	1378	endgame mate mateIn2 queenEndgame short	https://lichess.org/XlCSjF8W#75
6PIrs	6k1/1p4p1/7p/5Q2/PP3P1K/6PP/4q3/8 w - - 1 39	f5e5 g7g5 f4g5 e2e5	1474	crushing deflection endgame master queenEndgame short	https://lichess.org/ffqEvK2O#77
amp9Q	7Q/8/2pqpkpp/1p6/2pP4/P1P2K2/6PP/8 b - - 1 35	f6g5 h2h4 g5h5 g2g4 h5h4 h8h6	1401	deflection endgame long mate mateIn3 queenEndgame	https://lichess.org/7906Q7E4/black#70
l2vaR	8/ppQ2K2/8/2P5/5kp1/8/1P6/7q b - - 2 43	f4g5 c7e5 g5h4 e5h8 h4g3 h8h1	1357	crushing endgame long queenEndgame skewer	https://lichess.org/QMQzWA1p/black#86
pwo2o	8/4P2p/6p1/8/4QPq1/7k/7P/7K w - - 1 54	e7e8q g4d1 e4e1 d1f3 h1g1 f3g2	1451	endgame long mate mateIn3 queenEndgame	https://lichess.org/tjxWwqAc#107
rhEpa	8/4K3/2kQ1pp1/2P5/8/8/8/7q b - - 1 57	c6b5 d6b6 b5c4 c5c6	1484	crushing endgame queenEndgame short	https://lichess.org/5QCIO33B/black#114
0hfFv	8/7p/5ppk/2Q5/1P4P1/2p1PK1P/q7/8 b - - 3 45	a2d2 c5f8 h6g5 h3h4 g5h4 f8h6	1470	attraction endgame long mate mateIn3 queenEndgame	https://lichess.org/GTP2HHcm/black#90
ZXG6G	8/8/8/p2Q1k2/K6P/6q1/8/8 b - - 3 51	f5g4 d5g5 g4h3 g5g3 h3g3 h4h5	1415	crushing defensiveMove endgame long queenEndgame	https://lichess.org/mgwRWOpa/black#102
QQhpw	8/p3q1p1/1pk1P2p/2p1Q3/8/P7/KPP5/8 b - - 4 43	e7d6 e5e4 d6d5 e4d5 c6d5 e6e7	1360	advancedPawn crushing endgame long queenEndgame	https://lichess.org/Jl0y6akT/black#86
jQGaj	8/8/k3Q1p1/5p2/8/6PK/5q1P/8 b - - 3 40	f2b6 e6b6 a6b6 h3h4 b6c6 h4g5	1466	crushing endgame long queenEndgame	https://lichess.org/14bjfY7j/black#80
RTsAv	1k6/2p5/1p1p3p/1q6/8/2P3PP/6PK/2Q5 b - - 1 38	b5g5 c1g5 h6g5 h3h4 b8c8 h4h5 c8d7 h5h6 d7e6 h6h7	1493	advancedPawn crushing endgame queenEndgame quietMove veryLong	https://lichess.org/Vx5H4kl7/black#76
7rJSN	1k6/2p2q2/Q7/1p2P3/3P4/1KP5/PP6/8 w - - 4 41	b3b4 f7c4 b4a3 b5b4 a3a4 c4a6	1367	crushing discoveredAttack endgame long queenEndgame	https://lichess.org/F8bLQq2V#81
oZa7n	8/3Q4/1p2p1p1/p1pk4/8/5PPK/1q6/8 b - - 10 54	d5e5 d7g7 e5d6 g7b2	1416	crushing endgame master queenEndgame short skewer	https://lichess.org/1T9sAOfK/black#108
umO9k	5k2/5pp1/4p2p/4P3/3P3P/1p1K2P1/1P2Q3/1q6 w - - 12 46	d3c4 b1c2 e2c2 b3c2	1379	advancedPawn crushing endgame queenEndgame short	https://lichess.org/OkXWcpy1#91
qmInW	7k/6p1/Q6p/1p4p1/6P1/1PP4P/PK2q3/8 w - - 1 43	b2a3 b5b4 a3b4 e2a6	1290	crushing discoveredAttack endgame queenEndgame short	https://lichess.org/Udo71MRw#85
yTfgu	8/4p3/3p4/4k1pP/8/5Q2/6PK/4q3 b - - 2 41	e1e4 f3e4 e5e4 h5h6	1484	crushing endgame master queenEndgame short	https://lichess.org/06VKuucm/black#82
OIdFM	8/5k2/2P3p1/3K2qp/8/3Q3P/8/8 w - - 7 58	d5d6 g5d8 d6e5 d8d3	1378	crushing endgame master queenEndgame short skewer	https://lichess.org/Z3Ku75Qx#115
QyEj2	8/2p5/3pkPP1/4pq2/1p1p2Q1/5P2/5K2/8 b - - 0 37	e6f6 g4f5 f6f5 g6g7 f5e6 g7g8q	1399	advancedPawn crushing endgame long promotion queenEndgame	https://lichess.org/imDti7kH/black#74
rvnky	8/5Q2/2p1P1pk/2P2p1p/p2P1q2/7K/6PP/8 w - - 2 36	g2g3 f4f1 h3h4 g6g5	1444	endgame mate mateIn2 queenEndgame short	https://lichess.org/ZHQWLcYF#71
yMexU	8/8/5kpp/5p2/3K4/p1P2qP1/Q6P/8 w - - 0 42	a2a3 f3e4 d4c5 e4e7 c5c6 e7a3	1260	crushing endgame long queenEndgame skewer	https://lichess.org/fCcFhgRV#83
vrvPT	8/pp4p1/2p2kp1/3q1p2/3P1Q1P/P1P1p1P1/1P3PK1/8 w - - 0 38	f4f3 e3e2 f3d5 c6d5	1476	advancedPawn crushing endgame pin queenEndgame short	https://lichess.org/lGpkSbTv#75
3Y51a	8/8/Q3k3/3q1p1p/8/6PK/7P/8 b - - 1 65	d5d6 a6d6 e6d6 h3h4	1331	crushing endgame queenEndgame short	https://lichess.org/4pPO0Y4Q/black#130
wXTsY	8/7Q/4kp2/4q3/8/7P/8/1K6 w - - 2 55	h3h4 e5f5 h7f5 e6f5 h4h5 f5g5	1441	crushing endgame long queenEndgame	https://lichess.org/kesuibcK#109
nVeVv	8/3P3k/4Q2p/2p3p1/2P2K2/3q3P/6P1/8 w - - 0 58	f4e5 d3d4 e5f5 d4f4	1499	endgame mate mateIn2 queenEndgame short	https://lichess.org/KAZRa92C#115
yLHrK	Q7/6pp/1Kp5/2P5/2k3P1/1q6/7P/8 w - - 1 45	b6c6 b3f3 c6d6 f3a8	1450	crushing endgame queenEndgame short skewer	https://lichess.org/VIXuZin6#89
S4NJ4	8/8/3q2kp/1pQP4/1P4p1/6P1/6K1/8 b - - 1 38	d6d7 c5c6 d7c6 d5c6 g6f5 c6c7	1490	advancedPawn crushing endgame long queenEndgame	https://lichess.org/e5crxlat/black#76
RDZXm	2Q5/Q1K3pk/8/7p/2q5/8/8/8 w - - 9 64	c7d7 c4f7 d7d6 f7a7	1319	crushing endgame queenEndgame short skewer	https://lichess.org/AcAMgYF6#127
q7JW2	8/p5k1/1p1K4/2p1Q3/8/8/8/6q1 b - - 6 59	g7h6 e5h8 h6g6 h8g8 g6f5 g8g1	1376	crushing endgame exposedKing long queenEndgame skewer	https://lichess.org/jZoqlS6S/black#118
Cy1f5	8/1Q3pk1/p6q/8/1P2pK2/P3P3/8/8 w - - 2 40	f4e4 h6h1 e4f4 h1b7	1338	crushing endgame queenEndgame short skewer	https://lichess.org/SwgZ4QXh#79
r6bDa	6k1/6p1/4P2p/8/4Q3/p1PPK3/8/q7 w - - 5 44	e6e7 a1e1 e3d4 e1e4 d4e4 g8f7 e7e8q f7e8	1335	crushing endgame queenEndgame veryLong	https://lichess.org/W6iQBwpu#87
ewNi2	5q2/1Q5k/3p2pp/2p5/8/P1KP4/1PP5/8 b - - 1 45	f8g7 b7g7 h7g7 a3a4	1475	crushing defensiveMove endgame queenEndgame short	https://lichess.org/CcWbM7ZH/black#90
kZPsy	8/pp3pkp/6pR/5Pq1/8/2K3P1/P7/7Q b - - 0 34	g5h6 f5f6 g7f6 h1h6	1326	crushing deflection endgame queenEndgame short	https://lichess.org/t5KXJDA0/black#68
4IEls	8/5k2/2p1p2p/4Q1p1/4P3/5P2/3q1KPP/8 w - - 3 40	f2g3 d2e1 g3h3 e1h4	1288	endgame mate mateIn2 queenEndgame short	https://lichess.org/V4jQsfVo#79
9ChVG	8/3Q2p1/5pkp/4p2P/6P1/8/1p4PK/2q5 b - - 0 52	g6g5 d7f5 g5h4 g2g3	1395	endgame mate mateIn2 queenEndgame short	https://lichess.org/QvhBvOCd/black#104
W8efM	8/8/p1Q3kp/1p3pp1/8/1q1P3K/8/8 b - - 1 39	g6h5 c6e8 b3f7 e8f7	1432	endgame mate mateIn2 queenEndgame short	https://lichess.org/8zwCnxUf/black#78
vslP0	8/5ppk/8/p6p/5PK1/P3Q1P1/1P3P1P/5q2 w - - 0 40	g4h5 f1h3 h5g5 f7f6	1385	endgame mate mateIn2 queenEndgame short	https://lichess.org/wljEfrG7#79
JS3By	6k1/6p1/1pp1P2p/3p4/1P1P4/2q3PP/5QK1/8 b - - 0 39	c3b4 f2f7 g8h7 e6e7 b4d2 f7f2	1457	advancedPawn crushing endgame long queenEndgame	https://lichess.org/FWrmQIz8/black#78
ARqOo	5Q2/7p/5ppk/8/8/1q2P2P/5PPK/q7 b - - 1 48	h6h5 g2g4 h5g5 f2f4 g5h4 f8h6	1315	endgame long mate mateIn3 queenEndgame	https://lichess.org/bIvHOc6P/black#96
NrlxA	8/6k1/P3p2p/7q/1P2Q3/2P3p1/6P1/6K1 w - - 0 44	a6a7 h5d1 e4e1 d1e1	1480	endgame master mate mateIn2 queenEndgame short	https://lichess.org/3tFMw4Lf#87
6oqnj	3kq3/1p6/7Q/2Pp3p/1P2p2K/6P1/5P1P/8 w - - 0 40	h6h5 e8h5 h4h5 d5d4 h5g4 d4d3 g4f4 d3d2	1466	advancedPawn crushing endgame queenEndgame quietMove veryLong	https://lichess.org/CRtGVbFG#79
rsOiD	8/5p2/4p1p1/3p1k1p/2pP3P/1qP1PPP1/6K1/2Q5 b - - 0 45	f7f6 e3e4 d5e4 c1f4	1542	clearance endgame mate mateIn2 queenEndgame short	https://lichess.org/7Yq0cXnP/black#90
QZGUB	3Q4/5pk1/6pp/4p3/2q1P1PP/4QP2/1p3K2/8 b - - 0 45	b2b1q e3h6 g7h6 d8h8	1504	attraction endgame mate mateIn2 queenEndgame sacrifice short	https://lichess.org/S3cuVIuN/black#90
N0JPQ	8/7p/7k/6p1/4q3/6QK/PP4PP/8 w - - 0 39	g3d6 h6h5 d6d1 g5g4 h3g3 e4e3 d1f3 g4f3	1595	crushing defensiveMove endgame exposedKing queenEndgame veryLong	https://lichess.org/kvUFQtLC#77
6eZhk	8/1K4Q1/2P5/3q2k1/5p2/8/8/8 b - - 0 65	g5f5 g7d7 f5e4 d7d5 e4d5 c6c7	1507	advancedPawn crushing endgame long queenEndgame	https://lichess.org/nbJnkSCF/black#130
5iYMS	4k3/p2q2pQ/8/3P4/8/6PK/P6P/8 w - - 1 39	h3h4 g7g5 h4g5 d7h7	1523	crushing discoveredAttack endgame master queenEndgame short	https://lichess.org/voiSZZ29#77
5IKJ1	6k1/2Q4p/3p4/1P6/8/2KP4/1P6/4q3 w - - 5 47	c3d4 e1e5 d4c4 d6d5 c4c5 e5c7	1520	crushing discoveredAttack endgame long queenEndgame	https://lichess.org/tZ9qY408#93
Wz0Fy	8/5p2/4p1p1/3pP1P1/3k1qP1/5P2/1Q4K1/8 b - - 1 49	d4e3 b2c1 e3d3 c1f4	1509	crushing deflection endgame queenEndgame short skewer	https://lichess.org/OSHt1Rh7/black#98
KLq9X	8/8/1k4q1/1p2p2p/p2pp2P/P3P1P1/1P1Q1P2/1K6 w - - 0 41	e3d4 e4e3 d2c2 g6c2 b1c2 e3f2	1517	advancedPawn crushing discoveredAttack discoveredCheck endgame long queenEndgame	https://lichess.org/F8txnCGb#81
9jX8Q	8/7k/p1Q4p/2Pp2p1/1P6/P2q1K1P/6P1/8 w - - 9 44	f3g4 d3e4 g4h5 e4h4	1504	endgame mate mateIn2 queenEndgame short	https://lichess.org/u78fGNwR#87
EwzMT	2q5/5p2/7p/1P4pk/8/5Q2/5K2/8 b - - 5 57	h5g6 f3c6 c8e6 c6e6	1540	crushing endgame queenEndgame short	https://lichess.org/zZA7izgn/black#114
yQuYG	7Q/p4K2/8/1p6/1P3k2/P7/8/6q1 b - - 1 65	g1f2 h8f6 f4g3 f6f2 g3f2 f7e6 f2e3 e6d5	1516	crushing defensiveMove endgame queenEndgame veryLong	https://lichess.org/90oSkSea/black#130
eogM7	8/1p2Q1kp/2q2pp1/8/6P1/P5K1/7P/8 b - - 1 41	g7h6 e7f8 h6g5 h2h4	1524	endgame mate mateIn2 queenEndgame short	https://lichess.org/iXvzKL7k/black#82
4xiuj	Q7/p6p/1p4p1/5pk1/8/PP2KPP1/4P1Nq/8 b - - 0 41	h2g2 f3f4 g5f6 a8g2	1535	crushing discoveredAttack endgame master queenEndgame short	https://lichess.org/l2YNZ6Ks/black#82
9A6fb	8/3q4/Q7/1Pk5/K7/8/8/8 w - - 1 60	a4a5 d7d2 a5a4 d2a2	1515	endgame mate mateIn2 queenEndgame short	https://lichess.org/dZi4CJxA#119
B6lIC	5Q2/5p1p/4pQpk/4P3/8/5P1P/5PK1/qq6 b - - 1 39	h6h5 f6h4 h5h4 f8h6	1506	attraction endgame mate mateIn2 queenEndgame sacrifice short	https://lichess.org/LnbUlZIq/black#78
I2joX	8/3Q4/4P3/pp1Pk3/8/1KP5/PP6/6q1 w - - 2 57	e6e7 g1d1 b3a3 d1a4	1559	endgame mate mateIn2 queenEndgame short	https://lichess.org/OI0xN3RH#113
y2FYk	8/6p1/6kp/1p2qp2/8/4P1PP/5PK1/1Q6 w - - 0 40	g3g4 e5e4 b1e4 f5e4 g2g3 b5b4	1501	crushing defensiveMove endgame long queenEndgame	https://lichess.org/UzSFtbFC#79
fLSOP	5Q2/pp6/1kp5/8/PP6/KP1q4/8/8 b - - 0 44	d3b1 f8d8 b6a6 d8a5	1551	endgame mate mateIn2 queenEndgame short	https://lichess.org/KoGnuZqr/black#88
2lg7M	8/8/1p2Q1kp/1q2p3/8/6PP/8/6K1 b - - 7 42	g6g5 h3h4 g5h5 e6f5	1556	endgame epauletteMate mate mateIn2 queenEndgame short	https://lichess.org/gm1UsUO7/black#84
zInpI	1k6/1p6/2p5/Q7/P2P2KP/2P3P1/4q3/8 w - - 5 56	g4f5 e2h5 f5f4 h5a5	1510	crushing endgame queenEndgame short skewer	https://lichess.org/8Rm54vHy#111
vlvBZ	8/7k/2Q4p/3P1pp1/6K1/3q2PP/5P2/8 w - - 0 49	g4h5 d3f3 g3g4 f3h3	1539	endgame mate mateIn2 queenEndgame short	https://lichess.org/MGzSbGuG#97
9u9aN	8/8/p6r/kp5P/8/1KP1Q3/PP6/7q w - - 2 49	e3h6 h1d1 b3a3 d1a4	1542	endgame mate mateIn2 queenEndgame short	https://lichess.org/IODNsSsX#97
HzhuZ	8/1p2kp1Q/p2p3P/2p5/8/1P6/PKP2qP1/8 b - - 0 33	f2g2 h7g7 g2g6 g7g6 f7g6 h6h7	1500	advancedPawn crushing endgame long queenEndgame	https://lichess.org/ivdecbTz/black#66
7ryS5	2Q5/6pk/7p/p2q4/1p1PpPP1/4K3/P6P/8 w - - 2 41	c8f5 d5f5 g4f5 a5a4	1581	crushing defensiveMove endgame queenEndgame short	https://lichess.org/NXlEZ9Ff#81
nx8u2	8/1p1k4/q1p5/p1Q5/K3P3/2P2P2/PP6/8 w - - 0 38	c5a5 b7b5 a4b4 c6c5 b4c5 a6a5	1535	crushing deflection endgame long queenEndgame	https://lichess.org/VCpiS7J8#75
rZKhI	1Q6/3q1k1p/1P4p1/4P3/8/3p3P/6P1/7K w - - 0 35	b8d6 d7d6 e5d6 d3d2	1550	advancedPawn crushing endgame master queenEndgame short	https://lichess.org/0zmgEQP8#69
joiFP	8/6pk/7p/8/pQ3P2/P6P/2q3PK/8 w - - 2 44	h2g3 c2b3 g3f2 b3b4 a3b4 a4a3	1615	crushing endgame long queenEndgame	https://lichess.org/KLHpRTB1#87
JpkSV	Q7/6pk/6pp/1P6/3PK3/4P1PP/5P2/1q6 w - - 1 46	e4f3 b1h1 f3e2 h1a8	1576	crushing endgame queenEndgame short skewer	https://lichess.org/gBdgg3bq#91
OZAHM	8/4p3/5ppk/pp1PP3/5P1K/2Q4P/P5q1/8 w - - 1 33	e5f6 g6g5 f4g5 g2g5	1646	endgame mate mateIn2 queenEndgame short	https://lichess.org/526AUgpn#65
qev3P	8/p1Q3p1/1p3pk1/3P4/8/2P4P/Pq4PK/8 b - - 0 38	b2a2 d5d6 a2e6 d6d7	1510	advancedPawn crushing endgame queenEndgame short	https://lichess.org/VWLIpyx3/black#76
s1ER5	8/1Q5p/6pk/1p6/3p1q2/P6P/1P4P1/6K1 w - - 4 40	b7b5 f4e3 g1h2 d4d3 b5b4 d3d2	1551	advancedPawn crushing endgame long queenEndgame	https://lichess.org/nLzDZjkh#79
PHVr4	8/6pp/8/p1Qp1k2/3P4/P1P3P1/4q1KP/8 w - - 6 38	g2h3 e2f1 h3h4 g7g5 h4h5 f1h3	1526	endgame long mate mateIn3 queenEndgame	https://lichess.org/NNBudLTQ#75
HUscf	5k2/6p1/Q3p2p/8/5K2/1P2P1P1/5qP1/8 w - - 1 31	f4g4 f2f5 g4h4 f5g5 h4h3 g5h5	1620	endgame long mate mateIn3 queenEndgame	https://lichess.org/1Y8hPCfm#61
Lum1k	4q2k/8/4K3/2Qp4/P1p4p/5P2/1P6/8 w - - 2 47	e6d5 e8h5 d5c4 h5c5 c4c5 h4h3	1631	crushing endgame long queenEndgame	https://lichess.org/BcyJqCv3#93
plgn9	8/3q1K1k/6p1/5pQP/8/4P3/8/8 w - - 7 72	f7f6 d7d8 f6e5 d8g5	1519	crushing deflection endgame master queenEndgame short skewer	https://lichess.org/g2mQxM9N#143
FtVb2	3K4/4P3/3k4/5q2/1p6/1P6/8/8 w - - 0 57	e7e8q f5a5 d8c8 a5c7	1580	endgame mate mateIn2 queenEndgame short	https://lichess.org/T4BFg5R1#113
ScyoW	8/6k1/6p1/4pq2/8/2PpQ2P/3P2K1/8 w - - 0 53	e3f3 f5g5 g2f1 g5d2	1575	crushing endgame master queenEndgame short	https://lichess.org/PQ6eB7bg#105
QhQ5u	7k/6p1/7p/3q4/5Q1P/5KP1/8/8 w - - 5 77	f3g4 h6h5 g4h3 d5h1	1502	endgame mate mateIn2 queenEndgame short	https://lichess.org/7zmKh5PT#153
b1NzF	4Q3/6K1/3k4/p7/P7/6q1/8/8 w - - 3 51	e8g6 g3g6 g7g6 d6c5 g6f5 c5b4 f5e4 b4a4 e4d3 a4b3 d3d2 b3b2	1629	crushing defensiveMove endgame queenEndgame veryLong	https://lichess.org/yoxmYdD3#101
uPZnl	6k1/p3Q2p/4P1p1/2p5/8/1P2q1K1/P5PP/8 w - - 4 40	g3g4 h7h5 g4h4 e3f4 g2g4 f4g4	1588	endgame long mate mateIn3 queenEndgame	https://lichess.org/MlwaOxsi#79
95wkg	6Q1/7p/5pk1/p3q1p1/6PP/4PK2/8/8 b - - 3 44	g6h6 g8f8 h6g6 h4h5	1533	endgame mate mateIn2 queenEndgame short	https://lichess.org/X6FKG9ED/black#88
ZoMim	8/8/2q1pQ2/8/k2p3P/2P3P1/5PK1/8 w - - 0 52	g2g1 d4c3 f6f4 a4b3	1608	crushing defensiveMove endgame queenEndgame short	https://lichess.org/gZ1HN1sn#103
rRHyj	8/7p/8/3p4/2k1p3/1Q5P/2P2qPK/8 b - - 4 64	c4d4 b3b6 d4e5 b6f2	1575	crushing endgame master queenEndgame short skewer	https://lichess.org/6ZPnmD8r/black#128
7HQiD	4Q3/6p1/1K3q2/p4k2/8/7P/8/8 w - - 17 55	b6a5 f6e5 e8e5 f5e5	1501	crushing endgame queenEndgame short	https://lichess.org/sjaShUcP#109
iT4V2	7k/4K1p1/Q4PP1/2p4p/7P/1q3P2/p7/8 b - - 4 53	a2a1q a6c8 b3g8 c8g8 h8g8 f6f7 g8h8 f7f8q	1595	advancedPawn attraction deflection endgame master mate mateIn4 promotion queenEndgame veryLong	https://lichess.org/5K7DVRps/black#106
RP9Im	8/6P1/4p3/8/3p1k2/8/4p1KP/8 w - - 0 55	g7g8q e2e1q g8f7 f4e5	1589	advancedPawn advantage defensiveMove endgame master masterVsMaster promotion queenEndgame short	https://lichess.org/L3LwVknZ#109
ABlDo	8/8/7p/1P6/7P/P1Qp4/1K2q1Pk/8 w - - 2 57	b2b3 d3d2 c3d2 e2d2	1505	advancedPawn crushing endgame master queenEndgame short	https://lichess.org/8lf8vwTx#113
r22LA	8/5p2/3kp1p1/1q4Pp/4KP1P/Q7/8/8 b - - 4 46	b5c5 a3c5 d6c5 e4e5 c5c6 e5f6 e6e5 f4e5	1595	crushing endgame queenEndgame veryLong	https://lichess.org/NwnlpGTP/black#92
SCyw7	4Q3/8/5pkp/8/6Pp/7q/4KP2/8 b - - 3 54	g6g5 e8h5 g5f4 h5f5	1607	endgame mate mateIn2 queenEndgame short	https://lichess.org/wCXHhdWm/black#108
Y3ZaB	8/P4pkp/1Q1p2p1/3p1q2/3K4/7P/5PP1/8 w - - 4 44	a7a8q f5f2 d4d3 f2b6	1523	crushing endgame queenEndgame short skewer	https://lichess.org/t0wQuee2#87
stadm	3k4/P2p1p2/K7/3PPPPp/7P/8/8/1q6 b - - 2 48	d8c7 d5d6 c7c6 a7a8q	1597	advancedPawn crushing endgame promotion queenEndgame short	https://lichess.org/vWnIgdIL/black#96
PcjXA	Q7/5Kp1/7p/7P/6k1/8/4q3/8 b - - 8 54	e2f3 a8f3 g4f3 f7g7 f3f4 g7h6 f4f5 h6g7	1538	crushing endgame queenEndgame veryLong	https://lichess.org/HU5tbaiN/black#108
ecC1c	8/8/5q2/6k1/PP1K2p1/6Q1/8/8 w - - 9 67	d4d5 f6f3 g3f3 g4f3 b4b5 f3f2 b5b6 f2f1q	1585	advancedPawn crushing endgame promotion queenEndgame veryLong	https://lichess.org/W0V1nyYn#133
xmk9j	5k2/p1q3p1/P4p1p/3Qp3/6P1/7P/5PK1/8 b - - 0 42	c7f7 d5a8 f7e8 a8a7	1636	crushing deflection endgame fork queenEndgame short	https://lichess.org/SWWDkIyX/black#84
7DFbL	8/8/3Q2kp/P4p2/8/4pq2/7P/6K1 b - - 1 55	g6g5 d6g3 f3g3 h2g3	1548	crushing endgame master queenEndgame short	https://lichess.org/RGJCUfEF/black#110
JiiBJ	8/8/5k2/5p1p/P3q3/3p3P/1Q5K/8 b - - 3 43	f6g5 b2g7 g5f4 g7g3	1560	endgame mate mateIn2 queenEndgame short	https://lichess.org/lhQgHzmh/black#86
rVM6j	8/p6Q/5k2/8/2q4K/2P3P1/PP6/8 w - - 3 51	h4h5 c4e2 h5h4 e2h2 h4g4 h2h7	1559	crushing endgame long queenEndgame skewer	https://lichess.org/rkfG6yxI#101
0LrcM	8/8/2p2Qpk/3p4/p2P1p2/5P1P/6PK/1q6 b - - 3 45	b1f5 f6h8 h6g5 h3h4	1516	endgame mate mateIn2 queenEndgame short	https://lichess.org/lUlmYckb/black#90
Ymb0t	5k2/5p2/5QP1/p7/1p4Pp/1P2K1q1/P7/8 w - - 9 55	e3d2 g3c3 f6c3 b4c3	1609	crushing endgame queenEndgame short	https://lichess.org/2DjWCZhY#109
VLKCf	1Q6/5ppk/Q3p2p/8/8/2q1K1P1/7P/8 w - - 9 48	e3e4 f7f5 e4f4 g7g5	1582	endgame mate mateIn2 queenEndgame short	https://lichess.org/EetsQtbo#95
VWLmC	7k/4q1p1/4P2p/3Q4/1p6/6P1/6KP/8 b - - 0 45	h8h7 d5d7 e7f8 e6e7	2090	advancedPawn crushing endgame queenEndgame short	https://lichess.org/e1Q6ExWo/black#90
e0IB8	8/5Qpk/4P2p/2pp3P/p3q3/2P3P1/7K/8 b - - 2 38	a4a3 e6e7 a3a2 f7g6 e4g6 h5g6 h7g6 e7e8q	1954	advancedPawn attraction crushing endgame promotion queenEndgame veryLong	https://lichess.org/SPOjgOwF/black#76
hH9du	3Q4/1kp1P2p/3p2p1/1P6/2K5/1P6/4q1PP/8 w - - 8 44	c4d5 e2d3 d5e6 d3f5	1963	endgame mate mateIn2 queenEndgame short	https://lichess.org/7NqomtEN#87
cJezB	4Q3/1P6/8/6k1/5qpp/8/6P1/7K w - - 4 61	b7b8q f4f1 h1h2 g4g3 b8g3 h4g3 h2h3 f1f5 h3g3 f5f4 g3h3 f4h4	2020	endgame mate mateIn5 queenEndgame veryLong	https://lichess.org/2Doxrpdh#121
keoly	8/7p/4q2K/6P1/1Q5P/8/4k3/8 w - - 7 67	h6h5 e6f7 h5g4 f7f3	1959	dovetailMate endgame mate mateIn2 queenEndgame short	https://lichess.org/vjcrouVl#133
eDzco	8/5pp1/3Q1k2/5q1p/8/7P/5PP1/6K1 b - - 3 47	f6g5 h3h4 g5h4 d6g3	1829	attraction endgame mate mateIn2 queenEndgame short	https://lichess.org/7NHzYi1D/black#94
e99Lj	8/2Q2k2/1p6/3Pp1q1/7p/2P3p1/P5P1/1K6 b - - 6 46	g5e7 d5d6 e7c7 d6c7 h4h3 c7c8q	1822	advancedPawn crushing endgame long promotion queenEndgame	https://lichess.org/YFjAkAMG/black#92
ekftP	8/6pk/7p/6P1/5P1P/6QK/8/7q w - - 1 75	h3g4 h6h5 g4h5 h1d1 g3g4 g7g6	1859	attraction endgame long mate mateIn3 queenEndgame	https://lichess.org/ujtJ6uHp#149
hji2G	8/5p1p/4p1p1/6Pk/2q1PQ1P/5PK1/p7/8 b - - 2 43	f7f5 f4g4 f5g4 f3g4	1824	endgame mate mateIn2 queenEndgame sacrifice short	https://lichess.org/LCBB77Gx/black#86
ODat1	7k/6p1/5P1p/5K1P/4Q3/p7/8/3q4 b - - 2 46	d1d7 f5g6 d7c8 f6g7 h8g8 e4d5 c8e6 d5e6	1898	advancedPawn defensiveMove endgame mate mateIn4 queenEndgame veryLong	https://lichess.org/mLPc1ELL/black#92
8taEC	8/8/8/4qQKp/8/1k6/6PP/8 b - - 2 46	e5h2 f5h3 h2h3 g2h3	1824	crushing endgame queenEndgame short	https://lichess.org/udJ9naNl/black#92
kH4kc	8/8/5qkp/4p1p1/8/3Q2P1/5PK1/8 b - - 11 60	g6h5 g3g4 h5g4 d3h3 g4f4 h3f3	1881	attraction endgame long mate mateIn3 queenEndgame swallowstailMate	https://lichess.org/Hy7syrW1/black#120
yoWWh	4K3/7Q/8/3qpk2/8/8/8/8 b - - 3 67	f5e6 h7g6	2070	endgame master mate mateIn1 oneMove queenEndgame	https://lichess.org/DoCBV0FI/black#134
MToXl	5Q2/8/2K3p1/p4k1p/Pp5P/8/1qP3P1/8 b - - 7 39	f5g4 f8f3 g4h4 f3f4	1862	endgame mate mateIn2 queenEndgame short	https://lichess.org/uk3a9a8U/black#78
DYZAK	8/3Q1k2/p4q1p/4p3/P6P/7K/6P1/8 b - - 3 37	f7g6 h4h5 g6h5 d7g4	1818	attraction endgame mate mateIn2 queenEndgame short	https://lichess.org/wUHMl0xp/black#74
dIRTj	4Q3/p7/1p1q4/5K2/P1k4P/8/8/8 b - - 0 48	d6h6 e8e6 h6e6 f5e6	1849	crushing endgame queenEndgame short	https://lichess.org/BI3Zt8lW/black#96
G1XWF	8/8/4P1pk/p7/3Q4/6KP/4q3/8 b - - 0 43	e2e6 d4h8 h6g5 h8h4 g5f5 h4f4	1899	endgame long mate mateIn3 queenEndgame swallowstailMate	https://lichess.org/y74I8rr1/black#86
zBW3F	5Q2/1q5p/6pk/6p1/4p3/4KP1P/6P1/8 b - - 1 66	b7g7 f8g7 h6g7 f3e4	2020	crushing endgame queenEndgame short	https://lichess.org/44D0pTdd/black#132
LWaQ2	8/p2Q3k/1p6/3P3p/2q5/8/5K2/8 b - - 1 65	h7g6 d7c6 c4c6 d5c6 g6f7 c6c7	1907	advancedPawn crushing endgame long queenEndgame	https://lichess.org/It5D35jH/black#130
lFM7z	8/3k4/4p3/p1Pp1p2/PqpP4/4PP2/2Q1K3/8 w - - 0 37	c2d1 b4b2 d1d2 c4c3 d2b2 c3b2	2040	advancedPawn crushing endgame long queenEndgame	https://lichess.org/KxI17hgP#73
Ju5ui	8/6pk/2Q2p1p/3P1P2/5PKP/1q6/8/8 w - - 3 42	d5d6 h6h5 g4h5 b3d1 c6f3 d1f3	2020	attraction endgame long mate mateIn3 queenEndgame	https://lichess.org/zXnzu8oM#83
vkOY4	8/pQ6/3K4/3p4/1k2q3/8/PP6/8 b - - 2 43	b4c4 b7b3 c4d4 b3c3	1805	endgame mate mateIn2 queenEndgame short	https://lichess.org/9YjXbxuH/black#86
I9ThP	8/q2k1p2/P3p1p1/2P4p/8/Q5PP/7K/8 b - - 0 40	d7c6 a3f3 c6b5 f3b7 a7b7 a6b7	1881	advancedPawn crushing endgame exposedKing long queenEndgame	https://lichess.org/NJWJOSKc/black#80
zBGir	Q7/8/k1K5/1p6/1P6/8/8/6q1 b - - 1 51	g1a7 a8c8 a7b7 c8b7	1873	endgame mate mateIn2 queenEndgame short	https://lichess.org/CX8nrGhw/black#102
EueFN	8/5Q2/6pk/P6p/3P4/5P1P/3q2K1/8 w - - 3 49	g2g3 h5h4 g3h4 d2g5	1881	attraction endgame mate mateIn2 queenEndgame short	https://lichess.org/HjGR3SFa#97
NuhfJ	8/7p/6p1/4QPk1/6P1/8/5P1K/2q5 b - - 0 45	g6f5 e5f5 g5h6 f5f6	1993	endgame mate mateIn2 queenEndgame short	https://lichess.org/rcSRyBjD/black#90
85I8k	6k1/8/p4q2/1p4pp/8/P1P5/1P2Q3/K7 w - - 0 49	e2h5 f6f1 a1a2 f1f7 h5f7 g8f7	1869	crushing endgame long queenEndgame	https://lichess.org/Ndw8291h#97
Aka1x	3Q4/8/5pp1/6kP/8/6KP/4q3/8 b - - 4 51	e2h5 d8d2 g5f5 d2d5	1819	endgame exposedKing master mate mateIn2 queenEndgame short	https://lichess.org/jyLxn0Vg/black#102
QRkRS	8/7p/8/8/5Q1P/6p1/2k3P1/q4K2 w - - 2 59	f1e2 a1d1 e2e3 d1d3	1875	endgame mate mateIn2 queenEndgame short	https://lichess.org/nIIyD8vX#117
xaF4v	8/4kp1p/P5p1/6P1/5P1P/4q1K1/8/Q7 w - - 2 53	g3g4 h7h5 g5h6 f7f5 g4g5 e3g3	1973	endgame long mate mateIn3 queenEndgame	https://lichess.org/D708NoWN#105
uJO2a	8/2p2pp1/4p2k/p7/4P1K1/1P4QP/P2q4/8 b - - 18 40	d2a2 g3h4 h6g6 h4h5 g6f6 h5g5	1819	endgame exposedKing long mate mateIn3 queenEndgame	https://lichess.org/THy4YtPl/black#80
55P48	8/6pp/q1p5/P3p3/8/4k3/6P1/4Q1K1 b - - 1 46	e3f4 e1f1 a6f1 g1f1	1873	crushing endgame queenEndgame short	https://lichess.org/UCS4H5L6/black#92
UPpsi	3Q4/pK6/1p2k3/8/1Pq5/8/2P5/8 b - - 5 47	c4d5 d8d5 e6d5 b7a7 d5c4 c2c3	1928	crushing defensiveMove endgame long queenEndgame	https://lichess.org/HmdAlCOA/black#94
GHc76	8/2Q3p1/5k1p/p3p3/3q2P1/5PKP/8/8 w - - 4 51	c7a5 d4g1 g3h4 g1f2 h4h5 g7g6 h5h6 f2h4	1869	endgame mate mateIn4 queenEndgame veryLong	https://lichess.org/BTSWbOOs#101
eyVjk	8/5pkp/6p1/1p6/1P1Q2P1/P2p1PKP/2q5/8 b - - 1 35	g7h6 g4g5 h6g5 d4f4 g5h5 f4h4	1921	attraction endgame long mate mateIn3 queenEndgame	https://lichess.org/GpEKmMs0/black#70
2x04E	5Q2/p7/3P2k1/2pq3p/6p1/1K4P1/P4P1P/8 w - - 21 51	b3a4 d5c4 a4a5 c4b4 a5a6 b4b6	1882	endgame long mate mateIn3 queenEndgame	https://lichess.org/rYIFHPDL#101
HwCPO	8/3k4/1Q6/2K5/2P5/1P6/8/1q6 w - - 7 49	b3b4 b1f5 c5d4 f5f2 d4c3 f2b6	1931	crushing endgame long master queenEndgame skewer	https://lichess.org/bDVdeCUX#97
tXNwr	8/1Q6/P3pk2/8/8/5PK1/8/6q1 w - - 3 69	g3f4 e6e5 f4e4 g1d4	1936	endgame master mate mateIn2 queenEndgame short	https://lichess.org/UCZRGn5Y#137
zXgIL	8/5q1p/4p1p1/p2pQ1Pk/1p1P1P1P/2p3K1/PPP5/8 b - - 2 33	f7f5 e5e2 f5g4 e2g4	1887	endgame mate mateIn2 queenEndgame short	https://lichess.org/BM6hBJhg/black#66
24wwc	8/5pk1/8/6Kp/1Qp5/2P2qP1/8/8 w - - 0 48	b4c4 f7f6 g5h4 f3h1	1850	endgame mate mateIn2 queenEndgame short	https://lichess.org/yGhpRR5i#95
ZT0Th	6k1/6p1/p1q2PK1/4Q1P1/8/8/7P/8 b - - 0 53	g7f6 e5b8 c6e8 b8e8	1886	endgame mate mateIn2 queenEndgame short	https://lichess.org/pl0qWncr/black#106
kRGlI	8/8/3Q3p/p1Pk2p1/3p2P1/2q4P/P4K2/8 b - - 3 44	d5e4 d6e6 e4d3 e6e2	1873	endgame master mate mateIn2 queenEndgame short	https://lichess.org/NNhFsqpu/black#88
58St7	5k2/p2Kq3/1p2P1Q1/8/8/8/2P5/8 w - - 15 54	d7c8 e7e8 g6e8 f8e8 c8b7 a7a5	1809	crushing defensiveMove endgame long queenEndgame	https://lichess.org/8PmRKEWO#107
ffC06	8/1Q5p/p1p1ppp1/3qN2k/8/6P1/5P1P/5K2 b - - 0 35	d5e5 b7h7 h5g5 f2f4 e5f4 g3f4	1920	crushing endgame fork long queenEndgame	https://lichess.org/KxkwKU2h/black#70
KkVK6	7k/1Q6/p1p2p1p/3q4/P1KP4/2P3P1/1P6/8 w - - 1 37	c4b4 c6c5 b4a5 d5b7	1943	crushing discoveredAttack endgame queenEndgame short	https://lichess.org/gYN5zkPR#73
rDYbg	6k1/2Q2pp1/1p2p2p/8/Pq6/1P2P2P/5PPK/8 b - - 2 37	b4b3 c7b8 g8h7 a4a5	1934	crushing endgame queenEndgame short	https://lichess.org/YAbUJEsE/black#74
xaxLw	8/1Q6/p7/P7/k2K4/8/3q4/8 w - - 5 62	d4c5 d2a5 c5c4 a5b5 b7b5 a6b5 c4c3 a4a3	1808	crushing defensiveMove endgame queenEndgame veryLong	https://lichess.org/7laHdvmw#123
1ml9H	7q/p1Q5/1p3pk1/8/4P1K1/5PP1/P7/8 w - - 1 34	e4e5 f6f5 g4f4 h8h6	1908	endgame mate mateIn2 queenEndgame short	https://lichess.org/qoX2QTRg#67
Uy1gH	8/1p6/1qp5/4Q1pp/3P3k/8/5PK1/8 b - - 1 58	b6b3 e5e4 g5g4 e4e7	1924	endgame mate mateIn2 queenEndgame short	https://lichess.org/9xE89ljQ/black#116
40SbS	8/3Q1kpp/5p2/3pP3/3q2P1/8/5PKP/8 b - - 2 37	f7g6 d7e8 g6g5 e8h5 g5f4 h5f5	1859	endgame long mate mateIn3 queenEndgame	https://lichess.org/QozC0iqD/black#74
mAfL3	8/6pp/4Q1k1/2P1p3/3qP3/7P/p5PK/8 b - - 2 40	g6h5 g2g4 h5g5 e6f5 g5h6 f5h5	1960	endgame long mate mateIn3 queenEndgame	https://lichess.org/N01l5sYe/black#80
RdAIE	8/2P5/8/8/pP1P4/6P1/P6K/4qk2 w - - 0 51	c7c8q e1e2 h2h3 e2h5	1859	endgame mate mateIn2 queenEndgame short	https://lichess.org/qf3HDeT2#101
0ihz8	2Q5/8/8/8/4Pp2/8/3k2P1/1q3K2 w - - 2 48	f1f2 b1e1 f2f3 e1g3	1872	endgame mate mateIn2 queenEndgame short	https://lichess.org/FxDj3gyN#95
DV4oi	k7/q4p2/4p1p1/1P2P2p/Q2p3P/1Pp5/2P2PP1/6K1 w - - 0 44	g1f1 a7a4 b3a4 d4d3 c2d3 c3c2	1974	advancedPawn crushing endgame long master queenEndgame	https://lichess.org/ktd1VdOF#87
pwOUq	6k1/4Q2p/2q3p1/3R1p2/pP2pP2/P5PP/8/6K1 b - - 0 35	c6d5 e7e8 g8g7 e8e5 d5e5 f4e5 g7f7 b4b5	1929	crushing defensiveMove endgame master queenEndgame veryLong	https://lichess.org/j4TY8miz/black#70
ovsoq	5Q2/7p/6p1/1p1PP1k1/2q5/6PK/7P/8 w - - 7 47	f8f4 c4f4 g3f4 g5f5 e5e6 f5f6 h3g3 b5b4	1899	crushing defensiveMove endgame queenEndgame veryLong	https://lichess.org/r7usOg9w#93
fJASo	8/1p6/p5Q1/8/6q1/1P4k1/P7/6K1 w - - 2 44	g6d6 g3f3 g1f1 g4g2 f1e1 g2e2	1932	discoveredAttack discoveredCheck endgame exposedKing long mate mateIn3 queenEndgame	https://lichess.org/MaBse6mE#87
UtPWM	8/6K1/1p2q3/p1p3Q1/P1P5/1P2k3/8/8 b - - 12 62	e3d3 g5d5 e6d5 c4d5	1802	crushing endgame queenEndgame short	https://lichess.org/1YxyWglr/black#124
Y5U9p	6k1/7p/1pq2pp1/p3p3/2P4P/1P4P1/P2Q1P1K/8 w - - 0 32	h2h3 c6h1 h3g4 h7h5	1850	endgame mate mateIn2 queenEndgame short	https://lichess.org/H7bDUtM0#63
H0r8P	3q4/1Q3k1p/3Pp1p1/p7/8/1P5P/6PK/8 b - - 3 41	f7f6 b7c7 d8c7 d6c7	1851	advancedPawn crushing endgame queenEndgame short	https://lichess.org/AvcDXFKs/black#82
8adJs	8/8/3p1kp1/2p5/2P1KP2/3P4/4Q3/q7 w - - 13 53	e2e3 a1a8	2105	endgame mate mateIn1 oneMove queenEndgame	https://lichess.org/6FYpLEWf#105
iXnIh	8/7p/6p1/5p2/1P3P2/6Pk/5KQP/qq6 b - - 3 62	h3g4 g2f3 g4h3 g3g4 h3h4 f3g3	2104	discoveredAttack discoveredCheck endgame long mate mateIn3 queenEndgame	https://lichess.org/jrAuCZHM/black#124
MrmES	8/2q4k/6pp/8/4QP2/2p3P1/P1P4P/1K6 w - - 0 36	e4d3 c7b6 b1c1 b6g1 d3d1 g1e3 c1b1 e3b6 b1a1 b6b2	2100	endgame mate mateIn5 queenEndgame veryLong	https://lichess.org/ecMIeR1I#71
cZoiN	5Q2/8/6pk/1p5p/3p4/3q1P1P/7P/7K b - - 6 48	h6g5 h3h4 g5h4 f8f4 h4h3 f4g3	2113	attraction endgame long mate mateIn3 queenEndgame	https://lichess.org/YDKhrv4E/black#96
VGYbE	8/6pp/2K2p2/5k2/8/3Q1PP1/8/q7 b - - 1 39	f5e6 d3d7 e6e5 d7d5	2203	endgame mate mateIn2 queenEndgame short	https://lichess.org/QMUFBaSW/black#78
ql0gB	8/1q3pkp/5Qp1/4P2P/5P2/p5PK/8/8 b - - 2 44	g7f8 f6d8 f8g7 h5h6 g7h6 d8f8 h6h5 g3g4	2111	attraction endgame mate mateIn4 queenEndgame veryLong	https://lichess.org/XKbDqNks/black#88
t8cHA	3q4/8/1pQ5/pKp5/P1P5/1k6/8/8 w - - 0 88	c6b6 d8b6 b5b6 b3b4	2107	crushing endgame master queenEndgame short zugzwang	https://lichess.org/Lcl5JQqz#175
i98eA	8/6p1/7p/1p1p3k/2q3P1/2P2P2/3Q3K/8 b - - 0 50	h5h4 d2e1 h4g5 e1e5 g5g6 e5f5	2111	endgame long mate mateIn3 queenEndgame	https://lichess.org/lW1C4k6t/black#100
MjAkq	8/4kpp1/4p3/7p/P5K1/1Q3PP1/7P/5q2 w - - 0 45	g4h5 f1h3 h5g5 h3h6 g5g4 f7f5	2132	endgame long mate mateIn3 queenEndgame	https://lichess.org/O5KuwIB0#89
fbqct	8/4q1k1/6p1/5p1p/5P1P/1Q6/5P1K/8 w - - 15 52	b3f3 e7h4 h2g1 h4g4 f3g3 h5h4	2113	crushing endgame exposedKing long queenEndgame	https://lichess.org/Dqc4Y718#103
ylUNW	8/p4p1p/3q1kp1/2pP4/1p6/5PPP/PP1Q1K2/8 b - - 0 31	f6e5 d2f4 e5d5 f4e4	2227	dovetailMate endgame mate mateIn2 queenEndgame short	https://lichess.org/8Rjq6JHA/black#62
ZiiEJ	3Q4/7p/8/p7/Pp1K1k2/1P5P/8/4q3 w - - 0 52	d8a5 e1c3 d4d5 c3e5 d5c4 e5a5	2140	crushing endgame long queenEndgame skewer	https://lichess.org/dnjH5zuA#103
f2pg6	8/p7/4p2k/6p1/8/3Q2PK/PP3q2/8 w - - 2 40	d3d6 g5g4 h3h4 f2f6 h4g4 f6f5 g4h4 f5h5	2173	endgame mate mateIn4 queenEndgame veryLong	https://lichess.org/kO0ToGeS#79
rTZ3x	8/5kp1/5p1p/8/p2PQ3/7P/1q3PP1/6K1 w - - 2 33	d4d5 b2a1 g1h2 a1e5 e4e5 f6e5	2125	crushing endgame long queenEndgame	https://lichess.org/c52aaFn9#65
pFJYZ	8/P7/6p1/7p/8/2k1KP1P/8/3q4 w - - 0 49	a7a8q d1d2 e3e4 d2d4	2115	endgame mate mateIn2 queenEndgame short	https://lichess.org/DBC02vWl#97
ePAvM	7k/6p1/3p3p/5Q2/4P3/3P1pPK/1P2q2P/8 w - - 3 32	f5g4 e2g2 h3h4 g2h2 g4h3 g7g5 h4g4 h6h5 h3h5 h2h5	2140	crushing deflection endgame queenEndgame veryLong xRayAttack	https://lichess.org/MSJYhQe3#63
2hYQ8	6k1/p7/1p3Q1p/2p1P1p1/5P1K/6P1/P6P/5q2 w - - 0 36	f4g5 f1f6 e5f6 c5c4 g5h6 c4c3 h4h5 c3c2 h5g6 c2c1q h6h7 g8h8	2290	advancedPawn crushing endgame promotion queenEndgame quietMove veryLong	https://lichess.org/iCgd0P4P#71
P9C11	8/kp6/8/2q2pp1/8/P2Q2P1/5PPK/8 w - - 5 40	d3e3 c5e3 f2e3 g5g4	2134	crushing defensiveMove endgame queenEndgame short	https://lichess.org/OHzn5EYn#79
HLI5e	8/7k/5Kp1/5p2/P2q1P2/1Q5P/8/8 w - - 4 53	f6f7 d4d7 f7f6 d7g7 f6e6 g7g8 e6d6 g8b3	2182	crushing endgame queenEndgame skewer veryLong	https://lichess.org/5NoKDPp5#105
vO7Pb	8/7p/5ppk/1pQ5/8/KP2P3/P4q2/8 b - - 1 39	f2f5 c5f5 g6f5 a3b4 h6g7 a2a4 b5a4 b3a4 g7f7 a4a5	2212	crushing defensiveMove endgame queenEndgame veryLong	https://lichess.org/jkYYacHS/black#78
IVAdH	6k1/5p1p/6p1/P1Q1Pp2/1pP2P2/5P1P/q5K1/8 w - - 1 36	c5f2 b4b3 g2g3 a2f2 g3f2 b3b2	2184	advancedPawn crushing endgame long master queenEndgame	https://lichess.org/eXcRTAqW#71
k2xmf	7k/6p1/2p1q2p/2Q5/2P5/1P1p2P1/P5KP/8 w - - 0 33	c5d4 e6e2 d4f2 e2c2	2125	collinearMove crushing endgame queenEndgame short	https://lichess.org/pfOtiwnl#65
8FLlO	8/7Q/3q2pP/8/2p2pPk/2P2P2/7K/8 w - - 1 43	h7a7 d6d2 h2h1 h4h3 a7g1 d2e2 g4g5 e2f3 g1g2 f3g2	2309	endgame exposedKing mate mateIn5 queenEndgame veryLong	https://lichess.org/izfXsnC0#85
7Pfgw	1Q6/6p1/6p1/2p5/2P2p2/5P1P/1pk1K1P1/8 b - - 2 49	b2b1q b8b1 c2b1 e2d3 b1a2 d3e4 a2a3 e4d5 a3b4 h3h4 g6g5 h4h5	2301	crushing defensiveMove endgame queenEndgame quietMove veryLong zugzwang	https://lichess.org/bdVHXSCq/black#98
wzwg2	8/pp5k/2p5/5pQ1/3P3K/1PP5/P7/4q3 w - - 1 47	h4h5 e1e2 h5h4 e2h2	2262	endgame mate mateIn2 queenEndgame short	https://lichess.org/TpmZLdOM#93
FiRvQ	8/q4k2/4p2p/1pP1Kpp1/1P1Q4/5PP1/7P/8 w - - 6 39	f3f4 a7b8 d4d6 b8h8	2142	endgame mate mateIn2 queenEndgame short	https://lichess.org/LbVKbCp5#77
CxVG1	8/2p1kq2/1p5p/1P2p3/2P3p1/3QP1P1/5PKP/8 w - - 4 40	d3d5 f7d5 c4d5 e5e4	2226	crushing defensiveMove endgame queenEndgame short	https://lichess.org/Uh4Ntk8V#79
6eXZz	8/pp5q/2p4P/8/Pk6/8/3Q4/K7 b - - 1 50	b4a4 d2a2 a4b5 a2b1	2103	crushing endgame queenEndgame short	https://lichess.org/DSd0uq3D/black#100
JLs24	8/8/4p3/2K1Pk1p/7P/3qpp2/8/6Q1 b - - 1 61	f5e5 g1g7 e5f4 g7g5 f4e4 g5g6	2183	crushing endgame long queenEndgame	https://lichess.org/KpZ3ExS9/black#122
JeI58	8/5pk1/6p1/p7/Pq6/1P1QK1P1/8/8 b - - 1 45	b4c5 d3d4 c5d4 e3d4 g7f8 b3b4	2151	crushing endgame long queenEndgame	https://lichess.org/7sRX0Fsk/black#90
W8S7D	8/7p/8/P1p3p1/2P3k1/1P1p1qP1/3Q1K1P/8 w - - 1 38	f2e1 f3h1 e1f2 h1h2 f2e3 h2g3 e3e4 g3f3	2124	crushing deflection endgame exposedKing interference queenEndgame veryLong	https://lichess.org/B6IQWU1d#75
ezypT	8/8/p3q2p/1p1p2p1/1Pp5/2P2kP1/P1Q4P/5K2 b - - 1 43	e6e4 c2d1 e4e2 d1e2	2268	endgame mate mateIn2 queenEndgame short	https://lichess.org/lvOq26Qj/black#86
LuAg6	5Q2/8/5pkp/p4qp1/8/6KP/5P2/8 b - - 1 54	a5a4 f8g8 g6h5 g8e8 f5g6 e8e2 g5g4 h3g4 g6g4 e2g4	2116	endgame mate mateIn5 queenEndgame veryLong	https://lichess.org/Iz31wz2b/black#108
LtlSM	7k/6p1/5p1p/p1q5/6P1/1P1Q2K1/5P1P/8 w - - 0 37	d3c4 c5c4 b3c4 h8g8	2101	crushing defensiveMove endgame queenEndgame short	https://lichess.org/XqzbLMT0#73
Srp4p	6k1/2p1q3/p2p3p/1p1PpPB1/2P3Q1/1P4P1/P7/6K1 b - - 0 30	e7g5 g4g5 h6g5 c4b5	2190	crushing endgame queenEndgame short	https://lichess.org/7fqq0Ka1/black#60
wiGD6	8/p6p/1p2P3/7Q/5P2/5k2/q7/6K1 b - - 8 44	f3f4 h5h2 a2h2 g1h2	2216	crushing endgame master queenEndgame short	https://lichess.org/64Eixl5Y/black#88
t95rI	3K4/3P2k1/3Q1p2/6p1/2q5/8/7P/8 w - - 4 65	d8e8 c4g8 e8e7 g8f8 e7e6 f8f7 e6f5 f7g6 f5g4 f6f5	2242	crushing endgame queenEndgame veryLong	https://lichess.org/G5UtlUQV#129
IP6wp	6k1/6p1/7p/4Q3/2P2p2/P2KB1q1/8/8 b - - 0 37	g3e3 e5e3 f4e3 a3a4	2178	crushing defensiveMove endgame queenEndgame short	https://lichess.org/JFvJTvSG/black#74
Lyx84	6Q1/8/4p3/8/5P2/3q2K1/8/1k6 w - - 1 53	g3g4 d3d1 g4h3 d1h1 h3g3 h1g1 g3f3 g1g8	2173	crushing endgame queenEndgame skewer veryLong	https://lichess.org/AUkrLHQA#105
DOXIB	3Q4/p7/2q3p1/5pkP/8/2p5/5P1K/8 b - - 5 46	g5h5 f2f4 h5g4 d8g5 g4f3 g5g2 f3e3 g2c6	2259	crushing endgame queenEndgame quietMove skewer veryLong	https://lichess.org/AqJoNKBK/black#92
pz5yw	8/5p1p/2p1pQpk/p7/6P1/5P1K/P2q3P/8 b - - 3 37	d2d5 h3h4 d5d4 f6d4	2154	crushing endgame queenEndgame short	https://lichess.org/zdEeRKui/black#74
FaNj1	4k3/6K1/5Q2/1p2p3/pPp4P/P1P3q1/8/8 w - - 0 64	f6g6 g3g6 g7g6 e5e4 h4h5 e8f8 h5h6 f8g8 h6h7 g8h8 g6f5 e4e3 f5e4 e3e2	2117	advancedPawn crushing endgame queenEndgame quietMove veryLong	https://lichess.org/o5mogptx#127
17ajk	8/6pk/2Q1p2p/8/P2p1P1P/3Pq1K1/1PP3P1/8 w - - 1 31	g3g4 h6h5 g4h5 e3g3 c6e6 g7g6 e6g6 g3g6	2225	endgame mate mateIn4 queenEndgame sacrifice veryLong	https://lichess.org/78BWG3iZ#61
KRhlw	4Q3/7p/3K1kp1/8/8/7P/1p4P1/8 b - - 0 50	b2b1q e8e7 f6f5 e7e5	2279	endgame master mate mateIn2 queenEndgame short	https://lichess.org/dhTfxT9D/black#100
SZLcg	8/p5k1/1p6/6P1/1P3Q1K/1q6/8/8 b - - 6 92	b3f7 f4f7 g7f7 b4b5 f7g6 h4g4	2179	crushing defensiveMove endgame long queenEndgame quietMove	https://lichess.org/xUTctm6D/black#184
JXCfH	8/p2Q3p/kpK5/2p5/P1P4P/1P3q2/8/8 w - - 2 56	c6c7 f3b7 c7d8 b7d7 d8d7 a6a5 d7c6 a5b4 c6b7 b4b3 b7a7 b3a4	2148	crushing endgame master masterVsMaster queenEndgame veryLong	https://lichess.org/C8BTJ0jo#111
1FWXX	8/k1q2p1p/pp2p1p1/4P3/1PPQ4/P6P/6P1/1K6 b - - 1 31	a6a5 b4a5 c7c5 a5b6 a7b6 d4d6 c5d6 e5d6 b6c6 c4c5	2229	attraction crushing defensiveMove endgame master pin queenEndgame veryLong	https://lichess.org/M1KenVtz/black#62
vG0nP	k7/p5p1/6P1/1Q2pq1p/2P4P/5P2/P7/K7 b - - 3 33	f5f3 b5e8 a8b7 e8f7 f3f7 g6f7	2206	advancedPawn crushing endgame long master queenEndgame	https://lichess.org/vEx6Eo6r/black#66
iKCuH	5k2/Q5p1/1p5p/8/P1P5/K3q3/1P6/8 w - - 5 43	b2b3 e3e7 a7e7 f8e7 a3b2 h6h5	2251	crushing defensiveMove endgame long master queenEndgame	https://lichess.org/RPAbsjPw#85
Z8nXe	8/8/p1p3K1/2P1Q3/1P6/4k3/8/7q b - - 5 52	h1e4 g6f6 e3d3 e5e4 d3e4 f6e6	2271	crushing defensiveMove endgame long pin queenEndgame	https://lichess.org/cADnmJHu/black#104
33h0j	8/8/8/p2Q1p1k/P6p/1P2PK2/2q5/8 b - - 2 49	c2e4 d5e4 f5e4 f3f4 h5g6 f4g4	2158	crushing endgame long queenEndgame zugzwang	https://lichess.org/gFJWDSQx/black#98
tXiPD	6k1/5p2/2p5/p2p1KP1/3P1Q2/1P6/P7/1q6 w - - 18 45	f5f6 b1g6 f6e7 g6e4 f4e4 d5e4	2307	crushing endgame long queenEndgame	https://lichess.org/5wOsvWAK#89
CErWs	8/5pk1/p2Q2p1/1p3q1p/8/2P1PPPK/PP5P/8 w - - 3 37	g3g4 f5f3 d6g3 h5g4 h3h4 f3f6 h4g4 f6f5 g4h4 f5h5	2206	endgame mate mateIn5 queenEndgame veryLong	https://lichess.org/pBbEpi69#73
SLoQP	8/5k1p/1p2p3/5P2/pQKP1P2/5q2/7P/8 b - - 2 53	f3b3 b4b3 a4b3 f5e6	2148	crushing endgame queenEndgame short	https://lichess.org/JkLjvAFi/black#106
0qQKo	8/5kp1/5p1P/6P1/2p2Q2/8/1q3P1K/8 w - - 0 52	h6g7 b2e5 h2g3 c4c3 g5f6 e5f4 g3f4 c3c2	2212	advancedPawn crushing endgame exposedKing pin queenEndgame veryLong	https://lichess.org/ppt3WFVJ#103
UOQG2	1q5k/6p1/7p/7P/3PQ3/p3P1P1/5PK1/8 w - - 0 43	e4c2 b8a8 g2h3 a3a2	2135	advancedPawn crushing endgame queenEndgame short	https://lichess.org/KCUqmnZv#85
ISb93	8/p7/6kp/1p2q3/4p3/1P2P1PP/2PQ2K1/8 w - - 4 36	d2d4 e5d4 e3d4 a7a5	2175	crushing defensiveMove endgame queenEndgame short	https://lichess.org/a5e6zRac#71
5qg4Y	5Q2/8/2p1p1p1/2P2k2/3pq1p1/6P1/P4P1P/5K2 b - - 5 42	f5g5 f8f4 e4f4 g3f4 g5f4 a2a4 f4e5 a4a5 e5d5 a5a6 d5c5 a6a7	2221	advancedPawn crushing endgame queenEndgame quietMove veryLong	https://lichess.org/l5KIIWl1/black#84
i1UIl	6k1/2q3p1/p3p1Pp/1p2Pp1P/1P6/2P5/3Q2PK/8 w - - 1 38	d2d6 c7d6 e5d6 g8f8 h2g3 e6e5 g3f3 f8e8	2171	crushing defensiveMove endgame queenEndgame quietMove veryLong	https://lichess.org/UGssaQgQ#75
nwxeP	8/4q3/6P1/p4Q2/1k6/8/6K1/8 b - - 0 57	a5a4 f5g4 b4a5 g6g7	2163	advancedPawn crushing endgame queenEndgame short	https://lichess.org/eDhs6jkC/black#114
T8KSQ	8/q5p1/5p1p/5K2/5P2/1Q4PP/6k1/8 w - - 11 52	f5g4 a7d7 f4f5 h6h5 g4h4 g7g5 h4h5 d7h7 h5g4 h7h3	2456	endgame mate mateIn5 queenEndgame veryLong	https://lichess.org/YPoxCcHU#103
x4n4f	6k1/1p2Qp2/3p4/2pP3K/2P5/1P4P1/8/2q5 b - - 0 43	c1d1 h5h6 d1d2 e7g5 d2g5 h6g5 g8g7 g5f5	2414	crushing defensiveMove endgame master queenEndgame veryLong	https://lichess.org/CMmFrFk1/black#86
Vj3yC	5k2/1p3p2/6pp/1P1P4/2Q2P2/4q1KP/6P1/8 w - - 1 36	g3g4 f7f5 g4h4 e3e1 g2g3 e1e7	2441	endgame long mate mateIn3 queenEndgame	https://lichess.org/9yOW6ZAT#71
XRYpl	8/8/2Q2kpp/8/p1P5/5PK1/1q5P/8 b - - 3 53	f6g5 h2h4 g5f5 c6c8 f5e5 c8h8 e5e6 h8b2	2472	crushing endgame queenEndgame skewer veryLong	https://lichess.org/n9hRQoWR/black#106
E8GVR	8/6p1/8/4K3/3Q4/P7/3k4/7q b - - 6 59	d2e2 d4e4 h1e4 e5e4 g7g5 a3a4 e2f2 e4f5 f2f3 a4a5 g5g4 a5a6 g4g3 a6a7 g3g2 a7a8q	2517	advancedPawn crushing endgame promotion queenEndgame quietMove veryLong	https://lichess.org/bIAnoxcn/black#118
HNTUC	8/8/8/2pq4/8/2Q4P/6P1/1k4K1 w - - 0 64	g1f2 d5d4 c3e3 b1b2 h3h4 d4e3 f2e3 c5c4	2489	crushing defensiveMove endgame queenEndgame veryLong	https://lichess.org/EOHn1X96#127
L7ipz	5Q2/7p/6pk/2P1p3/8/4K3/7q/8 b - - 6 46	h6h5 f8f2 h2h1 f2f3 h1f3 e3f3	2405	crushing endgame long queenEndgame	https://lichess.org/0YeKUwRs/black#92
YSYlS	8/4k1p1/7p/2p2p2/P1Pq4/1Q4PP/5K2/8 w - - 2 41	b3e3 d4e3 f2e3 g7g5	2417	crushing defensiveMove endgame queenEndgame short	https://lichess.org/c3kCKKr3#81
5fPks	3Q4/6q1/6pk/5p1p/5P1K/6PP/8/8 b - - 0 63	g7f7 d8h8 f7h7 h8f8 h7g7 f8g7 h6g7 h4g5 g7f7 g5h6	2409	crushing endgame master masterVsMaster queenEndgame veryLong zugzwang	https://lichess.org/mwYdxU6X/black#126
dG4l2	6k1/p7/1p3Qp1/2p1P3/4q3/7P/1P5K/8 b - - 3 41	e4f5 f6f5 g6f5 h3h4	2497	crushing defensiveMove endgame master queenEndgame short	https://lichess.org/vKqVlNKg/black#82
lW0Le	8/6kp/5pp1/8/1Q6/8/1Pq1KPPP/8 w - - 3 34	e2f3 c2d3 f3f4 g6g5 f4g4 h7h5 g4h5 d3h7 h5g4 h7h4 g4f3 h4b4	2431	attraction crushing endgame exposedKing queenEndgame skewer veryLong	https://lichess.org/DVU6eOlw#67
HXE1k	8/4k3/2p3pp/p1P1P3/4QK1P/1q4P1/8/8 w - - 0 40	e4g6 b3f7 g6f7 e7f7 f4e4 h6h5	2492	crushing defensiveMove endgame long queenEndgame	https://lichess.org/asb7ZEPp#79
Mp19I	5k2/2p2pp1/2Pp3p/2qP1Q2/8/7P/5PPK/8 b - - 4 38	g7g6 f5c8 f8g7 c8c7 c5d5 c7b6	2426	crushing defensiveMove endgame long queenEndgame	https://lichess.org/rk0Iojnj/black#76
0fTsF	8/2P2p1p/6pk/8/3Q3P/PP4PK/3p4/4q3 w - - 3 44	c7c8q e1h1 h3g4 d2d1q d4d1 f7f5 c8f5 g6f5 g4f5 h1d1	2664	advancedPawn crushing endgame promotion queenEndgame veryLong	https://lichess.org/R8L4iyrF#87
vxssR	8/1p3Qpk/p1p4p/P4K2/1P2P3/5Pq1/8/8 w - - 0 39	f7b7 g3g6 f5f4 g6g5	2538	dovetailMate endgame mate mateIn2 queenEndgame short	https://lichess.org/sJllqCt9#77
Hje9C	3q4/5p2/4p2Q/p2pk3/Pp6/1P2P1K1/5PP1/8 b - - 2 40	d8f6 f2f4 e5f5 e3e4 f5e4 h6f6	2510	crushing deflection endgame long queenEndgame	https://lichess.org/Gv5kTvak/black#80
eTQuk	7k/p7/1p2p2q/3pP1p1/3P1pPP/5K2/PP5Q/8 b - - 1 33	h6h4 h2h4 g5h4 f3f4 h8g7 f4f3 g7g6 f3g2	2413	crushing defensiveMove endgame queenEndgame veryLong	https://lichess.org/QwEc1VAX/black#66
tD99C	8/p6p/1p3Qp1/3Pp2k/4P3/3q2PP/5K2/8 b - - 1 40	d3e4 f6h4 e4h4 g3h4 h5h4 d5d6	2483	crushing endgame long queenEndgame	https://lichess.org/REkbdufh/black#80
kCKQw	8/8/q1p1k3/3p1p2/8/KQ3P1P/6P1/8 w - - 0 55	b3a4 a6a4 a3a4 f5f4	2413	crushing defensiveMove endgame queenEndgame short	https://lichess.org/tGakcS6d#109
GJRRp	1k6/1p3Q2/4p3/p2pP1P1/2pq4/5PK1/8/8 b - - 1 38	d4e5 f7f4 e5c7 g5g6 e6e5 f4f8 b8a7 g6g7	2406	advancedPawn crushing defensiveMove endgame queenEndgame veryLong	https://lichess.org/NFhMEYZn/black#76
9zykF	8/8/8/3p1p2/3Pq2k/4PK2/8/6Q1 w - - 4 54	f3e2 e4g4 g1g4 f5g4 e3e4 d5e4 d4d5 h4g5 d5d6 g5f6 d6d7 f6e7 d7d8q e7d8 e2e3 g4g3	2463	crushing endgame queenEndgame veryLong	https://lichess.org/WSuDGD4A#107
L6YEO	8/4Q2p/6pk/3p4/p4P2/1q1P3P/6PK/8 b - - 4 35	b3c3 g2g4 c3d2 h2g3 d2e1 e7e1	2420	crushing defensiveMove endgame long queenEndgame quietMove	https://lichess.org/mjTvmRow/black#70
w3Epu	8/p6k/3q3p/1Q6/1K2p3/1P2P3/P4P2/8 w - - 5 43	b5c5 d6c5 b4c5 h7g6 c5d5 g6f5 f2f3 e4f3	2402	crushing endgame queenEndgame veryLong	https://lichess.org/HzBnNK5H#85
SQ7Zc	8/4q1k1/p3p1p1/1p1pP2p/5Q1P/2P5/PP4PK/8 b - - 0 32	e7f7 f4f7 g7f7 h2g3 g6g5 h4g5 f7g6 g3h4	2450	crushing endgame master queenEndgame veryLong	https://lichess.org/5nxxQ98r/black#64
HeDQb	6k1/2p5/3p2p1/2pP3p/2P1Q3/P5PK/1q5P/8 b - - 1 40	b2f6 e4e6 f6e6 d5e6 d6d5 h3g2	2409	crushing defensiveMove endgame long queenEndgame	https://lichess.org/wB2F34Ep/black#80
RYALR	6k1/6p1/1Q6/1p1p2P1/p1p1p3/P1P2q2/KP6/8 b - - 4 36	e4e3 g5g6 f3f6 b6b8 f6f8 b8e5	2473	crushing endgame long queenEndgame	https://lichess.org/DzUdw6M4/black#72
ANNfe	8/1p3pk1/p2q4/3p2Q1/P5K1/4P3/7P/8 b - - 0 36	d6g6 a4a5 g7h7 g5g6	2529	crushing endgame queenEndgame quietMove short	https://lichess.org/mDAdwSQ6/black#72
mWAGW	8/6p1/5pkp/Qp6/2q3P1/P4P2/6PK/8 w - - 1 43	a5b4 c4b4 a3b4 g6f7 h2g3 f7e6 g3f4 e6d5 f4f5 d5c4	2489	crushing endgame queenEndgame veryLong	https://lichess.org/qYFdBUuA#85
Vygu5	8/p6k/8/5KQ1/1P1p4/P7/2q4P/8 w - - 0 51	f5f6 c2f2 f6e6 f2e3	2423	crushing endgame master queenEndgame short	https://lichess.org/OnOn8J9D#101
pUxsp	3k4/4p3/p2p1p2/3P1Q1p/2P5/q6P/5PP1/6K1 w - - 3 33	f5h5 a3a1 g1h2 a1e5 h5e5 f6e5 h2g3 a6a5	2435	crushing defensiveMove endgame queenEndgame veryLong	https://lichess.org/2xoOUKxV#65
yTrF1	1q6/4Qp1k/6pp/8/3P4/p3P2P/5PPK/8 w - - 2 37	g2g3 b8b3 d4d5 b3b2 e7f7 b2g7	2557	crushing endgame long pin queenEndgame	https://lichess.org/SPKZOIyl#73
fFVoD	5q1k/6p1/7p/p2Q3P/P3KP2/8/8/8 b - - 8 57	f8g8 d5g8 h8g8 e4e5 g8f7 e5f5	2486	crushing defensiveMove endgame long master queenEndgame zugzwang	https://lichess.org/TJPMgu2L/black#114
hj85O	8/1p6/7p/p5p1/4Q3/P3P1P1/3K1Pk1/5q2 b - - 0 39	g2f2 e4f5 f2g2 f5f1 g2f1 g3g4 f1f2 e3e4 f2f3 e4e5	2438	crushing defensiveMove endgame queenEndgame quietMove veryLong	https://lichess.org/X1Kl0dBt/black#78
l5EAm	8/pp4k1/5q2/2p1p1pp/3pP3/P2P1Q1P/1PP3PK/8 w - - 2 34	f3f5 f6f5 e4f5 h5h4 g2g4 h4g3	2404	crushing enPassant endgame long queenEndgame quietMove	https://lichess.org/Gt5WCSGt#67
ZAxAk	8/2Q2kp1/4q1p1/5p2/2P1p2P/6P1/5P2/6K1 b - - 2 61	e6e7 c7e7 f7e7 f2f3 e4e3 g1f1	2577	crushing defensiveMove endgame long queenEndgame	https://lichess.org/s5nWih9b/black#122
0YEZV	8/5p2/2Q2k1p/8/2PKp3/8/7P/1q6 b - - 1 41	f6g5 c6b5 b1b5 c4b5 e4e3 d4e3	2428	crushing endgame long queenEndgame	https://lichess.org/KSvgrGZz/black#82
blNMl	6k1/6p1/1q2p2p/2r5/1PQ5/8/6PP/6K1 w - - 0 42	c4c5 b6c5 b4c5 g8f7 g1f2 f7f6	2483	crushing defensiveMove endgame long queenEndgame	https://lichess.org/IQBCqOzH#83
PeGok	8/p4Q1k/p3p1p1/8/2q3P1/6PP/P7/7K b - - 1 36	h7h6 f7f4 c4f4 g3f4 g6g5 f4g5	2409	crushing endgame long queenEndgame	https://lichess.org/0baQ8ukN/black#72
jIqaB	2Q5/2p1qp1k/4p1pP/3pP3/8/2P1P3/4KP2/8 b - - 2 36	h7h6 c8h8 h6g5 h8h3	2407	crushing endgame queenEndgame short	https://lichess.org/GtzqGRcj/black#72
y1AJe	8/8/2Q1K3/3Pp3/4k3/1q6/8/8 w - - 5 50	c6c7 b3h3 e6d6 h3h6 d6c5 h6c1	2467	crushing endgame long queenEndgame	https://lichess.org/xgqO6IOl#99
E5JiC	3Q4/5K2/p7/5q1p/5P1P/7k/8/8 w - - 1 66	d8f6 h3g4 f7e7 f5f6 e7f6 g4f4	2466	crushing endgame long pin queenEndgame	https://lichess.org/QSvuRmwz#131
Thi1o	8/7p/3q1kp1/1Q2p3/4P3/6KP/6P1/8 w - - 1 37	b5d5 d6d5 e4d5 f6e7 g3f3 e7d6 f3e4 g6g5 g2g3 h7h5 h3h4 g5g4	2461	crushing defensiveMove endgame queenEndgame quietMove veryLong zugzwang	https://lichess.org/HcsG91K3#73
RywZb	8/6pk/5p1p/2PQ4/3P4/p1q3PP/5PK1/8 w - - 0 35	d5a2 c3b2 a2e6 b2b1	2532	crushing defensiveMove endgame queenEndgame short	https://lichess.org/rOyax8Kf#69
KzDuc	6k1/2p2pp1/8/1P1P2K1/5QP1/7q/8/8 w - - 0 54	f4c7 h3h6 g5f5 h6h7 f5f4 h7h2	2544	crushing endgame long master queenEndgame	https://lichess.org/zQuVd26G#107
VnyKD	4k2Q/4q3/2p5/6p1/1P6/P3p3/6PK/8 b - - 9 46	e8f7 h8h7 f7f6 h7e7 f6e7 h2g1	2493	crushing defensiveMove endgame exposedKing long queenEndgame	https://lichess.org/CbzJWnlN/black#92
qljfu	8/1pk1Q1p1/2p3qp/p3P3/P7/1P6/1KP5/8 b - - 1 38	c7b6 e5e6 g6f5 e7d8 b6a7 e6e7	2544	advancedPawn crushing endgame long master queenEndgame	https://lichess.org/naCSFigj/black#76
BtDB0	8/7Q/8/5pk1/5pp1/5P1P/6PK/4q3 w - - 1 60	h3h4 e1h4 h7h4 g5h4 f3g4 h4g4	2439	crushing endgame long queenEndgame zugzwang	https://lichess.org/YKZJq5EL#119
cbgZj	8/q5P1/7K/4Q3/8/8/kp6/8 b - - 0 60	a7g1 e5d5 a2a1 d5a8 a1b1 g7g8q	2409	advancedPawn crushing endgame long promotion queenEndgame	https://lichess.org/xNZloupq/black#120
es41e	5k2/PK3p2/3qp3/6p1/3p2P1/3Q4/7P/8 b - - 16 65	d6b4 b7c6 b4a4 c6b6	2415	crushing defensiveMove endgame queenEndgame short	https://lichess.org/EWWj3PY4/black#130
UVscH	8/2q2k2/1p3p2/p2Qp3/5PP1/1P4K1/P7/8 b - - 1 43	f7g6 d5g8 c7g7 g8g7 g6g7 f4e5	2461	crushing endgame long queenEndgame	https://lichess.org/Gvwz9fq5/black#86
5sGSB	8/1p6/p2Q4/k7/P2p2P1/3q4/5PPK/8 w - - 0 40	d6g3 d3g3 h2g3 d4d3 g3f3 a5b4 f3e3 b4c3	2413	crushing defensiveMove endgame queenEndgame veryLong	https://lichess.org/yCTr6Afm#79
6cv00	8/8/2Q3p1/7p/4K3/7P/3k2P1/1q6 w - - 2 44	e4f3 b1d3 f3f2 d3e3 f2f1 e3e1	2425	endgame exposedKing long mate mateIn3 queenEndgame	https://lichess.org/vEdH3uP6#87
DT9A4	8/2Q2p2/2p1qk1p/1pPp2p1/1P4P1/4P2P/5PK1/8 w - - 7 34	g2g3 e6e5 c7e5 f6e5 g3f3 d5d4 f3e2 e5e4 f2f3 e4d5 e2d3 d4e3 d3e3 d5c4	2511	crushing endgame queenEndgame veryLong	https://lichess.org/nWtQybnn#67
flYI0	2Q5/5ppk/7p/p7/2P5/1P3P1P/q5P1/7K w - - 2 37	c8b7 a2b1 h1h2 a5a4 f3f4 a4a3	2405	crushing endgame long queenEndgame	https://lichess.org/PFsFfmmV#73
evMai	8/6pp/7k/1p6/2p5/2P1Q1K1/Pq4PP/8 b - - 7 40	h6g6 e3e6 g6h5 e6f5 h5h6 g3h4 b2f2 f5f2	2426	crushing endgame exposedKing queenEndgame veryLong	https://lichess.org/gaO0Dwv7/black#80
b8hwz	8/5p1k/5Pp1/1p2q3/pP6/P4Q2/5PK1/8 b - - 1 54	e5f5 f3f5 g6f5 g2f3 h7g6 f3e3	2413	crushing defensiveMove endgame long queenEndgame	https://lichess.org/hxmt9sKV/black#108
pbaTY	8/2p2Qp1/7p/5pk1/8/6P1/P1q2P2/4K3 b - - 7 45	g7g6 f7e7 g5g4 e7e2 c2e2 e1e2 f5f4 a2a4	2460	crushing defensiveMove endgame queenEndgame veryLong	https://lichess.org/CWxS9ww5/black#90
SMfhc	7k/1Q1P2p1/p6p/P6P/8/6P1/1p3PK1/3q4 b - - 2 43	d1d7 b7d7 b2b1q d7c8 h8h7 c8a6	2440	crushing endgame long master queenEndgame	https://lichess.org/17iEUF8W/black#86
4QSYR	5q1k/2Q3p1/p6p/8/8/P7/KPP5/8 w - - 0 38	c7c4 f8g8 c4b3 g8b3 a2b3 h6h5	2471	crushing defensiveMove endgame long pin queenEndgame	https://lichess.org/LOa8hIlN#75
jAsAT	8/1Q4pk/2p5/p6K/1P3PPP/q7/8/8 w - - 0 44	b4a5 a3d6 b7b1 g7g6 h5g5 d6e7	2494	endgame long mate mateIn3 queenEndgame	https://lichess.org/AhwHpjmE#87
0EcCu	8/6R1/7k/8/5R2/6PK/8/3q4 w - - 4 82	g7g8 d1h1 h3g4 h1h5	1154	endgame mate mateIn2 queenRookEndgame short	https://lichess.org/6HAi3HVj#163
GW3bz	6Q1/8/7R/3R4/8/2P2k2/P4rr1/1K6 w - - 1 55	h6e6 f2f1 e6e1 f1e1 d5d1 e1d1	1166	endgame long mate mateIn3 queenRookEndgame	https://lichess.org/bWbIWL1R#109
3ymlV	1Q6/8/5k2/6p1/5pK1/5Pr1/8/8 w - - 2 61	g4h5 g3h3 h5g4 h3h4	1150	endgame mate mateIn2 queenRookEndgame short	https://lichess.org/Zk6XwcvR#121
qAUbo	1R6/2P5/1P5k/7p/2r4P/6p1/1r4P1/6RK w - - 2 47	c7c8q c4h4 c8h3 h4h3 g2h3 b2h2	1179	endgame long master mate mateIn3 queenRookEndgame	https://lichess.org/3tDhm9WO#93
DJHFn	8/8/6p1/5pQ1/4r3/2P5/PP2r1PP/3k1K2 w - - 23 50	g5g6 e4f4 f1g1 e2e1	1170	endgame mate mateIn2 queenRookEndgame short	https://lichess.org/uiDsNzct#99
3hFaR	3Q4/5pk1/6p1/8/PP1P1P2/6PK/1rr4P/8 w - - 3 47	a4a5 c2h2 h3g4 f7f5 g4f3 b2b3	1147	endgame long mate mateIn3 queenRookEndgame	https://lichess.org/tRdM2aHC#93
1EK3w	8/kp6/3p2r1/4P3/3QP3/7K/8/5r2 b - - 14 42	a7a8 d4a4 a8b8 a4e8 b8c7 e8g6	1150	crushing endgame fork long queenRookEndgame	https://lichess.org/Hleqh4mg/black#84
rn2QI	5k2/RR5p/8/5pP1/4pP2/8/1p3K1P/2r5 b - - 5 35	b2b1q a7a8 c1c8 a8c8	1177	endgame mate mateIn2 queenRookEndgame short	https://lichess.org/yJKyMOjU/black#70
uXNCe	2k5/1pp5/p1p5/4Pp2/1P2r3/P2K2P1/2P2Q2/4R2r b - - 5 35	h1e1 f2f5 c8b8 f5e4 e1e4 d3e4	1196	crushing endgame long queenRookEndgame	https://lichess.org/uImNhjHD/black#70
esFWR	8/pp1R3p/2p1p1p1/4q2k/3R4/2P5/PP3P2/5K2 b - - 1 30	c6c5 d7h7 h5g5 f2f4 e5f4 d4f4	1197	crushing endgame fork long queenRookEndgame	https://lichess.org/yM2AWgfo/black#60
vx6gm	3r4/p4k2/1p6/3p4/4r1P1/8/P4P2/3Q2K1 b - - 2 38	d5d4 d1f3 f7g8 f3e4	1170	crushing endgame fork master masterVsMaster queenRookEndgame short	https://lichess.org/AFPvQFir/black#76
Lnxus	1kr5/p7/1p2p1Qp/1P2P3/P7/1K6/2r2PP1/8 b - - 0 37	a7a5 g6c2 c8c2 b3c2	1152	crushing endgame queenRookEndgame short	https://lichess.org/9EcY6g53/black#74
HW17t	8/7P/8/6p1/3ppk2/7K/3r4/8 w - - 0 66	h7h8q g5g4 h3h4 d2h2	1192	endgame mate mateIn2 queenRookEndgame short	https://lichess.org/SN1UIlxM#131
mGM8y	6rk/5p2/p1p1pP2/2P1P3/1P2Q3/P7/5K1r/8 w - - 0 44	f2e3 g8g3 e3f4 h2h4 f4g3 h4e4	1174	crushing endgame exposedKing long queenRookEndgame skewer	https://lichess.org/KfIef1oM#87
vriBN	3N4/pp2R2p/1qp4k/5pp1/1P6/P6P/2r5/4RK2 b - - 1 34	b6d8 e1e6 h6h5 e7h7	1169	deflection endgame mate mateIn2 queenRookEndgame short	https://lichess.org/xbzrQXWt/black#68
f4Id9	7R/8/5Rpk/p1p5/Pp5p/1P1P4/1KP3q1/8 b - - 3 45	h6g5 f6g6 g5g6 h8g8 g6f6 g8g2	1130	attraction crushing endgame long master queenRookEndgame sacrifice skewer	https://lichess.org/t3WYtxUT/black#90
WKrxy	2k5/1pp3p1/P2p3p/P2P1P2/Q2P3K/4r2P/6r1/8 w - - 0 35	a6a7 e3e4 h4h5 g2g5	1159	endgame mate mateIn2 queenRookEndgame short	https://lichess.org/uV5cutO3#69
ARDoo	8/p4p2/1p2k1p1/4rr2/2p4Q/P6R/1P3PPK/8 w - - 13 37	h3e3 f5h5 h4h5 g6h5	1147	advantage endgame pin queenRookEndgame short	https://lichess.org/iHjq3e1V#73
4hH4C	8/1Q6/p1p5/k3r1P1/5r2/8/P7/1R4K1 w - - 0 35	g5g6 e5g5 g1h2 f4h4	1173	endgame mate mateIn2 queenRookEndgame short	https://lichess.org/lZfhH6hQ#69
rbnPu	4q3/pp5R/2p1kP2/2PpP3/8/8/PP3K1P/8 b - - 0 33	e6e5 h7e7 e5f6 e7e8	1126	crushing endgame fork queenRookEndgame short	https://lichess.org/v0uKBUZx/black#66
8SG8i	r2r3k/ppR2R2/7P/1q2p1p1/4P3/8/PPP1Q3/2K5 b - - 0 28	b5e2 f7h7 h8g8 c7g7 g8f8 h7h8	1156	endgame exposedKing long mate mateIn3 queenRookEndgame	https://lichess.org/nlepqs1r/black#56
klKZg	8/p4pkp/1p2p1p1/4Q3/5P2/r7/6K1/8 b - - 1 34	g7f8 e5d6 f8e8 d6a3	1166	crushing endgame fork queenRookEndgame short	https://lichess.org/zeph9Clt/black#68
iMrdD	5R2/1k2K1p1/pB5r/P3p1p1/2P1q3/8/8/3R4 b - - 2 46	h6b6 d1d7 b7c6 f8c8	1175	endgame mate mateIn2 queenRookEndgame short	https://lichess.org/bk9l21F6/black#92
ki1Ia	6R1/1R6/3p2k1/4p1p1/2PpP2p/3Pq1P1/6K1/8 b - - 3 45	g6h5 b7h7 h5g4 h7h4	1125	endgame epauletteMate mate mateIn2 pin queenRookEndgame short	https://lichess.org/685bZO25/black#90
IEu2Q	8/4P3/7p/6p1/1P6/k7/2rr2PP/K3R3 w - - 0 46	e7e8q c2a2 a1b1 d2b2 b1c1 a2a1	1164	endgame exposedKing long mate mateIn3 queenRookEndgame	https://lichess.org/dOkzcfQc#91
mnUVZ	Q7/5p1k/4p1p1/3p2K1/6P1/p4r2/8/8 w - - 2 55	a8a6 f7f6 g5h4 g6g5 h4h5 f3h3	1148	endgame long mate mateIn3 queenRookEndgame	https://lichess.org/hHGf8rzX#109
nuMPS	1kr5/pp6/4Q3/8/3P1PP1/8/P1r1K3/8 w - - 1 38	e2d3 c8c3 d3e4 c2e2 e4d5 e2e6	1154	crushing endgame long queenRookEndgame skewer	https://lichess.org/vU11njbs#75
3paQv	3R4/ppq3pk/4p1Qr/4P2P/4p3/8/PP3r2/1K4R1 b - - 7 28	h6g6 h5g6 h7h6 d8h8	1198	endgame master mate mateIn2 queenRookEndgame short	https://lichess.org/FKj6C9v8/black#56
YkuVA	2Rr1k2/p2P1ppp/8/P5P1/3R4/1p5P/1rp2PK1/8 b - - 1 40	c2c1q c8d8 f8e7 d8e8	1187	endgame epauletteMate hangingPiece mate mateIn2 queenRookEndgame short	https://lichess.org/BjL9jykV/black#80
nVmDK	8/r5k1/3Q4/3q2p1/2pP4/Pp6/1P3r2/KR6 w - - 0 52	d6d5 a7a3 b2a3 f2a2	1197	endgame mate mateIn2 queenRookEndgame sacrifice short	https://lichess.org/tqXWBjzW#103
byhTu	8/3r1r2/3P3k/2P1R2R/5P2/P4q1P/7K/8 b - - 4 47	h6g7 e5g5 g7f6 h5h6	1114	endgame mate mateIn2 queenRookEndgame short	https://lichess.org/nAxZzZ6T/black#94
s6hYh	2k5/1p3p2/pP1p4/4PP2/7p/2P1q3/6R1/3R3K b - - 0 31	h4h3 g2g8 c8d7 d1d6 d7e7 f5f6	1170	endgame long mate mateIn3 queenRookEndgame	https://lichess.org/9k9f4LLj/black#62
5DJAg	8/1R6/1R4kp/2qp1pp1/5P2/5K1P/6P1/8 b - - 3 41	g6h5 g2g4 f5g4 h3g4 h5h4 b6h6	1166	endgame long mate mateIn3 queenRookEndgame	https://lichess.org/0lxVLqsr/black#82
MWPqn	8/4R3/p4p2/5k1p/q7/2K5/8/5R2 b - - 5 48	f5g4 e7g7 g4h4 f1h1	1182	endgame mate mateIn2 queenRookEndgame short	https://lichess.org/LdtWDzB9/black#96
F54vu	2r2k2/p3r2p/1p4p1/2p3P1/8/P1Q3P1/7K/8 b - - 1 30	e7g7 c3f6 g7f7 f6h8 f8e7 h8c8	1139	advantage endgame exposedKing long queenRookEndgame skewer	https://lichess.org/cdvZzykT/black#60
F400e	4R3/pp1P4/8/1Pr5/8/3P2p1/P2k3p/7K w - - 8 49	d7d8q c5c1 h1g2 h2h1q	1148	advancedPawn crushing endgame promotion queenRookEndgame short	https://lichess.org/L3fa6XfT#97
xGH5r	r5k1/7p/2p3p1/3p2Q1/1P1PP3/1K6/r5PP/3R3R w - - 1 27	e4d5 a8a3 b3c4 a2c2	1150	endgame epauletteMate mate mateIn2 queenRookEndgame short	https://lichess.org/LWJMULsM#53
oa1Qs	7r/1ppkq3/4p2p/1P1pP3/2N3p1/2P4P/1P3PP1/R4RK1 b - - 0 25	d5c4 f1d1 d7e8 a1a8 e8f7 a8h8	1077	crushing endgame long queenRookEndgame skewer	https://lichess.org/1Hjq3TF5/black#50
tgKU0	8/8/1p3KR1/p1p2Rp1/P5k1/8/5prp/8 b - - 0 68	h2h1q g6g5 g4h3 g5h5	1153	crushing endgame master queenRookEndgame short	https://lichess.org/fRHiQX8z/black#136
a0fuy	6R1/pp1R2pp/5pk1/3p3q/2p2p2/8/P4KPP/8 b - - 3 34	c4c3 g8g7 g6h6 g7h7	1089	crushing endgame queenRookEndgame short	https://lichess.org/LP6MNULn/black#68
3Svr4	r4k2/r7/5Qp1/3pP1Pp/3P3P/p1P5/8/7K b - - 2 40	a7f7 f6h8 f8e7 h8a8	1146	crushing endgame queenRookEndgame short skewer	https://lichess.org/NjLOY3gV/black#80
RobPK	8/6k1/2q2r2/5P1R/5R1P/6P1/5P1K/8 b - - 2 60	c6e8 f4g4 g7f7 h5h7 f7f8 h7h8	1193	crushing endgame exposedKing long queenRookEndgame	https://lichess.org/mwKC9aXI/black#120
fpJck	8/k1r5/p4p2/P2Qp1pp/4P3/3pP2P/1KP3P1/r7 w - - 0 39	b2a1 d3c2 d5d2 c2c1q d2c1 c7c1	1177	advancedPawn crushing endgame exposedKing long promotion queenRookEndgame	https://lichess.org/gzokyAlt#77
ftUsc	8/ppR3R1/1k3p2/3pp3/3P1KP1/1P3P2/8/4q3 w - - 0 42	d4e5 e1e5	1169	endgame mate mateIn1 oneMove queenRookEndgame	https://lichess.org/UPOX0n94#83
UVpHV	2Q5/5pkp/6p1/2R5/8/r2p1P2/p5rP/R2K4 w - - 1 38	c8h3 g2g1 d1d2 g1a1 h3h4 a1d1 d2d1 a2a1q	1156	advancedPawn attraction crushing endgame exposedKing promotion queenRookEndgame skewer veryLong	https://lichess.org/AqyyGvsf#75
doWls	8/6P1/2k5/p2R4/4p3/K1P1R3/Pr3r2/8 w - - 1 41	g7g8q b2a2 a3b3 f2b2 b3c4 a2a4	1185	endgame exposedKing long mate mateIn3 queenRookEndgame	https://lichess.org/j1EUoKCy#81
wNsHg	8/4R1kp/7p/1Pp5/5pP1/5q2/4R2K/8 b - - 2 38	g7g6 e2e6 g6g5 e7g7 g5h4 e6h6	1170	deflection endgame long mate mateIn3 queenRookEndgame	https://lichess.org/roYOOTH3/black#76
PODvY	8/2P2k1K/8/8/8/8/6r1/8 w - - 0 57	c7c8q g2h2 c8h3 h2h3	1060	endgame mate mateIn2 queenRookEndgame short	https://lichess.org/wMDa7rl3#113
YTBoi	8/p2PR1p1/6kp/2q5/5P2/8/PPP3P1/3R2K1 w - - 1 28	g1h1 c5h5 h1g1 h5d1	1100	advantage endgame fork queenRookEndgame short	https://lichess.org/fllRUzac#55
gBcyU	5R2/5pp1/2pR3p/4Pk2/2q2P2/6PK/7P/8 w - - 6 45	e5e6 c4f1 h3h4 g7g5 f4g5 h6g5 h4h5 f1h3	1156	endgame mate mateIn4 queenRookEndgame veryLong	https://lichess.org/zwksEIIs#89
9731y	6kr/1p4p1/4Q3/p7/8/2P4p/P1P1KP2/6r1 b - - 0 36	g8f8 e6c8 f8e7 c8h8	1150	advantage endgame queenRookEndgame short skewer	https://lichess.org/gNPGx8fK/black#72
vbR05	8/kp6/2p5/p1P5/8/8/PKR2R2/4q3 w - - 2 68	b2b3 e1b4	1162	endgame master masterVsMaster mate mateIn1 oneMove queenRookEndgame swallowstailMate	https://lichess.org/wTWJXsip#135
IslOc	8/PP4pk/3R4/3Pp3/4P1Pp/r4p1P/4rP1K/8 w - - 2 46	b7b8q e2f2 h2g1 f2g2 g1f1 a3a1 b8b1 a1b1	1190	endgame mate mateIn4 queenRookEndgame veryLong	https://lichess.org/VJKCvdOD#91
DCBpY	8/6p1/5rkp/P1Q3p1/2P3K1/1P2P1P1/3r3P/8 w - - 5 34	h2h4 h6h5 g4h3 g5g4	1173	endgame mate mateIn2 queenRookEndgame short	https://lichess.org/sI90Wd2E#67
s9Urr	8/3r3k/8/5K2/r7/PR6/3pp3/6R1 b - - 1 53	d2d1q b3h3 a4h4 h3h4	1193	endgame mate mateIn2 queenRookEndgame short	https://lichess.org/iF5PRHy4/black#106
IWOM1	6k1/5p1p/2p2PP1/2K1p3/2P5/r1q1P3/r4P2/6RR b - - 1 32	a3a6 g6h7 g8h8 g1g8	1153	advancedPawn discoveredCheck doubleCheck endgame mate mateIn2 queenRookEndgame short	https://lichess.org/uuKxsfEj/black#64
RmTmn	5k2/6r1/1p3p2/1r6/Q1q2PP1/7P/K7/4R2R w - - 0 40	a4c4 g7a7 c4a4 a7a4	1168	endgame mate mateIn2 queenRookEndgame short	https://lichess.org/HZnJTpbi#79
z166E	2r3k1/pp3ppp/8/4rq2/2R5/P7/2Q3PP/2R3K1 b - - 0 25	f5c2 c4c8 c2c8 c1c8 e5e8 c8e8	1176	backRankMate endgame fork long mate mateIn3 queenRookEndgame xRayAttack	https://lichess.org/qw38uoRp/black#50
lORgi	8/5pk1/5p2/6r1/P6p/2Q2K2/6P1/8 w - - 0 44	a4a5 g5g3 f3f4 g3c3	1176	crushing endgame queenRookEndgame short skewer	https://lichess.org/tm8rwiPt#87
SgZtI	7k/2R4p/p4p2/1p2pP2/3q2P1/8/PP5K/5R2 b - - 2 36	d4g4 c7c8 h8g7 f1g1 g4g1 h2g1	1165	crushing endgame long pin queenRookEndgame	https://lichess.org/Jsao7aP7/black#72
BcFbG	8/8/3r4/8/8/2Q3K1/3r4/2k5 b - - 11 60	d2c2 c3a3 c1d2 a3d6	1373	crushing endgame fork queenRookEndgame short	https://lichess.org/aQK4PeWV/black#120
nLOIh	7k/6pp/1p3P2/p7/Pqr5/1Q3RRP/3r2PK/8 b - - 0 37	b4b3 f6g7 h8g8 f3f8	1376	advancedPawn endgame mate mateIn2 queenRookEndgame short	https://lichess.org/W80Fad5w/black#74
ghn1N	8/4R3/pkp5/R7/6K1/2q3P1/8/8 w - - 2 46	a5f5 c3b4 f5f4 b4e7	1458	crushing endgame fork queenRookEndgame short	https://lichess.org/jqKhtz3y#91
RVeZE	3R2rk/p3P1pp/8/qp6/2rQ1P2/4P2P/PP4P1/R5K1 b - - 2 30	c4d4 d8g8 h8g8 e7e8q	1376	advancedPawn attraction endgame mate mateIn2 promotion queenRookEndgame short	https://lichess.org/g86UOSlN/black#60
QtCZt	4Q3/5R2/6R1/2kp4/P7/4P2p/4r3/1r4K1 w - - 1 40	f7f1 h3h2 g1h1 b1f1 g6g1 f1g1	1350	advancedPawn deflection endgame exposedKing long mate mateIn3 queenRookEndgame	https://lichess.org/vFDJwmoM#79
Rocfv	r4r2/p1k4p/1p6/3Q4/8/2P5/P1P3PP/4K3 w - - 1 25	g2g4 a8e8 e1d2 e8d8	1407	crushing endgame pin queenRookEndgame short	https://lichess.org/gvYDJGCJ#49
ifsMY	8/3Q2kp/1p3r2/5P2/2p2K2/P6r/8/8 b - - 1 46	f6f7 f5f6 g7f6 d7h3	1408	advantage discoveredAttack endgame pin queenRookEndgame short	https://lichess.org/D73Nd9zf/black#92
ejROr	8/8/4p1k1/5r1p/3RQ3/P4pPP/1r3K2/8 w - - 1 50	f2e3 b2e2 e3d3 e2e4	1422	crushing endgame queenRookEndgame short skewer	https://lichess.org/vW4TlJXu#99
K4z8p	8/1p5p/6k1/8/2q3P1/1p2R2P/4RK2/8 w - - 4 48	e2b2 c4f4 f2e2 f4h2 e2d3 h2b2	1310	crushing endgame exposedKing long queenRookEndgame skewer	https://lichess.org/RSHOPrPS#95
xURpJ	8/q4kp1/2p1P1Rp/8/2p1R1P1/p4KP1/8/8 b - - 0 47	f7g6 e6e7 a3a2 e7e8q a7f7 e8f7 g6f7 e4e1	1414	advancedPawn crushing defensiveMove endgame promotion queenRookEndgame veryLong	https://lichess.org/nijdeHqK/black#94
nOBS6	5rk1/pp3Rp1/2p1Qq1p/3p4/8/5P2/PPP3P1/4R1K1 b - - 0 30	f6e6 f7f8 g8f8 e1e6	1379	crushing endgame intermezzo queenRookEndgame short	https://lichess.org/BlWQ6iYV/black#60
gumNu	7k/4q2p/p2R1p2/5p2/1P3P2/P5R1/6KP/8 w - - 15 38	d6c6 e7e4 g3f3 e4c6	1307	crushing endgame fork queenRookEndgame short	https://lichess.org/013xIXku#75
XWs68	8/kp6/8/8/2R3R1/1K2q3/8/8 w - - 32 72	c4c3 e3e6 g4c4 b7b5	1441	crushing endgame fork queenRookEndgame short	https://lichess.org/JJgvhiG2#143
EKhpo	4R3/6pp/1q1pR3/2p2k1P/7K/pp3P2/6P1/8 b - - 7 45	a3a2 g2g4 f5f4 e8f8	1407	endgame mate mateIn2 queenRookEndgame short	https://lichess.org/ce0pQqNE/black#90
ewTKG	r4B1R/1p3k2/4pPp1/1p1pP3/P4Pp1/1Pp1q1P1/8/1K5R b - - 3 26	a8f8 h1h7 f7e8 h7e7 e8d8 h8f8	1316	deflection endgame long mate mateIn3 queenRookEndgame	https://lichess.org/qJiTsYyd/black#52
07Kpo	6k1/4pr2/6Q1/3rP3/1p1p1p2/1P3P1P/P6K/8 b - - 0 33	f7g7 g6e6 g7f7 e6d5	1489	crushing endgame fork queenRookEndgame short	https://lichess.org/xcAWktCY/black#66
pdJ9i	8/4kp2/p1q5/5R2/2P2R1P/5K2/P1P2P2/8 w - - 3 52	f3g4 c6g2 g4h5 g2g6	1472	endgame mate mateIn2 queenRookEndgame short	https://lichess.org/oFuCuYbT#103
c3qdQ	8/6k1/3q2p1/8/2R5/1K3p2/2R4P/8 b - - 3 67	g6g5 c4c7 g7g8 c7c8 g8f7 c2c7 f7e6 c7c6 d6c6 c8c6	1442	crushing endgame exposedKing pin queenRookEndgame veryLong	https://lichess.org/4Y8GzsQk/black#134
un1HN	5rk1/2p3pp/Q3R3/P2p4/8/3P2P1/6P1/1r2Rq1K w - - 3 31	e1f1 f8f1 h1h2 f1h1	1362	endgame mate mateIn2 queenRookEndgame short	https://lichess.org/daLHFxLt#61
EkQGt	6k1/p4p1p/2Q3p1/5r2/4K3/P2r4/5PPP/8 b - - 5 34	d3d2 c6c8 g8g7 c8c3 f7f6 c3d2	1478	advantage endgame fork long queenRookEndgame	https://lichess.org/mkZJpNyN/black#68
aokRA	8/8/P4pkp/6p1/4Q3/2r3PK/r7/8 b - - 2 47	g6f7 e4d5 f7g7 d5a2	1441	crushing endgame fork queenRookEndgame short	https://lichess.org/l7Jmre6c/black#94
FdV4y	1r5k/6p1/5p1p/p3p3/2Q1P3/p1Pn3P/5PP1/6K1 w - - 0 41	c4d3 a3a2 g1h2 a2a1q	1449	advancedPawn crushing endgame promotion queenRookEndgame short	https://lichess.org/RSWViRdO#81
lNyRo	8/3R3k/7p/1q6/p1r5/6P1/P4P1P/3R2K1 b - - 1 35	h7g6 d1d6 g6f5 d6d5 b5d5 d7d5	1476	crushing endgame fork long queenRookEndgame	https://lichess.org/thRG27VJ/black#70
3eTRj	6k1/2R5/3q2pp/5p2/4p3/2R1P2P/6P1/6K1 b - - 7 48	f5f4 c7c8 g8f7 c3c7 f7e6 c7c6	1448	crushing endgame exposedKing long pin queenRookEndgame	https://lichess.org/auun1gzD/black#96
GlQWo	8/4R2R/5kp1/8/p7/6KP/1q6/8 b - - 2 55	a4a3 h7f7 f6g5 h3h4 g5h6 f7h7	1404	endgame long mate mateIn3 queenRookEndgame	https://lichess.org/ucnq8Pla/black#110
ecrgK	8/P7/1P3p2/2P1p3/8/5Pp1/r6k/1R3K2 w - - 1 51	a7a8q g3g2 f1e1 g2g1q	1397	advancedPawn deflection endgame mate mateIn2 promotion queenRookEndgame short	https://lichess.org/TTT23VSD#101
vcSnQ	2R4k/8/pp1p1K2/3q2P1/P7/6P1/8/8 b - - 1 39	h8h7 g5g6 h7h6 c8h8	1475	endgame mate mateIn2 queenRookEndgame short	https://lichess.org/RTOYxpDb/black#78
RjLzc	3r2k1/ppp3p1/6P1/8/8/3qP3/PP6/2K2R1R b - - 1 27	d8d6 h1h8 g8h8 f1f8	1460	attraction endgame mate mateIn2 queenRookEndgame sacrifice short	https://lichess.org/6gZxYV2f/black#54
zJfXC	8/3r1k2/4p3/1p3p2/3p1P2/5P2/PPP1KQ2/1r6 w - - 6 45	b2b3 d4d3 e2e3 d3d2 f2d2 d7d2	1396	advancedPawn crushing endgame long queenRookEndgame	https://lichess.org/aDIcHOaJ#89
KrWCR	6k1/1p4pp/p1p3r1/2Rp4/3Pr2q/P3PpP1/1P3P1K/4RQ2 w - - 0 27	g3h4 e4h4 f1h3 g6g2 h2h1 h4h3	1445	endgame exposedKing long mate mateIn3 pin queenRookEndgame	https://lichess.org/mHd3P28a#53
MqddZ	5r2/1p1PK1kp/p1r3p1/8/6P1/7P/3R4/3R4 w - - 1 49	d7d8q f8f7 e7e8 c6e6	1352	advantage endgame queenRookEndgame short	https://lichess.org/bCjnzt62#97
mq0SC	4Q3/5ppk/4p3/1p1r4/7P/Pr1P1K2/6P1/8 w - - 4 47	e8f7 d5f5 f7f5 e6f5	1472	crushing endgame fork master pin queenRookEndgame short	https://lichess.org/hGN1CA6P#93
yWf1B	8/pp1q1prk/2p2R1p/3p4/8/8/PPP5/1K5R b - - 5 31	d7g4 f6h6 h7g8 h6h8	1417	endgame mate mateIn2 queenRookEndgame short	https://lichess.org/H1M0Ljia/black#62
D8QLI	r3r3/1p3p1p/p1p5/5R1k/5R1P/4q3/P5P1/7K b - - 2 30	h5g6 f5g5 g6h6 f4f6	1402	endgame mate mateIn2 queenRookEndgame short	https://lichess.org/Tjbkq6hY/black#60
7uS9R	8/4k1K1/4PR2/6p1/4q3/7p/3R4/8 b - - 3 59	g5g4 d2d7 e7e8 f6f8	1428	endgame mate mateIn2 queenRookEndgame short	https://lichess.org/IFiqb9x9/black#118
p9B4q	8/p5Qk/8/7P/6q1/8/PP3P1K/4R3 b - - 0 30	h7g7 e1g1 g4g1 h2g1	1403	crushing endgame master pin queenRookEndgame short	https://lichess.org/KAs306H9/black#60
WKNwg	r7/p1pkr3/1p6/3p1Q2/8/8/P5PP/6K1 b - - 3 30	e7e6 f5d5 e6d6 d5a8	1456	crushing endgame fork queenRookEndgame short	https://lichess.org/m3I0hFtF/black#60
rZnXQ	4K3/2R3P1/8/5P2/3k4/8/8/1q6 b - - 0 59	b1b5 c7d7 d4e4 g7g8q	1233	advancedPawn crushing endgame promotion queenRookEndgame short	https://lichess.org/IFUXu5W9/black#118
vCwaP	3R2k1/8/6p1/1p2Pp2/4pP2/P3q3/K7/7R b - - 1 38	g8f7 h1h7 f7e6 d8d6	1278	endgame mate mateIn2 queenRookEndgame short	https://lichess.org/K2O5pvLc/black#76
zL1BK	3Q4/R4pp1/3p2kp/4p3/1P2P3/6PK/1r1r3P/8 w - - 4 44	d8e7 d2h2 h3g4 h6h5 g4f3 b2b3	1445	endgame long mate mateIn3 queenRookEndgame	https://lichess.org/xvX94Pyq#87
gKzBQ	8/2PR2p1/5pk1/p7/8/5P1p/Pr4r1/2R4K w - - 0 36	c7c8q g2h2 h1g1 b2g2 g1f1 h2h1	1347	endgame exposedKing long mate mateIn3 queenRookEndgame	https://lichess.org/7PcpthoO#71
whM3V	4R3/5k2/2p1R3/p4pK1/1q3p2/7P/5PP1/8 w - - 0 43	e8e7 b4e7 e6e7 f7e7 g5f4 a5a4	1425	crushing defensiveMove endgame long queenRookEndgame	https://lichess.org/xnhGMNmM#85
lLOcc	8/7R/2P3p1/2Q2rk1/7q/P6P/5rP1/5RK1 w - - 3 32	h7h4 f2f1 g1h2 f5c5	1489	advantage endgame queenRookEndgame short	https://lichess.org/w9ek8F1u#63
wDMaH	4Q3/2R3p1/p2p4/4pk2/8/r6K/7P/8 w - - 5 46	h3h4 g7g5 h4h5 a3h3	1477	endgame mate mateIn2 queenRookEndgame short	https://lichess.org/kD572jPM#91
Ifmx6	r7/4KPR1/1r5k/5PR1/8/8/8/8 w - - 15 61	f7f8q a8a7 e7e8 b6b8	1458	endgame mate mateIn2 queenRookEndgame short	https://lichess.org/obMyV1YH#121
6py0f	8/5Q2/8/6p1/P3r2p/4rk1P/8/6K1 b - - 10 48	f3g3 f7f2 g3h3 f2g2	1392	endgame mate mateIn2 queenRookEndgame short	https://lichess.org/TtPxKUmQ/black#96
gBKmz	5r1k/Q1p5/3p3p/pp2p3/4P3/2P3R1/PP4K1/5r2 w - - 14 45	a7c7 f8f2 g2h3 f1h1 h3g4 f2f4	1387	endgame exposedKing long mate mateIn3 queenRookEndgame	https://lichess.org/HoSHukts#89
tMQA3	8/5pk1/3R4/6p1/8/5P1K/3R3P/4q3 w - - 10 46	h3g4 e1h4 g4f5 h4f4	1336	endgame mate mateIn2 queenRookEndgame short	https://lichess.org/mbaBVWUp#91
gl2PC	8/p7/1p4k1/2p1q3/2p5/8/PP3R2/5R1K b - - 5 47	g6g5 f1g1 g5h4 f2h2	1379	crushing endgame queenRookEndgame short	https://lichess.org/33Nh014F/black#94
Df6nI	6rk/7p/pQ6/3P4/P1P1K1r1/1P6/8/8 w - - 3 63	e4e5 g8g5 e5d6 g5g6 d6c7 g6b6	1464	crushing endgame long queenRookEndgame skewer	https://lichess.org/tsMADCSb#125
uqos3	3k4/5r2/P2p4/3P4/Q5PP/8/2K2r2/8 w - - 9 56	c2b3 f7f3 b3b4 f3f4 b4a5 f4a4	1493	crushing endgame exposedKing long queenRookEndgame skewer	https://lichess.org/7hWwuCAJ#111
2TPU0	8/1p5p/p2p4/3P1R1k/5R1P/8/P2qp1P1/6K1 b - - 2 41	h5g6 f5g5 g6h6 f4f6	1473	endgame mate mateIn2 queenRookEndgame short	https://lichess.org/RWaDgMRK/black#82
EhT3o	4R3/pk4p1/1p6/8/5pq1/P2R2P1/1P4K1/8 w - - 2 42	e8e4 f4f3 d3f3 g4e4	1248	advantage discoveredAttack endgame queenRookEndgame short	https://lichess.org/0Bn0rJmh#83
LqL08	8/2pk3p/4p3/3pP3/2qP1P2/6P1/R6P/K2R4 w - - 2 38	a1b2 c4e2 b2c1 e2a2	1288	crushing deflection endgame fork queenRookEndgame short skewer	https://lichess.org/5144DUw4#75
E7UQz	2q5/8/4R1kp/p2p4/5K2/P1p5/4R2P/8 b - - 3 42	g6h5 e2e5 h5h4 e6h6	1218	deflection endgame mate mateIn2 queenRookEndgame short	https://lichess.org/m5FFI7bn/black#84
fA2bo	8/1k1r3p/pPp3p1/4Pp2/5P2/2Q4P/2p3PK/R2r4 w - - 1 35	c3a3 d1a1 a3a1 d7d1 a1a3 c2c1q a3c1 d1c1	1349	advancedPawn clearance crushing endgame promotion queenRookEndgame veryLong	https://lichess.org/mSIRKkxr#69
JBiYf	8/5p1k/4p1q1/6pp/8/5R1P/5PP1/4R2K w - - 0 38	e1e5 g6b1 h1h2 b1b8 f3e3 f7f6	1487	advantage endgame long pin queenRookEndgame	https://lichess.org/iqszIAhy#75
rsjrg	8/5k1p/7R/p2p4/5PpP/5q2/8/R5K1 b - - 13 52	f3f4 a1f1 f4f1 g1f1	1345	crushing endgame pin queenRookEndgame short	https://lichess.org/tbYl42Bk/black#104
st1DB	8/8/1p5p/1R6/5Pk1/P5P1/1PP2q2/2KR4 w - - 4 39	d1d6 f2f1 d6d1 f1b5	1375	advantage endgame fork queenRookEndgame short	https://lichess.org/Lgkm55ab#77
ZBXG6	3rk3/2Q5/3Pr3/8/8/8/PP1K4/8 w - - 7 44	a2a4 d8d6 d2c3 d6c6 c7c6 e6c6	1463	crushing endgame exposedKing fork long queenRookEndgame	https://lichess.org/7MIxTebl#87
s1kZC	8/R3Pk2/8/5PRK/3q4/7P/P7/8 b - - 4 62	d4a7 g5g7 f7g7 e7e8q	1514	advancedPawn crushing deflection endgame promotion queenRookEndgame short	https://lichess.org/x2kzaEqt/black#124
PLfwm	1R3r2/2P3pk/p3p2p/8/4q3/6P1/P4P1P/1R4K1 w - - 0 31	b8f8 e4b1 g1g2 b1b7	1505	advantage endgame hangingPiece queenRookEndgame short	https://lichess.org/wIPj4Y4L#61
efrbE	7k/6pp/2p2r2/4R2q/5P2/P1P3PP/1P4K1/5R2 b - - 0 34	f6f5 g3g4 f5e5 g4h5	1517	crushing endgame fork queenRookEndgame short	https://lichess.org/0sHxYJp6/black#68
4h6vS	8/4k1p1/p1R5/6q1/1P2p3/P7/5RKP/8 w - - 3 52	g2f1 g5b5 f2e2 b5c6	1545	crushing endgame fork queenRookEndgame short	https://lichess.org/G2Wb6L57#103
pNEZ6	5r2/P7/2pk3p/6p1/3pp1P1/4Pr1P/R4RK1/8 w - - 0 38	a7a8q f3f2 a2f2 f8a8	1530	crushing endgame queenRookEndgame short	https://lichess.org/F8ZSUDqU#75
puvPQ	8/8/p4RR1/7k/5P2/7p/1P3q2/7K b - - 6 63	f2b2 g6g5 h5h4 f6h6	1552	endgame mate mateIn2 queenRookEndgame short	https://lichess.org/EXH8AfSN/black#126
qj9uX	6k1/5p1p/2P5/6p1/8/4PPP1/Pq5P/3R2K1 b - - 2 32	b2a2 c6c7 a2e6 d1d8 g8g7 c7c8q	1514	advancedPawn crushing endgame long promotion queenRookEndgame	https://lichess.org/Y4OAoDo0/black#64
dmFNu	8/8/p3R2p/3p3k/4PK1P/6P1/1p6/8 b - - 0 43	b2b1q g3g4 h5h4 e6h6	1532	deflection endgame master mate mateIn2 queenRookEndgame short	https://lichess.org/PBDfjMtv/black#86
14ofE	4r2k/6p1/1Q5p/p7/P1P1r3/8/1P1p1PPP/3R1K2 w - - 1 35	b6a5 e4e1 d1e1 e8e1	1574	endgame mate mateIn2 queenRookEndgame short	https://lichess.org/JjhXnKbH#69
WfNmm	4k3/8/P6p/2R5/6p1/1KP5/3qp3/R7 w - - 1 41	a6a7 d2d1 a1d1 e2d1q	1549	advancedPawn crushing endgame promotion queenRookEndgame short	https://lichess.org/mPOAnEoS#81
bVQaK	2kr4/pp5p/4p1p1/2P1P1Q1/1r3PP1/2p5/P1P4P/2K4R w - - 3 30	h1d1 b4b1 c1b1 d8d1	1565	attraction deflection endgame mate mateIn2 queenRookEndgame queensideAttack short	https://lichess.org/vS5tkSEI#59
fd0vF	r5k1/1Q3pp1/5r1p/8/8/7P/6PK/8 b - - 2 37	a8a2 b7b8 g8h7 b8b1	1547	advantage endgame queenRookEndgame short	https://lichess.org/Qn1rwWu1/black#74
ySgeJ	r7/p3Qppk/1p1p1r2/2p2P2/2P5/7K/P4P2/8 b - - 2 36	f6f5 e7e4 g7g6 e4a8	1555	advantage endgame fork pin queenRookEndgame short	https://lichess.org/qm6HsXGh/black#72
WJpAv	8/5k2/2q4p/8/p5R1/1PpP2KP/2P5/8 b - - 0 47	f7e6 g4g6 e6d7 g6c6 d7c6 b3a4	1556	capturingDefender crushing endgame long master queenRookEndgame skewer	https://lichess.org/EPSJbsPP/black#94
0UcjL	5r2/p5kp/6p1/8/1PP2p1K/3Q1P1P/5r2/8 b - - 0 33	f8f5 d3d4 g7h6 d4f2	1562	crushing endgame fork queenRookEndgame short	https://lichess.org/kGebbZYY/black#66
oNWRY	8/8/1KP2k2/2R2p1p/4p1p1/6P1/q4P1P/8 b - - 13 43	a2f2 c6c7 f2b2 b6c6 b2a2 c7c8q	1662	advancedPawn crushing defensiveMove endgame long promotion queenRookEndgame	https://lichess.org/3FSFLooN/black#86
SuZXI	8/4R3/3ppp2/2p1kP2/2q1P2P/6R1/7K/8 b - - 1 41	e5e4 g3g4 e4f5 g4c4	1570	crushing endgame pin queenRookEndgame short skewer	https://lichess.org/TtVzirDj/black#82
VEz2l	1r6/5k1P/5P2/p3PK2/8/8/3p4/8 b - - 2 57	d2d1q e5e6 f7f8 h7h8q	1522	advancedPawn endgame mate mateIn2 promotion queenRookEndgame short	https://lichess.org/qkBZxxiY/black#114
IW8bM	3Q4/6p1/7p/2kP4/4P3/1r6/p6P/4K3 w - - 6 47	d8c8 c5d4 c8a6 b3b1 e1e2 a2a1q	1536	advancedPawn crushing defensiveMove endgame exposedKing long promotion queenRookEndgame	https://lichess.org/RzZjAtYO#93
peGKi	5r2/1r3p2/p3p3/3pk3/8/6QP/5PPK/8 b - - 8 38	e5d4 g3g7 d4d3 g7f8	1638	crushing endgame fork queenRookEndgame short	https://lichess.org/8m8kMHAp/black#76
4Ujf9	6k1/5pp1/7p/p7/PpQ5/4rP2/KPP3PP/4r3 w - - 0 29	b2b3 e3c3 c4c3 b4c3	1554	crushing endgame queenRookEndgame short	https://lichess.org/JCDfWaaj#57
Vi7NM	3r2k1/4rp1p/p2P1pp1/1p6/1P2q3/1P1Q3P/3R1PP1/3R2K1 b - - 0 26	e4d3 d6e7 d8e8 d2d3	1656	advancedPawn crushing endgame hangingPiece queenRookEndgame short	https://lichess.org/ckkBV6G2/black#52
NLGkm	rr6/8/5pkp/p1R3p1/Q2P4/1p2P1P1/5PP1/6K1 w - - 0 39	c5a5 a8a5 a4a5 b3b2	1687	advancedPawn advantage endgame queenRookEndgame short	https://lichess.org/PEDGzCQK#77
7U8Ki	1R6/4k1P1/4p3/r3P3/5K2/8/p7/8 b - - 0 53	a2a1q b8b7 e7e8 g7g8q	1781	advancedPawn endgame mate mateIn2 promotion queenRookEndgame short	https://lichess.org/sDdKXf05/black#106
TGEoI	4r3/8/1kp4p/4r1pP/P4p2/3Q4/5PK1/8 b - - 0 53	e8a8 d3d4 e5c5 d4b4 b6c7 b4c5	1525	crushing deflection endgame fork long queenRookEndgame	https://lichess.org/giYHV6qi/black#106
dNMFT	7k/7p/2p3P1/pp6/3Pq3/P1P2RRP/4r3/6K1 b - - 2 40	e4c2 g6g7 h8g8 f3f8	1594	advancedPawn endgame mate mateIn2 queenRookEndgame short	https://lichess.org/G0OrVVbj/black#80
Os5ZO	8/p7/1p3k2/3P4/8/3Q2p1/Pr2r1P1/6K1 w - - 3 40	d3g3 e2g2 g3g2 b2g2 g1g2 f6e5	1632	crushing endgame fork long queenRookEndgame	https://lichess.org/JiRXHh4X#79
UFyNo	r4k2/1p3p2/p1p2P1R/3pq1p1/P7/1K1R4/1P3P2/8 b - - 4 33	f8g8 d3h3 e5f6 h6f6	1586	advantage endgame master queenRookEndgame quietMove short	https://lichess.org/1wXdzGTG/black#66
Wjjhx	8/p5p1/6p1/5pq1/5k2/5P1R/6P1/R6K b - - 9 47	a7a5 a1a4 f4e5 f3f4 g5f4 a4f4	1554	crushing endgame fork long queenRookEndgame	https://lichess.org/CUXAfIPv/black#94
qDM6U	8/3R1pqk/p3p2p/2p5/2P5/1Pp5/P5PP/5R1K b - - 2 34	c3c2 d7f7 g7f7 f1f7 h7g6 f7f1	1588	crushing defensiveMove endgame long master pin queenRookEndgame	https://lichess.org/hZRBpUnE/black#68
nzywu	6r1/5kr1/7Q/8/2P5/1P5K/P7/8 w - - 1 63	c4c5 g7g3 h3h4 g8g4 h4h5 g3h3 h5g4 h3h6	1723	crushing endgame exposedKing queenRookEndgame skewer veryLong	https://lichess.org/IH7gSSwd#125
ng4KX	8/5p2/6k1/p2R2p1/P2R3p/q3P2P/5PP1/6K1 w - - 2 35	d5a5 a3c1 g1h2 c1c7 f2f4 c7a5	1628	advantage endgame fork long queenRookEndgame	https://lichess.org/BHbNgrjj#69
divHz	5Q2/k7/8/2P2P2/1P6/P5Pp/4r1rP/R6K w - - 0 45	f8f6 g2h2 h1g1 e2g2 g1f1 h2h1	1555	endgame long mate mateIn3 queenRookEndgame	https://lichess.org/xYHoTWYo#89
9RFBn	3r2k1/7p/2P3p1/p5P1/3r1P2/P1Q4P/8/7K w - - 1 45	c6c7 d4d1 h1g2 d8d2 g2f3 d2d3 c3d3 d1d3 f3e4 d3c3	1559	crushing endgame exposedKing fork queenRookEndgame veryLong	https://lichess.org/6trKOm9k#89
TTDUZ	2R5/3P1pp1/1qPr1k1p/8/4P3/7P/5PPK/8 b - - 0 43	f6e7 c8e8 e7f6 e4e5 f6g6 e5d6	1536	advantage endgame fork long queenRookEndgame	https://lichess.org/212Tc3k1/black#86
Xx1kU	R7/7k/3R2p1/2p4p/2P1pK2/1q3p2/6r1/8 b - - 3 43	f3f2 d6d7 h7h6 a8h8	1531	endgame mate mateIn2 queenRookEndgame short	https://lichess.org/3lPblswD/black#86
KIGUs	8/P7/8/8/5k2/R5p1/3r3p/7K w - - 0 80	a7a8q d2d1 h1g2 h2h1q	1645	advancedPawn endgame mate mateIn2 promotion queenRookEndgame short	https://lichess.org/g39Rz5Jj#159
Uyz54	3k4/R3R3/1p1p2p1/2pP2p1/2P5/1K6/PP5P/5q2 w - - 2 38	e7h7 f1d3 b3a4 d3c4 a4a3 c4b4	1633	deflection endgame long mate mateIn3 queenRookEndgame	https://lichess.org/UwgRJAOm#75
hRrH4	r6k/p2PR1pp/6q1/1pp5/3p4/8/PPP3PP/1K1R4 b - - 2 24	a8d8 d1e1 h7h6 e7e8 h8h7 e8d8	1573	crushing endgame long queenRookEndgame quietMove	https://lichess.org/LZWqXCjF/black#48
0c61a	3r4/ppk5/8/2pPQ3/3rp3/6p1/1K4P1/8 b - - 2 34	c7b6 e5f6 b6a5 f6d8	1535	advantage endgame fork queenRookEndgame short	https://lichess.org/ch59Ix4T/black#68
CNRFD	k7/1R4pp/p3r3/P1r5/3p4/3Q3P/2P3P1/7K b - - 0 36	a8b7 d3b3 b7c7 b3e6	1507	crushing endgame fork queenRookEndgame short	https://lichess.org/fzk35sRR/black#72
9AUI1	3r3k/5prQ/p1q2p2/5P2/4pP1R/1Ppp3R/P1P3PP/4K3 b - - 0 33	g7h7 h4h7 h8g8 h7h8 g8g7 h3h7	1515	blindSwineMate endgame exposedKing kingsideAttack long mate mateIn3 queenRookEndgame	https://lichess.org/MxCZnBhv/black#66
9v89R	r3k3/p6p/6r1/1PPpp3/4q3/4p1P1/2Q2R1P/2R1K3 w q - 0 27	c2e4 e3f2 e1f2 d5e4	1509	advancedPawn attackingF2F7 crushing endgame intermezzo master queenRookEndgame short	https://lichess.org/atDfFnw8#53
6zGQo	8/4R1pr/pq1k4/8/4R3/4PKP1/5P2/8 b - - 12 53	b6c5 e4e6 d6d5 e6e5 d5c4 e5c5	1609	crushing endgame exposedKing long queenRookEndgame skewer	https://lichess.org/wumQ2CnB/black#106
uzmum	5R2/1kp5/8/p4R1p/1p6/P6P/1P2q3/1K6 w - - 0 33	f5f2 e2d1 b1a2 b4b3	1591	endgame mate mateIn2 queenRookEndgame short	https://lichess.org/vqqnyNPd#65
PlabO	6r1/k1q2p2/Q1p1pp2/2Pp2r1/3P3p/1R4P1/P1P2P1P/1R4K1 b - - 0 24	a7a6 b3a3 c7a5 b1b6 a6a7 a3a5	1636	clearance endgame exposedKing long mate mateIn3 pin queenRookEndgame	https://lichess.org/S27q1k15/black#48
NL4fP	8/8/2p5/k4P1p/8/KP5P/P4r1r/6Q1 w - - 0 43	b3b4 a5b5 g1g3 f2a2 a3b3 h2b2 b3c3 a2a3 c3b2 a3g3	1542	crushing defensiveMove endgame queenRookEndgame skewer veryLong	https://lichess.org/UIQb2MS1#85
Ctyed	2k3r1/Qpp5/6r1/3p1p1p/3PpP2/2P1P3/PP3qP1/R5K1 w - - 0 23	g1f2 g6g2 f2e1 g2g1 e1d2 g8g2	1672	endgame long mate mateIn3 queenRookEndgame	https://lichess.org/rcPXuR4N#45
XjFNz	6R1/pp4R1/5k2/8/5P1K/8/PPq5/8 w - - 6 47	g7g3 c2h7 h4g4 h7g8	1592	advantage endgame interference master queenRookEndgame short	https://lichess.org/jcr6KIGX#93
ltLfr	6k1/7p/8/p4R2/8/8/5RK1/4q3 b - - 0 42	a5a4 f5g5 g8h8 f2f8	1545	endgame mate mateIn2 queenRookEndgame short	https://lichess.org/pPkP3kbB/black#84
zfXEK	6rk/5RRp/r1pp1P2/1p2p1KP/1P2P3/1P1PP3/2P5/7q b - - 0 39	h1g2 g5h6 g8g7 f6g7	1663	advancedPawn crushing defensiveMove endgame kingsideAttack queenRookEndgame short	https://lichess.org/KIUJbEax/black#78
l6f7g	2Q5/8/1pp2pkp/8/1PPPP3/7P/r5r1/7K b - - 1 32	g2f2 c8g8 g6h5 g8g4	1505	endgame mate mateIn2 queenRookEndgame short	https://lichess.org/t7X78ab8/black#64
4UEmF	6R1/2R5/5pkp/8/3Ppp2/4P1P1/r4qPK/8 b - - 5 37	g6h5 c7c5 f6f5 c5f5	1623	endgame mate mateIn2 queenRookEndgame short	https://lichess.org/P4FAywwX/black#74
lOKTX	6R1/4kp1p/3R2p1/p7/8/P5P1/1q3P1P/6K1 w - - 5 32	d6a6 b2b1 g1g2 b1b7	1636	crushing endgame queenRookEndgame short	https://lichess.org/ySigyHmZ#63
V6g2d	8/4R3/1p1p1kp1/2p5/3p4/3P4/PPP2q2/2K1R3 b - - 10 42	g6g5 e1e6 f6f5 e7f7 f5e6 f7f2	1525	crushing endgame long queenRookEndgame skewer	https://lichess.org/N1ZzKIl7/black#84
hrU0p	1r4qk/pR4pp/1p1p4/2pB4/1P6/P2P2P1/4r2P/5RK1 b - - 5 26	g8d5 b7b8 d5g8 f1f8	1520	crushing endgame hangingPiece pin queenRookEndgame short	https://lichess.org/thmz5Syg/black#52
Uytgm	6Q1/1Rrk4/7R/3p4/8/p7/P3p2P/K2r4 w - - 1 52	b7b1 d1b1 a1b1 e2e1q	1524	advancedPawn attraction endgame mate mateIn2 promotion queenRookEndgame short	https://lichess.org/wvtzyRD5#103
2FD5F	2r5/4kpp1/p2r3p/1p3P2/4Q3/2P5/PP3KPP/8 b - - 1 33	e7f6 e4h4 f6f5 h4h3 f5f6 h3c8	1629	crushing endgame exposedKing long queenRookEndgame skewer	https://lichess.org/qtAo1lci/black#66
ypyId	5k2/p1R3R1/4p2p/3p4/q7/7P/6P1/6K1 w - - 1 32	c7a7 a4d4 g1h2 d4g7	1609	crushing endgame queenRookEndgame short	https://lichess.org/z0crLNhk#63
rvrho	8/p6k/3P2p1/8/8/2Q3P1/5rrP/4K3 b - - 4 50	f2c2 c3c2 g2c2 d6d7 c2b2 d7d8q	1736	advancedPawn crushing endgame long master promotion queenRookEndgame sacrifice	https://lichess.org/Y2TkEDf9/black#100
9nPpJ	2Q5/8/1p1k4/2p3P1/2K2P2/r7/2P5/r7 w - - 0 50	g5g6 b6b5 c4b5 a1b1 b5c4 b1b4	1936	attraction endgame long mate mateIn3 queenRookEndgame	https://lichess.org/uynEluFS#99
LVp1z	6r1/3R4/p3R3/1p4k1/2p3P1/2Pr1PK1/P2p4/8 b - - 3 34	d2d1q d7d5 d3d5 f3f4	2033	collinearMove endgame mate mateIn2 queenRookEndgame sacrifice short	https://lichess.org/nIQ7eu4K/black#68
jPWsV	8/1q3p2/5k2/2R5/8/p4P2/2R2PK1/8 w - - 0 49	c5c3 b7b1 c3c6 f6g7 c2c4 a3a2	1989	advancedPawn advantage defensiveMove endgame long queenRookEndgame	https://lichess.org/mIg4VwTK#97
aWqlq	8/1P6/8/pR6/P3kp2/6r1/4K2p/8 w - - 0 52	b7b8q g3g2 e2d1 h2h1q	1822	advancedPawn endgame mate mateIn2 promotion queenRookEndgame short	https://lichess.org/pwdUjDBp#103
DDTRn	6Q1/8/p1R5/kp6/6P1/1P2p3/4rrp1/4K1R1 w - - 1 46	e1d1 e2d2 d1c1 f2f1 g1f1 g2f1q	1917	advancedPawn endgame exposedKing long mate mateIn3 promotion queenRookEndgame	https://lichess.org/aI6hUYzg#91
XQXZ7	8/p1R2k1p/1p6/4Pp2/3P1P2/8/1R2KPrq/8 b - - 1 38	f7e6 d4d5 e6d5 b2d2 d5e6 d2d6	1809	attraction endgame long mate mateIn3 queenRookEndgame	https://lichess.org/hHB7OGNr/black#76
TlTY1	6r1/6pp/3R2k1/pR3p2/4p2P/6P1/q4PK1/8 b - - 1 31	g6f7 b5b7 f7e8 d6a6 a2d2 a6a8 d2d8 a8d8 e8d8 b7b8 d8e7 b8g8	1844	attraction crushing endgame queenRookEndgame skewer veryLong	https://lichess.org/FTnKf4OX/black#62
gKlTF	8/5Q2/2p4k/1pP1P1p1/1P1r4/6PK/5P1P/6r1 w - - 2 36	e5e6 d4h4 g3h4 g5g4	1803	endgame mate mateIn2 queenRookEndgame sacrifice short	https://lichess.org/Kx5MSeBq#71
qcHHG	3Q4/8/1kp5/3p3P/r7/6r1/3K4/8 b - - 9 56	b6c5 d8f8 c5c4 f8f4 d5d4 f4g3	1845	crushing endgame fork long queenRookEndgame	https://lichess.org/V1qxZGe2/black#112
Rezj4	1k6/3p2p1/1p1Pp3/p5R1/8/3p2P1/P1q2r1P/3Q1RK1 w - - 0 34	d1c2 f2f1 g1f1 d3c2	1823	advancedPawn crushing endgame intermezzo queenRookEndgame short	https://lichess.org/YGkLbHGb#67
xVPB1	6k1/R4R1p/2p5/6PK/8/7P/P3q3/8 w - - 1 49	h5h6 e2e6 h6h5 e6h3	1831	endgame mate mateIn2 queenRookEndgame short	https://lichess.org/GEumQhkj#97
ovR7O	6k1/8/p2P4/5P2/PK1Q4/8/1r3r2/8 w - - 0 53	b4c5 f2c2 c5d5 c2d2 d4d2 b2d2	1833	crushing endgame long pin queenRookEndgame	https://lichess.org/O4dnnyrv#105
MmJMf	8/8/5Q1p/6r1/4r3/3k4/5P1P/5K2 w - - 1 80	f6h6 e4e1 f1e1 g5g1	1960	attraction endgame mate mateIn2 queenRookEndgame sacrifice short	https://lichess.org/mdXxhCK4#159
twUZe	4r2k/pp4pp/2pr1P2/5R2/8/8/1q4PP/4QR1K b - - 0 28	e8e1 f6f7 e1f1 f5f1 h7h6 f7f8q h8h7 f8d6	1880	advancedPawn crushing endgame fork promotion queenRookEndgame veryLong	https://lichess.org/YJiBbaSd/black#56
OD1I7	8/5kp1/1P1Q3p/2p5/P6K/4r1rP/8/8 w - - 2 47	d6g3 g7g5 h4g4 h6h5 g4h5 e3g3	1820	crushing endgame long queenRookEndgame	https://lichess.org/OlXfAvpT#93
JU9IV	4r3/1p1PPkp1/p6p/2r2p2/q4p2/8/PP4PP/3RR1K1 b - - 0 30	e8e7 e1e7 f7e7 d7d8q e7f7 d1d7 f7g6 d8e8 g6h7 d7g7 h7g7 e8a4	1816	advancedPawn advantage attraction discoveredAttack endgame promotion queenRookEndgame veryLong	https://lichess.org/QIm65RmE/black#60
riRx8	7k/1pp4p/p2p3p/3qp3/1P6/P1P4P/6R1/R6K b - - 1 31	e5e4 a1f1 d5g8 g2g8	1834	crushing endgame queenRookEndgame quietMove short	https://lichess.org/e44YuOs1/black#62
LBQFn	8/ppk2p1p/5pq1/8/7P/3R3K/6P1/3R4 b - - 6 47	h7h5 d1c1 c7b6 d3b3 b6a5 c1a1	1845	endgame long mate mateIn3 queenRookEndgame	https://lichess.org/AlRUAt8M/black#94
bhZgS	r5k1/pp5R/5Pp1/8/8/3p1P2/P1q5/K6R b - - 2 30	a8c8 h7g7 g8f8 h1h8	1803	endgame mate mateIn2 queenRookEndgame short	https://lichess.org/oPK95n7v/black#60
k3wGj	8/5R1P/8/8/8/4K1k1/5p1r/8 b - - 9 66	f2f1q f7g7 g3h4 h7h8q	1853	advancedPawn endgame mate mateIn2 promotion queenRookEndgame short	https://lichess.org/1WarE7lm/black#132
DuxOk	7k/p4Q1p/1p3P2/1Pp5/2PprK2/8/P3r1PP/8 w - - 5 30	f4g3 e2e3 g3f2 e4f4 f2g1 e3e1	1808	endgame exposedKing long mate mateIn3 queenRookEndgame	https://lichess.org/6fjSJCt6#59
8gOKc	3r2k1/1p3ppp/p1P5/2q5/2P5/1P5P/P4PP1/3RR1K1 b - - 0 23	d8d1 e1d1 c5e7 c6b7	1900	advancedPawn advantage endgame queenRookEndgame short	https://lichess.org/gHoIZ3Tu/black#46
7buw0	6k1/6p1/8/R5KR/6P1/2P1q2P/1P6/8 w - - 4 58	g5h4 e3f2 h4g5 f2f6	1814	endgame mate mateIn2 queenRookEndgame short	https://lichess.org/7ptnjbNr#115
XixOm	3R4/6p1/p4pk1/2P2q2/4p2p/P3P3/5PKP/2R5 w - - 0 34	c5c6 f5f3 g2f1 f3h1 f1e2 h1c1	1865	crushing endgame long master queenRookEndgame skewer	https://lichess.org/fLRoyTTQ#67
nRdlf	8/5r2/8/1PQK1r2/8/5k2/8/8 w - - 3 61	d5c6 f7f6 c5d6 f6d6 c6d6 f5b5	1849	crushing endgame long queenRookEndgame	https://lichess.org/1FRMe2EK#121
uiQqe	8/3R1Rpk/7p/pp6/4p3/P3P2P/1q3PP1/6K1 w - - 0 25	f7g7 b2g7 d7g7 h7g7 g1f1 b5b4 a3b4 a5a4	1895	crushing defensiveMove endgame queenRookEndgame veryLong	https://lichess.org/JwkK4Iun#49
8TGq8	Q7/5p2/5p2/4p3/4P2k/1K6/6Rp/1r6 w - - 7 52	b3a2 b1a1 a2a1 h2h1q a1a2 h1g2	1810	advancedPawn attraction crushing endgame exposedKing fork long master promotion queenRookEndgame	https://lichess.org/9UJwY0nC#103
oTriT	8/2R2R1p/p2p2pk/8/4p2P/6PK/1PP1q3/8 b - - 3 37	g6g5 f7f6 h6h5 c7h7	1950	deflection discoveredAttack endgame mate mateIn2 queenRookEndgame short	https://lichess.org/Yax236nu/black#74
bDjhd	6k1/R4p2/4p1p1/3r2r1/4Q1K1/8/8/8 w - - 0 53	g4f4 d5f5 f4e3 f5e5	1840	crushing endgame master pin queenRookEndgame short	https://lichess.org/25RgPdCa#105
ywS2R	8/4r1p1/1p2r1k1/4P3/P3QK2/8/8/8 b - - 3 50	g6h5 e4h7 e6h6 h7f5 g7g5 f5g5	1941	endgame long mate mateIn3 queenRookEndgame	https://lichess.org/l4vcE2em/black#100
IkKvI	3k4/R5R1/1p3K2/p2q4/2p5/P7/8/8 b - - 2 56	c4c3 g7g8 d5g8 a7a8 d8d7 a8g8	1890	crushing endgame exposedKing long queenRookEndgame sacrifice skewer	https://lichess.org/3SuWd52d/black#112
WevdM	1Q6/8/7p/6p1/P7/5p1k/4r3/7K w - - 0 64	b8b1 e2h2 h1g1 f3f2 g1f1 h2h1 f1f2 h1b1	1813	advancedPawn crushing endgame exposedKing queenRookEndgame skewer veryLong	https://lichess.org/FaSzuK0q#127
J0Lz4	3r3k/p5p1/2P4r/4PQ2/4p1p1/4P3/PP3P2/2K5 w - - 1 31	c6c7 h6c6 c1b1 d8d1	1804	endgame mate mateIn2 queenRookEndgame short	https://lichess.org/xuhYeNhm#61
sWqM6	8/1Q2k3/2P1p1p1/p2r4/1pr2PK1/6P1/P7/8 b - - 4 49	e7d6 b7d7 d6c5 c6c7 d5d7 c7c8q	1866	advancedPawn advantage endgame long promotion queenRookEndgame	https://lichess.org/sC1I33CJ/black#98
o2UOI	3R4/2p2r1p/7k/1p1P4/4P1R1/6P1/2q3PK/8 b - - 3 38	b5b4 d8g8 c2d1 g4h4	1862	advantage endgame queenRookEndgame quietMove short	https://lichess.org/TW629Zi4/black#76
1OnEi	6q1/R1p5/2kr4/R1p2P2/2P1P1Pp/3P3P/6K1/8 b - - 4 42	g8g7 a5a6 c6d7 a7c7 d7c7 a6a7 c7b6 a7g7	1898	attraction crushing endgame queenRookEndgame sacrifice skewer veryLong	https://lichess.org/sQDEJgSQ/black#84
wjcHd	2r1r3/2p2k1p/1p1p2pP/p2P1pK1/3Q1P2/8/5P2/8 b - - 1 39	f7e7 d4g7 e7d8 g7h7	2002	advantage endgame queenRookEndgame short	https://lichess.org/ctQwv75B/black#78
50eki	4R3/8/R4pp1/3pk3/4p3/6PK/5q2/8 b - - 5 56	e5f5 a6f6 f5f6 e8f8 f6e5 f8f2	1864	attraction crushing endgame long queenRookEndgame sacrifice skewer	https://lichess.org/1JcOJuSy/black#112
utCy7	6k1/p5r1/1p1Q4/1P3KP1/8/8/1P6/5r2 w - - 9 44	f5e4 g7e7 d6e7 f1e1 e4d5 e1e7	2003	crushing endgame long queenRookEndgame sacrifice skewer	https://lichess.org/g55SWmEH#87
ghNt4	8/6rk/2Q2Rpp/8/2P3P1/p5K1/6P1/r7 w - - 0 43	g3h4 a1h1 h4g3 a3a2 c6a6 a2a1q a6a1 h1a1	1823	advancedPawn crushing endgame promotion queenRookEndgame veryLong	https://lichess.org/62zvz02u#85
uLaIY	8/4Q3/1pr5/1k6/3PK3/8/3r4/8 b - - 2 53	c6c4 e7g5 b5a6 g5d2	1917	crushing endgame fork queenRookEndgame short	https://lichess.org/i3DYmEgS/black#106
RBXex	8/P5k1/1R6/6pp/2Pr4/1P3PPK/R6P/6r1 w - - 1 43	a7a8q d4h4 g3h4 g5g4 f3g4 h5g4	1899	endgame long mate mateIn3 queenRookEndgame sacrifice	https://lichess.org/FH4cX7WD#85
KQXsT	5r2/1p5k/p2p4/2p1p1Q1/2P1P2P/4P3/PP3r2/2K5 w - - 4 34	h4h5 f8g8 g5f5 f2f5	1804	crushing endgame queenRookEndgame short	https://lichess.org/SxpuCTYc#67
K4aHf	8/8/p2q1p1p/1p1k1R2/1P1P3P/P1P3P1/3K4/8 b - - 1 39	d5c4 d2c2 d6d5 f5d5	1826	crushing endgame queenRookEndgame short	https://lichess.org/7D4LJWvw/black#78
y6L5c	8/5p2/5k2/pqp2P2/2R5/K7/P1R5/8 w - - 1 44	c2c3 b5b4 c4b4 c5b4 a3b2 b4c3	1850	crushing endgame fork long queenRookEndgame sacrifice	https://lichess.org/GgdbYFvN#87
pnq0z	6k1/5pp1/2p1r2p/rPQ1pP2/4P3/7P/5PK1/8 b - - 0 29	a5b5 f5e6 b5c5 e6e7	1849	advancedPawn advantage endgame queenRookEndgame sacrifice short	https://lichess.org/0ACP7XhN/black#58
X20sp	4R2R/1r5k/5ppp/1p5P/1Ppq2P1/5P2/8/5K2 b - - 13 58	h7g7 h8g8 g7f7 h5g6	2079	endgame mate mateIn2 queenRookEndgame short	https://lichess.org/JwPJSDJ7/black#116
k8FB5	8/8/p7/2p1kpp1/3r4/PP1pK1P1/3Q4/8 w - - 0 41	a3a4 d4e4 e3f3 g5g4 f3g2 e4e2 d2e2 d3e2	1942	advancedPawn crushing endgame exposedKing fork queenRookEndgame veryLong	https://lichess.org/A4q3sv0J#81
xL55Q	8/5pp1/1p1Q3p/2p3k1/7P/K4P2/Pr2r1P1/8 b - - 0 34	g5h4 d6f4 h4h5 f4g4	1805	endgame mate mateIn2 queenRookEndgame short	https://lichess.org/mEuG5vwg/black#68
UQQLq	2R5/kp5P/p2q4/8/4P3/5K2/2P5/8 b - - 0 39	d6f6 f3e2 f6g6 h7h8q	1913	advancedPawn crushing defensiveMove endgame promotion queenRookEndgame short	https://lichess.org/6JPiQZMt/black#78
TiDoe	8/7p/1k4p1/3Qp3/3p1p2/6PP/Pr3PK1/2r5 b - - 4 39	c1c5 d5d6 b6b5 d6b8 b5c6 b8b2	1847	crushing endgame exposedKing long queenRookEndgame skewer	https://lichess.org/aGitz4Uy/black#78
GkUHT	8/8/8/1p6/7K/kr4P1/p4Q1P/8 w - - 2 56	f2c5 b3b4 g3g4 a2a1q	2014	advancedPawn crushing endgame master promotion queenRookEndgame short	https://lichess.org/pWEKTwff#111
LqddN	5R2/q5pk/8/1P5p/6P1/5P2/5RK1/8 w - - 0 50	f2b2 a7a3 b2c2 a3f8	1880	advantage endgame fork queenRookEndgame short	https://lichess.org/0JYACcqx#99
ftIBV	8/p2Qrk2/6p1/5p1p/5P2/1P4P1/P3p1KP/8 w - - 2 41	d7d5 f7g7 d5d4 g7h7 d4c3 e2e1q c3e1 e7e1	2000	advancedPawn crushing defensiveMove endgame master promotion queenRookEndgame veryLong	https://lichess.org/Y2mNNuEX#81
njpCo	8/8/8/1Q3pk1/6rp/2P1K3/PP6/8 w - - 0 61	b5e8 g4e4 e8e4 f5e4 e3e4 g5g4 e4e3 g4g3 a2a4 h4h3	1846	crushing endgame fork queenRookEndgame veryLong	https://lichess.org/pLfthT13#121
GW7Qo	7k/pp3P1p/8/3p4/3P4/4KR1q/PP6/8 b - - 8 45	h3e6 e3f2 e6d6 f7f8q d6f8 f3f8	1812	advancedPawn crushing defensiveMove endgame long master masterVsMaster promotion queenRookEndgame	https://lichess.org/gYkbeteA/black#90
iPX7D	5r1k/6p1/1P5p/4P3/P1Q4P/8/3p2P1/7K w - - 0 40	c4d4 f8f1 h1h2 d2d1q d4d1 f1d1 a4a5 d1b1	1978	advancedPawn advantage endgame promotion queenRookEndgame veryLong	https://lichess.org/oCa7AXB5#79
hC4gS	8/1rQ1qpk1/1P2p1pp/3pP3/3P4/4P3/6PP/2R3K1 b - - 2 40	b7c7 b6c7 e7a3 c7c8q	1839	advancedPawn advantage endgame promotion queenRookEndgame short	https://lichess.org/2mxjgZdD/black#80
7Iq2e	8/kp4R1/p6Q/6PK/1r5P/8/7r/8 w - - 1 53	g5g6 b4h4 h5g5 h4h6	1870	crushing endgame queenRookEndgame short skewer	https://lichess.org/8QJyF5Vt#105
nloq4	3Q4/8/3r3p/4K1p1/6k1/8/5p2/8 w - - 0 51	d8c8 g4g3 c8c3 g3g2 e5d6 f2f1q	1811	advancedPawn crushing defensiveMove endgame long promotion queenRookEndgame	https://lichess.org/tNdmBcMt#101
7BoRY	4R3/2p2kpp/2pp2p1/p7/2P2q2/P7/1P3P2/4R1K1 b - - 2 25	f4c4 e8e4 c4b5 e4f4	2163	advantage endgame master masterVsMaster queenRookEndgame short	https://lichess.org/9DHEXDAU/black#50
8A3XE	8/5kp1/2p5/5p2/PP1P1P2/2PqP1R1/6P1/R5K1 w - - 1 30	a1a3 d3b1 g1h2 b1b2	2113	advantage endgame queenRookEndgame short trappedPiece	https://lichess.org/R3qjG0W7#59
GpzjO	8/5R1p/p3p1p1/8/2R3kP/6P1/2P1qP1K/8 b - - 2 38	e2c4 f2f3 g4h5 f7h7	2141	endgame mate mateIn2 queenRookEndgame short	https://lichess.org/H9eOmure/black#76
pWkWt	8/7p/3k2p1/1r6/5p2/3Kp2P/2Q3P1/8 w - - 1 47	h3h4 b5d5 d3e4 e3e2 c2e2 d5e5 e4f3 e5e2	2147	advancedPawn crushing endgame exposedKing queenRookEndgame skewer veryLong	https://lichess.org/n2cpiRFH#93
x5uNn	8/1R4p1/K6p/P1q3kP/8/8/8/8 b - - 4 56	g5h5 b7b5 c5g5 a6b6 h5h4 b5g5 h6g5 a5a6 g5g4 a6a7 g4g3 a7a8q	2147	advancedPawn crushing endgame pin promotion queenRookEndgame veryLong	https://lichess.org/8Gx52D0s/black#112
wz6Li	r2r2k1/5p1p/2p4R/8/4P3/8/p1P3PP/Q6K w - - 4 36	h2h3 d8b8 h1h2 b8b1 a1c3 a2a1q	2164	advancedPawn advantage endgame long promotion queenRookEndgame quietMove	https://lichess.org/ZKsyZRJo#71
AV1ex	6k1/p2q2p1/1p2p2p/2ppP3/2PPp1RP/4P3/PP1K4/6R1 b - - 0 25	d5c4 g4g7 d7g7 g1g7 g8g7 d4c5	2140	crushing endgame fork long master queenRookEndgame	https://lichess.org/4KvQRPBA/black#50
ru3ks	Q7/1p6/2p5/8/3P1P2/4K3/prk5/8 w - - 2 49	a8a4 b2b3 e3e4 c2b2 a4a5 a2a1q	2165	advancedPawn crushing endgame long promotion queenRookEndgame	https://lichess.org/u4XTsX86#97
kWT5Q	6r1/1pp5/p2pQ1rk/3P4/5P2/7P/PP5K/8 w - - 0 39	e6e3 g6g2 h2h1 g2g3 e3e6 g8g6	2124	crushing endgame long queenRookEndgame	https://lichess.org/tcuLuudM#77
RH1NH	8/pq3k1p/2RR1pp1/5P2/2p5/3p3P/PP4P1/6K1 w - - 0 41	d6f6 f7g7 f6d6 d3d2 c6c4 b7b6 d6b6 d2d1q g1h2 a7b6	2286	advancedPawn advantage defensiveMove deflection endgame intermezzo promotion queenRookEndgame sacrifice veryLong	https://lichess.org/cG8p5kA3#81
4jBdn	8/5p1p/6p1/4k3/PRq5/K7/1P5P/8 b - - 4 46	e5d4 a4a5 c4b4 a3b4 d4d5 b4b5	2305	crushing defensiveMove endgame long master pin queenRookEndgame quietMove	https://lichess.org/3oQnsFCP/black#92
ief11	8/6p1/1p6/7k/6RP/1P4RK/8/5q2 w - - 17 47	g3g2 f1h1 h3g3 h1g2 g3g2 h5g4	2193	crushing endgame long queenRookEndgame	https://lichess.org/keLPD3G0#93
6IEk8	5r2/2Q5/4P1pk/7p/p2P1r2/2P5/6PP/6K1 w - - 3 46	c7c4 f4f1 c4f1 f8f1 g1f1 h6g7	2240	crushing defensiveMove endgame long queenRookEndgame	https://lichess.org/1ZY1cC1G#91
gabEA	6R1/2p2p1k/2p2p2/p2p1q2/3P3p/1PP4K/P4P2/6R1 w - - 4 39	h3h4 f5f4 h4h3 f4h6 h3g2 h7g8	2221	crushing endgame interference long master queenRookEndgame	https://lichess.org/irzQqOUJ#77
FVgRY	6k1/pR6/6pp/5p2/5K2/3r3P/3r3P/5Q2 w - - 0 39	f1a1 d2f2 f4e5 f2e2 e5f6 d3d6	2166	endgame long mate mateIn3 queenRookEndgame	https://lichess.org/xg07sHU2#77
kGjG4	r3k3/1R6/3pR3/3P4/2P2p2/7P/5PPK/q7 b - - 3 42	e8d8 e6g6 a1h8 b7g7	2234	crushing defensiveMove endgame queenRookEndgame short	https://lichess.org/oHCwfxqP/black#84
9sSqN	8/8/1r6/1k3p2/p2K1P2/1p6/3Q4/8 w - - 13 65	d4c3 b6c6 c3b2 c6c2 b2a3 c2a2 d2a2 b3a2	2143	advancedPawn collinearMove crushing endgame exposedKing fork queenRookEndgame veryLong	https://lichess.org/2WhxRZNi#129
82Gni	5r2/p1p2p1p/4k3/1p2r3/2pQ4/P1P5/1PP2PPP/2K5 w - - 0 27	d4a7 f8d8 b2b3 e5e1 c1b2 d8d1 a3a4 d1a1	2195	crushing endgame queenRookEndgame quietMove veryLong	https://lichess.org/ChPe8n3M#53
KOI15	5r2/8/p2P2k1/5rpp/8/3Q2KP/8/8 b - - 0 55	h5h4 g3g4 g6g7 d6d7	2370	advancedPawn crushing defensiveMove endgame queenRookEndgame short	https://lichess.org/aUntoCKb/black#110
TTiTW	8/pQ6/8/8/2p5/P4R2/k2r3r/5K2 w - - 4 44	f1g1 d2g2 g1f1 g2b2	2117	crushing endgame queenRookEndgame short	https://lichess.org/4eEo2sIQ#87
tn0mk	8/r7/1r5k/8/6K1/p7/3Q4/8 b - - 7 58	h6g6 d2d3 g6f7 d3h7	2136	crushing endgame queenRookEndgame short	https://lichess.org/CainlRHT/black#116
HCVnk	4r1k1/p4p2/1p4r1/4PQ2/1P4p1/P5P1/5K2/8 b - - 0 42	e8d8 e5e6 d8f8 e6e7	2111	advancedPawn advantage endgame queenRookEndgame short	https://lichess.org/BgSo3iaN/black#84
eAtcD	8/2P1Rpkp/4p3/2qpP3/5P2/p6P/5R2/6K1 w - - 1 40	f4f5 a3a2 g1g2 a2a1q c7c8q c5c8	2198	advancedPawn crushing endgame long pin promotion queenRookEndgame	https://lichess.org/DjlQd8sU#79
qwLxT	Q7/6p1/8/5p2/3P1p2/6kP/1r5r/R5K1 w - - 0 39	a8a3 f4f3 a3d6 g3h3 d6h2 b2h2	2220	crushing defensiveMove endgame long queenRookEndgame	https://lichess.org/ApfRqvRp#77
kSLux	5r2/2Q2p1k/4r1p1/1p4p1/1P1n4/Pp4P1/5P1P/3R2K1 w - - 0 34	d1d4 e6e1 g1g2 b3b2 d4d7 h7g8 c7c2 b2b1q c2b1 e1b1	2369	advancedPawn advantage endgame promotion queenRookEndgame veryLong	https://lichess.org/TW33V49T#67
I1PK7	8/k3r2p/1ppr2p1/P1p5/4P3/2Q4P/6PK/8 b - - 0 36	e7e4 c3g7 a7a6 g7c7	2106	advantage endgame queenRookEndgame short	https://lichess.org/F2YkcQjl/black#72
Yjjea	6rk/8/7K/5r2/PPQ2P1P/8/8/8 w - - 3 65	c4e4 g8f8 e4d4 f8f6 d4f6 f5f6	2261	crushing endgame long queenRookEndgame quietMove	https://lichess.org/2JXTsvxt#129
KRq7h	8/p5k1/1p3rp1/P1p2r2/2P1Q1K1/6P1/8/8 b - - 2 48	g6g5 a5b6 a7b6 e4f5 f6f5 g4f5	2169	crushing endgame long queenRookEndgame	https://lichess.org/ReaMUsP7/black#96
e7KwM	2r2rk1/Q4ppp/8/8/8/2pp3P/P4PPK/2R5 w - - 0 28	a7a5 d3d2 c1d1 f8d8	2376	advancedPawn crushing defensiveMove endgame queenRookEndgame short	https://lichess.org/jCg2WCew#55
ZGpPR	8/7p/1p4k1/2p5/p1P1RK1q/3P1R2/P7/8 w - - 3 51	f4e5 h4h5 e5d6 h5f3	2173	crushing endgame fork master queenRookEndgame short	https://lichess.org/Hn1y99aI#101
tXo9M	5k2/7p/p1RPp1pP/P7/3p4/3P4/1P1q4/4RK2 w - - 0 34	e1e6 d2f4 f1e1 f4g3 e1d2 g3g2	2335	advantage endgame exposedKing long queenRookEndgame	https://lichess.org/brFDAo0v#67
cubWQ	7R/8/6p1/2pB2kp/8/7P/5RPK/3q4 b - - 0 39	d1d5 g2g3 d5e5 h3h4 g5g4 f2f4 e5f4 g3f4	2116	crushing endgame master queenRookEndgame quietMove veryLong	https://lichess.org/NZCwkgeX/black#78
5yEsP	8/8/8/5Rp1/6P1/4q2P/2k3K1/8 b - - 5 65	c2d3 f5f3 e3f3 g2f3 d3d4 f3g3 d4e5 h3h4 g5h4 g3h4 e5f6 h4h5 f6g7 h5g5	2264	crushing defensiveMove endgame pin queenRookEndgame veryLong zugzwang	https://lichess.org/LFVti9bL/black#130
IC2N1	1r4k1/1R2Rpp1/p1P4p/8/5qP1/1P5P/5PK1/8 b - - 0 30	b8b7 e7e8 g8h7 c6b7 f4d4 b7b8q	2126	advancedPawn crushing endgame intermezzo long promotion queenRookEndgame	https://lichess.org/GKLoaFbq/black#60
st0ya	7k/6pp/8/1p6/2p1q3/2P1R3/1P3P2/R5K1 b - - 5 38	e4c6 a1a6 c6g6 a6g6	2109	crushing endgame queenRookEndgame short	https://lichess.org/gCV3llCx/black#76
M3Kzy	3R4/2p3p1/2q5/p7/5k2/6R1/4pK1P/8 b - - 13 58	c6b5 d8f8 f4e4 g3e3 e4d4 f8f4	2135	crushing endgame long queenRookEndgame	https://lichess.org/I9dnpvE0/black#116
OjeMO	3k4/p3p3/2p2p1P/5q2/7R/PK2P1P1/1P3P2/8 b - - 2 27	f5f2 h6h7 f2e3 b3a4 d8c7 h7h8q	2163	advancedPawn crushing defensiveMove endgame long promotion queenRookEndgame	https://lichess.org/be9NunK6/black#54
1qC2p	8/5kp1/pp1QP2p/8/PP6/4P2P/r6r/4K3 b - - 0 39	f7g8 d6b8 g8h7 b8h2 a2h2 e6e7	2168	advancedPawn crushing endgame long queenRookEndgame sacrifice	https://lichess.org/JDkkblkZ/black#78
0QwI5	8/8/8/4Qr1k/5rp1/5P1p/7P/5RK1 w - - 2 49	f3g4 f4g4 g1h1 f5e5 f1f5 g4g5	2112	crushing endgame long queenRookEndgame	https://lichess.org/SWwHjr8H#97
GEQnn	6r1/7k/4p3/2p1P3/2P1Q3/1P1p3P/6r1/7K b - - 3 45	h7h8 e4h4 h8g7 h1g2 d3d2 h4h5	2122	crushing defensiveMove endgame interference long master queenRookEndgame	https://lichess.org/zF6lor0t/black#90
VEtzx	3r1k1R/p7/3p1p2/2p5/2P1q3/1P4R1/P4PPP/5K2 b - - 1 34	f8e7 g3e3 e4e3 h8h7 e7e6 f2e3	2229	crushing endgame intermezzo long pin queenRookEndgame sacrifice	https://lichess.org/4Y2JxHts/black#68
HjpNO	8/4p1kp/4r1p1/2P3P1/2Q2K1P/8/P7/4r3 w - - 3 50	c5c6 e6e3 h4h5 e7e5	2326	crushing endgame master queenRookEndgame quietMove short	https://lichess.org/a0njhb7m#99
Zgz4i	1r2k3/4R1R1/6pp/4p3/3pP3/1p1P4/1q3PPK/8 b - - 5 37	e8d8 e7a7 b2f2 g7g8 f2f8 g8f8	2266	endgame exposedKing long mate mateIn3 queenRookEndgame quietMove	https://lichess.org/URNWZYYq/black#74
VkJ7N	5r1k/2pRq1p1/4P2p/1p6/pP4P1/2P1R3/P4PP1/6K1 b - - 1 32	e7f6 e3f3 f6e6 f3f8 h8h7 f8f7	2149	crushing endgame long queenRookEndgame skewer	https://lichess.org/qragRBn8/black#64
q4cb9	8/1p3p2/p4R2/2q1P1k1/3RK3/6P1/8/8 w - - 0 45	f6f7 c5c2 d4d3 c2c4 e4e3 c4f7	2109	crushing endgame fork long master queenRookEndgame	https://lichess.org/1X5nQobS#89
InXZR	8/2r5/8/4Pp1k/3r1PpP/PQ4P1/1P6/6K1 w - - 0 43	e5e6 d4d2 b3b5 c7c1	2210	crushing endgame queenRookEndgame short	https://lichess.org/D6BawfKd#85
wGyZR	2q5/pp3k1P/7R/4R3/5p2/3p4/5PK1/8 b - - 2 41	c8g4 g2h2 f4f3 h7h8n f7f8 h6f6	2291	advancedPawn crushing defensiveMove endgame exposedKing long promotion queenRookEndgame underPromotion	https://lichess.org/uIgwk7Ff/black#82
tQsfL	8/pp4k1/4P1p1/2p1Q3/8/7P/Pr3rPK/8 b - - 2 43	g7h7 e6e7 f2g2 h2h1 g2e2 e5b2	2214	advancedPawn crushing endgame long queenRookEndgame	https://lichess.org/2y1w9PB7/black#86
FtgyW	8/R5R1/2p3k1/6p1/P2p3p/6qP/6P1/6K1 b - - 0 37	g6f5 g7g5 f5g5 a7g7 g5f4 g7g3	2331	attraction crushing endgame long queenRookEndgame sacrifice skewer	https://lichess.org/FVo6dlSB/black#74
P63C4	6k1/2R5/8/p5pp/P6q/8/KP6/2R5 b - - 0 37	g5g4 c7d7 h4f6 c1c8	2167	clearance crushing endgame queenRookEndgame quietMove short	https://lichess.org/99f2L3Ys/black#74
CJJhZ	8/p5kp/8/5R2/4q3/2p5/2P3PP/5RK1 b - - 0 32	e4c2 f5g5 g7h6 h2h4 c2g6 g5g6	2122	crushing endgame long master queenRookEndgame quietMove	https://lichess.org/FlTubmJP/black#64
fdUas	5qk1/RR6/6p1/8/8/p3p1P1/4P1KP/8 w - - 0 40	b7b3 f8f2 g2h3 f2f1 h3h4 f1f6	2257	crushing endgame long queenRookEndgame	https://lichess.org/l4qdB3hu#79
u5epF	7k/5p1p/p4p2/1pp5/8/1PPP1K2/1P5q/3RR3 b - - 3 32	h2b2 e1e8 h8g7 d1g1 g7h6 e8e2 b2e2 f3e2	2176	crushing endgame queenRookEndgame veryLong	https://lichess.org/0F1RhHLg/black#64
9GdcW	5K2/4RP1P/8/2q5/p7/k7/8/8 b - - 9 54	c5d4 f8e8 d4c5 f7f8q	2234	advancedPawn clearance crushing endgame master promotion queenRookEndgame short	https://lichess.org/lqy2PFS7/black#108
UlN2v	2r3k1/Q4pp1/P3p3/3p3p/7P/6P1/r4PK1/8 b - - 0 31	c8c4 a7b8 g8h7 b8b1 c4c2 a6a7 g7g6 b1c2 a2c2 a7a8q	2255	advancedPawn advantage endgame fork promotion queenRookEndgame veryLong	https://lichess.org/dJGIoRzy/black#62
T9Kpf	8/7P/8/1R6/P1P5/1P4P1/4pk1K/3r4 w - - 0 51	h7h8q d1h1 h2h1 e2e1q h1h2 e1g1 h2h3 g1g3	2165	advancedPawn attraction endgame mate mateIn4 promotion queenRookEndgame veryLong	https://lichess.org/T5pfTHfx#101
uxJeV	8/4k3/p1R3R1/3p1p2/P1p5/2P3PK/1q6/8 b - - 0 38	b2c3 c6c7 e7f8 g6b6 c3e1 b6b8	2331	clearance crushing endgame long queenRookEndgame	https://lichess.org/8TvodEnv/black#76
yexl7	4Q3/2k4p/r3p1p1/4P3/5P2/P5PK/1p5P/8 w - - 3 42	e8b5 a6b6 b5c4 c7b8 a3a4 b2b1q	2116	advancedPawn advantage defensiveMove endgame long promotion queenRookEndgame	https://lichess.org/mKAVQKtf#83
UKiFU	3R2k1/1p6/p4qp1/4pp2/4p3/1P6/P4PP1/3R2K1 b - - 0 28	g8h7 d1d6 f6d8 d6d8	2115	crushing endgame queenRookEndgame short	https://lichess.org/4b38DeMu/black#56
jRygU	8/8/3R4/8/6R1/3kp3/7K/5q2 b - - 8 77	d3e2 g4g2 e2e1 g2g1 e3e2 d6f6 f1g1 h2g1 e1d1 f6d6	2197	crushing endgame pin queenRookEndgame veryLong	https://lichess.org/VlyT5C5P/black#154
Vh3pN	1k6/1p6/p5r1/5P2/2Q5/5K1r/PP3P2/8 w - - 0 38	f3e4 g6g4 f2f4 g4f4 e4f4 h3h4 f4g5 h4c4 f5f6 c4c8 f6f7 b8c7	2410	attraction crushing defensiveMove endgame queenRookEndgame quietMove sacrifice skewer veryLong	https://lichess.org/8I1VPVW2#75
s9Rlb	8/6kp/1p3R2/2p1p3/2q4P/2P3P1/8/5R1K b - - 0 37	c4c3 h4h5 c3g3 h5h6 g7h8 f6f8	2499	crushing endgame long master queenRookEndgame quietMove	https://lichess.org/NRL9IqP6/black#74
l1qLS	1k5r/5p2/2P1p1p1/3pP1P1/5PP1/Q1P3Kp/1r6/8 b - - 3 47	b2b1 a3d6 b8a7 d6d7 a7b6 d7b7 b6c5 b7b1	2439	crushing endgame exposedKing master queenRookEndgame skewer veryLong	https://lichess.org/oBQnmnmB/black#94
5bhNi	5r1k/6p1/3P3p/1P6/1Q4P1/P6P/5rK1/8 w - - 1 39	g2g3 f8f3 g3h4 f2h2 g4g5 h2h3 h4g4 h6h5	2537	endgame mate mateIn4 queenRookEndgame veryLong	https://lichess.org/MG6EhPiy#77
7jToi	r3r1k1/p4pp1/7p/3P4/1Q6/2P5/PP3p2/K5R1 w - - 0 28	g1g7 g8h8 g7g8 h8g8 b4g4 g8f8	2418	crushing defensiveMove endgame long queenRookEndgame	https://lichess.org/pexyS3qT#55
RgybX	2K5/kpQ5/p1p5/Pr1p4/r7/8/8/8 b - - 3 49	a4a5 c7d8 a5a4 c8c7 a6a5 d8b8 a7a6 b8a8	2455	clearance endgame mate mateIn4 queenRookEndgame veryLong	https://lichess.org/NU1k7VIe/black#98
rGxgr	8/P3kp2/3qp3/8/6KP/8/R5P1/8 b - - 0 54	d6d4 g4h3 f7f5 g2g3 d4g4 h3h2 f5f4 a7a8q	2487	advancedPawn crushing defensiveMove endgame promotion queenRookEndgame quietMove veryLong	https://lichess.org/kvA4B1fo/black#108
npEwv	8/2R4p/p1R5/3q1ppk/4p3/PP1pP1P1/7P/6K1 w - - 4 35	g1g2 h7h6 g3g4 f5g4	2441	crushing endgame master queenRookEndgame quietMove short	https://lichess.org/wdtUgBgd#69
1ErU4	8/1k6/1q1p4/Rp6/1KP5/1P6/8/8 b - - 0 56	d6d5 a5b5 b6b5 b4b5 d5d4 b5b4 b7b6 b4a3 d4d3 a3b2 d3d2 b2c2 d2d1r c2d1	2473	crushing endgame pin queenRookEndgame veryLong	https://lichess.org/MOadxODS/black#112
6XGdF	8/5Q2/p6r/4p1r1/P2R1b2/1P3PkP/2P3P1/7K w - - 5 42	d4f4 h6d6 f7a7 d6d1 a7g1 d1g1	2520	crushing endgame long master masterVsMaster queenRookEndgame quietMove	https://lichess.org/nHUPOiYG#83
EyBLf	8/RR3pk1/3p2p1/2pP4/p1P5/6P1/5PK1/q7 b - - 3 41	a4a3 b7f7 g7h6 f7h7 h6g5 a7f7 a1b2 g2h3	2434	clearance crushing defensiveMove endgame queenRookEndgame quietMove veryLong	https://lichess.org/pin4e8er/black#82
Gf30u	8/8/2P2pk1/6p1/P2Q2K1/3P4/4r2r/8 w - - 1 39	c6c7 f6f5 g4g3 h2g2 g3f3 g5g4 f3f4 g2f2 d4f2 e2f2 f4e3 f2c2	2426	crushing endgame master queenRookEndgame veryLong	https://lichess.org/Td98DIiP#77
nh3Gm	6k1/Q5pp/3p1P2/P2Pp1P1/8/6P1/1rr2P1K/8 b - - 0 30	c2f2 h2g1 f2f6 g5f6	2404	crushing defensiveMove endgame master queenRookEndgame short	https://lichess.org/BoZl8FQI/black#60
8XT15	8/2r3Q1/2rkp1p1/5pP1/5P2/1P3K2/P7/8 w - - 13 52	g7g6 c6c2 f3e3 d6d5 g6f6 c7c3 f6c3 c2c3	2414	crushing endgame queenRookEndgame veryLong	https://lichess.org/qhUn5GrR#103
UEBAJ	1k6/pp6/2P5/Q7/1KP1r3/4r3/6P1/8 b - - 12 52	b7b6 a5d5 a7a5 b4a4 e4e7 d5d8 b8a7 c6c7	2429	advancedPawn crushing defensiveMove endgame queenRookEndgame veryLong	https://lichess.org/qOwFqS62/black#104
tCB08	8/1p3Rk1/8/4p2p/3pq3/P5P1/5R1P/6K1 b - - 1 48	g7g6 f2f6 g6g5 h2h4 g5g4 g1h2 e4c2 f6f2 c2f2 f7f2	2454	crushing endgame master queenRookEndgame veryLong	https://lichess.org/ZlFgOBra/black#96
cwa7h	8/pp5k/6pp/8/8/P3p3/1Pq4P/K2R2R1 b - - 1 30	c2h2 d1d7 h7g8 g1c1 h2b8 d7c7	2404	advantage clearance endgame long queenRookEndgame quietMove	https://lichess.org/wUvGtrba/black#60
WLOhx	7k/6pp/4p3/3pPp2/5P1P/1p4PK/rp6/1Q6 w - - 2 43	b1d3 a2a1 d3c3 a1h1 h3g2 h1c1	2404	crushing endgame long queenRookEndgame quietMove	https://lichess.org/laVYq8r6#85
zu5TV	7k/pp4R1/8/4p1K1/5pR1/8/1P5q/8 b - - 2 45	h2d2 g7g6 f4f3 g5h5 d2h2 g4h4	2556	crushing defensiveMove endgame long queenRookEndgame quietMove	https://lichess.org/PolkmPne/black#90
ddLU5	8/3K4/pkr5/1r4P1/8/4Q3/8/8 b - - 6 64	c6c5 d7d6 b6b7 e3c5 b5c5 d6c5 b7c7 g5g6 c7d8 g6g7	2419	advancedPawn crushing endgame queenRookEndgame veryLong	https://lichess.org/A9FnvLTZ/black#128
NWxQf	1r3k2/6q1/5p2/1PpPpP1p/1p2P1pP/8/1P4P1/R2R2K1 b - - 1 42	b8b5 a1a8 f8f7 d5d6 g7f8 a8f8 f7f8 d6d7	2514	advancedPawn crushing endgame exposedKing queenRookEndgame veryLong	https://lichess.org/bPh9X6ty/black#84
4MJJ9	8/6kp/p5p1/1p4P1/3R4/5P2/q6P/3R3K b - - 0 46	a2e6 d4d8 g7f7 d1d7 e6d7 d8d7	2431	crushing endgame long queenRookEndgame quietMove	https://lichess.org/iEybVJJQ/black#92
i4zeM	4r1r1/1kp5/p1p2P2/P1Q5/1P4K1/2P5/8/5R2 w - - 1 51	g4h5 g8g2 c5g5 e8h8 g5h6 g2h2	2454	advantage clearance endgame long pin queenRookEndgame quietMove	https://lichess.org/3gKu88Ov#101
8rDOX	3q4/5p2/R2P1kp1/2P4p/1P6/7P/6PK/8 b - - 0 49	f6e6 d6d7 e6e7 a6d6	2478	advancedPawn clearance crushing discoveredAttack discoveredCheck endgame queenRookEndgame short	https://lichess.org/TlT5vTAr/black#98
Mk22N	4rk2/1p3rp1/p1p5/2P5/1P5Q/P6P/6P1/7K b - - 0 45	e8e2 h4h8 f8e7 h8b8 e2e6 b8b7	2463	advantage endgame long master queenRookEndgame	https://lichess.org/5p1XxUpW/black#90
2QA1K	8/4rpk1/1Q4p1/7p/p2PK2P/1p4P1/8/8 w - - 6 43	e4d5 e7e2 d5c4 b3b2 c4d3 e2g2	2496	advancedPawn crushing endgame long queenRookEndgame quietMove	https://lichess.org/MBUt1iKF#85
5vUT1	8/p5pk/4P3/6p1/5q2/4RP1p/P3K3/5R2 b - - 0 38	g5g4 e6e7 f4c4 e2f2 c4c2 f2g3	2439	advancedPawn crushing defensiveMove endgame long queenRookEndgame	https://lichess.org/6uO2D5Uh/black#76
CnWA5	8/1R5p/p7/P2k2p1/4q3/5RP1/5PK1/8 w - - 0 38	g3g4 h7h5 g4h5 g5g4	2490	advantage endgame master queenRookEndgame short	https://lichess.org/gA9K9cr6#75
zGJUK	8/8/2P3p1/4R3/5P1R/4P1PK/4kq1P/8 w - - 1 46	c6c7 e2f3 h4h7 g6g5 f4g5 f2g2 h3h4 g2h2	2466	deflection endgame mate mateIn4 queenRookEndgame veryLong	https://lichess.org/uXn4bPVu#91
Ag3oZ	2k5/R6R/4pKp1/3pP3/3P1Pq1/6r1/6P1/8 b - - 10 41	g4f5 f6g7 c8b8 a7f7 f5c2 h7h8	2424	crushing endgame long queenRookEndgame	https://lichess.org/4z5Y2dKA/black#82
Mwfwq	3q4/p2P2k1/3RP3/1p3K2/6P1/1P6/P7/8 b - - 0 46	g7f8 d6c6 f8g7 g4g5	2428	crushing defensiveMove endgame master queenRookEndgame quietMove short	https://lichess.org/cjmirKki/black#92
cQnxu	8/1K3pk1/P5p1/8/2R5/6qp/1PR5/8 w - - 0 48	a6a7 h3h2 c2h2 g3b3 b7a6 b3c4	2402	advancedPawn crushing endgame fork long queenRookEndgame	https://lichess.org/u9YbuEZ3#95
3wH4t	8/7p/8/5pp1/8/1r2Q1P1/1kp2K1P/8 w - - 9 49	e3d2 b2b1 d2d5 c2c1q d5b3 c1b2	2422	advancedPawn crushing endgame long promotion queenRookEndgame	https://lichess.org/Z0VOGEq8#97
PXraL	8/pp2r1k1/8/2QP2pp/P3r3/2P3PK/7P/8 b - - 1 37	a7a6 d5d6 e7e5 c5c7 g7g6 d6d7 e4e2 c7d6 g6f7 d6e5 e2e5 d7d8q	2422	advancedPawn advantage clearance endgame exposedKing promotion queenRookEndgame veryLong	https://lichess.org/9HeiiI7B/black#74
q2bPX	7k/6p1/1Q5p/P7/4p3/2P3P1/1P1r1r2/2K5 w - - 0 38	a5a6 e4e3 b6e3 d2e2 e3f2 e2f2	2471	crushing endgame long queenRookEndgame	https://lichess.org/XVx0ugYN#75
EvXk6	8/pp2k3/8/8/6p1/1P4R1/P3KPq1/8 b - - 5 43	g2e4 g3e3 e4e6 e2d3 e7f7 e3e6 f7e6 d3e4	2403	crushing defensiveMove endgame pin queenRookEndgame veryLong	https://lichess.org/fz5pEKHu/black#86
JldZK	7k/4r1pp/2P5/8/8/P3p2P/1r4PK/4Q3 b - - 0 36	b2c2 e1b1 g7g6 b1c2	2411	crushing endgame queenRookEndgame short	https://lichess.org/ZxuWIgNf/black#72
6QCFO	4r3/p6p/1p1R2p1/4rpk1/8/1Q3P2/PP4PP/6K1 w - - 4 28	g2g3 e5e1 g1g2 e8e2 g2h3 e1h1 f3f4 g5h6 g3g4 e2h2 h3g3 h2h3	2405	advantage endgame queenRookEndgame veryLong	https://lichess.org/QANf1OxH#55
UnQWw	8/8/8/1pN1k3/4P3/PP1p1R2/2q2PK1/8 b - - 0 42	c2c5 f3f5 e5d4 f5c5 d4c5 g2f1 b5b4 a3b4 c5b4 f1e1 b4c3 e1d1	2495	crushing defensiveMove endgame queenRookEndgame skewer veryLong	https://lichess.org/DpgKu1ef/black#84
7XNRA	8/p7/4Q3/8/7p/5pr1/PP1K2k1/8 w - - 4 64	e6c4 h4h3 c4c2 f3f2	2580	advancedPawn crushing endgame master queenRookEndgame short	https://lichess.org/lMQAyRhp#127
Dss37	2r3k1/5p2/p3pQ2/1p6/7P/r5P1/2P3PK/8 b - - 0 34	a3c3 h4h5 c8c5 g3g4	2466	crushing defensiveMove endgame queenRookEndgame quietMove short	https://lichess.org/SmlToaIZ/black#68
oMrCR	4Rr2/5P2/kp3R2/p3P3/P1P5/1PKP4/4q3/8 b - - 6 54	e2e1 c3d4 e1g1 d4d5 g1c5 d5e6 c5c6 e6e7	2503	crushing defensiveMove endgame queenRookEndgame veryLong	https://lichess.org/XhsNTxTB/black#108
6ORrK	8/3r1r1k/4Q2p/4P3/3p2p1/pP5P/P4P1K/8 w - - 0 40	h3g4 d4d3 g4g5 h6g5 e6h3 h7g7	2469	crushing defensiveMove endgame long queenRookEndgame	https://lichess.org/hZH4t21h#79
MWs7P	8/5rk1/5p2/5Kpp/8/8/3Q4/8 w - - 2 57	d2d5 f7e7 d5d4 e7e5 d4e5 f6e5 f5g5 g7f7 g5h5 f7e6 h5g4 e6d5 g4f3 d5d4 f3e2 d4e4	2408	crushing defensiveMove endgame queenRookEndgame quietMove veryLong zugzwang	https://lichess.org/q2otzxeU#113
qJ7rv	5rk1/p1r5/1p2P2Q/8/3P4/4P3/P5KP/8 w - - 1 34	h2h4 c7h7 h6g5 h7g7	2576	advantage endgame master pin queenRookEndgame short	https://lichess.org/b76YZABW#67
zpv6w	8/5Q2/1p6/p7/P1pP1P2/2Pk1p1K/8/6r1 w - - 1 52	f7f5 d3d2 f5b5 f3f2	2494	advancedPawn crushing defensiveMove endgame queenRookEndgame short	https://lichess.org/fw8Wmdd9#103
ahkUD	3r2k1/5p2/1Q4p1/p5Kp/P7/5r1P/5P2/8 b - - 0 34	d8f8 g5h6 f8e8 b6c6 g8f8 c6f3	2449	crushing endgame fork long queenRookEndgame	https://lichess.org/DE228Qo2/black#68
dlJwi	1k4K1/p3P1R1/1p6/8/5P2/2p3P1/2q5/8 b - - 0 47	c2b3 g7f7 b3e6 f4f5 e6e1 f7f8 b8b7 e7e8q	2639	advancedPawn advantage defensiveMove endgame promotion queenRookEndgame veryLong	https://lichess.org/LrQ6tNbO/black#94
