# From the lichess puzzle database (database.lichess.org, CC0): make-training.py
9OVqg	8/2P5/8/2r5/p1k2R2/8/4K3/8 b - - 1 56	c4b5 f4f5 c5f5 c7c8q	1188	advancedPawn crushing deflection endgame pin promotion rookEndgame short	https://lichess.org/rKMw7hxE/black#112
9E53I	r1b1k2r/pp2bppp/2n2n2/qBp5/3pNP2/3P4/PPPBQ1PP/R3K1NR b KQkq - 5 10	a5b5 e4d6 e8d8 d6b5	1165	crushing opening pin short	https://lichess.org/LMHkn0rT/black#20
cecXI	r1bqkb1r/pp1n1ppp/5n2/1Bpp2B1/8/P2P4/1PP2PPP/RN1QK1NR b KQkq - 2 7	g7g6 d1e2 f8e7 g5f6	1192	crushing opening pin short	https://lichess.org/6k0cFYhe/black#14
gJgF5	6r1/p1RR1pk1/4p1p1/4P3/4QPP1/1P4KP/P7/6q1 w - - 12 41	g3h4 g8h8 h4g5 h8h5	1161	endgame epauletteMate mate mateIn2 pin short	https://lichess.org/fQDbRE2t#81
a7Wcm	4r3/p2pkppp/1p2p3/4Q3/1P3NP1/1q6/4KP1P/4R3 b - - 3 31	b3b4 f4d5 e7f8 d5b4	1165	crushing endgame pin short	https://lichess.org/1d3QgqKT/black#62
i7YaP	6k1/6q1/2p2rb1/p3R1Np/P1Q5/1PP2p2/5Pp1/6K1 b - - 1 35	g6f7 e5e8 g7f8 e8f8	1197	crushing endgame pin short	https://lichess.org/wIbP2y2q/black#70
O841C	r1b1k2r/2qp1pp1/pp2pn2/3P4/2P5/PP1B1QpP/1B4PK/R3R3 w kq - 0 23	f3g3 f6g4 h2g1 c7g3	1194	crushing deflection middlegame pin short	https://lichess.org/cmQ4hnEJ#45
HP5Qk	8/1pk2ppp/4p3/1PbrP3/P4P2/1n1bN2P/6PK/R1R5 b - - 4 28	b3a1 e3d5 e6d5 c1c5 c7b6 c5d5	1185	crushing endgame long master pin	https://lichess.org/ypjis6UM/black#56
c3gv8	rn1qk2r/ppp2ppp/3bb3/2nBN3/8/3P4/PPP1QPPP/RNB1K2R b KQkq - 0 8	e6d5 e5c6 c5e6 c6d8	1198	crushing discoveredAttack discoveredCheck opening pin short	https://lichess.org/E0QOqpjU/black#16
GmTXB	r7/1p3kpp/4bp2/p1pn4/P1B5/7P/1PP2PPB/3R2K1 b - - 3 31	d5b4 d1d7 f7e8 c4e6	1178	crushing deflection endgame pin short	https://lichess.org/1RIu2AAv/black#62
qtgrx	r2q1r2/p2nbpk1/1p1p3p/3P2p1/8/P2B1NP1/1PQ2PP1/2KR3R w - - 2 19	h1h2 a8c8 f3d4 c8c2	1176	advantage middlegame pin short	https://lichess.org/K48jwZnT#37
6y8bH	r3r1k1/pp3p2/2pB2pp/3n4/2B1P3/5K2/PP6/6R1 b - - 2 26	d5f6 g1g6 g8h7 g6f6	1199	advantage endgame pin short	https://lichess.org/4g9Vs9Th/black#52
5ZvOh	4r1k1/pQ5p/2pn2p1/3p2Pq/3P4/8/PP6/2K2RR1 w - - 1 34	b7c6 e8c8 c6c8 d6c8	1151	advantage endgame pin short	https://lichess.org/SUbSCVKe#67
NNcP2	r4rk1/pp3ppp/3p1b2/2qB1P2/3pP2P/1P1P4/P1P3Q1/R4RK1 b - - 0 20	f6h4 f5f6 h4f6 f1f6	1132	advantage middlegame pin short	https://lichess.org/q7HOZOZ8/black#40
AJraH	3r1rk1/ppp2qpp/3b1p2/5N2/2P3Q1/1P6/Pn3PPP/R3R1K1 b - - 1 19	b2d3 f5h6 g8h8 h6f7	1187	advantage kingsideAttack middlegame pin short	https://lichess.org/yMfee2QG/black#38
ENx6R	7Q/2R1bk2/3p2q1/1p2n3/8/1P6/P4PPK/8 w - - 11 42	h2g1 e5f3 g1h1 g6b1 c7c1 b1c1	1441	endgame long master mate mateIn3 pin	https://lichess.org/wEoJHIZG#83
IAkx5	r1b2k2/ppp3b1/5nQ1/3p2N1/2r5/7P/PPP3P1/4qRK1 b - - 1 20	e1e7 g5h7 f8g8 h7f6 e7f6 f1f6	1346	advantage exposedKing long middlegame pin	https://lichess.org/lnStl2gt/black#40
eJkdd	7k/1p4p1/7p/p1Q2r2/P3R3/8/1PP3PK/5q2 w - - 3 39	c5c4 f5h5 e4h4 f1c4	1327	crushing endgame pin short	https://lichess.org/4QpjMsHF#77
i0WAm	2r5/5kp1/8/4B1pp/8/P6P/1P3PP1/5K2 w - - 0 39	f1e2 c8e8 f2f4 g5f4	1434	advantage endgame pin short	https://lichess.org/jTTrJr6A#77
GVxOu	2r5/5p1k/8/p5B1/8/5b2/P1P2P2/2R3K1 w - - 0 35	c2c4 c8g8 c1c3 g8g5	1415	advantage endgame pin short	https://lichess.org/eqv7FhbN#69
hGqQI	2kn4/3b2R1/3P1rp1/2BBpp2/8/8/2PK1PP1/8 w - - 5 43	c5b6 f6d6 b6d8 d6d5	1410	advantage endgame fork pin short	https://lichess.org/cCYMRmcq#85
i8tPz	1kr5/1p1b4/p7/3NRp2/3P1P2/P2Q1P2/1PP5/2K4q w - - 5 34	d3d1 c8c2 c1c2 d7a4 b2b3 a4b3 c2b3 h1d1	1313	attraction crushing deflection endgame master pin sacrifice veryLong	https://lichess.org/YtNOPg45#67
y0cSL	r3kbnr/2B2ppp/p1p5/8/4P3/5Q2/PqP2PPP/RN2K2R w KQkq - 0 11	f3c3 f8b4 c3b4 b2b4	1466	crushing middlegame pin short	https://lichess.org/pyg51ae9#21
AvDT5	r3r3/pQ1R4/5q2/7k/6RP/2P2pp1/PP3P2/6K1 w - - 2 30	g4g3 e8e1 g1h2 f6h4 g3h3 e1h1 h2h1 h4h3 h1g1 h3g2	1370	attraction deflection endgame mate mateIn5 pin veryLong	https://lichess.org/EHm7Gjdf#59
1JCfN	8/2R1nk1p/1p3pb1/3pq3/8/6PB/1r3Q1P/2R3K1 w - - 4 41	f2f3 e5d4 g1h1 g6e4	1386	crushing master middlegame pin short	https://lichess.org/5C6f03pA#81
uwYXI	7Q/5rp1/1p1q2k1/p2p4/P2P3R/2P3PK/1P3r2/8 b - - 3 41	g6f6 h4h6 f6e7 h6d6	1447	advantage endgame pin short skewer	https://lichess.org/OPAxfmKx/black#82
LG0CP	1k1r3r/1p2qp2/p1np1n1p/3p1Bp1/3P4/P1N1P3/1PQ2PPP/R3K2R w KQ - 1 17	c2b3 c6d4 b3d1 d4f5	1355	crushing middlegame pin short	https://lichess.org/qg90k70x#33
hksyn	r1b1r1k1/ppp2ppp/5n2/3p4/3P1nq1/1P3N2/P1PNBPPP/R2QR1K1 w - - 11 14	e2f1 f4h3 g1h1 h3f2	1382	crushing deflection kingsideAttack opening pin short	https://lichess.org/iAwV2y6f#27
yKFDJ	r2qk2r/pp2bpp1/3p2bp/3Bp3/3pP3/3P1PQ1/PPP3PP/R1B1K2R w KQkq - 1 14	d5b7 e7h4 b7c6 e8f8	1483	advantage defensiveMove middlegame pin short	https://lichess.org/3xcycQgT#27
d3CvZ	r4r1k/pp2Np1p/3P2pQ/8/3n2b1/3B2P1/PPP2q1P/1K3R2 b - - 5 21	f2g2 e7g6 f7g6 f1f8 a8f8 h6f8	1256	kingsideAttack long mate mateIn3 middlegame pin	https://lichess.org/FqxzJ8O6/black#42
eyydE	6k1/3q1pp1/rpp1n1r1/3pP3/P7/B3P1PP/2Q2PK1/1RR5 w - - 1 33	c2c6 e6f4 e3f4 g6c6	1738	crushing discoveredAttack master middlegame pin short	https://lichess.org/OcujIDY5#65
AqDzJ	1r4rk/1p1P1ppp/p5q1/4Q3/8/2BR2Pb/PP3P1P/4R1K1 b - - 0 31	g6d3 e5g7 g8g7 e1e8 b8e8 d7e8q	1549	advancedPawn clearance kingsideAttack long mate mateIn3 middlegame pin promotion sacrifice	https://lichess.org/8aSqlWjY/black#62
tXbIP	r5r1/ppk5/2n2p1B/2b1p3/2P3b1/5NP1/PP3PBP/3R1RK1 w - - 2 19	h2h3 g4f3 g2f3 g8g3 f3g2 a8g8	1632	advantage clearance defensiveMove discoveredAttack kingsideAttack long middlegame pin	https://lichess.org/BVXNvtCR#37
QXiOP	r1bqkb1r/pp3ppp/2n1pn2/2p3B1/Q1pPP3/2N2N2/PP3PPP/R3KB1R b KQkq - 3 7	h7h6 g5f6 d8f6 d4d5 e6d5 e4d5 c8d7 d5c6	1754	advantage opening pin veryLong	https://lichess.org/2sHRt3TD/black#14
MllTI	2r2rk1/p1R2ppp/1pb1p3/q7/3p1Q2/1BP3P1/PP1R1P1P/6K1 b - - 1 24	e6e5 f4f7 f8f7 c7c8 c6e8 c8e8	1798	deflection long mate mateIn3 middlegame pin sacrifice	https://lichess.org/fau5zUtJ/black#48
HPEmW	r3kb1r/1ppbqpp1/p3p2p/3pPnNQ/8/2NBB3/PPP2PPP/R3R1K1 b kq - 3 13	f5e3 g5f7 e7f7 d3g6 e8c8 g6f7	1791	attackingF2F7 attraction crushing long middlegame pin sacrifice	https://lichess.org/P0a7wYjx/black#26
Uheec	b2k3r/2p1qp2/BpPp4/3Pn3/PP2Pp2/2N2P2/3K3P/R4Q2 w - - 0 30	f1f2 h8h2 f2h2 e5f3 d2c2 f3h2	1506	advantage attraction deflection exposedKing fork long middlegame pin sacrifice	https://lichess.org/fxSHoRpG#59
MpC7V	8/p5b1/1p1R2k1/4p2p/2r1Pp1n/P4P2/1B5P/4N2K b - - 5 36	g7f6 b2e5 c4c1 d6f6 g6h7 f6f7 h7g8 f7g7 g8f8 g7g1	1587	crushing defensiveMove endgame pin veryLong	https://lichess.org/EPBcoHiV/black#72
3xkOk	1R2r1k1/4npbp/p3p1p1/2Qp4/q3P3/2P4P/5PP1/1R4K1 b - - 3 26	d5e4 c5e7 a4d1 b1d1	1513	crushing middlegame pin short	https://lichess.org/n7rd063l/black#52
5YiJ8	rn2kb1r/pp3ppp/1q2p3/4P1N1/3p4/2P5/P1P1Q1PP/R1B2RK1 w kq - 0 13	g5f7 d4d3 e2f2 f8c5	1591	advantage discoveredAttack discoveredCheck middlegame pin short	https://lichess.org/ManKHGcK#25
c19HB	r4rk1/p4ppp/8/n1pNp2q/3b4/1B4Q1/PPP1bPP1/R1B2RK1 b - - 3 17	e2f1 d5f6 g8h8 f6h5	1506	crushing kingsideAttack middlegame pin short	https://lichess.org/F1SS5jWp/black#34
llRYj	4r1k1/pp2q1pp/2p2p2/3p4/1P1P1b2/P1NQ3P/2P2PP1/R5K1 w - - 2 23	b4b5 e7e1 a1e1 e8e1 d3f1 f4h2 g1h2 e1f1 b5c6 b7c6	1553	crushing endgame kingsideAttack pin sacrifice veryLong	https://lichess.org/zPBlpGFR#45
4SMNW	r1b2rk1/pp3pp1/3p3p/3Nn2q/2B1P3/1P4Q1/P1P3PP/R4R1K b - - 8 17	e5c4 d5f6 g8h8 f6h5	1571	crushing kingsideAttack middlegame pin short	https://lichess.org/8u0WlcVI/black#34
z5ujj	r1b1kbnr/pp1nqppp/2p5/8/2B5/1QN5/PP1B1PPP/R4KNR b kq - 0 10	d7b6 a1e1 b6c4 e1e7 f8e7 b3c4	1524	advantage long opening pin	https://lichess.org/cOsNCCVH/black#20
aYvgb	1rb1k2r/2pqbppp/3p1n2/1N1Pp3/1n2P3/1B3N2/1PP1QPPP/R1B1K2R b KQk - 0 12	d7b5 b3a4 c8d7 a4b5	1577	advantage master opening pin short superGM	https://lichess.org/O9dC4VF0/black#24
P70Uo	2r5/R2k1pp1/4p2p/2P5/p5P1/r6P/P4PK1/R7 b - - 4 33	c8c7 c5c6 d7d6 a1d1 d6c6 d1c1	1963	crushing endgame long pin rookEndgame	https://lichess.org/lT7Fg8u8/black#66
x6mGO	2b2rk1/1p3ppp/8/QPbp4/2p1n3/6qP/1PP1BPP1/R1B2RK1 w - - 2 17	c1e3 c5e3 f2e3 g3e3	1937	crushing kingsideAttack middlegame pin short	https://lichess.org/WfijHaUv#33
EtIEh	q3r1k1/1b1n1ppp/3p1n2/1p6/4PP2/P3Q1NP/1P1N2B1/2R3K1 w - - 2 25	c1c7 f6d5 e4d5 e8e3	1972	crushing fork middlegame pin short	https://lichess.org/zJhcaW1I#49
UQZsO	4rr1k/1pb3pp/p3B3/3pQ1P1/5PK1/2Pq2P1/1P2R3/7R w - - 6 32	g5g6 d3g6 e5g5 e8e6 g5g6 e6g6	1935	crushing deflection long master middlegame pin	https://lichess.org/8AjzLrmf#63
xqgMa	3bk2r/pp3p2/4p1n1/3q2p1/2NN4/1P1R1PPp/P3QK1P/8 b k - 0 28	a7a6 d4e6 d5e6 d3e3	1944	advantage middlegame pin sacrifice short	https://lichess.org/CWBC7jSa/black#56
Kgrl7	r1b2rk1/pppnbppp/4p3/8/q2NN1Q1/2P5/PP3PPP/R1B2RK1 b - - 4 12	f7f5 d4f5 f8f5 e4f6 d7f6 g4a4	1802	advantage discoveredAttack long opening pin sacrifice	https://lichess.org/5EQuIw18/black#24
kjucM	r1b4r/p1b1q1k1/2p1p1p1/3p4/1P4N1/P1P1R2P/3Q1PP1/5RK1 b - - 2 25	c7f4 d2d4 e6e5 d4f4	1909	advantage fork middlegame pin short	https://lichess.org/caXgCSK5/black#50
sZIz7	4r1k1/pp1n2pp/2p5/2bp4/5rq1/1PQ3N1/PBP2PB1/R4RK1 w - - 2 21	a1e1 e8e1 c3e1 g4g3	1867	advantage middlegame pin short	https://lichess.org/5NBxSuoY#41
UiWwF	1r2r1k1/4ppbp/p3b1p1/q1B5/2pP2PP/P1N5/1PP1Q3/2KR3R w - - 1 20	h4h5 g7h6 c1b1 a5c3	1940	advantage middlegame pin short	https://lichess.org/hQt68Bn9#39
KVSbP	r1b1kb1r/3ppppp/n2n4/qBpP4/8/2NQP3/PP1B1PPP/R3K1NR w KQkq - 7 10	a2a4 a6b4 d3b1 d6b5 c3b5 a5b5 a4b5 a8a1 b1a1 b4c2 e1e2 c2a1	1996	advantage attraction fork opening pin sacrifice veryLong	https://lichess.org/StgwY3T0#19
fCyTH	r2k2n1/pp3q1r/2pQ4/4B2p/4P1pP/2P5/PP3PP1/R5K1 b - - 2 25	f7d7 d6f8 d7e8 a1d1 h7d7 d1d7 d8d7 f8d6 d7c8 d6c7	1921	attraction exposedKing fork mate mateIn5 middlegame pin veryLong	https://lichess.org/ZN4v2JJs/black#50
YxXbJ	r5r1/p4p1k/1qpp1P1p/4pR1Q/1p2P3/3P1N2/PPn3PP/7K b - - 12 30	b6f2 f3g5 g8g5 h5f7 h7h8 f5f2	2073	crushing long middlegame pin sacrifice	https://lichess.org/s2AdDxCZ/black#60
2BPpw	8/8/1r1P2k1/4p1p1/2p1Pp2/4rP2/1PRR4/3K4 b - - 2 40	e3d3 d6d7 b6d6 d2d3 c4d3 c2c6 d6c6 d7d8q	1975	advancedPawn crushing deflection endgame master pin promotion rookEndgame veryLong	https://lichess.org/AVxwOJBt/black#80
gxs9d	6k1/p5p1/4r2p/8/8/N2p3P/3p1PP1/1R3K2 w - - 0 34	b1d1 e6c6 g2g3 c6c1	1990	crushing endgame pin quietMove short	https://lichess.org/S2dQcUkB#67
Qvpja	3Q4/pp3pk1/6p1/P3PpPp/4bP1P/5qr1/3Q4/3R1K2 w - - 3 36	d2f2 g3g1 f1g1 f3h1	1968	attraction endgame mate mateIn2 pin sacrifice short	https://lichess.org/FgQdt7jf#71
AaI3E	5rk1/4pp2/p2q2pQ/8/r2Nb1P1/2P5/P7/K2R1R2 b - - 2 25	d6a3 h6f8 g8f8 d4e6 f8g8 d1d8 g8h7 f1f7 h7h6 d8h8	2235	anastasiaMate attraction deflection mate mateIn5 middlegame pin sacrifice veryLong	https://lichess.org/O0D0z5fr/black#50
zhQg3	3r2k1/5pbp/p5p1/1p6/2pN1q2/P1N2P2/1P3QPP/4R1K1 w - - 0 30	e1e4 f4e4 f3e4 g7d4	2170	crushing middlegame pin short	https://lichess.org/EpthL7X5#59
fLWmb	2R2bk1/pp3p1p/6p1/3q2r1/3p3n/1N1P1P2/PP1Q2PP/3N2K1 w - - 3 25	d2b4 g5g2 g1h1 g2g1 h1g1 d5g5 g1f1 g5g2 f1e1 h4f3	2112	attraction cornerMate kingsideAttack mate mateIn5 middlegame pin sacrifice veryLong	https://lichess.org/v4ZEjlZ3#49
BDfej	r1b2rk1/1pq3pp/p3p3/8/1P2QPP1/P3B3/2P4P/3R2RK w - - 1 25	e3c5 b7b6 c5f8 c8b7	2114	advantage clearance middlegame pin sacrifice short	https://lichess.org/OtIlbiId#49
qc9ry	2r3k1/P4p2/2P1p2p/2Q3p1/3Pp3/6PK/1R5P/4q3 w - - 3 36	c5c2 e1f1 c2g2 g5g4 h3g4 f1f5 g4h4 f5g5 h4h3 g5h5	2192	attraction endgame mate mateIn5 pin veryLong	https://lichess.org/R0Ev2X5d#71
35DJP	r2qr1k1/ppp4p/2npbp1B/2b1p3/2BNP3/8/PPP2PPP/R2Q1RK1 b - - 5 13	c6d4 d1g4 g8f7 g4g7	2141	kingsideAttack mate mateIn2 opening pin short	https://lichess.org/6lYM5IWv/black#26
jUXfN	r5k1/5pp1/4pb1p/2p5/1pB1q3/1P2P1P1/3R1P1P/3Q2K1 b - - 6 40	a8a1 d1a1 f6a1 d2d8 g8h7 c4d3 e4d3 d8d3	2134	advantage endgame pin sacrifice veryLong	https://lichess.org/BumXJMFS/black#80
qKRVE	3r1b2/p4p1k/4pP1p/1p1rP2q/2pp1QR1/1P4P1/P4PK1/7R b - - 5 35	h5e5 f4h6 f8h6 g4g7 h7h8 h1h6	2114	deflection long mate mateIn3 middlegame pin sacrifice	https://lichess.org/PNyM1d1D/black#70
yOnUI	r5k1/ppq3pp/2pbQpn1/3p4/3P3B/7P/PPP2PP1/3NR1K1 b - - 4 19	g8h8 h4g3 d6g3 e6e8 g6f8 e8a8	2101	advantage long middlegame pin sacrifice	https://lichess.org/Cw5DlSoh/black#38
LnGms	3b3r/6k1/4p3/3p2p1/P2P2Q1/4P2P/5q1K/5BR1 w - - 4 50	g4g2 h8h3 h2h3 f2h4	2116	attraction endgame mate mateIn2 pin sacrifice short	https://lichess.org/MU8wxhHk#99
WzsJt	r1bq1rk1/pp1nb1p1/4pnQ1/6P1/3pN3/3B4/PP3PP1/R1B1K2R b KQ - 0 16	d7e5 e4f6 f8f6 h1h8 g8h8 g6h7	2109	attraction kingsideAttack long mate mateIn3 opening pin sacrifice	https://lichess.org/Lcv8PqAt/black#32
y9uPY	5rk1/6b1/p3Q3/4p3/8/6PR/P1R4K/1r3q2 b - - 2 37	f8f7 c2c8 g7f8 c8f8 g8f8 h3h8 f8g7 e6h6	2134	attraction exposedKing mate mateIn4 middlegame pin sacrifice triangleMate veryLong	https://lichess.org/HUOO1RWq/black#74
ncnsw	r7/2R2Rpk/p6p/1p5P/2ppN3/3P2P1/1qPK4/8 b - - 1 26	a8g8 f7g7 g8g7 e4f6 h7h8 c7c8 g7g8 c8g8	2142	arabianMate endgame mate mateIn4 pin sacrifice veryLong	https://lichess.org/3S2sMfph/black#52
XmwmW	r4rk1/pp2qp2/7p/5Qp1/1P2B3/2b3B1/P1P2PPP/3R2K1 b - - 0 21	f8e8 f5h7 g8f8 g3d6 e7d6 d1d6	2110	crushing long middlegame pin	https://lichess.org/XliXt3DY/black#42
3DHYZ	5rk1/5p1p/1p2p1p1/1Q4B1/3R4/Kbq2N2/5PPP/1B5R w - - 1 23	b5b3 f8a8 d4a4 a8a4 a3a4 c3a5	2135	attraction exposedKing long mate mateIn3 middlegame pin	https://lichess.org/M3Aa8LcB#45
GsNjA	3r1k2/p3np1p/2Q3p1/7q/4P3/1P2RN2/P3KP2/RN4r1 w - - 1 34	c6c7 g1e1 e2e1 h5h1 f3g1 h1g1 e1e2 g1d1	2439	attraction mate mateIn4 middlegame pin sacrifice veryLong	https://lichess.org/1gxW0hS3#67
g8oK8	6k1/4p1bp/p5p1/2R1Pp2/qQ1BpP2/P2pP1P1/6KP/1r6 b - - 1 35	a4d1 b4c4 g8h8 c5c8 g7f8 e5e6 h8g8 c8f8 g8f8 c4c8	2447	attraction discoveredAttack discoveredCheck endgame kingsideAttack mate mateIn5 pin sacrifice veryLong	https://lichess.org/WBXV3DeH/black#70
iYYYA	1r4k1/4R2p/B2P1pp1/1P1bBq2/3Pr3/Q6P/5PP1/6K1 w - - 4 32	a3c5 e4e1 g1h2 e1h1 h2h1 f5h3 h1g1 h3g2	2403	attraction deflection mate mateIn4 middlegame pin sacrifice veryLong	https://lichess.org/B6iE8VDA#63
wFTpc	4rr2/1p4pk/6pp/p7/3PB2q/P2Q1P2/1P3K2/R5R1 w - - 8 31	f2e3 f8f3 e3f3 e8f8 f3e2 h4f2 e2d1 f2g1	2469	attraction crushing middlegame pin sacrifice veryLong	https://lichess.org/iU8zRfWg#61
m1JHa	2r2k1r/ppp2nb1/3p4/3Pp1q1/2P1PnP1/2N3N1/PP1Q1B2/2KR3R w - - 1 21	g3f5 h8h1 d1h1 f4d3 c1d1 g5d2 d1d2 d3f2	2454	advantage discoveredAttack master middlegame pin veryLong	https://lichess.org/QGP2ZeLP#41
gxEwO	rn1qkb1r/pQpbpppp/5n2/8/3P4/2N2p2/PPP3PP/R1B1KBNR b KQkq - 0 7	d7c6 f1b5 c6b5 c3b5 f3g2 b5c7 d8c7 b7c7	2416	advantage fork opening pin veryLong	https://lichess.org/ZnkzzyEV/black#14
5BY6C	r5k1/1pp3pp/2nb1p2/pB1b4/3Pr3/P1B3Pq/1Q1N1P1P/R4RK1 w - - 0 21	b5c6 h3h2 g1h2 e4h4 h2g1 h4h1	2500	attraction kingsideAttack long mate mateIn3 middlegame operaMate pin sacrifice	https://lichess.org/SygtgISi#41
ihrcj	3qk2r/3Bp3/3p2p1/p1r3np/Q3PB2/5P2/P4N2/bR4K1 b k - 0 24	d8d7 b1b8 e8f7 a4d7 h8b8 f4d6 c5c1 g1g2	2427	advantage defensiveMove deflection middlegame pin veryLong	https://lichess.org/wMTlVr32/black#48
K9rN9	5k1r/p1pQn1pp/5pn1/4P3/3P1P2/B1P5/P1PK2PP/1q5R b - - 2 19	b1h1 d7c8 f8f7 e5e6	2401	endgame mate mateIn2 pin short	https://lichess.org/tIh7B3yd/black#38
aHEUG	1krn2Q1/pp4p1/3p3p/3Bpbq1/2R5/8/PP3PPP/2K1R3 w - - 6 27	f2f4 g5f4 c1d1 f5g4	2463	crushing middlegame pin short	https://lichess.org/VE26ePpy#53
10ZGs	8/2k5/1b1p4/1bpPp1p1/4PpP1/r1BP1P2/4B3/2R2K2 w - - 32 63	f1e1 a3c3 c1c3 b6a5 e1d2 b5a4	2429	crushing defensiveMove endgame long master masterVsMaster pin sacrifice superGM	https://lichess.org/45COpeLu#125
sAJBU	4Rbk1/1b4pp/p2p4/1n1P4/1p6/1P4B1/P1r3PP/3R2K1 b - - 3 27	b5c7 e8b8 b7d5 g3d6 c2g2 g1f1	2412	advantage long middlegame pin	https://lichess.org/YkevAqj8/black#54
oe98Y	6k1/6pp/p1p1p2r/2P1P3/1P4r1/P3QNq1/5RP1/5RK1 w - - 1 28	e3e2 g3h3 f3h4 h3h1 g1h1 g4h4 h1g1 h4h1	2447	attraction mate mateIn4 middlegame pin sacrifice veryLong	https://lichess.org/EIJYZ0Td#55
QQjHV	8/p4ppk/4p1qp/4n3/Q7/3rP2P/PP3PP1/3R1NK1 w - - 2 28	d1d3 e5f3 g1h1 g6d3 g2f3 d3f1 h1h2 f1f2	2436	advantage endgame intermezzo pin veryLong	https://lichess.org/KuIjearH#55
JtV5t	6Q1/3p2b1/4p1k1/3b4/8/1P6/P1R4R/1K2q3 w - - 16 54	c2c1 d5e4 h2c2 e4c2 b1c2 e1e2 c2b1 e2b2	2494	attraction endgame mate mateIn4 pin veryLong	https://lichess.org/p5shODik#107
HMT0w	r1b1r1k1/p4pp1/2q1p2p/2Pp4/3PnP2/1R1BP3/P5PP/3Q1RK1 b - - 2 19	f7f6 d3b5 c6c7 b5e8	1186	advantage middlegame short skewer	https://lichess.org/PiQedyy0/black#38
b0uvo	3k4/1pNn2b1/4R2p/3p4/3P4/2P5/rP1n2PP/5RK1 w - - 1 25	f1f7 a2a1 g1f2 a1f1 f2e2 f1f7	1121	advantage long middlegame skewer	https://lichess.org/EphUhU5q#49
gnBy3	8/5pk1/3p4/p1b5/Pp5P/5Q2/1qP3P1/5K1R w - - 0 38	f3d1 b2f6 d1f3 f6a1 f1e2 a1h1	1183	advantage endgame long skewer	https://lichess.org/q3XSIvuD#75
ePeDZ	3k4/2R5/pPp2K2/6p1/1Pp3P1/8/1P5r/8 w - - 2 39	c7c6 h2h6 f6e5 h6c6	1148	crushing endgame rookEndgame short skewer	https://lichess.org/j5PlF0pA#77
uI6Xz	5r2/1R6/1p1p1kpp/pP6/2Pr4/6P1/7P/2R3K1 b - - 7 48	d6d5 c1f1 f6e5 f1f8	1173	crushing endgame rookEndgame short skewer	https://lichess.org/9uBV0mmf/black#96
EySdH	r2q3r/p1p3pp/1p1b1k2/1Q3b2/2Pp3P/8/PP3PP1/R1B1R1K1 b - - 0 18	h8e8 c1g5 f6g6 g5d8	1198	crushing middlegame short skewer	https://lichess.org/aPiWW7V3/black#36
6IIut	2k4r/R6p/p1p5/3b4/5B2/8/1P4PP/2K5 b - - 2 26	d5g2 a7a8 c8d7 a8h8	1190	advantage endgame short skewer	https://lichess.org/Ljo2o2aq/black#52
5Vbkf	1q3k2/8/pp3Q2/2p5/P4P2/6KP/3r4/8 b - - 4 44	f8e8 f6h8 e8d7 h8b8	1115	crushing endgame short skewer	https://lichess.org/dE1jtu3y/black#88
rDdtu	6k1/2p3p1/P1N1p2p/1P1p4/3P4/2P2q1P/5P2/R4K2 w - - 1 37	a6a7 f3h1 f1e2 h1a1	1160	crushing endgame short skewer	https://lichess.org/wCnB9mCe#73
9p9lF	1r1qn1k1/pQp2rpp/3pp3/4P3/3P1P2/B1P5/P5PP/R4RK1 w - - 1 16	b7a7 b8a8 a7b7 a8a3	1140	advantage middlegame short skewer	https://lichess.org/e1lqQDDB#31
OeUea	8/ppqk1p1R/3b1Pp1/2p1n1r1/3pPpb1/PP1P1N2/2PBQKB1/8 b - - 3 27	e5f3 h7f7 d7e6 f7c7	1157	advantage master middlegame short skewer	https://lichess.org/tweoqK0O/black#54
77Djc	r6r/2p3Qp/pp6/2p2p2/6k1/1PP1R3/P4P1q/3bK3 b - - 1 35	g4h4 g7h6 h4g4 h6h2	1146	crushing endgame master masterVsMaster short skewer	https://lichess.org/WACvItZz/black#70
EpaxJ	5k2/8/p6p/1PPpQ3/P2p1PPq/5K2/8/8 w - - 7 42	e5d5 h4h1 f3f2 h1d5	1124	crushing endgame queenEndgame short skewer	https://lichess.org/SlCdHJBf#83
YGq1M	7Q/kp1N1R2/8/3p4/6n1/8/6PK/1q6 w - - 2 47	h2h3 b1h1 h3g4 h1h8	1162	advantage endgame short skewer	https://lichess.org/90t5QFG0#93
6qyQa	8/Pq4k1/5pp1/2P4p/1P1Q4/6P1/8/3K4 w - - 5 51	d4a1 b7h1 d1c2 h1a1	1151	crushing endgame queenEndgame short skewer	https://lichess.org/DAbPojOA#101
PEWkx	1rb2rk1/4ppbp/5np1/2p1P3/1n1q4/2NP3P/1P2B1PN/R1BQ1R1K b - - 2 16	d4e5 c1f4 e5e6 f4b8	1377	advantage opening short skewer	https://lichess.org/gPMMZCMp/black#32
In3uI	7r/5kp1/1p1p3q/pP1Pp3/P2pPp2/Q2P1P2/6R1/4B1K1 w - - 1 38	a3b2 h6h1 g1f2 h8h2 g2h2 h1h2 f2f1 h2b2	1349	clearance crushing endgame exposedKing kingsideAttack skewer veryLong	https://lichess.org/DwTUa1TG#75
BNeFU	r2q1r1k/pb4p1/1p2p3/2p1n3/3pBB1P/2P1P3/PPQK1P2/R6R w - - 0 18	f4e5 f8f2 d2c1 f2c2	1232	crushing master middlegame short skewer	https://lichess.org/CS9h0oii#35
1DU9r	2k5/p2p2p1/3B4/4p2p/2N3nP/2PP4/r7/3K2R1 w - - 2 32	c4e5 a2a1 d1e2 a1g1	1482	crushing endgame short skewer	https://lichess.org/M8VNU6Jq#63
EdHaY	rnb2rk1/p1p2pp1/1p1b2qp/4p3/4P1B1/4B2P/PPP2PPN/R2Q1RK1 b - - 3 13	g6e4 g4f3 e4g6 f3a8	1482	advantage opening short skewer	https://lichess.org/QWOBAv8y/black#26
alf8c	r3k1r1/3bbp2/8/q5pp/3NP3/P2Q3P/5PPN/R3K2R w KQq - 1 26	d3d2 e7b4 d2b4 a5b4 a3b4 a8a1 e1d2 a1h1	1388	crushing middlegame pin skewer veryLong	https://lichess.org/hKufwfTa#51
F66eR	R7/4K1Rp/2P5/2k5/4r3/6P1/5r2/8 w - - 5 44	e7d8 f2f8 d8c7 f8a8	1428	advantage endgame rookEndgame short skewer	https://lichess.org/7L86NwtL#87
141wP	7r/R4pp1/1p2k3/1B2p3/1P2n1np/2r2N2/P4PP1/5RK1 b - - 0 31	h4h3 b5d7 e6f6 d7g4	1374	advantage middlegame short skewer	https://lichess.org/XmuyxF6c/black#62
NCuv9	rnbq1b1r/pp1p2pp/5k2/2p5/2Q5/2P5/PP3PPP/RNB1K1NR b KQ - 0 9	d7d5 c4h4 f6f7 h4d8	1350	crushing opening short skewer	https://lichess.org/UhSBWBSe/black#18
HWxIA	r7/pp3k1r/4p1R1/3p1p2/3P2Pb/8/PP4QP/6K1 b - - 0 29	f7g6 g4f5 g6f5 g2c2 f5f6 c2h7	1346	advantage attraction discoveredCheck doubleCheck endgame long skewer	https://lichess.org/R6vgqWAp/black#58
91ZxU	8/8/2R3p1/4r3/p4kPP/2PK4/r7/3R4 w - - 1 36	c6g6 e5d5 d3c4 d5d1	1326	crushing endgame rookEndgame short skewer	https://lichess.org/zykMyL4d#71
6QXF3	2r4r/Qbq2p1p/4kp2/1B1pp3/8/P7/1PP2PPP/2KR3R w - - 1 17	b5a4 c8a8 a7e3 a8a4	1485	advantage middlegame short skewer	https://lichess.org/O3RLYxgP#33
TxBaO	2k5/pp4Q1/2p5/P1Pp1P2/1P3KP1/7q/8/8 w - - 4 57	f4e5 h3c3 e5f4 c3g7	1299	crushing endgame queenEndgame short skewer	https://lichess.org/KGXyFXTM#113
o3dEH	1rq2r1k/pn1bbpp1/2p4p/4p3/BP2P3/P5Q1/2P2PPP/RNB2RK1 w - - 3 17	g3e5 e7f6 e5g3 f6a1	1374	advantage opening short skewer	https://lichess.org/T0ZXy9bw#33
sFvTu	8/8/8/8/5p2/4pk1R/r7/6K1 b - - 1 69	f3e2 h3h2 e2d1 h2a2 e3e2 a2a1 d1d2 g1f2	1357	crushing endgame master masterVsMaster rookEndgame skewer veryLong	https://lichess.org/ThSMiXKL/black#138
40ErP	6k1/6p1/R7/8/2P3pP/6P1/p4K2/r7 w - - 0 35	c4c5 a1h1 a6a2 h1h2 f2e3 h2a2	1793	crushing endgame long rookEndgame skewer	https://lichess.org/aM6tAiDS#69
NeN4d	8/p2p4/4p1N1/3bB1k1/3R4/2KB4/2P5/6q1 w - - 5 39	e5c7 g1a1 c3d2 a1d4	1625	crushing deflection endgame short skewer	https://lichess.org/3hHhla1j#77
ptInX	r4rk1/pp3pp1/q2Rp2p/2p1P3/4bB2/P1Q4P/1P3PP1/2K4R b - - 1 22	a6e2 h1e1 e2f2 e1e4	1511	advantage middlegame short skewer	https://lichess.org/28gij69g/black#44
T7fMI	r3kbn1/ppp2q1p/2p1b1p1/4Q3/8/4P3/PPPP1PPP/RNB1K2R w KQq - 3 10	b2b3 f8g7 e5a5 g7a1	1535	advantage middlegame short skewer	https://lichess.org/QPYxbPWG#19
fBqnM	r1b1kb1r/1ppp1ppp/8/p3n3/2BN4/2K5/PPP3qP/RNBQ1R2 w kq - 0 14	d1e1 f8b4 c3b3 b4e1	1591	crushing opening short skewer	https://lichess.org/mFFjjhQu#27
gVfPj	Q7/pp1k4/2p5/4nP2/4P3/7P/Pq4PK/8 b - - 0 32	b2f2 a8b7 d7d6 b7b8 d6e7 b8e5	1537	crushing deflection endgame long skewer	https://lichess.org/TEIsoXg8/black#64
WN44v	r1b1k2r/ppp1qppN/2n5/1N1p4/3Pn3/2PQP1P1/PP3PP1/R3K2R b KQkq - 0 13	c8f5 h7f6 e7f6 h1h8 e8d7 h8a8	1558	advantage discoveredAttack long middlegame skewer	https://lichess.org/UssHU2kq/black#26
zVjpp	r1b2rk1/p4ppp/2pbpn2/3pq3/8/2P1B1P1/PP1NBP1P/R2QK2R b KQ - 0 12	c6c5 e3f4 e5f5 f4d6	1506	advantage opening short skewer	https://lichess.org/LJ0ktnI4/black#24
KFXK2	k2r2r1/pp6/3PQ2p/q1npN3/7p/P2B3P/1PP2PP1/2K4R w - - 1 23	e6d5 c5d3 d5d3 a5e5	1575	crushing discoveredAttack middlegame queensideAttack short skewer	https://lichess.org/qH02LIes#45
H9REL	1r6/k7/pp6/2q5/5P2/1P6/P2Q2PP/3R2K1 w - - 1 32	d2d4 b8d8 d4c5 d8d1 g1f2 b6c5	1543	advantage endgame intermezzo long pin sacrifice skewer	https://lichess.org/M9y6Ui4H#63
GWTeU	8/pp3pB1/2p1k2p/3r4/6P1/1P3R1P/1Pb1K3/8 w - - 0 27	g7h6 c2d1 e2f2 d1f3	1578	crushing endgame short skewer	https://lichess.org/ee5DbOUF#53
qpgrg	3r1rk1/pbp2ppp/1p6/4q3/6B1/2P4P/PP3PP1/R1Q2RK1 b - - 1 16	e5d5 g4f3 d5f5 f3b7	1531	advantage middlegame short skewer	https://lichess.org/65Cg07wb/black#32
RDjIq	5rk1/p4pb1/np2p2p/3p1p1P/1PqP4/P3BBP1/5P2/3QR1K1 b - - 2 26	f8c8 f3e2 c4c3 e2a6	1520	advantage middlegame short skewer	https://lichess.org/o1KfOmr5/black#52
FRlPi	2k2rr1/2p3q1/ppP5/5p2/P7/Nn2P3/4Q1PP/R1R3K1 b - - 1 31	b3a1 e2a6 c8d8 c1d1 d8e7 d1d7 e7f6 d7g7	1511	crushing middlegame queensideAttack skewer veryLong	https://lichess.org/XkpL83BO/black#62
htWcU	r4rk1/1b2bppp/pq2p3/3pP3/8/4BN1P/PP3PP1/3RQRK1 b - - 1 17	b6b2 d1b1 b2a2 b1b7	1562	advantage middlegame short skewer	https://lichess.org/eu3JO7CK/black#34
7PvtP	r4q1k/pb2b3/1p2p3/4P3/3nB3/2P5/P1Q2N1P/5R1K w - - 0 28	c3d4 f8f3 e4f3 b7f3 h1g1 a8g8 f2g4 g8g4 g1f2 g4g2 f2f3 g2c2	1945	advantage middlegame sacrifice skewer veryLong xRayAttack	https://lichess.org/S3XLanB7#55
LwK63	2k2b1r/1p1r1p1p/p3p1p1/8/2P2P2/1PK5/P1N5/R1B2R2 w - - 0 28	c2d4 d7d4 c3d4 f8g7	2032	advantage attraction middlegame sacrifice short skewer	https://lichess.org/iREy2KsA#55
n6qXG	2r1r3/pp3k1p/3R1np1/q2p4/3P4/1PP2Q2/PK3PPP/3R4 b - - 1 22	e8e6 d6e6 f7e6 f3h3 e6d6 h3c8	2089	attraction crushing long middlegame skewer	https://lichess.org/tolAQDkH/black#44
NBjRV	8/p7/b3p1k1/2p2pP1/3b1P2/3P4/P2R4/3K4 b - - 0 32	d4e3 d2e2 e3f4 e2e6 g6g5 e6a6	1827	advantage endgame fork long skewer	https://lichess.org/d6ntiqOk/black#64
EvdKF	7r/1pb1qkpr/p1p1pnR1/8/3PPN2/P2Q1P2/1P4RB/6K1 b - - 0 32	h7h2 g6g7 f7f8 g7e7	1839	crushing middlegame short skewer	https://lichess.org/tGp8eAPS/black#64
ShWJY	7Q/p1p1kppp/3p4/8/2bPq3/6P1/PP3P1P/R2KB3 w - - 2 22	h8g7 e4e2 d1c1 e2e1 c1c2 e1a1	1971	crushing deflection endgame exposedKing long skewer	https://lichess.org/KTsGNwwk#43
w6tw7	rnbqkb1r/pppp1ppp/8/4p3/4n3/P4P2/1PPPQ1PP/RNB1KBNR b KQkq - 1 4	d8h4 g2g3 e4g3 e2e5 f8e7 e5g3	1801	advantage defensiveMove long opening skewer	https://lichess.org/uPLLfcCq/black#8
XPg39	3r3r/1p2kp1p/pq2bNp1/3pPpQ1/2pP4/6P1/PP4BP/3R2K1 b - - 9 26	b6b2 f6d5 e7f8 g5d8	1830	crushing deflection discoveredAttack discoveredCheck doubleCheck middlegame short skewer	https://lichess.org/aQnIU7px/black#52
43XJU	2r3k1/pp3pp1/3q2P1/2bP4/5P2/1PPQ4/2P5/1K5R b - - 0 26	d6g6 d3h3 f7f5 h3h8 g8f7 h8c8	1804	crushing endgame long master masterVsMaster skewer superGM	https://lichess.org/wdGm0i6c/black#52
4ulp3	r5k1/pp1b2p1/2p5/3p2q1/4P3/2PBR3/PPPK3Q/8 b - - 1 25	d5e4 d3c4 g8f8 h2h8 f8e7 h8a8	1819	crushing endgame long skewer	https://lichess.org/xyowOR74/black#50
TlTY1	6r1/6pp/3R2k1/pR3p2/4p2P/6P1/q4PK1/8 b - - 1 31	g6f7 b5b7 f7e8 d6a6 a2d2 a6a8 d2d8 a8d8 e8d8 b7b8 d8e7 b8g8	1844	attraction crushing endgame queenRookEndgame skewer veryLong	https://lichess.org/FTnKf4OX/black#62
EQiFn	2r2k1r/p2q1ppp/1pn1pn2/1Q1p4/1N6/5B1P/P4PP1/2R1R1K1 b - - 5 22	c6b4 b5d7 f6d7 c1c8 f8e7 c8h8	1822	capturingDefender crushing long middlegame skewer	https://lichess.org/HML35Ssm/black#44
3jrV6	2rq1knR/1b4p1/p3pbPB/3pp3/1Q2P3/5P2/PPP3B1/1K6 b - - 0 26	d8e7 h6g7 f8g7 h8h7 g7g6 h7e7	1810	advantage attraction long middlegame pin sacrifice skewer	https://lichess.org/RPvSYWuy/black#52
xnFGj	8/2P3p1/8/6k1/R7/PK6/1P4r1/7q w - - 0 49	c7c8q h1d1 b3a2 d1a4	1806	crushing deflection endgame short skewer	https://lichess.org/iunNUn15#97
MdsQc	r1b1r3/pp3kpB/3bpn2/3p2Q1/3P4/2q3B1/P4PPP/R4RK1 b - - 0 17	f6h7 g5h5 f7g8 h5e8	1884	advantage deflection fork middlegame short skewer	https://lichess.org/zzBfaVBH/black#34
ef7AK	r2q2k1/pb3p1p/2p1p1p1/8/4P3/BQb3P1/P4PBP/1R4K1 b - - 1 18	d8b6 b3c2 b6a5 b1b7 a5a3 b7b3	2135	advantage discoveredAttack long middlegame skewer	https://lichess.org/1VfXBGZX/black#36
Uny78	5rk1/pp2Bpbp/3p2p1/P1q5/1r6/1PnQ1N1P/2R2PP1/4R1K1 b - - 0 23	f8e8 e7d6 e8e1 f3e1 c5d4 d6b4	2125	advantage long master middlegame skewer	https://lichess.org/oMlweGJT/black#46
vlLam	r1bqr1k1/p4ppp/1bp2n2/3p4/3B4/P1N1P2P/1PP1BPP1/R2QK2R w KQ - 5 13	c3a4 b6d4 d1d4 e8e4 d4d1 e4a4	2130	advantage long opening skewer	https://lichess.org/6kkPNUe9#25
LE54O	6k1/2p2p1p/8/PPP2p2/4bP2/4R1P1/1r5r/R4BK1 w - - 0 32	e3e2 b2e2 f1e2 h2h1 g1f2 h1a1	2109	advantage endgame exposedKing long skewer	https://lichess.org/vZWns9vI#63
Qb92A	rn6/pp2k1rB/2q1pN2/b3p3/b1P4p/2P4P/P2Q1PPB/2R2RK1 b - - 0 23	e7f6 h2e5 f6e7 e5g7	2149	crushing middlegame short skewer	https://lichess.org/wGOjChmJ/black#46
7vaOd	r3qb1r/pppnk2p/3p4/6BQ/4n3/2P5/PP4PP/RN3RK1 b - - 5 17	e4f6 g5f6 d7f6 f1e1 e7d8 e1e8	2140	crushing fork long opening skewer	https://lichess.org/zVAmjMVT/black#34
tZ7hQ	6rk/4R2n/3P4/8/p6R/1p5P/5P1K/r7 b - - 3 45	g8d8 e7h7 h8g8 h7h8 g8g7 h8d8	2146	crushing endgame exposedKing long skewer	https://lichess.org/feUQ0pjC/black#90
Gv2h5	r1bqkbnr/p6p/2p2pp1/3pp3/4P3/3BQ3/PPP2PPP/RNB1K2R w KQkq - 0 9	e4d5 f8h6 e3e2 h6c1	2111	advantage master opening short skewer	https://lichess.org/CFoyZ90u#17
5MgXC	2r1rk2/1p3ppQ/p1b1pq1p/3P4/P4n2/2N4P/1P3PP1/1BR1R1K1 b - - 0 23	c6d5 c3d5 f4d5 c1c8 e8c8 h7h8 f8e7 h8c8	2102	crushing discoveredAttack master middlegame skewer veryLong	https://lichess.org/EQEWDEPn/black#46
pWkWt	8/7p/3k2p1/1r6/5p2/3Kp2P/2Q3P1/8 w - - 1 47	h3h4 b5d5 d3e4 e3e2 c2e2 d5e5 e4f3 e5e2	2147	advancedPawn crushing endgame exposedKing queenRookEndgame skewer veryLong	https://lichess.org/n2cpiRFH#93
RUxTW	2r3r1/7p/8/1R4n1/8/8/1k3PPP/5RK1 b - - 7 37	b2c3 b5g5 g8g5 f1c1 c3d4 c1c8	2113	crushing endgame long sacrifice skewer	https://lichess.org/rTvUAvru/black#74
3Kjry	3rk3/6Rp/p2Pp3/3rPp2/2p2P2/P4P2/4KB1P/8 b - - 0 29	d8c8 d6d7 d5d7 g7g8 e8f7 g8c8	2312	advancedPawn crushing endgame exposedKing fork long skewer	https://lichess.org/XLjOP0Xb/black#58
0I0k1	8/ppp3rk/8/4p2p/2Q2KP1/P4P2/1P2R3/6q1 w - - 0 38	e2e5 g7g4 f3g4 g1g4 f4e3 g4c4	2117	crushing endgame long sacrifice skewer	https://lichess.org/oFuca1rT#75
yRiEH	rn2k2r/pp3ppp/8/q2np3/1b6/1QN5/PP1B1PPP/R3K1NR b KQkq - 1 12	d5c3 b2c3 b4c5 b3b7 c5f2 e1f2 a5b6 b7b6	2125	advantage opening skewer veryLong	https://lichess.org/8vtm12yr/black#24
T2thA	r7/1p2q1k1/4P1n1/4Q2p/3P3P/2P5/p7/2K3R1 b - - 3 39	g7f8 e5f5 f8e8 f5g6 e8d8 g6g8 d8c7 g8a8 a2a1q a8a1	2115	crushing endgame exposedKing fork skewer veryLong	https://lichess.org/ofXm39Vc/black#78
uAAKI	3r3r/8/1p6/p2P1p1p/P1k1p2P/6P1/5K2/1R5R b - - 1 44	h8h6 f2e3 h6g6 h1c1 c4d5 c1d1 d5e6 d1d8	2504	advantage endgame rookEndgame skewer veryLong	https://lichess.org/sqPo23hY/black#88
3gEVr	6k1/p5pp/4pnp1/3Pb3/q1rN2P1/1r1RB2P/2P3Q1/2KR4 w - - 0 29	d4b3 a4a3 c1d2 c4c2 d2e1 c2g2	2435	crushing long middlegame queensideAttack skewer	https://lichess.org/iOFlVGqf#57
jmmrx	8/1rp2kp1/3p1p2/3P2P1/2PP4/1PK2R2/p1R5/r7 w - - 2 42	g5f6 a1b1 f6g7 f7g8 c2a2 b1b3 c3c2 b3f3	2407	crushing defensiveMove endgame rookEndgame skewer veryLong	https://lichess.org/nfD0ai2Z#83
uYlvY	8/4k2r/R4p2/p2Pp3/1p4P1/6K1/P7/8 b - - 2 48	h7g7 d5d6 e7e6 d6d7 e6e7 a6a8 e7d7 a8a7 d7d6 a7g7	2525	advancedPawn crushing discoveredAttack discoveredCheck endgame rookEndgame skewer veryLong	https://lichess.org/0tJDzoEf/black#96
M04Bo	r6k/4b2p/p1p3rP/Pp1p4/1P2pB2/4P3/4KP2/2R3R1 b - - 4 30	e7b4 f4e5 h8g8 g1g6 h7g6 h6h7 g8h7 c1h1 h7g8 h1h8 g8f7 h8a8	2442	advancedPawn attraction crushing endgame skewer veryLong	https://lichess.org/6JMUYpA4/black#60
2vCMP	1k4r1/p1pR4/1pp5/2b1BB2/4P2p/7P/q1P2PP1/5RK1 b - - 3 27	c5d6 f1a1 a2c2 e5d6 c7d6 d7a7 b6b5 a7a8 b8c7 a8g8	2485	crushing middlegame skewer veryLong	https://lichess.org/l64jcG3N/black#54
Vh3pN	1k6/1p6/p5r1/5P2/2Q5/5K1r/PP3P2/8 w - - 0 38	f3e4 g6g4 f2f4 g4f4 e4f4 h3h4 f4g5 h4c4 f5f6 c4c8 f6f7 b8c7	2410	attraction crushing defensiveMove endgame queenRookEndgame quietMove sacrifice skewer veryLong	https://lichess.org/8I1VPVW2#75
IPv8G	8/p6p/P1pkr1b1/4Rp2/5Pp1/2PB4/5KPP/8 w - - 3 36	d3f5 e6f6 f5g6 f6f4 f2e3 d6e5	2417	crushing endgame long sacrifice skewer	https://lichess.org/i2TfvDef#71
TOvba	7Q/p4kn1/1pr1r3/2q2R2/3pP3/3P4/P5K1/7R b - - 0 43	g7f5 h1h7 f7g6 h8g8 g6f6 h7f7 f6e5 f7f5 e5d6 g8d8	2404	endgame epauletteMate exposedKing master mate mateIn5 skewer veryLong	https://lichess.org/LR4hbULN/black#86
3GcSe	1Q6/rB3pbk/p5p1/4p2p/4P3/2K2q2/PPP5/RNB5 w - - 14 27	c3d2 g7h6 d2e1 h6c1 b8a7 c1e3 a7e3 f3e3	2462	crushing deflection middlegame sacrifice skewer veryLong	https://lichess.org/0amZaaMG#53
eeLyp	6k1/pp3rp1/3P3p/2p5/5P2/4Qq1P/PP3P1K/6R1 b - - 1 29	f7f4 d6d7 f3f2 e3f2 f4f2 g1g2 f2f8 g2e2 g8f7 e2f2 f7e6 f2f8	2424	advancedPawn crushing deflection endgame quietMove skewer veryLong	https://lichess.org/C0NHkOKD/black#58
M7UOw	r2q2k1/1p3rpp/p2p4/3Nn3/3NP1bb/1P2B3/1PP3QP/R1K4R w - - 8 21	d4f5 f7f5 e4f5 g4f3 g2d2 f3h1	2441	advantage long middlegame sacrifice skewer	https://lichess.org/1O317Yh7#41
eFhrf	1k2r1r1/1p1b2qp/PB1p1p2/P1p2P2/B1P5/5Q2/5KPP/1R6 b - - 0 30	d7a4 b6c7 b8c7 b1b7 c7c8 b7g7 g8g7 f3a8	2403	attraction clearance crushing discoveredAttack middlegame pin queensideAttack sacrifice skewer veryLong	https://lichess.org/NM3eVZd2/black#60
XRYpl	8/8/2Q2kpp/8/p1P5/5PK1/1q5P/8 b - - 3 53	f6g5 h2h4 g5f5 c6c8 f5e5 c8h8 e5e6 h8b2	2472	crushing endgame queenEndgame skewer veryLong	https://lichess.org/n9hRQoWR/black#106
oLGAR	4r1k1/p6R/1p1p2p1/2pp4/6P1/2KPP3/P1P2r2/7R b - - 2 30	e8e3 h7h8 g8f7 h1h7 f7e6 h8e8 e6f6 e8f8 f6g5 f8f2	2498	crushing endgame exposedKing rookEndgame skewer veryLong	https://lichess.org/MT86Cj0M/black#60
eB61N	r2qk2r/pp4pp/2nbPn2/1Bp5/3pP3/2N5/PPP2PPP/R1BQK2R w KQkq - 2 11	c3d5 d8a5 c1d2 a5b5	1161	advantage fork opening short	https://lichess.org/LqXD0nY3#21
9kjoP	2k2r1r/pbpnqpbp/1p4p1/3Pp3/4P3/2PB1NQ1/PP1N2PP/R4RK1 w - - 6 15	d3b5 e7c5 f3d4 e5d4	1135	advantage fork middlegame short	https://lichess.org/H5VHqe3E#29
gMDPf	3r2k1/5ppp/8/pP6/8/RQ2P1qP/1P4P1/6K1 w - - 1 33	a3a5 g3e1 g1h2 e1a5	1172	crushing endgame fork short	https://lichess.org/mz8Tz2Ml#65
f6UKq	2q1k1r1/R4p2/2p5/1p1bP3/3Q2P1/3P1B2/5P2/6K1 w - - 1 35	f3d5 g8g4 d4g4 c8g4	1134	advantage endgame fork short	https://lichess.org/wo2PJFRV#69
su5D2	r4rk1/pp3pp1/3p4/3Nn3/2P1P3/6P1/PP2BR2/4K3 b - - 0 27	a8c8 d5e7 g8h7 f2h2	982	anastasiaMate endgame fork mate mateIn2 short	https://lichess.org/W8SCx3Sf/black#54
RePLN	r1q5/p1p1r1kp/1p3pp1/5n2/3N1Q2/8/PPP3PP/3R1RK1 b - - 5 24	f5d4 f4f6 g7g8 f6e7	1143	crushing fork middlegame short	https://lichess.org/fN5VQcYG/black#48
O3Cbj	r1q1kb1r/p2bpppp/1p6/nB1P4/Q4B2/2P2N2/P4PPP/R3K2R w KQkq - 2 14	f3e5 c8c3 e1d1 c3a1 f4c1 a1e5	1195	crushing fork long middlegame	https://lichess.org/ughhGGpA#27
7DLOJ	2kr4/1pbq4/p1p4p/2P1R3/1PNp2p1/3P4/P3QPP1/6K1 b - - 0 33	c7e5 c4b6 c8b8 b6d7	1191	crushing endgame fork short	https://lichess.org/kokLDAvo/black#66
0j0TV	8/1p4p1/p1b1R1kp/P1N3p1/1r6/5P2/6PP/6K1 b - - 0 31	g6f5 g2g4 f5f4 c5d3 f4f3 d3b4	1197	crushing endgame fork long	https://lichess.org/70KCNzjS/black#62
GgTxg	r2q2k1/5p2/2p2n1p/p3p1p1/1p2P3/1R3P2/P1P1Q1PP/R5K1 w - - 1 31	a2a3 d8d4 g1f1 d4a1	1135	crushing endgame fork short	https://lichess.org/bBBnnuRa#61
MnO9f	rnbqk2r/pp3ppp/4pn2/3P4/1b1N4/2N5/PP1BPPPP/R2QKB1R b KQkq - 0 7	e6d5 d1a4 b8c6 d4c6	1175	crushing fork opening short	https://lichess.org/9zf6QmaI/black#14
LyxgE	2rk1n1r/1QpR1B2/p4n2/2N1p1q1/P3P1pp/2P5/1P3PPP/4R1K1 b - - 0 20	f8d7 c5e6 d8e7 e6g5	1172	crushing fork middlegame short	https://lichess.org/9Hivihr2/black#40
xlgsC	r4r2/1b4k1/p1q1p1pp/2p1bP2/1pB1N2Q/3P4/1PP1R2P/5RK1 b - - 0 28	e6f5 h4e7 g7h8 e7e5	1177	crushing fork middlegame short	https://lichess.org/LhDbmtwO/black#56
D3aye	rnbq1rk1/1pp2pp1/1p3n1p/4N3/2B1P3/3P4/PPP1Q1PP/R1B1K2R w KQ - 1 12	e1g1 d8d4 g1h1 d4e5	1198	advantage fork opening short	https://lichess.org/qtsOPiJ0#23
jQhZE	5rk1/5p1p/5Rp1/1pp1n2q/4N3/1P3P2/1QP3PP/6K1 w - - 8 29	g2g4 e5f3 f6f3 h5g4 g1f2 g4e4	1132	crushing endgame fork long	https://lichess.org/WUNGPr4q#57
NNjAF	Q3kb1r/2pq1pp1/3p1n1p/4p1N1/4P3/1PN5/1P1P1PPP/2B3K1 b k - 1 16	d7d8 a8d8 e8d8 g5f7 d8e8 f7h8	1458	attraction crushing fork long middlegame	https://lichess.org/fR0Ccrrz/black#32
zQnWd	r6r/pp3pk1/3pp3/q2n3p/3PQ3/P3P1BR/5PP1/R4K2 w - - 2 22	g3d6 a5a6 f1g1 a6d6	1432	advantage fork middlegame short	https://lichess.org/c7wjcaHO#43
D8OlZ	5rk1/8/pp2pq1p/3b2p1/1P4QP/P7/3B1PP1/2R3K1 w - - 0 26	c1c7 f6f2 g1h2 f2d2	1446	crushing endgame fork short	https://lichess.org/cBfcCgI8#51
gjRzl	6k1/p3P1p1/6Pp/3p4/r2Pn3/P4r2/1P3P2/1KR5 b - - 0 36	e4d6 c1c8 d6c8 e7e8q f3f8 e8a4	1492	advancedPawn crushing deflection endgame fork long promotion	https://lichess.org/9InMUXce/black#72
Ujyns	r5k1/5ppp/p7/1p1P4/3nP3/8/PP4PP/R1B3K1 w - - 1 22	c1e3 d4c2 a1c1 c2e3	1405	advantage endgame fork short	https://lichess.org/d4bMtjMg#43
1q4El	r5k1/p6p/6p1/2N5/2p5/4nN1P/PRP1r1P1/5RK1 w - - 3 23	f1f2 e2f2 g1f2 e3d1 f2e2 d1b2	1359	advantage attraction fork long middlegame	https://lichess.org/96bNeyul#45
1HVAi	r5k1/bbpp1pNp/pq6/1p1P4/1P2Q3/P4N2/1B3nPP/R4RK1 w - - 0 21	f1f2 b6f2 g1h1 f2b2 a1e1 b2g7	1448	crushing fork long middlegame	https://lichess.org/YuVTV9e8#41
u6l18	4r1k1/p4ppp/1p6/3n4/3B2r1/P3P3/7P/1R1KN2R w - - 0 27	b1b5 g4d4 e3d4 d5c3 d1d2 c3b5	1487	advantage exposedKing fork long middlegame sacrifice	https://lichess.org/woOXQjdN#53
jGcKG	6rk/8/2b3qp/5P2/1p5Q/2b3PP/4R2K/3R4 b - - 0 43	g6f5 h4h6 f5h7 h6c6	1415	crushing fork middlegame short	https://lichess.org/s9uDExk6/black#86
arRA5	2r1r1k1/5pp1/7p/3N4/1p6/2bR2P1/5PP1/2R3K1 b - - 4 30	c3e1 c1c8 e8c8 d5e7 g8h7 e7c8	1392	attraction crushing endgame fork long	https://lichess.org/9DbjgLgd/black#60
EbVqX	2r5/r1p3R1/2p2p2/p1N1pk1p/8/1P3P2/P1P3PP/6K1 b - - 7 30	c8d8 g2g4 f5f4 c5e6 f4f3 e6d8	1414	advantage endgame fork long	https://lichess.org/yX0XnFdG/black#60
05jmH	3r4/ppp1kp1p/4np2/7R/8/2N5/PPPrRPPP/6K1 w - - 8 21	g1f1 d2e2 f1e2 e6f4 e2e3 f4h5	1406	attraction crushing endgame fork long	https://lichess.org/vwVRdH56#41
Q2ZXU	r1b3k1/1pNnqrpp/p7/4P3/4p3/1Q2P3/PP3PPP/R4RK1 b - - 2 17	a8b8 e5e6 d7e5 e6f7	1388	advancedPawn crushing fork middlegame short	https://lichess.org/6XFqa6KQ/black#34
yJgpm	4r3/pp3k1p/4qnp1/2rp1p2/3B1P2/P3PB1P/5P1K/3Q2R1 b - - 1 27	c5c4 d4f6 e6f6 f3d5 f7g7 d5c4	1475	capturingDefender crushing fork long middlegame	https://lichess.org/1ypU8viN/black#54
bHUVm	rnbq3r/p2pk1pp/2p2n2/1p4N1/4PB2/2PP4/P1P3PP/R2QK2R b KQ - 0 10	h7h6 f4d6 e7d6 g5f7 d6c7 f7d8	1269	advantage attraction fork long middlegame sacrifice	https://lichess.org/m1zPfrsF/black#20
rUrKB	r3k2r/pbq2pbp/1p2p1p1/3n2B1/3N4/8/PPQNBPPP/R4RK1 b kq - 0 14	g7d4 c2a4 b7c6 a4d4	1795	crushing fork middlegame short	https://lichess.org/eQ3gCg5S/black#28
rXrzL	r4rk1/pp2ppbp/3p2p1/q2Pn3/6bP/4BNP1/PPP1QPB1/R3R1K1 w - - 5 18	e2d2 e5f3 g2f3 a5d2 e3d2 g4f3	1727	crushing fork long middlegame	https://lichess.org/C1niKGvU#35
gXsE7	rnbq1rk1/pp1p1p2/2p2n1p/2b1p3/2B1P2P/2NP1Q2/PPP2PP1/R3K1NR b KQ - 1 8	f6h7 f3g3 g8h8 g3e5 d8f6 e5c5	1792	advantage fork long opening	https://lichess.org/nwtAOe8I/black#16
qumYN	3r2k1/p4p1p/1p2pQp1/4B3/2Br4/1P2q2P/6PK/8 b - - 1 28	g8f8 f6h8 f8e7 e5f6 e7d6 h8d8	1799	crushing deflection endgame fork interference long	https://lichess.org/s3uTRKqV/black#56
4pxqH	6k1/1pb5/2P3p1/2q3Pp/3pPp1Q/3P1P1B/r7/1R4K1 b - - 0 38	c5c2 h3e6 g8f8 e6a2	1577	crushing endgame fork master short	https://lichess.org/dTbVznMx/black#76
4YFq6	3r2k1/r1p1n1b1/1p2b1pp/1P2pp2/2P4P/P3pNP1/1B3PB1/2R1R1K1 w - - 0 20	f3e5 e3f2 g1f2 d8d2 f2f1 d2b2	1520	advancedPawn attraction crushing fork long master middlegame	https://lichess.org/bIRR9IJM#39
PcSpL	r1bqkb1r/pp2pp1p/n1p2p2/1B1P4/8/P7/1PP2PPP/R1BQK1NR w KQkq - 0 9	d5c6 d8a5 b2b4 a5b5	1514	advantage fork opening short	https://lichess.org/F4JMHguR#17
71emT	rn2k2r/pb3ppp/4p3/1N1q4/2pP2n1/2P2N2/PPB2PPK/R1BQ1R2 w kq - 1 12	h2h1 d5h5 h1g1 b7f3	1566	advantage discoveredAttack fork opening short	https://lichess.org/zx2M8n89#23
p3j6T	q3r1k1/1b3Bp1/1n1b3p/1pp1N3/5n2/2PP3P/1P3PPN/3QR1K1 b - - 0 19	g8h8 e5g6 f4g6 e1e8 a8e8 f7e8	1537	crushing discoveredAttack fork long middlegame	https://lichess.org/RpZJcgt6/black#38
IuMJU	6k1/1p3p2/2b2Qp1/2K1P3/2B5/q5P1/P7/8 w - - 2 48	c5b6 a3b4 b6c7 b4c4	1594	crushing endgame fork master masterVsMaster short	https://lichess.org/UoWMbSsf#95
TX2iq	8/ppp2p1p/3p2p1/4r1k1/4P3/2P1R1P1/P1P2P1P/6K1 b - - 0 20	f7f5 f2f4 g5f6 f4e5	1642	crushing endgame fork rookEndgame short	https://lichess.org/4evUBy9B/black#40
gFPBY	r6r/p1p3k1/2b1n1p1/1p3p2/4PP2/2PB4/PK5Q/7R w - - 0 29	h2g2 e6f4 g2g5 f4d3	1523	advantage fork middlegame short	https://lichess.org/jFxDFmhs#57
dMGyX	r5k1/5qpp/b1p4r/p1P1P3/1p6/1P3pPB/P1Q4P/3RR1K1 w - - 2 29	e5e6 f3f2 c2f2 f7f2 g1f2 h6h3	1584	advancedPawn advantage fork long master middlegame	https://lichess.org/4x9TP497#57
VKumJ	5k1r/p3bpp1/1pqp4/8/4b1P1/2P1BN2/P1P2PK1/1R1Q1R2 w - - 3 19	f1h1 h8h1 g2h1 e4f3 h1g1 f3d1	1563	attraction crushing fork long middlegame	https://lichess.org/BSNkFhUM#37
sKqfg	r1b1k1nr/1ppp1ppp/1b3qn1/pP6/P7/2N1P1Q1/2P2PPP/R1B1KBNR w KQkq - 1 11	e3e4 b6f2 g3f2 f6c3 f2d2 c3a1	1522	attackingF2F7 crushing deflection fork long opening	https://lichess.org/0DESJAFp#21
BwPiW	6r1/5p1k/3Nb1q1/3pP2p/1Bp5/P4PP1/3Q1KR1/8 w - - 9 48	g2h2 g6g3 f2e3 g3e5 d6e4 d5e4	1847	crushing fork long middlegame	https://lichess.org/kd4IB74A#95
c1xcs	r1bqk2r/pp2npbp/2n1p1p1/1NP5/3pP3/4BP2/PPPQ2PP/2KR1BNR b kq - 1 9	d4e3 d2d8 c6d8 b5c7 e8f8 d1d8	2002	backRankMate deflection fork long mate mateIn3 opening	https://lichess.org/STv21kwi/black#18
Y7h49	r4r2/1q2ppk1/2pp2p1/p3n2p/N3P1bP/8/PPPQBP2/2KR2R1 b - - 1 18	e5f3 e2f3 g4f3 d2c3 g7h7 c3f3	1986	advantage fork long middlegame	https://lichess.org/rYQ3NEzH/black#36
m0l0T	r1bqk2r/pp3ppp/2n1pn2/8/1bBP4/2N2N2/PPQ2PPP/R1B1K2R b KQkq - 0 9	c6d4 f3d4 d8d4 c2a4 c8d7 a4b4	1809	advantage fork long opening	https://lichess.org/QAKOH5sW/black#18
abPvP	2r3k1/pp4pp/1q3R2/8/3pP1Q1/1P6/P1r3PP/5RK1 b - - 0 30	b6c5 g4e6 g8h8 e6c8 c5c8 f6f8 c8f8 f1f8	2018	backRankMate endgame fork mate mateIn4 sacrifice veryLong	https://lichess.org/FmEBjQLQ/black#60
0cvM3	7r/pppb2kB/2n1ppp1/6P1/3PN3/2P1P3/P3KPP1/7R b - - 0 21	h8h7 h1h7 g7h7 e4f6 h7g7 f6d7	1980	advantage attraction endgame fork long	https://lichess.org/dL3lfHDA/black#42
DH7cD	r1b2b1r/pp1pkp2/4n2p/3NQ3/2B1P2P/3P4/P1P1K1P1/7q b - - 3 20	e7d8 e5f6 d8e8 d5c7 e6c7 c4f7	1899	attackingF2F7 discoveredAttack fork long mate mateIn3 middlegame sacrifice	https://lichess.org/Qufyjwvl/black#40
ybFej	2r4r/1b1pkp1p/p6Q/1p2Rp2/2q5/2P2P2/P1P3PP/5R1K b - - 0 20	e7d8 h6b6 c8c7 b6f6 d8c8 f6h8	2076	backRankMate fork long mate mateIn3 middlegame	https://lichess.org/c5LJA7nc/black#40
zp9XR	q1r4k/2Q3p1/7p/4p3/5p1b/pB1R1P2/P5PP/7K w - - 1 38	c7e5 c8e8 e5a1 e8e1 a1e1 h4e1	2003	crushing endgame fork long	https://lichess.org/9ejJ9jJI#75
cAFbC	6r1/1R3Rbk/p5pp/4p2r/P3N3/2P1nP2/1P2QKPq/8 b - - 6 28	e3g2 f7g7 g8g7 e4f6 h7h8 b7b8 g7g8 b8g8	1966	arabianMate fork mate mateIn4 middlegame sacrifice veryLong	https://lichess.org/JTW3MuL2/black#56
upH4s	2r4k/pb1q1p2/5Qpb/1p1N4/8/3R3P/PP3PP1/6K1 b - - 1 25	h6g7 f6h4 h8g8 d5e7 d7e7 h4e7	2070	crushing exposedKing fork long middlegame	https://lichess.org/WVzuCpbM/black#50
FRS8k	4rrk1/pp3pp1/2pp3p/3q3N/3NnP1Q/1P6/P5PP/3R1R1K w - - 1 25	h4g4 d5d4 d1d4 e4f2 h1g1 f2g4	2072	advantage fork kingsideAttack long middlegame sacrifice	https://lichess.org/3QYCeCr9#49
6VYiV	1r4k1/3qbppp/2p1P3/3p1p2/1P6/2r5/P2NQPPP/4RRK1 b - - 0 19	f7e6 e2e5 d7c8 e5c3	2023	advantage fork middlegame short	https://lichess.org/LwOpxt6t/black#38
2vVE7	5r1k/1pp3p1/pb1p1q1p/5r2/3PQn1N/6BP/PP3PP1/2R1R1K1 b - - 9 25	f5h5 e4f4 f6f4 h4g6 h8h7 g6f4	1978	attraction crushing fork long middlegame sacrifice	https://lichess.org/JqItJ6B1/black#50
32aPJ	r2qk2r/ppn1bppp/2p1pn2/3pNP2/3Pb3/2P1N1PB/PP2P2P/R1BQ1RK1 b kq - 2 13	f6d7 e5f7 e8f7 f5e6 f7g8 e6d7	2004	advancedPawn advantage attackingF2F7 attraction discoveredCheck doubleCheck fork long opening	https://lichess.org/7dNKx6bW/black#26
zskCN	3rr1k1/p4ppp/4q3/8/1N6/P2Q2P1/5P1P/1R3K1R w - - 1 25	d3b5 e6e4 b5c6 e4b1	2102	advantage fork middlegame short	https://lichess.org/FFqXU8sN#49
TdV4v	r1b3kr/1p3Rb1/p2pP1Bp/2pPn3/8/2N3P1/PP4PP/5RK1 b - - 2 21	e5g6 f7g7 g8g7 f1f7 g7g8 c3e4 c8e6 d5e6 h8h7 e4f6 g8h8 f7h7	2369	arabianMate attraction exposedKing fork mate mateIn5 middlegame sacrifice veryLong	https://lichess.org/qGYhpasf/black#42
kRcaD	r1q3nr/p1b5/2R2pk1/2pp1nN1/1P4Qp/P1B5/2P2PPP/R5K1 b - - 0 21	d5d4 g5e6 g6f7 c6c7 c8c7 e6c7	2175	crushing discoveredAttack discoveredCheck fork long middlegame	https://lichess.org/Km5aQ9ko/black#42
sJXaP	2q4k/1p4pp/3B3r/pP2r3/P3P1P1/1QP2pRn/5P1K/3R4 w - - 0 30	d6e5 h3f4 h2g1 f4e2 g1f1 h6h1 g3g1 h1g1	2256	discoveredAttack discoveredCheck exposedKing fork hookMate mate mateIn4 middlegame veryLong	https://lichess.org/t2jZzAna#59
yYnc7	4r2k/7p/Q4Npb/1p3p2/8/1BP2q2/PPK2P2/3R4 w - - 2 37	f6e8 f3e4 d1d3 e4e2 c2b1 e2d3 b1a1 d3f1 b3d1 f1d1	2168	backRankMate deflection endgame fork mate mateIn5 veryLong	https://lichess.org/jYz1ABvO#73
wCuJW	1rb1k2r/p4ppp/2p1p3/8/1b1qN3/1P1B1Q2/P1P2PPP/R4RK1 b k - 3 15	e8g8 c2c3 b4c3 e4c3	2122	advantage fork middlegame short	https://lichess.org/Sj3QPJ4I/black#30
kPTmc	1k2r2r/ppp5/3p3p/8/P2q1P2/5BPQ/1P6/R3R1K1 w - - 0 28	g1h2 e8e1 a1e1 d4f2 h3g2 f2e1	2113	advantage attraction fork long middlegame	https://lichess.org/92OHF9rQ#55
KFbEj	3rr1k1/ppq2ppp/8/4n3/1Q6/PbN1B2P/1P4P1/R4RK1 b - - 7 25	e5d3 b4b3 e8e3 c3d5 c7e5 d5e3 e5e3 g1h2	2154	advantage defensiveMove fork middlegame veryLong	https://lichess.org/iejVGP59/black#50
d6LCH	5rk1/p2qn2p/1p2N1pb/2p1n3/2PpN2P/PP1P2P1/5rBK/2B1QR2 w - - 0 28	e6f8 e5f3 h2h1 d7h3 g2h3 f2h2	2220	arabianMate fork long mate mateIn3 middlegame sacrifice	https://lichess.org/0rQmt6jc#55
8qAtD	2r3B1/pb1N1pk1/1p2p2p/n1pp4/7P/qPP1P3/P1Q2P2/1K1R4 b - - 2 29	c8g8 d1g1 g7h8 c2h7 h8h7 d7f6 h7h8 g1g8	2121	arabianMate attraction fork mate mateIn4 middlegame sacrifice veryLong	https://lichess.org/E7H7jPrR/black#58
brdqs	r1b1k1r1/pp3pb1/2n1p2p/1q6/5Q1N/2Pp4/PP1B1PPP/2K1R2R b q - 1 15	e8d7 f4f7 d7d6 f7g8	2124	crushing fork middlegame short	https://lichess.org/ayO7zf05/black#30
00dt1	Q7/8/3B4/2p5/Krkn4/8/8/8 w - - 1 54	a4a3 d4b5 a3a2 b5c3 a2a1 b4b1	2224	arabianMate endgame exposedKing fork long master mate mateIn3	https://lichess.org/AQkAsoMX#107
yITCt	r4rk1/pppbnppp/5q2/3P4/2B5/2P1QP2/PP4PP/R3K1NR w KQ - 3 13	g1e2 f6h4 e3f2 h4c4	2111	advantage fork middlegame short	https://lichess.org/rKPZGJ5z#25
eKCrl	2r2rk1/pp3p2/6pp/2BRb1q1/2Q5/2P4P/PP4P1/5RK1 w - - 1 29	c4b3 c8c5 d5c5 g5e3 g1h1 e3c5	2101	attraction crushing fork long middlegame sacrifice	https://lichess.org/ds21ySNG#57
6S5By	1k1r3r/ppp2p2/2pq4/5QBp/4P1n1/3P4/PPP3PP/RN1R2K1 w - - 1 18	g5d8 d6h2 g1f1 g4e3 f1f2 e3f5	2100	crushing fork long middlegame	https://lichess.org/oUHdvJZm#35
U1ZHX	1r3r2/1b3pk1/2p1pNpp/pp2P3/3PR2Q/1q4P1/3R1P1P/6K1 b - - 6 29	c6c5 h4h6 g7h6 e4h4 h6g5 f6h7 g5f5 h4f4	2400	attraction fork mate mateIn4 middlegame sacrifice veryLong	https://lichess.org/r7AyURfQ/black#58
hZNso	5rk1/3Nq1pp/2P1p3/Q2p1p2/3Pb3/8/5PPP/2R3K1 w - - 0 25	d7f8 e7g5 f2f3 g5e3 g1h1 e3c1 a5e1 c1e1	2478	backRankMate endgame fork mate mateIn4 veryLong	https://lichess.org/R5yRbbsF#49
OY27F	3q1r2/r4p1k/2p2pRp/p1b1pP1Q/2B4B/3Pp2P/1pP5/1K1R4 b - - 3 25	f7g6 h5g6 h7h8 d1g1 e3e2 g6h6 a7h7 h4f6 d8f6 h6f6 f8f6 g1g8	2491	fork mate mateIn5 middlegame operaMate quietMove veryLong	https://lichess.org/LnnuKuJ6/black#50
pRcwa	r6k/4Npp1/1p1Q2pq/3P4/1P2P3/5P2/P3KP2/5R2 w - - 1 28	d6b6 a8a2 e2d3 h6d2 d3c4 a2c2 c4b3 d2d3 b3a4 c2a2	2432	endgame fork mate mateIn5 veryLong	https://lichess.org/zxcVNFE6#55
e37Ed	r1b1kr2/p2p1pQp/1p2p3/q7/1n1Pn3/N7/PP2BPPP/R1B1K1NR w KQq - 1 16	a3c4 b4d3 e1d1 e4f2 d1c2 d3e1 c2b1 a5f5 e2d3 f5d3	2470	deflection discoveredCheck doubleCheck fork mate mateIn5 opening veryLong	https://lichess.org/QjdZK4u3#31
X1kKN	8/1kpn2p1/pp2p2p/2P2p2/PP1K1P2/3N4/6PP/8 b - - 0 34	b7c6 b4b5 a6b5 d3b4 c6b7 c5c6 b7c8 c6d7 c8d7 a4b5	2415	advancedPawn crushing endgame fork knightEndgame veryLong	https://lichess.org/OceDyLkB/black#68
hohnk	r5k1/5pp1/3p4/7p/rP2P3/1Q1RP1qP/6P1/5RK1 w - - 6 29	f1d1 a4a2 d3d2 a2d2 d1d2 g3e1 g1h2 e1d2	2423	attraction crushing endgame fork veryLong	https://lichess.org/avQ5Ldib#57
Mis19	6k1/5p1p/p5p1/2r5/1q3n2/1P3P2/P4QPP/2R3K1 w - - 0 36	f2c5 b4d2 c5c8 g8g7 c8c2 d2c1 c2c1 f4e2 g1f2 e2c1	2411	advantage attraction endgame fork sacrifice veryLong	https://lichess.org/PylWBdQG#71
Hj2EH	r2r2k1/2q1b1p1/p2pnnQ1/2pbp1N1/Pp6/4B3/1PP1NP2/2K3RR b - - 1 26	e6f8 h1h8 g8h8 g5f7 d5f7 g6g7	2419	attraction fork long master masterVsMaster mate mateIn3 middlegame sacrifice	https://lichess.org/mL5eOIID/black#52
nMPxD	5rk1/1R2Qppp/8/5bN1/2r5/3q4/5PPP/4R1K1 b - - 9 28	d3d2 e7f8 g8f8 b7f7 f8g8 e1e8	2443	attraction discoveredAttack fork long mate mateIn3 middlegame sacrifice	https://lichess.org/viFDWO0q/black#56
2ZWa0	3r1r2/2p1pPk1/6p1/ppN3P1/3n4/8/PPP5/2KR3R b - - 0 28	g7f7 d1d4 d8d4 h1f1 f7e8 f1f8 e8f8 c5e6 f8f7 e6d4	2406	attraction crushing endgame fork master sacrifice veryLong	https://lichess.org/5w7ypx3X/black#56
1JZ9s	r1bq1rk1/4bp2/p4n1p/2pp2N1/5Q1B/2N5/PPP1RPPP/R5K1 b - - 0 15	h6g5 f4g5 g8h7 e2e7 d8e7 c3d5 f6d5 g5h5 h7g8 h4e7	2469	advantage deflection discoveredAttack fork middlegame sacrifice veryLong	https://lichess.org/90qCTJnZ/black#30
3qsMv	rnb1k2r/pppp1ppp/1q6/2b1p1B1/4P3/3P1N2/PPP1BnPP/RN2QRK1 w kq - 0 8	f1f2 c5f2 e1f2 b6b2 f2c5 f7f6	2427	advantage fork long opening	https://lichess.org/bAeSJ6Uv#15
fqJeZ	r4rk1/p3R1pp/1pb2p2/5q2/6N1/7P/P1PQ2PK/4R3 b - - 3 26	h7h5 e7g7 g8g7 e1e7 f8f7 e7f7 g7f7 g4h6 f7g6 h6f5	2417	advantage attraction fork middlegame sacrifice veryLong	https://lichess.org/rg3cOFUT/black#52
a3pmP	6k1/p5p1/1p3nNp/4RQ2/1q6/6PP/P4P1K/3r4 b - - 1 35	b4b1 e5e8 f6e8 g6e7 g8h8 f5f8 h8h7 f8g8	2451	endgame fork mate mateIn4 sacrifice veryLong	https://lichess.org/aaVMEhpV/black#70
cS8yf	r1b1r2k/p1n2pp1/2Qb1q2/3p4/N2P1N2/3BP3/1P3PPP/R4RK1 w - - 1 18	f4d5 d6h2 g1h2 f6c6	1128	crushing discoveredAttack master middlegame short	https://lichess.org/ntF3U17L#35
ZJ7FS	3n1rk1/1p3p2/pP2p1p1/2Q1P1Pp/2P1qP1P/3rB3/8/4RRK1 b - - 2 32	d8c6 c5f8 g8f8 e3c5 f8e8 e1e4	1086	attraction crushing discoveredAttack kingsideAttack long middlegame sacrifice	https://lichess.org/wv7pZ6Us/black#64
HxpYq	r4rk1/1p3ppp/1p1p2q1/3B4/4PPn1/2P4b/PP3RPP/R1BQ2K1 w - - 3 19	g2h3 g4e3 d1g4 e3g4	1192	advantage discoveredAttack discoveredCheck kingsideAttack middlegame short	https://lichess.org/FyYGvZKi#37
GuUYz	1r3rk1/p1Qbnpp1/7p/3pP3/3q4/3B4/PP3PPP/R2R2K1 b - - 1 22	b8b2 d3h7 g8h7 d1d4	1141	advantage discoveredAttack middlegame short	https://lichess.org/GhuBcOYe/black#44
IOkYl	r1b1k2r/pp1pbpp1/4p2p/q3n2Q/2p1P3/2PP4/PP1N1PPP/R1B1KBNR w KQkq - 0 11	d2c4 e5d3 f1d3 a5h5	1184	advantage discoveredAttack opening short	https://lichess.org/kyNhuMIi#21
CTISH	4Rb1r/p4n1p/1p4p1/2p1pk2/7B/8/PPP3PP/2K1R3 w - - 4 25	h4e7 f8h6 c1d1 h8e8	1190	crushing discoveredAttack endgame short	https://lichess.org/7fTdFuTI#49
tppV2	5rk1/5pbp/2N1b1p1/8/pQ1B1P2/2P4P/3q2P1/R5K1 b - - 5 31	d2f4 c6e7 g8h8 d4g7 h8g7 b4f4	1175	crushing discoveredAttack long middlegame	https://lichess.org/a7uCiOzY/black#62
pJ1Hk	r3kbnr/1bp2ppp/p3p3/1p6/1n1qP3/2NB4/PP1QKPPP/R1B3NR b kq - 1 10	g8f6 d3b5 a6b5 d2d4	1188	advantage discoveredAttack opening short	https://lichess.org/lw5U0Mdv/black#20
dMPVm	4r1k1/1N1n4/p1p3pb/2Pp3p/PP1Pp1b1/4P1q1/5RP1/1R1NQ1K1 b - - 2 26	g4d1 f2f8 e8f8 e1g3	1155	crushing discoveredAttack master middlegame short	https://lichess.org/zemiRiRq/black#52
OsIHq	4r1k1/1q4pp/6r1/p1p1p3/2PpN3/PP3Q1P/5Pn1/1R2R2K b - - 1 29	e8f8 e4f6 g6f6 f3b7	1179	crushing discoveredAttack middlegame short	https://lichess.org/AmxVrxE7/black#58
MqXuj	r2q1rk1/pbpnnp2/1p2p3/2b1P1B1/4N1P1/P2B3P/1PP2P2/R2QR1K1 b - - 0 17	d7e5 e4f6 g8h8 e1e5	1178	advantage discoveredAttack kingsideAttack middlegame short	https://lichess.org/qJ1TWk1C/black#34
Yspnk	4r3/8/1R6/4p1kp/p3P1p1/Pn4P1/1PK1P1BP/8 w - - 1 40	b6b7 e8c8 c2d3 b3c5 d3c4 c5b7	1172	crushing discoveredAttack discoveredCheck endgame fork long	https://lichess.org/sHvFekYS#79
qcxI0	7r/p6p/1r1bp1k1/2p2qN1/6n1/3PQ3/PPP2PPP/R1B2RK1 w - - 1 21	e3e6 f5e6 g5e6 d6h2 g1h1 b6e6	1190	advantage discoveredAttack long middlegame	https://lichess.org/s8AW31Wc#41
GgCwx	r1b2rk1/ppp2ppp/2n5/2bqp1N1/4N3/3P1Q2/PPP2PPP/R1B1K2R b KQ - 4 9	c6d4 e4f6 g7f6 f3d5	1188	crushing discoveredAttack opening short	https://lichess.org/c6HA3xTJ/black#18
Mbxfo	r2r2k1/1p3p2/p1bb1qp1/3Q4/8/P2B1N1P/1PP2PP1/R4RK1 w - - 4 22	d5d4 d6h2 g1h1 d8d4	1136	advantage discoveredAttack middlegame short	https://lichess.org/GFXWCPGK#43
Ce8yf	r2k1b1r/pp3p1p/2n1BNq1/5pBQ/3p4/2P5/PP4PP/R5K1 b - - 0 19	f7e6 f6h7 g6g5 h5g5	1434	advantage discoveredAttack discoveredCheck master middlegame short	https://lichess.org/tacxF43u/black#38
LDMBw	4rrk1/pp1q1ppp/2pp1b2/4nP2/4PB2/1BQ4P/PPP2P1K/3R1R2 w - - 5 20	f1g1 e5g4 g1g4 f6c3	1349	advantage discoveredAttack middlegame short	https://lichess.org/kV9LbAE0#39
ZuAAs	rn2k2r/p3pp1p/2p2npb/q4bN1/3P4/N1PBP3/P1Q2PPP/R1B1K2R w KQkq - 4 12	a3c4 f5d3 c2d3 a5g5	1345	advantage discoveredAttack middlegame short	https://lichess.org/pVddu2il#23
x3s1P	3rr3/1pq2pkp/5pp1/p3n3/8/P1P2B1P/1PQ2PP1/3RR1K1 w - - 3 21	d1d8 e5f3 g2f3 e8e1 g1g2 c7d8	1378	crushing discoveredAttack kingsideAttack long middlegame	https://lichess.org/hxN9I3xI#41
UNSBm	6k1/1b3r1p/6p1/3p1p2/3P3q/3BP1RP/5Q1K/8 b - - 4 38	f5f4 g3g6 h7g6 f2h4	1442	crushing discoveredAttack endgame short	https://lichess.org/mG3btdGZ/black#76
Yj9Pf	r2qk2r/1p3ppp/5n2/p1b1p3/3nP3/P2Q2P1/1P3PBP/RNB2RK1 w kq - 0 13	c1e3 d4f3 g2f3 d8d3	1309	crushing discoveredAttack opening short	https://lichess.org/Gd564jhH#25
1hdGX	2r3k1/1b3pp1/1p2pn1p/1B2N3/Pq2p3/2b3QP/4R1PB/4R1K1 w - - 1 29	e1c1 c3d4 g1f1 c8c1	1380	crushing discoveredAttack middlegame short	https://lichess.org/xXFgwkwc#57
9eTlj	r5rk/pp3p2/2n1p2B/3pP3/1b1P3Q/7P/1q3PP1/3R1RK1 b - - 2 22	g8g6 h6c1 h8g7 c1b2	1434	crushing discoveredAttack discoveredCheck middlegame short	https://lichess.org/RK7tIE0V/black#44
Qsn9f	3r2k1/1p4p1/p2p1r1p/2pR2q1/2P1R3/1P3P2/P1Q3P1/7K b - - 5 28	f6f5 d5f5 g5f5 e4e8 d8e8 c2f5	1411	crushing discoveredAttack endgame long	https://lichess.org/ffh5ZZvk/black#56
uBhyM	5rk1/2pQ3p/6p1/p2p1n2/3q4/8/P5PP/2R2R1K w - - 0 28	c1c7 f5g3 h2g3 f8f1 h1h2 d4g1 h2h3 g1h1 h3g4 h1h5	1425	discoveredAttack endgame mate mateIn5 veryLong	https://lichess.org/9iVkszSv#55
UQTcd	r2qk2r/p1p2ppp/5n2/1p2pP2/2pnP1b1/1B1P1N2/PPP3PP/R1BQK2R w KQkq - 0 11	d3c4 d4f3 g2f3 d8d1 e1d1 g4f3	1437	attraction crushing discoveredAttack exposedKing long master middlegame	https://lichess.org/ZjeDwawl#21
y7lRW	r2qk1nr/pp1bbBpp/2np4/4pP2/3NP3/8/PPP3PP/RNBQ1RK1 b kq - 0 9	e8f7 d1h5 f7f8 d4e6 d7e6 f5e6 e7f6 h5f7	1336	discoveredAttack discoveredCheck fork mate mateIn4 opening veryLong	https://lichess.org/gzTnD160/black#18
yKsHX	3r2k1/4pp1p/Q5p1/8/3b2P1/2r4P/R1K5/3R4 w - - 2 32	c2b1 d8b8 a2b2 b8b2 b1b2 c3c6 d1d4 c6a6	1486	advantage discoveredAttack discoveredCheck endgame exposedKing veryLong	https://lichess.org/SxHNIgrP#63
fg8bE	r4k1r/1bpq1pN1/pp1p1Q1p/3Nn1p1/2P1P3/1P4PB/Pb3P1P/2R1R1K1 b - - 5 20	d7h3 g7e6 h3e6 f6h8	1467	discoveredAttack mate mateIn2 middlegame pin short	https://lichess.org/vY0xCwdi/black#40
aaxIH	r3r1k1/1p1b2p1/p1n4N/4p2Q/2P1P3/3q4/6PP/5R1K b - - 0 22	g8h7 h6f7 h7g8 h5h8	1305	discoveredAttack discoveredCheck mate mateIn2 middlegame short	https://lichess.org/3hZryG0T/black#44
qj2oH	3rr1k1/5Rpp/2p5/1p6/p2qP3/P1bP4/B5PP/4QR1K b - - 1 28	h7h6 f7d7 g8h8 d7d4 c3e1 d4d8 e8d8 f1e1	1746	crushing discoveredAttack discoveredCheck middlegame veryLong	https://lichess.org/TPwcPDch/black#56
iUvHT	r1bq1rk1/1p4bp/2pp1n2/2PPp3/P3Pp2/BQN2BP1/7P/R4RK1 b - - 0 21	c8h3 d5c6 g8h8 c6b7	1503	advancedPawn advantage discoveredAttack discoveredCheck middlegame short	https://lichess.org/63d8iLHV/black#42
EeU0B	r3q1k1/1pRb1pp1/p6p/3N4/8/8/PP3PPP/3Q2K1 b - - 1 20	e8e6 c7d7 e6d7 d5f6 g7f6 d1d7	1569	advantage attraction discoveredAttack endgame long sacrifice	https://lichess.org/BSNvXV5w/black#40
aUZdo	6k1/1pp3pp/p4p2/4P3/8/2N1Q3/PPqr2PP/5RK1 w - - 1 26	f1f2 c2c1 f2f1 d2g2 g1g2 c1e3	1554	crushing deflection discoveredAttack endgame long	https://lichess.org/HJwvZ1pw#51
EkjC8	r1b2rk1/pp3ppp/2p1pn2/8/2PP4/q2B3Q/3N1PPP/1R2K2R b K - 5 16	e6e5 d3h7 f6h7 h3a3	1648	crushing discoveredAttack middlegame short	https://lichess.org/rrICWLyh/black#32
RYDVY	r6k/pbp1pQbq/2n5/1p3P2/8/3P1N2/PPP2RnP/R1B3K1 w - - 3 23	f2g2 g7d4 f3d4 h7f7	1578	crushing discoveredAttack middlegame short	https://lichess.org/tjcTLKqe#45
0U4gN	3r1rk1/3bRp2/p2p1pp1/1p1P4/8/3B3P/P1P2KP1/4R3 b - - 5 25	f8e8 e7d7 d8d7 e1e8	1501	capturingDefender crushing deflection discoveredAttack endgame short	https://lichess.org/1TZCGpZ8/black#50
HjKPo	1r1r2k1/5pb1/4q1pp/2p5/1n6/4PN2/1B2QPPP/1R3RK1 b - - 1 25	d8d3 b2g7 g8g7 b1b4 c5b4 e2d3	1515	advantage capturingDefender discoveredAttack long middlegame	https://lichess.org/eUAMSXZr/black#50
VLjuf	r2q1bnr/1p2kQp1/2p1P3/p3p3/3p4/2NPB3/PP3P1P/n2K1B1R b - - 1 15	e7d6 c3e4 d6d5 e6e7	1512	advancedPawn discoveredAttack discoveredCheck mate mateIn2 middlegame short	https://lichess.org/oDEc4And/black#30
ZgTRG	r6r/ppk3pp/1q1bb3/2p1Q3/8/2N5/PPP3PP/R1BR2K1 w - - 1 19	e5e6 d6h2 g1h2 b6e6	1549	advantage discoveredAttack master middlegame short	https://lichess.org/0hgpennr#37
yKojr	r3kbnr/pp1b2pp/4pP2/3p4/3q4/2NB4/PP3PPP/R1BQ1RK1 b kq - 0 11	g8f6 d3g6 h7g6 d1d4	1500	crushing discoveredAttack opening short	https://lichess.org/nXf3KBf6/black#22
1MnWE	r2qk1nr/pppbppbp/3p2p1/1B1Pn3/4P3/2N1B3/PPP2PPP/R2QK1NR w KQkq - 1 7	g1f3 e5f3 d1f3 g7c3 b2c3 d7b5	1506	advantage discoveredAttack long opening	https://lichess.org/ZRSguvQq#13
F9s2K	r1b2rk1/pp1p1p1p/4p2B/2p1nP2/2P1P3/1P4R1/P5PP/7K b - - 3 20	g8h8 h6g7 h8g8 g7e5	1741	discoveredAttack discoveredCheck endgame fork mate mateIn2 pillsburysMate short	https://lichess.org/JlXyfAQv/black#40
zipE0	r1bq1rk1/pp2Bppp/2np4/4p3/2B1n3/4NN2/PP2QPPP/R4RK1 b - - 0 12	d8e7 e3d5 e7d8 e2e4	1601	advantage discoveredAttack master middlegame short	https://lichess.org/8J6Pj7GR/black#24
gyTiz	r1bq1rk1/4bppp/2pp2P1/2nn3P/1p6/1P4Q1/1BPP4/1NKR1BNR b - - 0 18	c8f5 g6h7 g8h7 g3g7	1524	advancedPawn attraction discoveredAttack kingsideAttack mate mateIn2 opening short	https://lichess.org/UNKUYNXA/black#36
lMVPY	1r4k1/p4ppp/Q7/1Nq5/Pr3P2/K2R3P/2P3P1/7R w - - 4 27	d3c3 b4c4 a3a2 c4c3 b5c3 c5c3	1861	crushing discoveredAttack discoveredCheck long middlegame	https://lichess.org/q042dNaL#53
dC2kn	6k1/2p3bp/1p1p2p1/4P2n/r1q1N3/5QP1/3B3P/5RK1 b - - 1 24	a4a8 e4f6 h5f6 f3a8	1970	crushing discoveredAttack middlegame short	https://lichess.org/IuqYtERA/black#48
MTN1r	3k3r/b4ppp/p3p3/1p1n4/5B2/1QN2qP1/PP3P1P/3R2K1 w - - 2 23	c3d5 a7f2 g1f1 f2e3 f1e1 f3f2	2032	discoveredAttack discoveredCheck kingsideAttack long mate mateIn3 middlegame	https://lichess.org/mnFmLsb2#45
RA0Cp	6k1/1p2nppp/p2P4/P2p4/1B1Pp1r1/1P2P1Pq/5P2/2R2RK1 b - - 0 30	e7g6 c1c8 g6f8 c8f8 g8f8 d6d7 f8g8 d7d8q	2083	advancedPawn backRankMate discoveredAttack discoveredCheck endgame mate mateIn4 promotion sacrifice veryLong	https://lichess.org/31agVV0d/black#60
062e9	8/4R1pp/5pk1/1ppb4/5PPP/8/2r2B2/6K1 b - - 0 37	c5c4 f4f5 g6h6 f2e3 g7g5 f5g6 h6g6 h4h5	1961	attraction discoveredAttack discoveredCheck enPassant endgame mate mateIn4 veryLong	https://lichess.org/osvRxufn/black#74
ifB44	R1N2k1r/3n1pp1/1p2p2p/3pP3/1npP4/5N2/1P2KPPP/8 b - - 3 25	f8g8 c8b6 g8h7 a8h8 h7h8 b6d7	1977	advantage discoveredAttack discoveredCheck endgame kingsideAttack long	https://lichess.org/XXc6BMSU/black#50
9zvLf	2rq1rk1/1b2bppp/p3pn2/1p2Q3/4N3/2BB4/PPP2PPP/2KRR3 b - - 5 15	b5b4 e4f6 e7f6 d3h7 g8h7 e5h5 h7g8 d1d8	1852	advantage attraction discoveredAttack kingsideAttack middlegame sacrifice veryLong	https://lichess.org/hPDZ0fux/black#30
FfWZw	r4q1k/1p3Br1/p2p3Q/2p1p2N/3nP3/8/PPP5/1K5R b - - 0 28	g7h7 h6f6 f8g7 f6g7 h7g7 h5f6 g7h7 h1h7	2003	arabianMate discoveredAttack discoveredCheck exposedKing mate mateIn4 middlegame veryLong	https://lichess.org/IDWKzbuS/black#56
9WYv3	7r/1B2kpp1/p2R3p/1p2pP2/1B6/nP6/2r3PP/6K1 b - - 2 31	c2c1 d6d1 e7f6 d1c1	1854	crushing discoveredAttack discoveredCheck endgame short	https://lichess.org/c7Q9Cxma/black#62
7CjmG	1r4rk/4p2p/b2p1p1B/3Pn2Q/p3PN2/3PKP2/P1q2NP1/7R b - - 8 26	b8b2 h6g7 g8g7 h5e8 g7g8 h1h7 h8h7 e8h5 h7g7 f4e6	2073	attraction deflection discoveredAttack kingsideAttack mate mateIn5 middlegame sacrifice veryLong	https://lichess.org/Z0VXCzxh/black#52
RNsSj	r2qkb1r/pp2npp1/3p3p/2pNN3/2B1P1b1/3PB3/PPP2P2/R2Q1RK1 b kq - 0 12	g4d1 d5f6 g7f6 c4f7	1999	attackingF2F7 discoveredAttack mate mateIn2 middlegame sacrifice short	https://lichess.org/ePmERcxA/black#24
RQtma	8/1p5p/2bPk1p1/2B2p2/1pP2P2/1P2K1P1/r6P/3R4 b - - 3 31	a2h2 d6d7 c6d7 d1d6 e6e7 d6d2 e7e8 d2h2	1992	advancedPawn clearance crushing discoveredAttack discoveredCheck endgame master veryLong	https://lichess.org/a8VSzyxv/black#62
CrLkM	2r4k/3n2p1/4p1Pn/pp1pP3/3B1qN1/PP1B3Q/6R1/2b3K1 w - - 6 36	g4h6 f4d4 g2f2 c1h6	1813	crushing discoveredAttack hangingPiece middlegame short	https://lichess.org/wjFSk2Jp#71
lcqIo	r1r3k1/1b1n3p/p2pNbp1/qp1P1p2/3NpP2/2P1B3/PP4PP/R2Q1R1K b - - 9 22	d7b6 d4b3 a5a4 e3b6	1909	advantage discoveredAttack middlegame short	https://lichess.org/91Te3CeR/black#44
SFCFu	5r1k/pQ4pp/2n5/4p3/2B1b3/2P4P/PP2NqPK/6R1 w - - 3 22	e2g3 c6d4 b7e4 d4f3 e4f3 f8f3	2073	advantage discoveredAttack long middlegame pin quietMove sacrifice	https://lichess.org/fjLP0eu9#43
ac7ME	3r2k1/pp3p1p/6pQ/5b2/3Np3/1P5P/q1r2PPK/B2R4 b - - 1 31	c2f2 h6g7 g8g7 d4f5 g7g8 d1d8	2291	attraction discoveredAttack discoveredCheck doubleCheck long mate mateIn3 middlegame sacrifice	https://lichess.org/Ei7YLMn6/black#62
G1WCQ	rnbqk2r/ppp2ppp/3b4/8/4n3/1P3N2/P1P1PPPP/RNBQKB1R w KQkq - 1 6	c1b2 e4f2 e1f2 d6g3 h2g3 d8d1	2271	advantage attackingF2F7 attraction discoveredAttack long opening sacrifice	https://lichess.org/bIjKykfF#11
J2bRF	5rk1/1p1n2p1/p3p2N/3pP2Q/8/6P1/PP3qPP/2r2R1K b - - 0 23	g8h8 h6f5 h8g8 f5e7	2107	discoveredAttack discoveredCheck kingsideAttack mate mateIn2 middlegame short	https://lichess.org/fVEPIOxE/black#46
FYF0G	2krr3/1R1b1p1p/B1n5/8/8/P3p1q1/2P1QNP1/5KR1 b - - 0 25	e3f2 b7a7 c8b8 e2b5 b8a7 b5b7	2116	discoveredAttack discoveredCheck exposedKing long mate mateIn3 middlegame sacrifice	https://lichess.org/67DG3srE/black#50
Hz2cu	r2q1rk1/2p1b3/p2p3Q/1p2ppN1/7P/Pb1P4/1P3PP1/R3K2R b KQ - 1 18	e7g5 h6g6 g8h8 h4g5	2109	discoveredAttack discoveredCheck intermezzo kingsideAttack mate mateIn2 middlegame short	https://lichess.org/VsYJYOGp/black#36
eXoby	r1bqk2r/pp1p1p2/1b5p/3Np1p1/1P1nn3/P5B1/2P1NPPP/R2QKB1R w KQkq - 0 13	g3e5 d4f3 g2f3 b6f2	2162	attackingF2F7 discoveredAttack mate mateIn2 middlegame sacrifice short	https://lichess.org/QOnLDk4V#25
WYC4q	2b2rk1/p4pp1/4p2p/8/6Q1/3B2RP/2P2PPK/q7 b - - 5 26	a7a5 c2c3 a1c3 d3h7 g8h7 g3c3	2109	advantage discoveredAttack endgame long quietMove	https://lichess.org/0WI1MHS9/black#52
iXnIh	8/7p/6p1/5p2/1P3P2/6Pk/5KQP/qq6 b - - 3 62	h3g4 g2f3 g4h3 g3g4 h3h4 f3g3	2104	discoveredAttack discoveredCheck endgame long mate mateIn3 queenEndgame	https://lichess.org/jrAuCZHM/black#124
Qog4s	r5k1/p1p3pp/2p3b1/2q1P3/6Q1/2N5/PPP2rPP/R3R1K1 w - - 0 17	c3e4 g6e4 g4e4 f2e2 g1h1 e2e4	2123	advantage attraction discoveredAttack discoveredCheck kingsideAttack long middlegame	https://lichess.org/BSuDafYU#33
i4BRT	r4rk1/1p3ppp/p2q1n2/3n2B1/8/1PpQ4/P1B2PPP/R2R2K1 b - - 3 20	f8d8 g5f6 d6f6 d3h7 g8f8 d1d5	2123	advantage discoveredAttack kingsideAttack long middlegame	https://lichess.org/xXTgYeLY/black#40
dLGMo	2k5/1pp5/p7/2bb1p2/3q1N2/P1P1p1P1/1P5P/R1Q1R2K w - - 0 30	f4d5 d4d5 h1g1 e3e2 c1e3 c5e3	2107	advancedPawn discoveredAttack discoveredCheck endgame long mate mateIn3	https://lichess.org/3ZUVLHre#59
1pfE6	8/8/pR3R1p/5ppk/8/7P/1P2r1PK/r7 b - - 2 34	g5g4 f6f5 h5h4 b6h6	2101	deflection discoveredAttack endgame mate mateIn2 rookEndgame short	https://lichess.org/wnHOTNSf/black#68
O5rYJ	1r6/1bb2pp1/1p4k1/1Pp1p1P1/2P4N/r3B3/4K2R/7R b - - 3 35	g6h7 h4f5 h7g6 f5e7	2156	discoveredAttack discoveredCheck mate mateIn2 middlegame short	https://lichess.org/Y0s09N0K/black#70
djgY9	2bk4/3n1R1R/2p5/p6B/1p1p4/1P2p3/P1P3r1/3K4 w - - 0 39	h5f3 g2g1 d1e2 c8a6 c2c4 b4c3	2121	discoveredAttack discoveredCheck enPassant endgame long mate mateIn3	https://lichess.org/Y2h2pdkw#77
gqdBs	7r/P2b4/1R2pk2/2R5/3P1K2/2P4r/4B3/8 w - - 1 57	b6b8 h8h4 e2g4 h4g4 f4g4 e6e5	2197	discoveredAttack discoveredCheck endgame exposedKing long mate mateIn3 sacrifice	https://lichess.org/qmaCcc86#113
nqkx1	rnbq1r2/pp1nb1pk/2p1pp2/3pP1N1/3P3P/8/PPPNQPP1/R1B1K2R b KQ - 1 10	f6g5 h4g5 h7g8 h1h8 g8h8 e2h5 h8g8 g5g6 d7f6 e5f6 f8f6 h5h7 g8f8 h7h8	2426	attraction discoveredAttack discoveredCheck mate mateIn5 opening sacrifice veryLong	https://lichess.org/8Eivhqld/black#20
iNJr5	r4n1r/2pp1k2/p1b2PpB/1pq1P3/4N2Q/8/PPP3PP/3R3K b - - 13 26	c5c2 e4g5 f7e8 f6f7 e8e7 g5e6 g6g5 h4g5 e7f7 g5f6 f7g8 f6g7	2410	advancedPawn discoveredAttack discoveredCheck epauletteMate mate mateIn5 middlegame veryLong	https://lichess.org/yKKZqUYi/black#52
YHckr	3rr3/1p3k2/p1b2P1p/4n1q1/5R1P/4Q1P1/PPP5/1K2R3 b - - 0 33	e5c4 e3e7 e8e7 f6e7 g5f4 e7d8n	2402	advancedPawn collinearMove crushing discoveredAttack discoveredCheck exposedKing long middlegame promotion sacrifice underPromotion	https://lichess.org/NnwGWFQY/black#66
hWIqV	1RN2k1r/p2p4/7p/2pN1PpB/2PbK1P1/8/4b2P/r7 b - - 17 39	e2c4 c8e7 f8g7 f5f6 d4f6 e7f5 g7h7 d5f6	2460	deflection discoveredAttack discoveredCheck exposedKing mate mateIn4 middlegame veryLong	https://lichess.org/icSJ7LAn/black#78
jCUX6	r4rk1/5ppp/pb6/npp1P3/4QP1N/2P4R/PP1q2PP/R6K b - - 1 22	a8d8 e4h7 g8h7 h4f5 h7g6 f5e7	2416	discoveredAttack discoveredCheck kingsideAttack long mate mateIn3 middlegame sacrifice	https://lichess.org/ToCh1xcH/black#44
HFrOD	r1b3k1/ppp1r3/3q1p1Q/3pn1p1/3P4/2PB2KP/PP4P1/RN3R2 w - - 0 18	f1f6 e5g4 f6d6 e7e3	2419	clearance discoveredAttack discoveredCheck epauletteMate mate mateIn2 middlegame sacrifice short	https://lichess.org/I3qSPJma#35
NvnWb	r1bq2rk/pp3p1p/2n1pPpQ/2p1p3/2B1P2N/3P1R2/PPn1N1PP/6K1 b - - 6 18	c6d4 f3h3 d4e2 g1h1 e2g3 h2g3 d8f6 h6h7 h8h7 h4f5 f6h4 h3h4	2445	defensiveMove discoveredAttack discoveredCheck mate mateIn5 middlegame quietMove sacrifice veryLong	https://lichess.org/YnFkYbi0/black#36
sEIAp	3r1b1k/1p3R1p/1np5/p3P3/P3N2r/1P2p2P/2B4K/6R1 b - - 3 33	f8h6 f7h7 h8h7 e4d6 h4e4 c2e4 h7h8 d6f7	2485	cornerMate discoveredAttack discoveredCheck mate mateIn4 middlegame sacrifice veryLong	https://lichess.org/AYjXbj1P/black#66
6TylV	4Bb2/5R1p/3p3k/3Pp3/4P1P1/5P2/6K1/4q3 b - - 8 37	f8g7 g4g5 h6h5 f7f4 h5g5 f4f5 g5h6 f5h5	2449	discoveredAttack discoveredCheck endgame exposedKing mate mateIn4 operaMate veryLong	https://lichess.org/I0I9t5aB/black#74
OP9Vq	r6r/1p2k3/p2RBq2/2B1n1p1/6n1/2P5/P1P2P1P/1K1R4 b - - 4 24	g4f2 d6a6 e7e8 a6a8 f6d8 d1d8	2406	discoveredAttack discoveredCheck exposedKing interference long mate mateIn3 middlegame pillsburysMate	https://lichess.org/9I2hG8jd/black#48
4fhsJ	r1b1Qbk1/p1p4p/1pnp4/5NB1/3P4/2P1P3/PP3P2/R3KNq1 w Q - 2 20	g5h6 g1f1 e1f1 c8a6 f1g2 a8e8	2454	advantage attraction discoveredAttack long middlegame sacrifice	https://lichess.org/aCWjVh0O#39
CKeTq	8/P1Q3b1/5nk1/8/6p1/2B2p2/1Pq1r1P1/R5K1 w - - 2 33	a7a8q e2e1 a1e1 c2g2	2400	discoveredAttack mate mateIn2 middlegame sacrifice short	https://lichess.org/WjTagXJb#65
FbqVB	r1b2rk1/1p1nq1bp/p2p1p2/2pP2pn/P6B/2NBPN1P/1P3PP1/R2Q1RK1 w - - 0 15	f3g5 f6g5 d1h5 g7c3 h4g5 c3f6	2444	advantage discoveredAttack long opening	https://lichess.org/VeVidz7r#29
YS3Xz	r1b2rk1/pp2QpNp/5npB/8/7q/5P2/P1n4P/R3R1K1 b - - 0 18	c2a1 e7f8 g8f8 g7h5 f8g8 h5f6 h4f6 e1e8	2403	discoveredAttack discoveredCheck kingsideAttack mate mateIn4 middlegame pillsburysMate sacrifice veryLong	https://lichess.org/kJH2JYLp/black#36
XiCZm	Qb6/6pk/6rp/1R6/4Q1P1/4P2q/R4P2/7K w - - 3 40	h1g1 b8h2 g1h1 h2f4 h1g1 h3g4 g1f1 g4d1	2489	discoveredAttack discoveredCheck interference master mate mateIn4 middlegame veryLong	https://lichess.org/4L6dyUKj#79
netiA	4r1k1/1p3ppp/p5q1/2Pp4/3P2n1/1Q3N2/PP4rP/4RRK1 w - - 0 26	g1g2 g4e3 g2h1 g6g2	1154	discoveredCheck doubleCheck fork mate mateIn2 middlegame short	https://lichess.org/W3Kqs0Y7#51
IGREb	2r2rk1/pp1n1p2/4p1PB/3q4/1P1P2Q1/6N1/2p2PP1/5RK1 b - - 0 22	d7f6 g6f7 g8f7 g4g7 f7e8 g7f8	1184	advancedPawn attraction crushing discoveredCheck doubleCheck kingsideAttack long middlegame	https://lichess.org/TTpClvB9/black#44
YSM7V	r4rk1/1p3p1p/p4PP1/2q5/1nP1p3/N3P1Q1/1Bb5/K2R4 b - - 0 33	c2d1 g6h7 g8h7 g3g7	1173	advancedPawn attraction discoveredCheck doubleCheck mate mateIn2 middlegame short	https://lichess.org/sV8857vO/black#66
lMStM	2k4r/pp3pp1/2p1p3/7n/P2PN1n1/1B6/1PPB2R1/4R1Kq w - - 9 29	g1h1 h5g3 h1g1 h8h1	1172	discoveredCheck doubleCheck kingsideAttack mate mateIn2 middlegame short	https://lichess.org/bGylRydp#57
jrDEO	5rk1/Q1p2pp1/4p2p/1N1p4/8/3nPP2/P1qnBKPP/4R2R w - - 3 21	e2d3 d2e4 f2f1 c2f2	1158	discoveredCheck doubleCheck mate mateIn2 middlegame short	https://lichess.org/85zu9vow#41
7ApC8	6k1/ppq1bNpp/4p3/3pP3/3P3P/5BPK/2r5/5Q2 b - - 0 30	g8f7 f3h5 f7g8 f1f7 g8h8 f7e8 e7f8 e8f8	1133	discoveredCheck doubleCheck endgame mate mateIn4 veryLong	https://lichess.org/2APjbln8/black#60
p6YXt	8/6b1/6pk/3Q2qp/3P1N2/4PRnP/PPr5/R1B4K w - - 3 36	h1g1 g3e2 g1f1 g5g1	1176	discoveredCheck doubleCheck mate mateIn2 middlegame short	https://lichess.org/MSgVbeTc#71
GJUmD	r1b2rk1/ppqn1pp1/2p4p/3p4/3P2nB/2NBP1K1/PP2NPP1/R2Q1R2 w - - 3 13	g3g4 d7f6 g4f3 c8g4	1189	discoveredCheck doubleCheck mate mateIn2 middlegame short	https://lichess.org/Rtb2yPfA#25
NHbYu	r4bn1/p1p1q2p/bpn4k/4BQp1/3PP1PP/8/PPP5/RN2K2R b KQ - 0 17	c6e5 h4g5 h6g7 f5h7	1128	discoveredCheck doubleCheck mate mateIn2 middlegame short	https://lichess.org/vAHgbMbJ/black#34
AtDoE	2kr1b2/ppp2N2/2n5/7n/1P1p2q1/P2P2p1/3NPP2/R1BQ1RKB w - - 1 18	f7d8 g3f2 g1f2 g4g3	1175	advancedPawn attraction discoveredCheck doubleCheck kingsideAttack mate mateIn2 middlegame short	https://lichess.org/uuY6ULuE#35
tBwwg	r3qr2/ppR2Nbk/3P2pQ/4pb2/2B1p3/8/P4PPP/5RK1 b - - 0 22	g7h6 f7g5 h7h8 c7h7	1144	discoveredCheck doubleCheck mate mateIn2 middlegame pillsburysMate short	https://lichess.org/JCIA5tiy/black#44
RTHfO	r2q1r2/ppp1bp1k/4b1p1/3nP2P/4Q3/8/PPP2PP1/RNB1K2R b KQ - 0 13	e6f5 h5g6 h7g6 h1h6 g6g7 e4f5	1177	attraction crushing deflection discoveredCheck doubleCheck long middlegame	https://lichess.org/ltAxLDsQ/black#26
fTTOO	2r1qknr/3pb1p1/p4PQp/1p1N4/3P4/P3BR2/1P4PP/R5K1 b - - 0 20	e8g6 f6e7 f8e8 f3f8	1181	advancedPawn discoveredCheck doubleCheck mate mateIn2 middlegame short	https://lichess.org/Q97hJdDE/black#40
oiQJk	1k6/p5p1/1p1q1p1p/1P2n3/4p3/1Q2P2P/P1N2PPK/8 w - - 2 32	c2b4 e5f3 h2h1 d6h2	1170	discoveredCheck doubleCheck endgame mate mateIn2 short	https://lichess.org/oYZTWVEz#63
2L207	rnb1k2r/pp3ppp/1q6/2bp2B1/4n3/5N2/PPP1BPPP/RN2QRK1 b kq - 7 9	e4f2 e2b5 e8f8 e1e8	1157	discoveredCheck doubleCheck mate mateIn2 opening short	https://lichess.org/kXOwe8LH/black#18
cAuhg	4B1k1/b3n1p1/4Np1p/2N2P2/1P4n1/8/3r2PP/1R4RK w - - 4 32	h2h3 g4f2 h1h2 a7b8 e6f4 b8f4 g2g3 f2g4 h2h1 d2h2	1417	discoveredCheck doubleCheck mate mateIn5 middlegame veryLong	https://lichess.org/GwrcDQSs#63
qZjFz	Qr5r/1P1kp3/1Qpp1p2/8/3P4/4P1P1/1R1N1PPp/3q1b1K w - - 0 36	b2b1 f1g2 h1g2 h2h1q	1480	advancedPawn attraction discoveredCheck doubleCheck kingsideAttack mate mateIn2 middlegame promotion short	https://lichess.org/Fg36RhBq#71
a3yLY	Q6k/p1p2prp/1p6/4P2P/3q2N1/6RK/P2r4/8 b - - 1 37	g7g8 a8g8 h8g8 g4f6 g8f8 g3g8 f8e7 g8e8	1428	attraction discoveredCheck doubleCheck endgame hookMate mate mateIn4 sacrifice veryLong	https://lichess.org/vKlq08e9/black#74
sDVW2	2r2rk1/1p3ppp/pqn1p3/3pP3/Q2P1P2/PP6/3NN1PP/2R2RK1 w - - 1 19	b3b4 c6d4 c1c8 d4e2 g1h1 f8c8	1405	advantage discoveredCheck doubleCheck long middlegame	https://lichess.org/uK5AGqfp#37
zZHN8	2R5/1P4R1/8/5k2/2P5/2r5/1r4pK/8 w - - 0 65	b7b8q g2g1q h2g1 c3c1	1393	advancedPawn attraction discoveredCheck doubleCheck endgame mate mateIn2 promotion short	https://lichess.org/Q099R30U#129
UnBWW	5rk1/pp1n1p1p/3p2P1/4p3/1P1bP2q/1B3PRb/P6P/6QK b - - 0 25	d4g1 g6f7 g8h8 g3g8 f8g8 f7g8q	1358	advancedPawn discoveredCheck doubleCheck fork long mate mateIn3 middlegame promotion	https://lichess.org/FWA7DaYc/black#50
Qxqiy	1r4k1/5p1p/1qP1p3/8/2Q1PB2/2Pn2P1/5nBP/R5K1 w - - 2 26	f4b8 f2h3 g1f1 b6f2	1298	discoveredCheck doubleCheck mate mateIn2 middlegame short	https://lichess.org/ODpOZ5Hs#51
O9n26	1n2rk2/5pbQ/2p3p1/4p1N1/4P3/rpN2R2/1Pq3P1/K2R4 w - - 0 29	b2a3 b3b2 a1a2 b2b1q	1435	advancedPawn discoveredCheck doubleCheck mate mateIn2 middlegame promotion short	https://lichess.org/TsgufcDn#57
MBiql	4r2k/5Qp1/3q2Pp/p2pr3/1p6/1P6/P1P5/1K1R3R b - - 11 36	d6e7 h1h6 g7h6 g6g7 h8h7 g7g8q	1438	advancedPawn discoveredCheck doubleCheck endgame long mate mateIn3 promotion sacrifice	https://lichess.org/YfZh2YdX/black#72
EwOXK	2r3k1/4bppp/3p4/3Pp3/4P3/rp6/1PqQN1PP/K2R3R w - - 0 25	b2a3 b3b2 a1a2 b2b1q	1336	advancedPawn discoveredCheck doubleCheck mate mateIn2 middlegame promotion short	https://lichess.org/b2DjV0m4#49
AmTRT	r1r4k/5Qp1/3p2Pp/2qPp3/pp6/5P2/PPP5/1KR4R b - - 0 27	c5c7 h1h6 g7h6 g6g7 h8h7 g7g8q	1434	advancedPawn discoveredCheck doubleCheck endgame kingsideAttack long mate mateIn3 promotion sacrifice	https://lichess.org/jDPeBIJI/black#54
M554M	3q1rk1/3b1p1p/2pp2P1/2nB4/4P3/6R1/P5PP/Q5K1 b - - 0 24	d7e6 g6h7 g8h7 a1g7	1456	advancedPawn attraction discoveredCheck doubleCheck mate mateIn2 middlegame short	https://lichess.org/aAmjM9sH/black#48
Q0bd9	5rk1/ppq5/2pb3p/3p1pp1/3PnP2/2P1B2P/PPQ3P1/R4RK1 w - - 0 24	f4g5 d6h2 g1h1 e4g3 h1h2 g3f1 h2g1 f1e3	1397	crushing discoveredCheck doubleCheck fork middlegame veryLong	https://lichess.org/4XjBu6XE#47
SNRsn	r5nr/1p2kbbp/8/pq1B4/4Ppp1/K1P5/PP4PP/RNBQ3R w - - 0 19	d1b3 b5c5 b3b4 a5b4	1479	crushing discoveredCheck doubleCheck middlegame short	https://lichess.org/Qp7Z4uZh#37
of63q	r7/4kr2/3p1p1B/2p2Q2/4P3/Pp4R1/1Pq5/K5R1 w - - 3 36	g3g2 a8a3 b2a3 b3b2 a1a2 b2b1q	1397	advancedPawn discoveredCheck doubleCheck long mate mateIn3 middlegame promotion sacrifice	https://lichess.org/U2brOApW#71
n7i9N	r1b2rk1/ppp1qppN/2n5/3np3/3PN3/3B4/PP3PPP/R2Q1RK1 b - - 0 13	g8h7 e4f6 h7h6 d1h5	1672	discoveredCheck doubleCheck mate mateIn2 middlegame short	https://lichess.org/YTWvFekk/black#26
wqZag	r1b2rk1/pp2qppp/2n2n2/2b5/N4B2/P3pN2/1PQ2PPP/3RKB1R w K - 0 13	c2c5 e3f2 e1f2 f6e4 f2g1 e4c5	1570	advancedPawn attackingF2F7 attraction crushing discoveredCheck doubleCheck fork long opening	https://lichess.org/z4fJinYA#25
WTGrI	r1b2rk1/pp3pn1/3p1QP1/3qp3/8/1P6/P6K/6R1 b - - 4 34	g7h5 g6f7 g8h7 f6g6 h7h8 g6h5	1551	advancedPawn discoveredCheck doubleCheck fork long mate mateIn3 middlegame	https://lichess.org/9Gah9HIJ/black#68
NpEKC	r3kb1r/pp4p1/2b1p3/2n1P3/2p1P3/2Pp1QNq/PPBB3P/2KR1R2 b kq - 1 20	d3c2 f3f7 e8d8 d2g5 d8c8 d1d8	1529	discoveredCheck doubleCheck exposedKing long mate mateIn3 middlegame operaMate	https://lichess.org/SAQo0sIy/black#40
vXIKy	r2q1rk1/pbp2ppp/1p1np3/4N3/3P1P2/P1PB4/2Q2PPP/R4RK1 b - - 8 15	f7f6 d3h7 g8h8 e5g6 h8h7 g6f8 h7g8 f8e6	1635	crushing discoveredCheck doubleCheck fork middlegame veryLong	https://lichess.org/OjJZnH42/black#30
3Ipmk	7k/p7/2N3p1/7p/2n2P2/q1N3P1/PrPB4/2KR1R2 w - - 1 28	c3b1 b2b1 c1b1 a3b2	1522	attraction discoveredCheck doubleCheck mate mateIn2 middlegame sacrifice short	https://lichess.org/q8cncQgE#55
dGXSr	r5k1/5r1p/5n2/3p4/pBpP4/P5P1/1Pq3KQ/4RR2 w - - 5 34	f1f2 c2f2 g2f2 f6g4 f2g1 g4h2	1542	attraction crushing discoveredCheck doubleCheck fork long middlegame sacrifice	https://lichess.org/jD0W7FjB#67
2oHGq	2r2k1r/pp1pnppp/1q6/8/3nPp2/P1N5/BPP3PP/1R1Q1RK1 w - - 0 17	f1f4 d4e2 g1h1 e2f4	1651	crushing discoveredCheck doubleCheck kingsideAttack middlegame short	https://lichess.org/09QlK8XP#33
AvK7s	r3rnk1/1bp1pp2/p2q2p1/1p1p3Q/3P2NP/2N2P2/PPP1P3/2KR1BR1 b - - 0 17	g6h5 g4f6 g8h8 g1g8	1658	arabianMate discoveredCheck doubleCheck kingsideAttack mate mateIn2 middlegame short	https://lichess.org/ZLPrDDWT/black#34
w5YIq	rn1q3r/pppn2k1/8/1P1Ppp2/7p/B3P1p1/P3BPPK/R2Q1RN1 w - - 0 24	f2g3 h4g3 h2g3 d8h4 g3f3 e5e4	1520	discoveredCheck doubleCheck long mate mateIn3 opening	https://lichess.org/OuLsUuMm#47
Mgw9O	r1b3rk/2q3Q1/2pb1P1P/pp6/3Pp1P1/8/PPP5/2K2R1R b - - 2 25	g8g7 h6g7 h8g8 h1h8 g8f7 g7g8q	1627	advancedPawn discoveredCheck doubleCheck exposedKing kingsideAttack long mate mateIn3 middlegame promotion	https://lichess.org/YiNp3y33/black#50
Wv9nM	r1b1kb1r/ppp2ppp/2n2p2/8/3qN3/8/PPP1QPPP/R3KBNR b KQkq - 1 7	d4b2 e4f6 e8d8 e2e8	1519	discoveredCheck doubleCheck mate mateIn2 opening short	https://lichess.org/kCXi0qGP/black#14
LMPTG	r1b2r1k/1pq4p/p5p1/8/2QPp3/P1P1P1nP/1PBN2Pb/R1B1R2K w - - 3 23	h1h2 g3f1 h2g1 c7h2	1539	discoveredCheck doubleCheck mate mateIn2 middlegame short	https://lichess.org/CU7JJ1H9#45
4Aebn	r4r1k/pp3p2/4N2P/q2p4/5PQ1/1P1n4/5RP1/1K5R b - - 0 31	f8g8 g4g7 g8g7 h6g7 h8g8 h1h8	1505	advancedPawn collinearMove discoveredCheck doubleCheck exposedKing long mate mateIn3 middlegame sacrifice	https://lichess.org/ZqVU0DOU/black#62
qvKV8	r2q1r2/pbpnbkp1/1pn1p1N1/3p1p1Q/3P1P2/2P1P2R/PP1N2PP/R1B3K1 b - - 1 15	d7f6 g6e5 f7g8 h5h8	1588	discoveredCheck doubleCheck mate mateIn2 middlegame short	https://lichess.org/TvhhpxKU/black#30
6Sz3s	4k2r/p5pp/3bp3/4n3/1r5q/4Q3/PP2B1PP/R1B2R1K w k - 3 21	e3a7 h4h2 h1h2 e5f3 h2h3 b4h4	2044	attraction discoveredCheck doubleCheck long mate mateIn3 middlegame pillsburysMate sacrifice	https://lichess.org/zgBwsXLr#41
lXcKM	6k1/1q1r1pp1/7p/8/Q3n3/P5P1/1P3P1P/2RR3K w - - 0 33	a4d7 e4g3 h1g1 b7h1	1960	discoveredCheck doubleCheck endgame mate mateIn2 short	https://lichess.org/C3a3LQ5g#65
PHLOS	r2q1rk1/3b1p1p/pn1p1bpQ/1p1P4/3N1P2/1P5P/PBB3P1/R4RK1 b - - 1 19	f6g7 h6g7 g8g7 d4f5 g7g8 f5h6	2023	attraction discoveredCheck doubleCheck kingsideAttack long mate mateIn3 middlegame sacrifice	https://lichess.org/HViPhlJ7/black#38
Zg1Xr	2rkR3/1pNn2pp/p4p2/2pP1P1b/2B2B2/8/PP4K1/8 b - - 2 25	h5e8 c7e6 d8e7 d5d6 e7f7 e6g5 f7f8 g5h7	1897	discoveredCheck doubleCheck endgame exposedKing mate mateIn4 veryLong	https://lichess.org/BbX8Je2M/black#50
jgDzL	1nb1kb1r/r4ppp/p2q4/3Q4/3N4/2p5/PPP2PPP/R1B1R1K1 b k - 1 14	c8e6 d4e6 d6d5 e6c7 e8d7 c7d5	1979	advantage discoveredCheck doubleCheck long opening sacrifice	https://lichess.org/lKsNLxsD/black#28
am5jV	4R1k1/5pp1/4N3/5PP1/5n2/8/2r4p/5K2 b - - 3 52	g8h7 e6f8 h7h8 f8g6 h8h7 e8h8	1907	discoveredCheck doubleCheck endgame hookMate long mate mateIn3	https://lichess.org/u5BsjSj3/black#104
EVIux	r4rk1/1p1b1pb1/1q1p2p1/2p1nP1n/p3P3/2NBB3/PPPQ3P/1KNR3R w - - 1 18	c3d5 b6b2 b1b2 e5c4 b2b1 c4a3	2018	attraction discoveredCheck doubleCheck long mate mateIn3 middlegame queensideAttack sacrifice	https://lichess.org/HQgFgg63#35
sl0Ub	3r4/7k/p2q1Npp/1p6/1P2p3/P1Q2P1P/6P1/6K1 b - - 1 32	h7g7 f6e8 g7f7 e8d6	1915	crushing discoveredCheck doubleCheck endgame short	https://lichess.org/WVTav3Au/black#64
fxTEG	r5rk/p4p1p/4pPpQ/q6P/1p1P1B2/8/2p1BP2/5K1R b - - 0 26	a5f5 h6h7 h8h7 h5g6 h7g6 h1h6	2035	attraction discoveredCheck doubleCheck kingsideAttack long mate mateIn3 middlegame operaMate sacrifice	https://lichess.org/ns1lpRT0/black#52
9soaN	r5rk/pp4Rp/n1p1bP2/8/4N3/4K1R1/PPP4P/8 b - - 2 25	a8f8 e4g5 g8g7 f6g7 h8g7 g5e6	1989	advancedPawn attraction crushing discoveredCheck doubleCheck long middlegame	https://lichess.org/rG1qAzkR/black#50
EcNIM	5bk1/1bn2p1p/4pQp1/2qp4/1p1N4/3PP1P1/1B3PBP/6K1 b - - 7 33	f8g7 f6g7 g8g7 d4e6 g7g8 e6c5	1911	attraction crushing discoveredCheck doubleCheck kingsideAttack long middlegame sacrifice	https://lichess.org/iPwHcLdg/black#66
Zf4yO	5rk1/1b2q1p1/6BR/2pp4/1p1n2Q1/pP1P2R1/P4PK1/4r3 b - - 2 42	g7h6 g6f7 g8f7 g4g6	1915	attraction discoveredCheck doubleCheck dovetailMate master mate mateIn2 middlegame sacrifice short	https://lichess.org/k2x2AGkq/black#84
nyrdg	6r1/p1p3bk/1pPp3p/1P1PNQn1/6P1/4q2P/P7/5R1K b - - 5 34	h7h8 e5g6 h8h7 g6f8 h7h8 f5h7 g5h7 f8g6	1829	discoveredCheck doubleCheck exposedKing kingsideAttack mate mateIn4 middlegame sacrifice smotheredMate veryLong	https://lichess.org/2j1fYwG5/black#68
bQEXv	3rrk2/p4ppp/6bq/1Ppn4/5Q2/1B3P2/PP5P/R1BK2R1 w - - 0 26	f4h6 d5c3	1933	discoveredCheck doubleCheck mate mateIn1 middlegame oneMove pillsburysMate	https://lichess.org/2iTK48s9#51
ZdCIp	r1bq1r1k/ppp3pp/2np1p2/3N1P1Q/2B1PR2/2P4P/PP4P1/R5K1 b - - 1 20	c6e5 h5h7 h8h7 f4h4 h7g8 d5e7	1812	attraction discoveredCheck doubleCheck kingsideAttack long mate mateIn3 middlegame sacrifice	https://lichess.org/32p1GelN/black#40
Hh1wf	2k2b1r/ppp2ppp/4p1b1/2q3Q1/3N1BP1/1P5P/2P2P2/2KR4 b - - 2 20	h7h6 g5d8 c8d8 d4c6 d8e8 d1d8	2140	attraction discoveredCheck doubleCheck long mate mateIn3 middlegame queensideAttack sacrifice	https://lichess.org/KCpEsY9z/black#40
5fXJw	r4rk1/pp3p1p/2n2Qp1/2bq4/3Np3/2B1P3/PP3PPP/R3R1K1 b - - 1 17	c5e7 f6g7 g8g7 d4f5 g7g8 f5h6	2114	attraction discoveredCheck doubleCheck kingsideAttack long mate mateIn3 middlegame sacrifice	https://lichess.org/5xI7XrnL/black#34
8PFA4	rn2k2r/1b3ppp/p3p3/1pbnN3/3N1B2/5BPq/PPP2P1P/R2Q1RK1 w kq - 3 15	f3g2 h3g2 g1g2 d5f4 g2g1 f4h3	2162	attraction discoveredCheck doubleCheck kingsideAttack long master masterVsMaster mate mateIn3 opening sacrifice	https://lichess.org/ni6YC6nI#29
OhHJu	r3r2k/p2p4/7B/3p3Q/2p1q3/8/P6P/5RK1 b - - 4 34	e8g8 h6g7 h8g7 f1f7	2219	attraction discoveredCheck doubleCheck endgame killBoxMate mate mateIn2 sacrifice short	https://lichess.org/CYH8tdX2/black#68
LzmM8	r3r1k1/1b2qpb1/p5Qp/1p1Np3/1P1n3N/3P4/B4PPP/R3R1K1 b - - 7 23	f7g6 d5f6 g8h8 h4g6	2110	discoveredCheck doubleCheck intermezzo kingsideAttack mate mateIn2 middlegame short	https://lichess.org/woOngYRL/black#46
q35s3	r1bq1rk1/1p1n1p1p/p3pbpQ/3p4/3N2PP/1P1P4/PB1N1P2/R3K2R b KQ - 1 15	f6g7 h6g7 g8g7 d4f5 g7g8 f5h6	2205	attraction discoveredCheck doubleCheck kingsideAttack long mate mateIn3 middlegame sacrifice	https://lichess.org/B6XlqzTa/black#30
WEavY	r3rnk1/5pNp/2pbq3/1p4B1/p2P4/3B4/PPPQ1P1P/1K4Rb b - - 0 19	g8g7 g5f6 g7f6 d2g5	2140	attraction discoveredCheck doubleCheck master mate mateIn2 middlegame sacrifice short	https://lichess.org/yz4kyylQ/black#38
qXGCx	r1bqkb1r/1pp2B1p/p1n2nN1/7Q/3Pp3/8/PPP2PPP/RNB3K1 b kq - 2 11	e8f7 g6e5 f7e6 h5f7 e6d6 e5c4	2215	discoveredCheck doubleCheck exposedKing long mate mateIn3 opening	https://lichess.org/a7SinooH/black#22
1g3Up	r4rk1/p1p2p2/4bNp1/8/2PQ4/qP6/P4nPP/1K5R b - - 1 30	g8g7 f6e8 g7h6 d4h4	2116	discoveredCheck doubleCheck mate mateIn2 middlegame short	https://lichess.org/2sI14rbd/black#60
28Khn	r4rk1/1p2bppp/pq1p4/4pP2/3n1Pn1/2NB4/PPPQ2PP/R1B2RK1 w - - 7 14	c3d5 d4e2 g1h1 b6g1 f1g1 g4f2	2153	discoveredCheck doubleCheck kingsideAttack long mate mateIn3 middlegame sacrifice smotheredMate	https://lichess.org/GC5vP0ek#27
oYnjS	7k/1pRNR3/r4n1p/pb1p4/8/8/1P1n1PpP/6K1 b - - 5 30	f6g8 e7h7 h8h7 d7f8 h7h8 c7h7	2125	attraction discoveredCheck doubleCheck exposedKing long mate mateIn3 middlegame sacrifice	https://lichess.org/hGgAcJVc/black#60
XquBn	r1b2r1k/1p2Npnp/p2p2pQ/7P/2q1P1P1/5P2/1P6/1K3R1R b - - 0 21	c8e6 h6h7 h8h7 h5g6	2118	attraction discoveredCheck doubleCheck kingsideAttack mate mateIn2 middlegame sacrifice short	https://lichess.org/NImsRt8c/black#42
I4seD	r4r1k/1bp3p1/1p5p/p2n1p2/2B1q3/PQ2PNP1/1P3P1P/R4RK1 w - - 4 22	f3d2 e4g2 g1g2 d5f4 g2g1 f4h3	2229	attraction discoveredCheck doubleCheck kingsideAttack long mate mateIn3 middlegame sacrifice	https://lichess.org/rHztOrqD#43
rZhTn	2kr3r/pp3R2/3p2p1/2q5/2QnP3/8/PP4PP/RN4K1 w - - 2 19	b1a3 d4f3 g1f1 f3d2 f1e2 d2c4	2157	crushing discoveredCheck doubleCheck fork long middlegame	https://lichess.org/1jPvgm5f#37
Gi2d7	Nn1k3r/pb1p1B1p/1p6/8/4nP2/8/PPP4P/3R1R1K w - - 1 19	a8b6 e4f2 h1g1 f2h3	2130	discoveredCheck doubleCheck mate mateIn2 middlegame short	https://lichess.org/wCmtklVS#37
EENZ8	2kr1r2/1bp1bR2/pp2P3/6N1/N4B2/3p2K1/PPn4P/2R5 b - - 1 26	e7g5 f7c7 c8b8 c7c8 b8a7 f4b8 a7a8 a4b6	2494	deflection discoveredCheck doubleCheck mate mateIn4 middlegame queensideAttack veryLong	https://lichess.org/ndKOdree/black#52
TYZef	q5k1/p4ppp/8/8/3b4/P1N2nPP/1P3P1K/1R1Q4 w - - 1 25	h2g2 f3e1 g2f1 a8g2 f1e1 g2f2	2423	attackingF2F7 discoveredCheck doubleCheck endgame long mate mateIn3 sacrifice	https://lichess.org/X90MoZT3#49
7rSeg	2r1brk1/1p3p1n/p3p1B1/3pB3/3P4/1K2b2P/PPQ1Nq2/R5R1 b - - 3 23	c8c2 g6f7 g8f7 g1g7	2404	attraction discoveredCheck doubleCheck kingsideAttack mate mateIn2 middlegame operaMate sacrifice short	https://lichess.org/PnqtFkm3/black#46
pzGzZ	8/p5kp/4pRp1/6q1/P1r1b3/4r3/1Q4PP/5RK1 b - - 0 31	c4c2 f6f7 g7h6 f7h7 h6h7 f1f7 h7h6 b2h8	2504	attraction discoveredCheck doubleCheck mate mateIn4 middlegame sacrifice veryLong	https://lichess.org/D13ht7dK/black#62
As3HU	r1bb2rk/2q2p1p/p3pP1Q/1p1pn2B/1PnN1R2/P1P5/6PP/R1B4K b - - 2 28	a8a7 f4h4 e5g6 h6h7 h8h7 h5g6 h7g6 h4h6	2444	attraction discoveredCheck doubleCheck kingsideAttack mate mateIn4 middlegame operaMate quietMove sacrifice veryLong	https://lichess.org/xHPnU5ls/black#56
Mc2y3	5r2/q4pkp/3pN1p1/3Pn2P/r3PR2/4Q3/5RP1/6K1 b - - 2 29	f7e6 h5h6 g7h6 f4h4 h6g7 e3h6 g7h8 h6f8	2451	attraction deflection discoveredCheck doubleCheck mate mateIn4 middlegame veryLong	https://lichess.org/UujuwhrY/black#58
fH0qN	2r2rk1/1b1nbpp1/pqp1p2p/3pN3/3P1N2/3BP3/PPQ2PPP/2RR2K1 b - - 5 20	b6c7 d3h7 g8h8 e5f7 f8f7 f4g6 h8h7 g6f8 h7g8 c2h7 g8f8 h7h8	2457	deflection discoveredCheck doubleCheck kingsideAttack mate mateIn5 middlegame sacrifice veryLong	https://lichess.org/umraxZ2H/black#40
8rGxX	3r2k1/bpp1n1pp/p5q1/1P1pp2n/P3PN2/1QPP3P/1B1N1rP1/R3R1K1 w - - 0 19	f4g6 f2f1 g1h2 a7g1 h2h1 h5g3	2442	discoveredCheck doubleCheck kingsideAttack long mate mateIn3 middlegame	https://lichess.org/y337Xkzq#37
tlKes	5k2/p4pbp/6p1/q4b2/8/4BP2/PPPR2PP/2K1R3 b - - 3 19	a5a2 d2d8 f8e7 e3g5	2405	discoveredCheck doubleCheck endgame mate mateIn2 pillsburysMate short	https://lichess.org/mHKOy5Cl/black#38
a0Mg1	r1b2k1r/b1p2pq1/p2P1n1p/1p5Q/3nN3/1B4Pp/PP3P1N/R1B1R1K1 w - - 1 19	e4f6 g7g3 f2g3 d4e2 g1f1 e2g3	2467	discoveredCheck doubleCheck kingsideAttack long mate mateIn3 middlegame sacrifice	https://lichess.org/Y9uBrmE6#37
m1QiY	4B2k/pp2R1p1/6Qp/2q5/2p3n1/2N3P1/PP3r1P/4R1K1 w - - 1 30	c3a4 f2f1 g1g2 c5g1 g2h3 g4f2 h3h4 g1h2	2406	deflection discoveredCheck doubleCheck mate mateIn4 middlegame veryLong	https://lichess.org/ylfDR9T8#59
Kbg4l	2k4r/p1pR1q2/1pn4p/4N1bP/PP3P2/2P3PQ/8/2K4b b - - 0 31	f7b3 d7d8 c8b7 h3c8	2425	discoveredCheck doubleCheck mate mateIn2 middlegame queensideAttack short	https://lichess.org/jar1xiDG/black#62
9bnFg	1k1r4/1b5R/p3p3/2Q1P1b1/8/8/PP2r1PP/5RK1 w - - 1 32	c5b4 e2g2 g1h1 g2g1 h1g1 g5e3 f1f2 d8d1 b4e1 d1e1	2433	attraction discoveredCheck doubleCheck mate mateIn5 middlegame pillsburysMate pin sacrifice veryLong	https://lichess.org/a6KV1KMS#63
4Wp6B	4r1k1/1b4p1/p3p1r1/1p1n3p/1P1BB3/P5Pq/4QP1P/4RRK1 w - - 6 28	e4g6 h3g2 g1g2 d5f4 g2g1 f4h3	2505	attraction discoveredCheck doubleCheck kingsideAttack long mate mateIn3 middlegame sacrifice	https://lichess.org/OpcQpmsg#55
mxs58	rn2k2N/pb1p2pp/4p3/1p1nP3/3Pq3/2P3P1/P2BBP1P/1R1Q1RK1 w q - 3 17	b1b5 e4g2 g1g2 d5f4 g2g1 f4h3	2461	attraction discoveredCheck doubleCheck kingsideAttack long mate mateIn3 middlegame sacrifice	https://lichess.org/YSHZJAA2#33
Uog4d	4r1k1/1pp2ppp/p4nN1/q2p2B1/3P2P1/1P1Q1P2/2PK3P/6R1 w - - 2 25	d3c3 e8e2 d2e2 a5c3	1167	advantage deflection middlegame short	https://lichess.org/gZOlYssC#49
mbYqU	5r2/ppp1k1p1/7p/4p3/4R3/8/PPP2KPP/RN1r4 w - - 3 20	f2e3 d1e1 e3d3 f8d8 d3c3 e1e4	1164	crushing deflection endgame exposedKing long	https://lichess.org/sruAIZuo#39
eG8ZL	4r3/R4pk1/1p5p/2p2B2/4p1P1/PP2PnqP/1Q6/7K b - - 4 36	g7g8 f5h7 g8h7 a7f7 h7g6 b2g7	1160	attraction deflection endgame long mate mateIn3 sacrifice	https://lichess.org/JX39uGWx/black#72
NnApC	3r2k1/1b2qpb1/p5n1/1pp4R/5BP1/2P1Pp2/PP3P2/1BK4Q b - - 2 29	g6f4 h5h8 g7h8 h1h7 g8f8 h7h8	1198	clearance deflection kingsideAttack long mate mateIn3 middlegame sacrifice	https://lichess.org/BBQpmscZ/black#58
EBgv8	3q2rk/r3pQ1p/4RppB/1p6/1Pp5/5P1P/6P1/6K1 b - - 0 35	d8e8 h6g7 g8g7 f7e8	1144	crushing deflection endgame short	https://lichess.org/s1ruACRb/black#70
73GR3	r1b2k1r/ppp1qpp1/4p3/1Bb1P1p1/8/2P1PQ2/PP4PP/3R1RK1 b - - 6 15	c7c6 d1d8 e7d8 f3f7	1181	deflection mate mateIn2 middlegame sacrifice short	https://lichess.org/Xyjhizjc/black#30
qkDe7	Rr5k/6bp/1P4p1/4pp2/2r5/7P/5PP1/R5K1 b - - 1 30	c4c8 b6b7 b8b7 a8c8	972	advancedPawn crushing deflection endgame master short	https://lichess.org/EvKboSeG/black#60
d5Kvo	5r1k/1p3rp1/pP1p1pQp/2p5/2P1P1RR/3P3P/3q2PK/8 b - - 3 37	d2d3 h4h6 g7h6 g6h6 f7h7 h6f8	1129	deflection endgame kingsideAttack long mate mateIn3 sacrifice	https://lichess.org/70dOQoUF/black#74
kNvup	5rk1/p1p3p1/2p1p2p/3p3Q/4P3/2NP2qP/PPP3P1/R5K1 w - - 1 17	a1f1 g3e3 g1h2 f8f1	1167	crushing deflection endgame kingsideAttack short	https://lichess.org/RrSQb2Je#33
rqDMN	1q3k2/1R2rp2/p5pp/6b1/8/1Q4NP/PP4PK/5R2 b - - 0 36	e7b7 f1f7 b7f7 b3b8	1198	advantage deflection endgame short	https://lichess.org/eAhmeoG8/black#72
RgI3q	4r2k/p5p1/7p/5Q2/q7/7P/P4PP1/3R2K1 w - - 0 26	f5d7 e8e1 d1e1 a4d7	1198	advantage deflection endgame short	https://lichess.org/MRwbb5c7#51
4kB3j	7k/p4r1p/1b1r1p1R/8/n3Q3/2P5/PP2K2P/8 b - - 24 41	a4b2 e4e8 h8g7 h6h7 g7h7 e8f7 h7h6 f7f8	1191	attraction crushing deflection endgame fork veryLong	https://lichess.org/3mstahxg/black#82
RrXjn	3r1r2/ppp2p2/1b3Rkp/4q1pN/2Q5/8/PPP3PP/2K2R2 b - - 5 23	g6h5 g2g4 h5h4 f6h6	1175	deflection mate mateIn2 middlegame short	https://lichess.org/K2LtozvV/black#46
LnZ9v	r7/pp2bkpp/4bn2/2p5/3qNP2/Pn1P4/1P4PP/1RBQ1R1K b - - 6 17	a8d8 e4g5 f7g8 g5e6	1189	crushing deflection middlegame short	https://lichess.org/TaUOjorj/black#34
R4FMf	R7/2r2k1p/6bP/pB2qpp1/P2p1p2/5P1Q/6PK/8 b - - 5 46	e5c5 b5e8 f7e7 e8g6	1051	crushing deflection endgame short	https://lichess.org/lZ5dPAVc/black#92
fLdLC	6k1/7p/3q2p1/p2p1pP1/2pPrR2/2R1P1QP/P5PK/1r6 w - - 2 37	f4e4 b1h1 h2h1 d6g3	1309	crushing deflection endgame short	https://lichess.org/hFdR548u#73
OIJ0Y	r1bk1br1/5p1p/p2p1N2/2p5/Pp2PP1n/6Pq/1PP1B2P/RN1Q1RK1 w - - 1 20	f1f2 g8g3 h2g3 h3g3 g1h1 g3f2	1306	crushing deflection kingsideAttack long middlegame sacrifice	https://lichess.org/KuH8DDw3#39
BQg6l	6k1/pp2R1bp/2pp2p1/8/2PP2b1/1PB3P1/r5BP/6K1 b - - 3 30	c6c5 g2d5 g8f8 e7f7 f8e8 f7g7	1412	advantage deflection endgame long master	https://lichess.org/xVefYQhR/black#60
1C0l6	2k2r1r/pppq2p1/1bn1p3/4p1Bp/Q7/3P2P1/PP2PPBP/2R2RK1 b - - 5 16	c6d4 g2b7 c8b7 a4d7	1414	crushing deflection middlegame queensideAttack short	https://lichess.org/Fxp9fbmG/black#32
e5s5a	r4R2/1ppkq1p1/p1npN3/4p2n/1P2P2r/1BPPP1p1/P5P1/RN1Q2K1 w - - 5 19	f8a8 h4h1 g1h1 e7h4 h1g1 h4h2 g1f1 h2h1 f1e2 h1g2 e2e1 g2f2	1330	attraction deflection kingsideAttack mate mateIn5 middlegame sacrifice veryLong	https://lichess.org/LRZ5QuVw#37
pFBED	4r1k1/p1p1rp1p/3p2pq/8/3Q1PR1/3P3P/P1PK2B1/R7 w - - 2 25	d2c1 e7e1 c1b2 e8b8 b2c3 e1a1	1331	crushing deflection long middlegame queensideAttack	https://lichess.org/NRYymvdK#49
Lkh9D	4r1k1/1pR2p1p/p7/1q1b2Nr/5Q2/P3P1P1/1P3PP1/5RK1 w - - 3 26	f4g4 h5h1 g1h1 b5f1 h1h2 f1g2	1417	attraction deflection kingsideAttack long mate mateIn3 middlegame	https://lichess.org/FffWQpcX#51
pTV8S	r1b2kr1/p1p2p2/1p1q1b2/3P3Q/6p1/1P4N1/P4PPP/3RR1K1 b - - 4 24	g8g5 h5h6 f6g7 h6g5	1324	crushing deflection middlegame short	https://lichess.org/NsR5DdGO/black#48
H5ocg	r4q2/1p1bn2k/pp1p3p/5p2/3P3N/P5QP/BP4P1/4R1K1 b - - 7 26	f8f6 e1e7 f6e7 g3g6 h7h8 g6h6 e7h7 h4g6	1442	deflection mate mateIn4 middlegame sacrifice veryLong	https://lichess.org/Q8ll5TZy/black#52
jazmK	1k1q2nr/1pp3bp/p3Q1p1/4P3/2P4r/4B3/PP2nKPP/RN1R4 b - - 3 19	d8c8 e3a7 b8a7 e6c8	1361	crushing deflection middlegame queensideAttack short	https://lichess.org/JzrKMh2R/black#38
HS82K	3R4/5rkp/p5p1/8/3Q4/2P5/1P5q/K7 b - - 7 43	f7f6 d8d7 g7h6 d4f6 h2g1 a1a2	1400	crushing defensiveMove deflection endgame long	https://lichess.org/jahpJ5w5/black#86
SbGKa	rnbqk2r/1p3ppp/p4n2/2b1p3/2PN4/P4N2/1P2PPPP/R1BQKB1R w KQkq - 0 9	d4b3 c5f2 e1f2 d8d1	1390	attackingF2F7 crushing deflection opening short	https://lichess.org/2ZMUux2l#17
Ql2El	1Q4k1/1p3pp1/4p1n1/3pP3/5PP1/1q1r1N1R/p6K/8 b - - 1 35	g6f8 h3h8 g8h8 b8f8 h8h7 f3g5 h7g6 f8f7 g6h6 f7h5	1377	attraction deflection endgame mate mateIn5 sacrifice veryLong	https://lichess.org/PLKmmqcM/black#70
ImGc2	r1b1k2r/1pp1np2/p7/P3q3/1PB1P1p1/1QP3P1/5P2/3RR1K1 b kq - 2 25	e5h5 c4f7 h5f7 d1d8 e8d8 b3f7	1332	attackingF2F7 crushing deflection fork long middlegame sacrifice	https://lichess.org/HHg3juL5/black#50
cQ4Ys	r1bqkbnr/ppp1ppp1/3p4/4P1p1/8/1B6/PPP2PPP/RNBQK2R b KQkq - 0 8	d6e5 b3f7 e8f7 d1d8	1456	attackingF2F7 crushing deflection opening short	https://lichess.org/KQP8ATIR/black#16
HFGDD	8/2p5/pp6/2PPpk2/1P4p1/P4pK1/5P2/8 b - - 0 72	e5e4 d5d6 c7d6 c5b6	1793	crushing deflection endgame pawnEndgame short	https://lichess.org/yhnxTtlP/black#144
wY4tl	b2q1b1r/p3k1p1/1p1nppnp/8/2BQ4/2P2N2/PP3PPP/R3R1K1 b - - 1 17	d6c4 e1e6 e7e6 d4d8	1780	advantage deflection middlegame short	https://lichess.org/KWsAX4VS/black#34
GrYqi	8/6p1/1p1k2p1/1P2pp2/1KP4P/6P1/5P2/8 w - - 1 43	f2f3 e5e4 f3e4 f5e4 b4c3 d6c5 g3g4 e4e3 c3d3 e3e2 d3e2 c5c4 e2e3 c4b5	1718	advancedPawn crushing deflection endgame pawnEndgame veryLong	https://lichess.org/qS81jHg8#85
YTqIT	r1r3k1/5ppp/p2p1b2/4p2P/bQ2P3/1N2BP2/1qPK4/1N1R2R1 w - - 0 24	b4a4 b2c2 d2e1 f6h4 e1f1 c2d1	1517	crushing deflection long middlegame	https://lichess.org/M3Cpp8Ba#47
sHu4i	6k1/2p1r2p/3pP3/Q2P4/2P5/PP1q2PK/7P/8 b - - 0 45	d3b3 a5a8 g8g7 a8d8 g7f6 d8f8 f6g6 f8e7	1779	crushing deflection endgame veryLong	https://lichess.org/YCqafybs/black#90
Ql5GI	4R3/p4p1k/6pp/5Q2/P7/2P3P1/q2r1P1P/6K1 w - - 0 28	f5f6 d2d1 g1g2 a2d5 f6f3 d1g1 g2g1 d5f3	1585	advantage deflection endgame veryLong	https://lichess.org/Ptwz3NFm#55
s1kZC	8/R3Pk2/8/5PRK/3q4/7P/P7/8 b - - 4 62	d4a7 g5g7 f7g7 e7e8q	1514	advancedPawn crushing deflection endgame promotion queenRookEndgame short	https://lichess.org/x2kzaEqt/black#124
6WnpS	2k3r1/p1pp2q1/1p6/1P2Pr1p/P2pR2P/6P1/2P2PK1/R2Q4 w - - 1 27	a4a5 f5f2 g2f2 g7g3 f2e2 g3g2 e2d3 g8g3 d3c4 g2e4	1591	attraction crushing deflection endgame fork sacrifice veryLong	https://lichess.org/p0DkMMcW#53
NMA2d	rn1qkb1r/pp2pppp/2p5/5b2/2Bn4/2N2N2/PP3PPP/R1BQ1RK1 b kq - 1 9	d4c2 c4f7 e8f7 d1d8	1564	attackingF2F7 crushing deflection opening short	https://lichess.org/44dKlZYr/black#18
3hdDw	5rk1/pq1n1rp1/4Q3/4Pp2/8/1P1R2RP/P4PPK/8 b - - 2 30	d7c5 g3g7 g8g7 d3g3 g7h7 e6g6 h7h8 g6h6 f7h7 h6f8	1545	attraction deflection mate mateIn5 middlegame pin sacrifice veryLong	https://lichess.org/WxJOHhsN/black#60
4Pab3	r4rk1/pp4b1/3p1np1/q2Pp3/4P3/2N4Q/PP3P2/2KR3R b - - 1 19	a8c8 h3e6 f8f7 e6c8	1508	crushing deflection middlegame short	https://lichess.org/RYKDRVzK/black#38
NMfaZ	rn1qkb1r/ppp1p1pp/5n2/3p1b2/4P3/1BN5/PPP2PPP/R1BQK1NR b KQkq - 0 6	d5e4 b3f7 e8f7 d1d8	1505	crushing deflection opening short	https://lichess.org/uaWSEcjE/black#12
5w83H	r1bq1nk1/pp3p1n/2pb3Q/3p4/3P4/2NB1N1P/PPP2PP1/4R1K1 b - - 0 15	d8f6 d3h7 f8h7 e1e8 d6f8 e8f8 h7f8 h6f6	1502	crushing deflection kingsideAttack master middlegame veryLong	https://lichess.org/TJzYDj6G/black#30
aDayk	rnbqk2r/ppp2ppp/5n2/2b5/P3p3/6P1/1PPNPPBP/R1BQK1NR w KQkq - 1 7	d2b3 c5f2 e1f2 d8d1	1542	attackingF2F7 crushing deflection opening short	https://lichess.org/xaCNcl6b#13
BPmos	2q1r1k1/p3rp2/3p2pp/3P1p2/2PQ1P2/1P5P/P4KP1/4RR2 w - - 1 25	d4f6 c8c5 f2g3 e7e1 f1e1 e8e1	1567	crushing deflection endgame long	https://lichess.org/QbtX65BP#49
gPyHD	r6r/2kpQp2/p1q2p2/2B1nP1p/8/5P2/P1P1BK1P/1R6 b - - 6 25	h8e8 c5d6 c6d6 b1b7 c7c6 b7b6 c6b6 e7d6	1911	advantage attraction deflection master middlegame sacrifice veryLong	https://lichess.org/L3c8kv6M/black#50
N5ki4	r7/1p3p2/1ppp3p/rP2p3/P1P1P1kP/4K1P1/R4P2/R7 b - - 1 31	f7f5 f2f3 g4h5 e4f5	1912	crushing deflection endgame rookEndgame short	https://lichess.org/pCcNkkv9/black#62
KGJNl	r1bq1rk1/p4pp1/2p4p/3pB3/3Qn3/8/PPP1BPPP/R4RK1 w - - 4 15	e5g7 c6c5 d4e3 g8g7	1827	advantage deflection middlegame short	https://lichess.org/HYlcRxY7#29
zrJRm	8/8/R7/1p6/1P4P1/Pkp4P/2n5/2K5 w - - 1 46	g4g5 c2d4 a6d6 d4e2 c1d1 c3c2 d1e2 c2c1q	1971	advancedPawn advantage deflection endgame exposedKing promotion quietMove veryLong	https://lichess.org/a2VqllTd#91
37LpS	r6r/1p3pk1/1q2p1b1/1N1p2B1/p2Pn3/8/BKP1QP2/6RR w - - 1 27	b2c1 h8h1 g1h1 e4g5	2056	advantage deflection middlegame short	https://lichess.org/9ViOO0iC#53
xP84q	1k1q3r/pp2b3/5N2/3pPQ2/7r/1P5P/P5K1/2R3N1 b - - 0 32	d8a5 f5c8 h8c8 f6d7 b8a8 c1c8	2044	backRankMate deflection long mate mateIn3 middlegame sacrifice	https://lichess.org/GK5bL9iH/black#64
uuOCY	r5k1/pp3pp1/7p/3p4/3q4/1Q3P2/PPP1r1PP/4RRK1 w - - 4 21	g1h1 d4f2 f1f2 e2e1 f2f1 e1f1	1963	backRankMate deflection endgame long mate mateIn3 sacrifice	https://lichess.org/8kiKW85T#41
bnucS	2r3k1/p5pp/1p2p3/3nP3/2qPQ1N1/2r4P/P5P1/4RRK1 b - - 1 24	c8f8 g4h6 g7h6 e4g4 g8h8 f1f8	2024	clearance deflection kingsideAttack long mate mateIn3 middlegame sacrifice	https://lichess.org/AhIfrNAf/black#48
k4Sxr	1k6/5R2/2PK4/4P3/8/5pr1/7p/8 w - - 2 61	c6c7 b8b7 f7f8 g3g6 e5e6 g6e6 d6e6 b7c7 f8h8 f3f2 h8h2 f2f1q	1940	advancedPawn advantage defensiveMove deflection endgame promotion rookEndgame sacrifice veryLong	https://lichess.org/8WTEXSqJ#121
YdfjD	8/3q2pk/2b2p1p/1pQ5/1P6/2P3BP/4R1PK/3r4 w - - 1 41	e2e7 d1h1 h2h1 d7h3 h1g1 h3g2	1827	attraction deflection endgame long mate mateIn3 pin sacrifice	https://lichess.org/OxpRFyUw#81
7ZOI9	7r/bpkR4/p6n/P3N3/QPB1P3/2P4b/4KPq1/8 b - - 1 32	c7c8 a4c6 b7c6 c4a6 c8b8 e5c6 b8a8 d7a7	2054	arabianMate deflection intermezzo mate mateIn4 middlegame queensideAttack sacrifice veryLong	https://lichess.org/TtpD0Cp6/black#64
rmvwq	r4rk1/1bpp1pp1/p1n3Q1/6B1/3q4/1B6/P4PPP/R3R1K1 b - - 0 21	a8e8 b3f7 f8f7 e1e8	1991	crushing deflection fork middlegame short	https://lichess.org/uBiC9CRH/black#42
G0RuW	1r3r2/p5bk/2p5/3pPb1p/P2P4/2PN2P1/3B2K1/R4R2 w - - 1 30	d3c5 b8b2 f1f2 f5h3 g2h3 f8f2	1982	advantage deflection discoveredAttack long middlegame pin	https://lichess.org/F3q1nZH7#59
VOp3v	6k1/6p1/P1p1q1rp/2Qp4/1P1P1p1n/4p2P/5PPK/R5R1 w - - 0 35	a6a7 g6g2 g1g2 h4f3 h2h1 e6h3 g2h2 h3h2	1814	deflection endgame mate mateIn4 sacrifice veryLong	https://lichess.org/hAPePmpR#69
YAOZd	rn2rk2/pbp2pbQ/1p1p1q1P/6p1/2PP1B2/2P1PP2/P1B2P2/R3K2R b KQ - 0 17	g7h8 f4g5 f6g5 h7h8 f8e7 h8e8 e7e8 h6h7 e8e7 h7h8q	1889	advancedPawn advantage deflection middlegame promotion sacrifice veryLong	https://lichess.org/c4EogRrQ/black#34
4VfQN	7k/3Q2bp/5qp1/2pB4/8/8/Pr4PP/4R1K1 w - - 1 27	e1f1 f6f2 f1f2 b2b1 f2f1 g7d4 g1h1 b1f1	2256	backRankMate collinearMove deflection endgame mate mateIn4 sacrifice veryLong	https://lichess.org/Ojrz85Lb#53
9i2t1	6rk/pp2p2p/2p2r1B/1qP4R/3P3Q/2n5/P5PP/4R1K1 w - - 0 27	h6g5 b5f1 e1f1 c3e2 g1h1 f6f1	2103	backRankMate deflection long mate mateIn3 middlegame sacrifice	https://lichess.org/4seTtaB2#53
BWB2K	3Rnrk1/1p3ppp/2p5/5NQ1/8/1b4P1/5P1P/4qBK1 b - - 5 28	b3c4 g5g7 e8g7 f5h6 g8h8 d8f8	2194	backRankMate deflection long mate mateIn3 middlegame sacrifice	https://lichess.org/pmQhM3B9/black#56
LLbSP	rn1qkb1r/5pp1/p2p3p/1p2p3/4b3/1B3N1P/PPP2PP1/R1BQR1K1 b kq - 1 12	e4b7 f3e5 d6e5 b3f7 e8f7 d1d8	2129	attackingF2F7 crushing deflection long opening	https://lichess.org/Xx6Ex5if/black#24
wmRBf	r2R2k1/p4rpp/1p6/4p3/1P2P1n1/P4Nq1/6P1/3R1QK1 b - - 2 34	a8d8 d1d8 f7f8 f1c4 g8h8 d8f8	2171	backRankMate deflection long mate mateIn3 middlegame	https://lichess.org/iv3Bbp8h/black#68
wXwed	5rk1/pp4pp/2p2q2/3b4/PP3n2/4Q1R1/5PPP/4RBK1 w - - 8 33	e3e5 f4h3 g1h1 h3f2 h1g1 f2h3 g3h3 f6f2 g1h1 f2f1 e1f1 f8f1	2166	clearance deflection kingsideAttack mate mateIn5 middlegame sacrifice veryLong	https://lichess.org/ea5jWyMb#65
q2qaK	8/6pp/3kp3/3pN3/6P1/4PK2/8/8 w - - 3 39	f3f4 g7g5 f4g5 d6e5 g5h6 e5f6	2109	crushing defensiveMove deflection endgame knightEndgame long	https://lichess.org/pExkgOKH#77
EMv7k	r2r2k1/pp3pb1/2p1q1n1/4pNPR/4P3/8/PPP4Q/2K4R b - - 3 29	e6a2 h5h8 g7h8 h2h7 g8f8 h7h8 g6h8 h1h8	2100	clearance deflection kingsideAttack mate mateIn4 middlegame sacrifice veryLong	https://lichess.org/cHn0mDGB/black#58
YPzMr	3rrk2/pbq1bpp1/1p2p2p/2n5/2P5/1PB2N1P/P1Q2PP1/1B1RR1K1 b - - 12 26	d8d1 c3g7 f8g7 c2h7 g7f6 h7h6	2155	attraction deflection long mate mateIn3 middlegame sacrifice	https://lichess.org/nlnvONDO/black#52
hSgUh	2r2rk1/1b1q1p2/p3p2p/1p2B1bQ/7P/3Bp3/PP4P1/R4RK1 b - - 0 23	d7d5 d3h7 g8h7 f1f7 f8f7 h5f7	2146	attraction deflection kingsideAttack long mate mateIn3 middlegame sacrifice	https://lichess.org/7kqBoFXH/black#46
ZoilX	3R4/ppp2rpk/4b2p/5P1Q/2pB4/7P/q5PK/8 b - - 0 25	f7f5 d8h8 h7h8 h5h6 h8g8 h6g7	2113	attraction deflection endgame long mate mateIn3 pin sacrifice	https://lichess.org/5h1xOWoX/black#50
9jL9E	r1b1r1k1/ppq3b1/5nQR/3p2p1/3P4/3BP1P1/PPP2PP1/R3K3 b Q - 0 16	c7f7 h6h8 g8h8 g6f7	2102	advantage deflection kingsideAttack middlegame pin short	https://lichess.org/x1aiUFti/black#32
BAInQ	3K3k/r5p1/1p3r1p/pPnBp3/P1P5/8/3R3P/4R3 w - - 5 51	e1e5 f6f8 e5e8 a7d7 d8c8 f8e8	2159	deflection endgame long mate mateIn3	https://lichess.org/QtTWAYZS#101
Vx2pM	3r4/p2r3p/3P1kp1/1ppq3b/7Q/2P5/PPN3PP/4R1K1 b - - 1 27	d5g5 e1f1 f6g7 h4g5	2144	crushing deflection middlegame short	https://lichess.org/bOiuSsbo/black#54
GPF60	8/pp2Bp2/4p1k1/4Pb1p/1P1PpK2/P3P3/6P1/8 b - - 0 37	g6h6 d4d5 e6d5 f4f5	2208	bishopEndgame crushing deflection endgame short	https://lichess.org/ErgERlAT/black#74
X61nq	4Rrk1/2q2rpp/p4p2/1p1p1N2/1PpP2Q1/P1Pn3P/5PP1/4R1K1 b - - 13 33	d3e1 g4g7 f7g7 f5h6 g8h8 e8f8 g7g8 f8g8	2405	deflection kingsideAttack mate mateIn4 middlegame sacrifice veryLong	https://lichess.org/m0H8IJMK/black#66
v0L94	2r3kr/3Q1p2/3RNRnp/3pn3/2p5/2Pp3P/P3q1P1/2B3K1 b - - 2 29	c8a8 d7f7 e5f7 f6g6 g8h7 g6g7	2402	deflection epauletteMate kingsideAttack long mate mateIn3 middlegame sacrifice	https://lichess.org/sKSWDWBc/black#58
Wp1Gw	r3k2r/pp6/2nBpp2/5qp1/3P2n1/2P2N1p/PP2BPP1/R2Q1RK1 w kq - 0 18	f3e5 f5f2 f1f2 h3h2 g1f1 h2h1q	2482	advancedPawn deflection kingsideAttack long mate mateIn3 middlegame promotion sacrifice	https://lichess.org/Rf8ojOdf#35
Nx6aw	2kr2r1/pp3p2/2qP2p1/2p4p/5P2/2N3QP/PnPR2P1/2R3K1 b - - 1 21	d8d6 c3b5 c6b5 d2d6	2453	advantage deflection middlegame short	https://lichess.org/dXT1t1q4/black#42
b4gqz	1r4k1/2p2pp1/2pq3p/p2p1Q2/3Pn3/2P4P/PPB1RPP1/6K1 b - - 4 26	b8b2 c2e4 b2e2 f5c8 d6f8 e4h7 g8h7 c8f8	2519	advantage clearance deflection endgame kingsideAttack sacrifice veryLong	https://lichess.org/b3wBpbix/black#52
88c7B	8/1Q4pp/4bk2/8/P2P1K2/R3PPPq/7P/8 w - - 9 42	g3g4 g7g5 f4e4 e6f5 e4d5 h3f3	2408	crushing deflection endgame long	https://lichess.org/ToFoz8V4#83
fbWxe	8/8/8/P7/1P2kp2/r4p2/2R2K2/8 b - - 2 49	a3b3 a5a6 b3b4 a6a7 b4a4 c2c4 a4c4 a7a8q	2443	advancedPawn advantage deflection endgame promotion rookEndgame veryLong	https://lichess.org/2ixqqtvz/black#98
slQGp	8/5k1p/6p1/3q1p2/3P4/2Q1R2P/5K2/1r6 b - - 3 30	d5h1 c3c7 f7f8 c7d6 f8g7 e3e7 g7h6 d6f4 g6g5 f4d6 h6h5 e7h7	2526	deflection endgame mate mateIn5 veryLong	https://lichess.org/jDFlYonv/black#60
CXlA6	5r1k/7p/1np1P2p/pp1p3P/3P4/KPP3N1/P4r2/6RR w - - 1 37	e6e7 b5b4 c3b4 b6c4 b3c4 f8f3 a3a4 f2a2	2422	deflection endgame mate mateIn4 sacrifice veryLong	https://lichess.org/PcIoHGDG#73
5BeGI	r1b3kr/pp3qp1/3Q1P1p/8/8/8/PPP3PP/2KRR3 b - - 0 23	f7f6 d6f6 g7f6 d1d8 g8h7 e1e7 h7g6 d8h8	2422	clearance crushing deflection master middlegame veryLong	https://lichess.org/zp7SZ8tD/black#46
d5v3o	5r2/3Q3p/4B1pk/3Pp1q1/4P3/8/6P1/5NK1 w - - 0 34	d7a4 g5f4 a4b5 f4f2 g1h2 f2f1 b5f1 f8f1	2404	advantage deflection endgame veryLong	https://lichess.org/DVVGZMM8#67
UToeY	R7/p3r1q1/1p3pk1/2pQ3p/7K/6P1/P7/8 b - - 10 53	g6h7 d5f5 g7g6 a8h8 h7g7 h8g8 g7g8 f5g6	2462	attraction crushing deflection endgame exposedKing veryLong	https://lichess.org/ZLOcWPbx/black#106
RAhoK	r1b1k2r/ppp2pp1/2p5/8/4P1p1/3PP3/PPP1BKPq/RN1Q1R2 w kq - 2 13	b1d2 h2h4 g2g3 h4h2 f2e1 h2g3 f1f2 h8h2 d2f1 g3f2	2420	attackingF2F7 crushing deflection middlegame veryLong	https://lichess.org/u4zMSQWz#25
cTChr	3r3r/k5p1/1pQ4p/3p2q1/3P1p2/P2BPb2/5PPP/2R2RK1 w - - 3 22	c6a4 a7b8 g2g3 f4g3 f2g3 g5e3 f1f2 e3c1	2406	crushing deflection fork middlegame pin veryLong	https://lichess.org/1oLtko7h#43
34F5y	8/8/p4r2/8/1P1pk1p1/P2R4/3K2P1/8 w - - 10 51	d2e2 f6f2 e2f2 e4d3 a3a4 d3c4 b4b5 a6b5	2408	crushing deflection endgame rookEndgame veryLong	https://lichess.org/dywikY8X#101
Dn28w	r3b1k1/pp2b1p1/1qn1p1P1/3pPr2/1P1P2P1/P1N1P3/4Q3/R3K2R b KQ - 0 19	f5g5 h1h8 g8h8 e2h2 g5h5 h2h5 h8g8 h5h7 g8f8 h7h8	1197	attraction kingsideAttack mate mateIn5 middlegame sacrifice veryLong	https://lichess.org/mONqker8/black#38
AOY53	r2q1rk1/pp4p1/2p3P1/3p2p1/3P4/2PQ3R/P1P3P1/R5K1 b - - 0 20	d8f6 h3h8 g8h8 d3h3 h8g8 h3h7	1142	attraction endgame kingsideAttack long mate mateIn3 sacrifice	https://lichess.org/yyai44zB/black#40
tAZPe	4r1k1/ppp2p2/5b1p/3p2pN/3Pr3/2PQ1NP1/1q1K1P2/4R2R w - - 2 25	d3c2 e4e2 e1e2 e8e2 d2e2 b2c2	1192	attraction collinearMove crushing long middlegame	https://lichess.org/1kf9eazH#49
M4JHU	6k1/1p2q2n/p1bb3p/P2p4/3Pp2r/1QN1P1p1/1P1N2P1/4RRK1 w - - 0 35	c3d5 h4h1 g1h1 e7h4 h1g1 h4h2	1156	attraction kingsideAttack long mate mateIn3 middlegame sacrifice	https://lichess.org/QtdUN6x6#69
S7J8h	b4rk1/1q3ppp/1np1p3/1p2P1B1/1Q2P3/6P1/5PBP/3R2K1 b - - 2 23	b6a4 b4f8 g8f8 d1d8	1169	attraction kingsideAttack mate mateIn2 middlegame pillsburysMate sacrifice short	https://lichess.org/b6IP2VnW/black#46
Ahgt2	4rk2/p1p3pQ/2pp1p2/8/2P5/1P1Br2P/PB4PK/4b3 w - - 1 33	b2f6 e1g3 h2g1 e3e1 d3f1 e1f1 g1f1 e8e1	1189	attraction endgame mate mateIn4 operaMate sacrifice veryLong	https://lichess.org/6eXrAp76#65
JxlFN	r4rkR/1p1b2p1/2q1p1P1/p7/8/2PB1p2/P4P2/1K1Q2R1 b - - 3 24	g8h8 g1h1 h8g8 h1h8 g8h8 d1h1 h8g8 h1h7	1196	attraction mate mateIn4 middlegame sacrifice veryLong	https://lichess.org/uI6BuD95/black#48
NHQez	4rbrk/pp3p1p/5Pp1/2q3B1/3ppR1Q/8/PP2N1PP/7K b - - 1 29	d4d3 h4h7 h8h7 f4h4 f8h6 h4h6	1197	attraction kingsideAttack long mate mateIn3 middlegame operaMate sacrifice	https://lichess.org/JyRnLxgp/black#58
RftaP	1r6/4k1b1/8/2p2pP1/4P3/pP6/2PQ4/1K3R1R w - - 0 37	h1h7 a3a2 b1a2 b8a8 d2a5 a8a5 a2b1 a5a1	1135	advancedPawn attraction endgame mate mateIn4 operaMate veryLong	https://lichess.org/0e14HjhF#73
r6ffA	6k1/p2r3p/4p1p1/3b1p2/N2Rn3/7P/P3QPPK/1r6 w - - 0 33	f2f3 b1h1 h2h1 e4g3 h1h2 g3e2	1181	attraction crushing fork long master middlegame sacrifice	https://lichess.org/fV69icPY#65
V4x7I	2r4r/8/R4p2/1P1k1p2/P2P4/2n1P3/5PPP/2B2RK1 w - - 3 32	c1a3 c3e2 g1h1 h8h2 h1h2 c8h8	1054	anastasiaMate attraction endgame long mate mateIn3 sacrifice	https://lichess.org/eHoDZ0DS#63
2PDU3	r3k2r/1b3ppp/p2b1n2/1p1p4/2pP2q1/PPN1P3/2B2PPP/R1BQK2R w KQkq - 1 14	e1g1 d6h2 g1h2 g4h4 h2g1 f6g4 d1g4 h4g4	1198	advantage attraction kingsideAttack middlegame sacrifice veryLong	https://lichess.org/gfiteK15#27
BNZFH	2r1r1k1/Q4p1p/6p1/3R4/P1q5/8/5PPP/5RK1 w - - 0 24	d5d4 c4f1 g1f1 c8c1 d4d1 c1d1	1197	attraction endgame long mate mateIn3 sacrifice	https://lichess.org/dkmhRjEF#47
7EUUs	r2q1rk1/2b3n1/p5PR/1p1pP3/3R4/P3Qb2/1PP2P2/2K5 b - - 1 26	c7b6 h6h8 g8h8 e3h6 h8g8 h6h7	1192	attraction exposedKing kingsideAttack long mate mateIn3 middlegame sacrifice	https://lichess.org/6Q6yLiQ5/black#52
hq3dl	r2qk2r/1p3pp1/2np2p1/p1p5/2PbPP2/1PN5/PB4PP/1R1Q1RK1 w kq - 3 18	g1h1 h8h2 h1h2 d8h4	1160	attraction kingsideAttack mate mateIn2 middlegame sacrifice short	https://lichess.org/VQeaLmnM#35
demoh	r4r1k/4N1pp/1q1p4/p2Pp1P1/R7/2P4b/1PQ2P2/5BK1 b - - 0 25	h3f1 c2h7 h8h7 a4h4	1453	anastasiaMate attraction master mate mateIn2 middlegame sacrifice short	https://lichess.org/ycXIDCVd/black#50
mrDdX	8/3qbrpk/3p1n1p/p3pN2/Pp2P3/6RQ/1r1B1PPP/3R2K1 b - - 1 26	f6e4 g3g7 f7g7 h3h6 h7g8 h6g7	1300	attraction long mate mateIn3 middlegame sacrifice	https://lichess.org/y6pJo6eK/black#52
oNpW7	r4rk1/2q3p1/p3R1pp/1p1p4/3Pn1PP/NBP5/PP3PK1/3Q1R2 w - - 3 26	b3d5 f8f2 f1f2 c7g3 g2f1 g3f2	1307	attraction long mate mateIn3 middlegame sacrifice	https://lichess.org/lTiF9a75#51
e4nFW	r6r/pp1kp1bp/n2p2p1/1Npq1p2/8/8/PP1BQPPP/1R3RK1 b - - 1 19	a6c7 b5c7 d7c7 e2e7	1365	advantage attraction middlegame short	https://lichess.org/0atKSMcH/black#38
eQHmM	3r1rk1/p1p2ppp/1p6/3N4/1PP1p2n/P3P1P1/4KP2/R6R b - - 0 27	h4f3 d5e7 g8h8 h1h7 h8h7 a1h1 f3h4 h1h4	1315	anastasiaMate attraction endgame kingsideAttack mate mateIn4 sacrifice veryLong	https://lichess.org/ihARSsw7/black#54
tNkqf	r2q1r1k/3bNppp/p1p5/1p1N4/7R/1P3Q2/P4PPP/b5K1 b - - 1 20	c6d5 h4h7 h8h7 f3h5	1441	anastasiaMate attraction kingsideAttack mate mateIn2 middlegame sacrifice short	https://lichess.org/0nYmj2wS/black#40
W2itj	1r4k1/p1R1Qppp/8/8/q7/Pr6/5PPP/4R2K b - - 2 29	b8f8 e7f8 g8f8 c7c8 a4e8 e1e8	1430	attraction endgame long mate mateIn3 sacrifice	https://lichess.org/53HGDxb8/black#58
LUeAD	3r2k1/1R1B1pp1/1p5p/2b1P2P/2b1P3/5PP1/6K1/2B5 w - - 3 36	g2h3 d8d7 b7d7 c4e6 g3g4 e6d7	1480	attraction crushing endgame fork long sacrifice	https://lichess.org/5jtvuY81#71
0HIyU	rn1q1rk1/pp2ppbp/3p1np1/3N4/4P1b1/2B2N2/PPP1BPPP/R2QK2R b KQ - 2 11	f6e4 c3g7 g8g7 d1d4 e4f6 d5f6 e7f6 d4g4	1424	advantage attraction capturingDefender fork opening veryLong	https://lichess.org/VfBHvhtb/black#22
WGDok	1R6/pQkr1p1p/2p2p2/2q1pP1P/6P1/2rP1P2/P5K1/1R6 b - - 4 35	c7d6 b7d7 d6d7 b1b7 d7d6 b8d8	1491	attraction endgame long mate mateIn3 sacrifice	https://lichess.org/JkK2pE3l/black#70
YfZMV	r1b2r1k/1p1pNppp/1pp5/8/4P3/3P2P1/PP1K1PP1/R6R b - - 3 17	f8e8 h1h7 h8h7 a1h1	1436	anastasiaMate attraction endgame kingsideAttack mate mateIn2 sacrifice short	https://lichess.org/aUpr962p/black#34
nXzRQ	r1r5/5p2/p3bpkp/3p4/1P2nNP1/P1p1PK1P/2R5/B7 b - - 2 45	g6g5 h3h4 g5h4 c2h2 h4g5 h2h5	1356	attraction hookMate long mate mateIn3 middlegame	https://lichess.org/Mtg5Rym2/black#90
YitMT	r1q1n1rk/p2n1ppp/2p5/3pb3/N6Q/1BPPBP2/PP3PR1/6RK b - - 2 23	e5f6 h4h7 h8h7 g2h2 f6h4 h2h4	1315	attraction kingsideAttack long mate mateIn3 middlegame sacrifice	https://lichess.org/zqH1nzlD/black#46
8lvEX	r4rk1/pp3ppp/1bbpn3/3Np2R/1PP1P2q/P2BP2P/4Q1P1/R5K1 b - - 6 20	h4g3 d5e7 g8h8 h5h7 h8h7 e2h5	1385	anastasiaMate attraction kingsideAttack long mate mateIn3 middlegame sacrifice	https://lichess.org/PBa2GvXb/black#40
EKXOA	2r5/pkr5/1p2p1QR/3NPp2/3P1Pp1/2P1q3/3n2PP/R6K b - - 0 38	e6d5 a1a7 b7a7 g6b6 a7a8 b6a6 a8b8 h6b6 c7b7 a6b7	1341	attraction mate mateIn5 middlegame sacrifice veryLong	https://lichess.org/2yPUNhT4/black#76
0ArJV	1r3k1r/p1b3p1/3qBn2/1p4B1/8/5Q2/PP3PP1/RN2R1K1 w - - 2 21	g5f6 h8h1 g1h1 d6h2	1755	attraction mate mateIn2 middlegame sacrifice short	https://lichess.org/oXPTkGFx#41
TSrzv	6rk/p2qb2p/1p1p2r1/4p3/2PpNp2/3P3P/PP3QBK/R5R1 w - - 12 30	g2f3 d7h3 h2h3 g6h6 f3h5 h6h5 f2h4 h5h4	1519	attraction mate mateIn4 middlegame operaMate sacrifice veryLong	https://lichess.org/ZvpEyvKZ#59
JYT4R	8/3Q1rk1/8/1p1Pp2q/8/2P2rp1/PP4P1/R4RK1 w - - 1 36	d7h3 f3f1 a1f1 f7f1 g1f1 h5d1	1538	attraction endgame long mate mateIn3	https://lichess.org/Rmu9NEe5#71
vmRU8	r2q1r1k/pp1b1pR1/1n5P/2p1p2P/3pP3/2NP1P2/PPP1N3/1K4QR b - - 2 19	d4c3 g7h7 h8h7 g1g7	1634	attraction kingsideAttack mate mateIn2 middlegame sacrifice short	https://lichess.org/KkSff4VC/black#38
UPU6H	1rbqkb1r/ppp2ppp/8/4Pn2/1nPpQ3/1N3N2/PP2PPPP/R1B1KB1R w KQk - 10 9	b3d4 f5d4 f3d4 d8d4 e4d4 b4c2 e1d1 c2d4	1519	advantage attraction fork opening sacrifice veryLong	https://lichess.org/HBngs4Qz#17
E8T49	r4rk1/1p2pp1p/1p4P1/2p1b3/4N1P1/2P1P3/bP2BP2/R3K2R b KQ - 0 18	f7g6 a1a2 a8a2 e2c4 g8h8 c4a2	1543	advantage attraction fork long middlegame sacrifice	https://lichess.org/Gboyi8Wi/black#36
t6GgB	5rk1/5ppp/3p4/3Nb3/3qP1R1/1P3P2/1P2nPK1/7Q b - - 3 26	d4b2 d5e7 g8h8 h1h7 h8h7 g4h4	1505	anastasiaMate attraction long mate mateIn3 middlegame sacrifice	https://lichess.org/iMpc7nI3/black#52
pnDPI	3rq1k1/pQ5R/7p/4b1p1/4p3/1N4PP/PP4P1/6K1 w - - 4 28	h7h6 d8d1 g1h2 e5g3 h2g3 e8e5 g3g4 e5f4 g4h5 f4h4 h5g6 d1d6 g6f5 h4f4	1548	attraction endgame killBoxMate mate mateIn5 sacrifice veryLong	https://lichess.org/IXbrTuPO#55
jHB62	br3rk1/4Rp2/7p/4Q3/6p1/5NPq/P3PP1P/5RK1 w - - 0 25	f3h4 h3f1 g1f1 b8b1	1591	attraction mate mateIn2 middlegame pillsburysMate sacrifice short	https://lichess.org/Y7DyGDUW#49
vueW2	r1b2r2/1pq2pkp/p1np1np1/4p1Q1/4P3/1NN5/PPP1BPPP/R4RK1 b - - 1 13	h7h6 g5f6 g7f6 c3d5 f6g7 d5c7	1537	attraction crushing fork long middlegame sacrifice	https://lichess.org/iXQJ2Vvi/black#26
5CP5z	r4rk1/3n1ppp/b2qpn2/3p4/pp1P4/2N1PNP1/PP3P1P/R1RQ1BK1 w - - 0 18	c3a4 a6f1 g1f1 d6a6 f1g2 a6a4 d1a4 a8a4	1543	advantage attraction middlegame veryLong	https://lichess.org/6jaoqEPj#35
X8MyO	3r4/R3R1n1/6pk/7p/7P/1P3pP1/P1P2P2/q4BK1 w - - 1 31	e7g7 a1f1 g1f1 d8d1	1505	attraction endgame master masterVsMaster mate mateIn2 sacrifice short superGM	https://lichess.org/CFNFNdp2#61
wIC6l	r3kb1r/pb1R1p1p/1pn1p1p1/1B6/8/2N2P2/PPP2P1P/2KR4 b kq - 1 16	a8b8 d7b7 b8b7 b5c6 e8e7 c6b7	1528	advantage attraction capturingDefender fork long middlegame pin	https://lichess.org/ofENY4oX/black#32
EKQuP	1Q6/1b3pbk/1p4p1/1Pp5/2P1PP2/5rP1/q3R3/5BK1 b - - 3 37	a2b1 e2h2 g7h6 h2h6 h7h6 b8h8	1532	attraction long master mate mateIn3 middlegame sacrifice superGM	https://lichess.org/OswrucJB/black#74
68Piq	r5k1/1b1p3p/1pn3p1/pBp2q2/4N3/3P4/PPP3PP/R3Q1K1 b - - 1 19	f5e6 b5c4 d7d5 c4d5 e6d5 e4f6 g8f7 f6d5	1502	attraction crushing fork middlegame pin sacrifice veryLong	https://lichess.org/wRVA1h9R/black#38
atyp9	5rk1/6pR/2p3p1/1p6/6Q1/3P4/rqP3RK/5q2 b - - 0 28	b2c2 h7g7 g8h8 g7h7 h8h7 g4g6 h7h8 g6g7	1944	attraction mate mateIn4 middlegame sacrifice veryLong	https://lichess.org/HLdnTKC3/black#56
7YXrV	2r1qrk1/1b2b3/1p2pn1Q/p1ppB3/3P1P2/2P1PR2/PP4PP/R5K1 b - - 4 20	e8h5 f3g3 g8f7 g3g7 f7e8 g7e7 e8e7 e5f6 f8f6 h6h5	2082	attraction capturingDefender crushing exposedKing kingsideAttack middlegame veryLong	https://lichess.org/DJGUSoGJ/black#40
9nPpJ	2Q5/8/1p1k4/2p3P1/2K2P2/r7/2P5/r7 w - - 0 50	g5g6 b6b5 c4b5 a1b1 b5c4 b1b4	1936	attraction endgame long mate mateIn3 queenRookEndgame	https://lichess.org/uynEluFS#99
7mJsh	5r1k/Q5bp/6p1/3Bnp2/P7/2P1BKP1/5P1q/R6R w - - 4 26	f3f4 g6g5 f4g5 g7h6	2043	attraction mate mateIn2 middlegame short	https://lichess.org/hbuvxZhq#51
bIe3n	1R6/3p1k1p/2bQp1pq/2p1Pp2/2P5/2P2N1P/2P2PP1/r5K1 w - - 5 29	g1h2 h6f4 g2g3 a1h1 h2h1 f4f3 h1g1 f3g2	1854	attraction endgame mate mateIn4 sacrifice veryLong	https://lichess.org/U2wRAGkr#57
HdxPz	2kr1r2/pp5R/6pn/8/3B1q2/2P5/P3Q2P/R5K1 b - - 2 23	d8e8 e2c4 c8b8 h7b7 b8b7 a1b1 b7a8 c4c6	1951	attraction mate mateIn4 middlegame sacrifice veryLong	https://lichess.org/GDyYU3wp/black#46
5uDSr	4r3/pR6/6pk/3P4/1P4R1/5p2/r2P1P2/3K4 w - - 1 34	g4f4 e8e1 d1e1 a2a1	2077	attraction endgame mate mateIn2 rookEndgame sacrifice short	https://lichess.org/lHnU7Ldg#67
POpiV	2r3rk/3R2pp/5p2/q4P2/1p2P3/1P3P2/1P4QP/1K1R4 w - - 3 35	d1d5 a5a1 b1a1 c8c1 a1a2 g8a8 d7a7 a8a7 d5a5 a7a5	2081	attraction endgame mate mateIn5 queensideAttack sacrifice veryLong	https://lichess.org/KsiOpSUk#69
NrfzT	r2q2rk/5Rbp/3p4/3Pp2Q/6R1/4P2P/6PK/8 b - - 10 34	d8e8 g4h4 g7h6 f7h7 h8h7 h5h6	1941	attraction long mate mateIn3 middlegame quietMove	https://lichess.org/iHmmIpxe/black#68
s0NUk	8/4kpp1/8/1KQ4p/1PP1B3/q1b2P2/6PP/4r3 b - - 5 37	e7f6 c5d6 f6g5 h2h4 g5h4 d6f4	1927	attraction endgame exposedKing long mate mateIn3	https://lichess.org/f96MwIOz/black#74
u2sqR	4r1k1/p1p2ppp/4b3/8/8/2N1Q1Pq/PP3P1P/RN3RK1 w - - 0 21	e3a7 h3f1 g1f1 e6h3 f1g1 e8e1	2002	attraction long mate mateIn3 middlegame pillsburysMate sacrifice	https://lichess.org/1SBWe6yt#41
HTsP3	rkbQ2nr/1p1pR2p/p7/3N2q1/4P3/4P3/P1Pn2PP/1R4K1 b - - 4 20	g8e7 b1b7 b8b7 d8b6	1897	attraction mate mateIn2 middlegame pin queensideAttack sacrifice short swallowstailMate	https://lichess.org/fXMKtVDA/black#40
rpUbV	rnbq2kr/pp3ppN/4p3/3p4/3p4/2NR2Q1/PPP2PP1/2K4R b - - 0 15	d4c3 g3g7 g8g7 d3g3 d8g5 g3g5	1979	attraction epauletteMate kingsideAttack long mate mateIn3 middlegame sacrifice	https://lichess.org/Sbsfzw7R/black#30
csmbl	6k1/4bppp/3pp3/6P1/Q2P1B1P/P5P1/4r3/1qR3K1 b - - 2 30	b1e4 c1c8 e7f8 c8f8 g8f8 f4d6 f8g8 a4e8	2018	attraction endgame mate mateIn4 sacrifice veryLong	https://lichess.org/17Z9UlqQ/black#60
rVtUs	7R/4kp2/3p1p2/2nPpP2/1p2P3/qBr5/PN6/1K4Q1 w - - 7 41	g1g8 a3b2 b1b2 c5d3 b2a1 c3c1	1919	attraction long mate mateIn3 middlegame queensideAttack sacrifice	https://lichess.org/boUS6CDO#81
kgueb	2k3r1/pp6/3pP3/8/3nPr1N/P7/1P1N1PP1/R4RK1 w - - 1 27	h4f3 d4e2 g1h1 g8h8 f3h2 h8h2 h1h2 f4h4	2167	anastasiaMate attraction mate mateIn4 middlegame sacrifice veryLong	https://lichess.org/sTREK8aA#53
nwu0B	r7/pp4kp/2p1Q1p1/5p2/5q2/5PRP/Pb5K/3R4 b - - 1 28	b2e5 d1d7 g7h8 d7h7 h8h7 e6g6 h7h8 g6h5 f4h6 h5h6	2113	attraction endgame mate mateIn5 sacrifice veryLong	https://lichess.org/QsvUB7ve/black#56
2DeLB	rn2kbnr/pp2pppp/1qp5/3p1b2/3P1B2/3BP3/PPP2PPP/RNQ1K1NR b KQkq - 4 5	b6a5 b2b4 a5b4 c2c3 b4a5 d3f5	2112	advantage attraction defensiveMove intermezzo long opening	https://lichess.org/4tEDTuEO/black#10
VYiZn	r4rk1/pbp2pP1/1p2p3/6BQ/7P/3q4/PP3PP1/n5KR b - - 0 20	g8g7 g5f6 g7f6 h5g5	2208	attraction dovetailMate mate mateIn2 middlegame sacrifice short	https://lichess.org/gsBSDDFU/black#40
Lbojp	6Bk/pp2p2p/5p2/3PpP2/5pQ1/5K2/PP1q4/R7 w - - 0 37	a1h1 e5e4 f3e4 d2e3	2235	attraction endgame mate mateIn2 short	https://lichess.org/bxVeHMbO#73
zUGGO	r2qk1nr/p4ppp/b1p5/2b1p3/8/P6P/1PPP1PP1/RNBQK1NR w KQkq - 1 8	b1c3 c5f2 e1f2 d8d4 f2e1 d4h4 g2g3 h4g3	2180	attackingF2F7 attraction mate mateIn4 opening sacrifice veryLong	https://lichess.org/n70PzmJS#15
ge644	1rr2k2/4qpR1/p2pbn2/3B4/1Pp5/2Q1P3/1B3P1P/2K3R1 b - - 0 24	e6d5 g7g8 f6g8 g1g8 f8g8 c3g7	2212	attraction long mate mateIn3 middlegame sacrifice	https://lichess.org/duKyGFIw/black#48
rLBkP	r2qr1k1/5pp1/2pp1n2/1pb2PP1/p3P3/P1P2Q2/BP3PP1/R3K2R b KQ - 0 18	f6e4 h1h8 g8h8 f3h5 h8g8 h5f7 g8h8 f7h5	2166	attraction kingsideAttack mate mateIn4 middlegame sacrifice veryLong	https://lichess.org/YJsk0POM/black#36
6RJoQ	1r4k1/5pp1/b4B2/3p4/K1r5/P2n1Q1P/5P2/6RR w - - 3 32	a4a5 c4a4 a5a4 d3c5 a4a5 b8b5	2190	attraction long mate mateIn3 middlegame operaMate sacrifice vukovicMate	https://lichess.org/wA2rM1Or#63
yd1MT	6kR/1pq3p1/3prpB1/p2r2p1/P7/2P1p3/1P2K3/1Q4R1 b - - 3 35	g8h8 g1h1 h8g8 h1h8 g8h8 b1h1 h8g8 h1h7 g8f8 h7h8 f8e7 h8e8	2177	attraction endgame mate mateIn5 sacrifice veryLong	https://lichess.org/24cBUpqO/black#70
HrmHp	r1b2rk1/pp1nb1p1/1q2p3/3pP1PQ/5B2/2P5/PP3PP1/R3K2R b KQ - 0 16	f8f4 h5h8 g8f7 g5g6 f7g6 h8h5	2109	attraction kingsideAttack long mate mateIn3 middlegame	https://lichess.org/Kk6xxWMW/black#32
WKZQF	5r1k/1p2R3/p1b2BR1/2p2Pp1/2P2qN1/1P1P4/P5PP/6K1 b - - 0 29	f8f6 e7h7 h8h7 g4f6 h7h8 g6g8	2159	arabianMate attraction endgame exposedKing intermezzo long mate mateIn3	https://lichess.org/u6nlfUOr/black#58
1kums	2r2b1k/3q2p1/p2p2Rp/3P4/4QPN1/2r5/P6P/K5R1 b - - 2 30	d7b5 g6h6 g7h6 e4h7 h8h7 g4f6 h7h8 g1g8	2103	arabianMate attraction clearance mate mateIn4 middlegame sacrifice veryLong	https://lichess.org/36I25jtb/black#60
F36bQ	3r1rk1/pp3p2/2p2bB1/q5Np/6bP/2P3P1/PPQR1P2/1K5R b - - 0 19	d8d2 g6f7 f8f7 c2g6 f6g7 g6f7 g8h8 f7e8 g7f8 e8f8	2138	attraction kingsideAttack mate mateIn5 middlegame sacrifice veryLong	https://lichess.org/UsySmJ70/black#38
NyJa8	rnbq1r2/pppnb1pk/4p3/3pP1P1/3P4/8/PPPN1PP1/R1BQK2R b KQ - 0 10	h7g8 h1h8 g8h8 d1h5 h8g8 g5g6 d7f6 e5f6 f8f6 h5h7 g8f8 h7h8	2125	attraction kingsideAttack mate mateIn5 opening sacrifice veryLong	https://lichess.org/HGPs1viP/black#20
A7Ozz	2r3k1/q5p1/p7/5R2/2n4R/1Q3P1K/P1B1r3/8 b - - 4 38	a7g1 b3c4 c8c4 h4h8 g8h8 f5f8	2425	attraction long mate mateIn3 middlegame pillsburysMate sacrifice	https://lichess.org/S00lcSUi/black#76
4kTFA	4q3/5Ppk/3Q3p/4p1p1/1p4P1/3PP3/1Pr5/3K1R2 b - - 2 39	e8a4 d6g6 h7g6 f7f8n	2444	advancedPawn attraction endgame mate mateIn2 promotion sacrifice short underPromotion	https://lichess.org/6eX97uYD/black#78
fMQQv	1r1qr1k1/2p2pp1/2p4p/p3PN1Q/2bP4/6RP/P4PP1/4n1K1 b - - 1 25	e8e6 g3g7 g8h8 g7h7 h8h7 h5f7 h7h8 f7g7	2460	attraction kingsideAttack mate mateIn4 middlegame sacrifice veryLong	https://lichess.org/dxyf4TfQ/black#50
Dh788	2r2r2/1p2pk2/p2pPp2/7p/3Q1P1P/8/bPPR4/qNK3R1 b - - 0 24	f7e6 g1e1 e6f7 e1e7 f7e7 d4d6 e7f7 d6d7 f7g8 d2g2 g8h8 d7g7	2439	attraction mate mateIn5 middlegame sacrifice veryLong	https://lichess.org/3NfT21tq/black#48
bFtt6	3Q4/5p1k/6p1/1qN2b1p/1P5P/2P1R1P1/5PK1/r7 w - - 3 42	c5e4 f5h3 g2h2 a1h1 h2h1 b5f1 h1h2 f1g2	2444	attraction endgame mate mateIn4 sacrifice veryLong	https://lichess.org/vGtLoFYo#83
qwE82	1k4r1/pp2bprp/5q1p/2p5/2BpP3/P6Q/3N1PPP/1R3RK1 w - - 4 20	h3d7 g7g2 g1h1 g2h2 h1h2 f6f4 h2h1 f4h4 d7h3 h4h3	2447	attraction mate mateIn5 middlegame sacrifice veryLong	https://lichess.org/p6n85DH0#39
p2rCx	5N1R/4k1p1/3p1q2/1p1Q2p1/1P1pP1p1/3Pb2P/6P1/7K w - - 8 42	f8e6 f6f1 h1h2 e3f4 e6f4 g4g3 h2g3 f1f4	2463	attraction endgame intermezzo master mate mateIn4 sacrifice veryLong	https://lichess.org/qawvQaMQ#83
7yF68	6k1/1pq2pbp/p2p2p1/5r2/2r5/4Q3/PP1B2PP/R3R2K b - - 5 28	c4c2 e3e8 g7f8 e8f8 g8f8 d2h6 f8g8 e1e8	2512	attraction kingsideAttack mate mateIn4 middlegame pillsburysMate sacrifice veryLong	https://lichess.org/MHEJnltg/black#56
2YvMW	7r/1p3p2/p1p2k2/3p2q1/5p2/PB1P1QrP/1PP2RPK/4R3 w - - 1 29	f3e2 g3h3 g2h3 h8h3 h2h3 g5g3	2411	attraction long mate mateIn3 middlegame sacrifice	https://lichess.org/iucO7w4s#57
1tF0Z	r2k3r/ppp2Qp1/2p5/7p/2BPP2q/2N3bb/PPP2nP1/R1B2RK1 w - - 0 14	g2h3 g3h2 g1h2 h4h3 h2g1 h3g3	2435	attraction exposedKing intermezzo kingsideAttack long mate mateIn3 middlegame sacrifice	https://lichess.org/CKedmGQH#27
5AiHf	3r3r/1Pk3p1/1Qp2p2/6q1/2P5/3P1n2/5R1P/1R3K2 b - - 1 34	c7b8 b6a7 b8a7 b7b8q d8b8 f2a2 g5a5 a2a5	2431	advancedPawn attraction exposedKing mate mateIn4 middlegame promotion sacrifice veryLong	https://lichess.org/enjhBCDc/black#68
b5DEH	2kr4/4r1p1/PQ2p3/1Np2p2/2P2Pqb/1PB1K2p/4N3/R7 w - - 1 34	a6a7 g4f3 e3f3 d8d3	2448	attraction mate mateIn2 middlegame pillsburysMate sacrifice short	https://lichess.org/SbxXwpmz#67
nyagm	2k3rr/3b4/p1p1p3/2NpP2q/3P3b/2PQR1P1/P6P/1R4K1 b - - 4 27	h4g3 b1b8 c8b8 d3b1 b8c7 b1b7 c7d8 b7d7	2491	attraction exposedKing mate mateIn4 middlegame queensideAttack sacrifice veryLong	https://lichess.org/r1lEchT3/black#54
z1J8k	rnb1k1nr/pp1pppbp/1q4p1/8/3P1B2/5N2/PPPN1PPP/R2QKB1R b KQkq - 0 6	b6b2 d2c4 b2b4 c2c3 b4c3 f4d2	2483	advantage attraction defensiveMove long master opening	https://lichess.org/qcSWFEmP/black#12
9MSI3	8/5ppk/1p2P2p/p4n2/P3QP2/5P2/6RP/3q1K2 w - - 5 35	e4e1 f5e3 f1f2 d1e1 f2e1 e3g2 e1f2 f7e6	2412	attraction crushing endgame exposedKing pin veryLong	https://lichess.org/pXNY0Zea#69
qkbJY	3Rr2k/4Q1pp/Pp4b1/2p2q2/7P/6P1/8/6K1 b - - 7 41	f5f8 e7f8 e8f8 d8f8	1156	backRankMate endgame mate mateIn2 short xRayAttack	https://lichess.org/YeAP0fZT/black#82
RYAxY	r2r2k1/p2R1ppp/1p3b2/2p4q/8/1Q4B1/PPP2PPP/3R2K1 w - - 4 22	g3c7 h5d1 d7d1 d8d1	1118	backRankMate mate mateIn2 middlegame short xRayAttack	https://lichess.org/bOWvmb4c#43
ZHwuR	1Rr1r1k1/p1P2ppp/2Q5/4b3/8/4B3/q4PPP/1R4K1 b - - 4 27	e5c7 c6e8 c8e8 b8e8	1195	backRankMate mate mateIn2 middlegame short xRayAttack	https://lichess.org/oLLTXB8f/black#54
Nhgrw	4r1k1/2p4p/1p1p2p1/p7/1qP5/1P1Q1P2/P2Rr1PP/7K w - - 0 31	d2e2 b4e1 e2e1 e8e1 d3f1 e1f1	1138	backRankMate endgame long mate mateIn3 sacrifice xRayAttack	https://lichess.org/yFvrRXys#61
Y9mCa	rr4k1/1p1Q1p2/pR4p1/2Pp3p/3P4/P2qPpP1/5P1P/1R4K1 w - - 2 30	b6b7 d3b1 b7b1 b8b1	1161	endgame mate mateIn2 short xRayAttack	https://lichess.org/Oy5hJSEr#59
smyDm	Q5k1/2q2ppp/5n2/1p2r3/p7/2P5/1P1N1PPP/4R1K1 b - - 1 24	f6e8 a8e8 e5e8 e1e8	1103	backRankMate endgame mate mateIn2 short xRayAttack	https://lichess.org/fPz7iGzR/black#48
avceC	Q5k1/2p2rpp/p7/1p2p3/5q2/2P4P/1P1r2RP/1K4R1 b - - 8 32	f7f8 g2g7 g8h8 g7g8 f8g8 a8g8	1165	endgame long mate mateIn3 xRayAttack	https://lichess.org/Wtpw4QuL/black#64
NIGVy	3Q4/5pk1/p2p4/4p3/1p2P3/1P2q1P1/P5PP/2rR3K w - - 1 33	d8d6 e3e1 d1e1 c1e1	1125	backRankMate endgame mate mateIn2 sacrifice short xRayAttack	https://lichess.org/7gBdw0s9#65
IOV4s	4r2r/2p3k1/p1n2p1p/6p1/1PP1Rb2/P4Q1P/BB1q1PP1/4R1K1 w - - 3 25	b2c1 d2e1 e4e1 e8e1	1165	kingsideAttack mate mateIn2 middlegame pillsburysMate short xRayAttack	https://lichess.org/I1DYHPw4#49
Z9H91	8/5p1k/Q2p2pp/1p6/pR2P3/P3qP2/1P4PP/2rR3K w - - 7 33	a6d6 e3e1 d1e1 c1e1	1180	backRankMate endgame mate mateIn2 sacrifice short xRayAttack	https://lichess.org/27cov2FF#65
NB9ym	4r1k1/p3n2p/1p3Q2/2p2p2/2P5/4R3/PP1q2PP/K3R3 w - - 12 35	e3e7 d2e1 e7e1 e8e1	1017	backRankMate endgame mate mateIn2 short xRayAttack	https://lichess.org/BXe8s2t0#69
fkka7	r4rk1/p2R1p1p/1p4p1/1q6/4Q3/2P5/P5PP/5R1K w - - 2 24	d7f7 b5f1 f7f1 f8f1	958	backRankMate endgame mate mateIn2 short xRayAttack	https://lichess.org/Kx6c9DG2#47
g4a2s	1k3rR1/ppp4p/3pQ2p/4b3/3pq3/P6P/1PP5/1K6 b - - 3 25	e4f3 e6e8 f8e8 g8e8	1175	backRankMate endgame mate mateIn2 sacrifice short xRayAttack	https://lichess.org/mNcVeG5n/black#50
DqPk2	2Rr3k/6pp/p1p1Qp2/1pq5/5P2/7P/P1P3P1/7K b - - 5 34	c5d4 e6e8 d8e8 c8e8	1157	backRankMate endgame mate mateIn2 sacrifice short xRayAttack	https://lichess.org/fFFj3Q3J/black#68
v99Xj	1Q4k1/pp2rppp/8/5q2/8/7P/PPr2PP1/3R2K1 b - - 1 24	f5c8 d1d8 e7e8 d8e8 c8e8 b8e8	1178	endgame fork long mate mateIn3 xRayAttack	https://lichess.org/niG3FZJy/black#48
9gvPD	2r4k/6p1/7p/p6q/4Q3/3P2P1/1PrR3P/1K1R4 w - - 2 36	e4e2 h5e2 d2e2 c2e2	1472	crushing endgame short xRayAttack	https://lichess.org/NGGhIZdB#71
fB3oB	r4r1k/ppp2pRp/3p1N1P/4p3/2P5/4q3/PPP2p2/1K5R b - - 1 25	e3h6 g7h7 h6h7 h1h7	1480	arabianMate endgame fork mate mateIn2 short xRayAttack	https://lichess.org/FSTSEFse/black#50
hwHfY	5rk1/R4p2/4pp1p/3q4/3P4/2PQ3P/p4PP1/6K1 w - - 0 30	d3c2 f8a8 c2a2 d5a2 a7a2 a8a2	1429	crushing endgame long xRayAttack	https://lichess.org/bLQxOFXu#59
mha53	k3rR2/pp6/3Q3p/2P5/P1q1r2P/4p3/1P6/1K6 b - - 3 37	c4e6 d6d8 e8d8 f8d8 e6c8 d8c8	1489	backRankMate endgame long mate mateIn3 sacrifice xRayAttack	https://lichess.org/f1S19Ljy/black#74
KyShn	r3kb1r/pp2pppp/1n2q3/4n3/2p1B1b1/2P2N2/PP1PQ1PP/RNB2RK1 w kq - 0 13	e4b7 e5f3 b7f3 e6e2 f3e2 g4e2	1497	crushing discoveredAttack kingsideAttack long opening xRayAttack	https://lichess.org/wGmQgDLd#25
FHzGO	R1r3k1/5ppp/5r2/1p1Q4/4P2P/2q2P2/4K3/5R2 b - - 1 34	b5b4 d5d8 c8d8 a8d8	1372	backRankMate endgame mate mateIn2 sacrifice short xRayAttack	https://lichess.org/V951o87D/black#68
QUkvN	rnb1k2r/pp2qpbp/3p1np1/2pP2B1/4N3/4Q3/PP2PPPP/R3KBNR b KQkq - 5 9	e8g8 e4f6 g7f6 e3e7 f6e7 g5e7	1269	crushing discoveredAttack kingsideAttack long opening xRayAttack	https://lichess.org/CGQ57O0H/black#18
3dCJS	3q2k1/p2p1pbp/1p3Bp1/3R4/2r1r3/5Q2/PP3PPP/2R3K1 w - - 0 19	f6d8 c4c1 d5d1 e4e1 d1e1 c1e1	1447	backRankMate hangingPiece long mate mateIn3 middlegame xRayAttack	https://lichess.org/v7skslH7#37
AiaFq	r5k1/1ppQ1ppp/p3r3/8/1P3q2/5P2/P5PP/2R1R2K b - - 1 23	a8e8 d7e8 e6e8 e1e8	1468	backRankMate endgame mate mateIn2 short xRayAttack	https://lichess.org/epknvur6/black#46
oQFSD	Rr4k1/5ppp/1r6/8/Q7/R6P/1q3PP1/6K1 b - - 5 29	b6b4 a4e8 b8e8 a8e8	1312	backRankMate endgame mate mateIn2 sacrifice short xRayAttack	https://lichess.org/wbvSXiUA/black#58
tLov0	7k/r6p/3p1qp1/p2P4/2P2p2/RP3P2/3Q2PP/7K w - - 1 29	a3a5 f6a1 a5a1 a7a1 d2c1 a1c1	1403	backRankMate endgame long mate mateIn3 sacrifice xRayAttack	https://lichess.org/1PJty7XY#57
7omEc	5k2/1b3p1p/3Rp1p1/1Q6/4PP2/1Pq5/6PP/r2R3K w - - 1 28	b5b7 c3e1 d1e1 a1e1	1390	backRankMate endgame mate mateIn2 sacrifice short xRayAttack	https://lichess.org/k4zYHU3H#55
GdCLv	1r4k1/5ppp/pr2b3/2p1Q3/2P1N3/1P3B2/1R3KPP/q7 b - - 3 29	b6b3 e5b8 b3b8 b2b8 e6c8 b8c8	1407	backRankMate long mate mateIn3 middlegame xRayAttack	https://lichess.org/FaH16Y0m/black#58
mVkhu	r6k/2p3p1/1p2R2p/pb5Q/3q4/6N1/PPP4P/1K2R1r1 w - - 4 27	h5b5 d4d1 e1d1 g1d1	1449	backRankMate mate mateIn2 middlegame sacrifice short xRayAttack	https://lichess.org/MK1ESFzc#53
dYWY0	3R2k1/p4pb1/1p4pp/q4r2/2r5/6PN/PQ3PP1/1K5R b - - 1 28	g8h7 h3g5 f5g5 h1h6 h7h6 d8h8 g7h8 b2h8	1273	attraction discoveredAttack mate mateIn4 middlegame pin sacrifice veryLong xRayAttack	https://lichess.org/3T66X9gR/black#56
duJsP	r3kb1r/ppp1qppp/8/8/4B1b1/5n2/PPP1QPPP/R1B2RK1 w kq - 0 11	e4f3 e7e2 f3e2 g4e2 f1e1 e8c8	1523	castling crushing defensiveMove long middlegame xRayAttack	https://lichess.org/7PbfG4Yo#21
seqSe	6k1/p4p2/1p4p1/8/6B1/P3P2Q/3q1PPP/2rR2K1 w - - 3 29	h3f3 d2e1 d1e1 c1e1	1559	backRankMate endgame mate mateIn2 sacrifice short xRayAttack	https://lichess.org/XaZFPvc6#57
N2Yzp	6k1/1r1rbp2/1BR1p2p/6p1/1R1P4/4P1P1/5PKP/8 w - - 3 29	b6c5 b7b4 c5b4 e7b4	1535	advantage endgame short xRayAttack	https://lichess.org/ZaJyMp2L#57
xyOu8	2rr2k1/p6p/3P1Qp1/5p2/4p3/q7/P1pR1PPP/2R3K1 w - - 2 28	c1c2 a3c1 c2c1 c8c1 d2d1 c1d1	1524	backRankMate endgame long mate mateIn3 sacrifice xRayAttack	https://lichess.org/1E6ZHyV1#55
yTUBh	3r3k/5ppp/p4b2/1p3P2/4q3/P1P3Q1/1P1R2PP/3R3K b - - 0 28	d8d2 g3b8 f6d8 b8d8 d2d8 d1d8 e4e8 d8e8	1551	backRankMate endgame mate mateIn4 veryLong xRayAttack	https://lichess.org/fiQzRafh/black#56
5Gtlf	3r2k1/1b4qp/p2r2p1/1p1p1pQ1/1PB2P2/P1NR3R/2P4P/6K1 b - - 0 29	d5c4 g5d8 d6d8 d3d8 g8f7 d8d7	1509	crushing kingsideAttack long middlegame xRayAttack	https://lichess.org/VniBf8fM/black#58
KOvnh	4k3/p2q1p2/Nb2p2B/3pPb2/1p6/1P2PP2/6Q1/6K1 b - - 2 33	e8d8 g2g8 d7e8 h6g5 d8d7 a6b8 e8b8 g8b8	1540	crushing endgame exposedKing veryLong xRayAttack	https://lichess.org/C04n9qxH/black#66
EUkc5	2r4k/pp4pp/5p2/8/Q2Pq1P1/3r3P/PP6/K2R3R w - - 4 27	d1d3 e4h1 d3d1 c8c1 d1c1 h1c1	1537	endgame hangingPiece long mate mateIn3 xRayAttack	https://lichess.org/38YRNyL2#53
kbs6o	4r1k1/p2p1Bpp/b1p4n/q3r1N1/5Q2/8/P4PPP/3RR1K1 b - - 0 26	h6f7 f4f7 g8h8 f7e8 e5e8 e1e8	1626	kingsideAttack long mate mateIn3 middlegame xRayAttack	https://lichess.org/aTrKSizG/black#52
XDYvE	4r1k1/ppp1rp1p/6p1/1QPp2N1/2nP1R1P/P1P1P1q1/2K5/4R3 b - - 9 22	e7e3 b5e8 e3e8 e1e8 g8g7 f4f7 g7h6 f7h7	1547	hookMate kingsideAttack mate mateIn4 middlegame veryLong xRayAttack	https://lichess.org/mkGHns1j/black#44
SLSgT	4r2k/pp2q1pp/2p1Nr2/5pQ1/8/P7/1PP2PPP/3RR1K1 b - - 0 23	f6e6 g5e7 e6e7 e1e7	1572	crushing endgame short xRayAttack	https://lichess.org/beLjmWET/black#46
tklPB	r5k1/pp1R1r1p/q1p1pppQ/8/4NR2/4b3/PPP3PP/7K b - - 0 22	e3f4 e4f6 g8h8 h6h7 f7h7 d7h7	1710	arabianMate kingsideAttack long mate mateIn3 middlegame sacrifice xRayAttack	https://lichess.org/V9Hp6HwH/black#44
n4wNO	4r2k/ppp1r1pp/8/2qpR2Q/8/2P5/P1P2PPP/4R1K1 b - - 0 25	e7e5 h5e8 e5e8 e1e8 c5f8 e8f8	1526	backRankMate endgame long mate mateIn3 xRayAttack	https://lichess.org/rT9ItXHr/black#50
LIKhJ	6k1/p1Qr1ppp/1p3q2/2pR1b2/4r3/P3P3/5PPP/3R2K1 b - - 0 26	d7d5 c7b8 f5c8 b8c8 f6d8 c8d8 d5d8 d1d8 e4e8 d8e8	1680	backRankMate endgame mate mateIn5 veryLong xRayAttack	https://lichess.org/qWS8PRjd/black#52
klsee	Q3r1k1/6pp/2pqBR2/3p4/8/2P5/3r1PPP/4R1K1 b - - 0 28	d6e6 a8e8 e6e8 e1e8	1607	endgame mate mateIn2 short xRayAttack	https://lichess.org/ZNLReJSm/black#56
9LhhX	2r4k/2b1q1pb/p4p1p/1ppB1P1Q/8/P1PP3P/1P1B2P1/5R1K w - - 1 29	f1e1 e7d6 e1e8 h7g8 e8g8 c8g8	2091	advantage defensiveMove long middlegame xRayAttack	https://lichess.org/Euyl1d4z#57
Ciis7	2r5/2r2pk1/3qpnp1/pB1pN2p/Pn1P4/1QR1PPP1/5KP1/2R5 w - - 0 27	f2e2 b4a2 c3c7 a2c1 c7c1 c8c1	2047	advantage fork long middlegame xRayAttack	https://lichess.org/OOBhGbgS#53
dpquD	4Rrrk/1ppR1Qbp/5N2/p4Pp1/q7/8/2P3PP/6K1 b - - 2 27	a4b4 f7g8 f8g8 e8g8	1939	arabianMate mate mateIn2 middlegame short xRayAttack	https://lichess.org/CRDVUC7p/black#54
8Rir2	6k1/6pp/8/1p2p3/1q1b4/3P1N2/2Q2PPP/r2R2K1 w - - 6 28	f3d4 b4e1 d1e1 a1e1	1911	backRankMate endgame mate mateIn2 sacrifice short xRayAttack	https://lichess.org/FAaYk9QJ#55
uEow5	5rk1/pp3Nb1/3q3p/2pP1Q2/6p1/2NP4/PPP3PP/4rRK1 w - - 0 21	f7d6 g7d4 g1h1 e1f1 f5f1 f8f1	1888	backRankMate deflection fork long mate mateIn3 middlegame xRayAttack	https://lichess.org/FBoUN3df#41
i3Uzf	2r4k/p5pp/2Rq4/1p2bQ2/4r3/7P/P4PP1/2R3K1 b - - 0 29	c8c6 f5c8 c6c8 c1c8 d6d8 c8d8	1806	backRankMate endgame long mate mateIn3 sacrifice xRayAttack	https://lichess.org/MXzrOssh/black#58
ruHmL	4rrk1/pQ3pp1/1p5p/3P4/8/2N3q1/PPP1R1B1/1K6 w - - 3 29	d5d6 g3e1 e2e1 e8e1 c3d1 e1d1	1812	backRankMate long mate mateIn3 middlegame sacrifice xRayAttack	https://lichess.org/yvznkZrq#57
4ZZhS	4r1k1/1R2bppp/3Q4/3PP3/2p5/2q2N2/5PPP/rR4K1 w - - 1 26	d6e7 c3c1 f3e1 c1e1 b1e1 a1e1	1915	backRankMate long mate mateIn3 middlegame xRayAttack	https://lichess.org/1jEsycZz#51
CLcDS	3r3k/Q5pp/2qPn3/1p2p3/8/P5P1/7P/3R1K2 b - - 0 37	d8d6 a7b8 e6d8 b8d8 d6d8 d1d8 c6e8 d8e8	1917	backRankMate endgame mate mateIn4 veryLong xRayAttack	https://lichess.org/znwveqxY/black#74
jruBX	8/8/R2kr1bp/7N/5KP1/8/8/8 b - - 27 72	d6d5 h5f6 e6f6 a6f6	1920	crushing endgame short xRayAttack	https://lichess.org/vj5xEnUZ/black#144
iJWYW	4r1k1/pprb1ppp/3p4/3P1q2/2P1R2Q/5N2/P4PPP/4R1K1 b - - 0 21	e8e4 h4d8 d7e8 d8e8 e4e8 e1e8	1934	backRankMate fork long master mate mateIn3 middlegame xRayAttack	https://lichess.org/mLHKWpnz/black#42
7ZWRa	2b1r1k1/pp3ppp/3Bp3/q2pP3/8/1R4P1/P3QP1P/6K1 b - - 0 24	b7b6 b3a3 c8a6 e2a6 a5a6 a3a6	1845	advantage endgame long xRayAttack	https://lichess.org/0cAu99pF/black#48
rVuDR	5r1k/p1p3pp/8/5q2/4Q3/2Nn3P/Pr3PP1/3R1RK1 b - - 0 23	b2f2 e4f5 f2f5 f1f5	1832	advantage middlegame short xRayAttack	https://lichess.org/7NSV4JYO/black#46
koO5f	R2r3k/2q3pp/6n1/8/1p2QRPb/3BP2P/1P1r4/6K1 b - - 2 31	d2d3 e4e8 d8e8 a8e8 g6f8 f4f8	1905	backRankMate long master mate mateIn3 middlegame sacrifice xRayAttack	https://lichess.org/e8r0i37E/black#62
UXXmA	5bk1/5Rp1/5qP1/3p1r2/6Qp/1P2Pp2/1PP5/7K b - - 0 33	f3f2 g4f5 f6f5 f7f5	1817	crushing endgame short xRayAttack	https://lichess.org/QEoCbEYJ/black#66
SwK93	r1b2k1r/ppp2p1p/3p4/2q1b2Q/3p1N2/3P4/PPP2PPP/R1B1R1K1 b - - 4 15	e5f4 h5h6 f4h6 c1h6 f8g8 e1e8	2211	long mate mateIn3 middlegame pillsburysMate sacrifice xRayAttack	https://lichess.org/Vlxroewq/black#30
Qx58u	6k1/p1q2ppp/2Qbr1r1/3p4/3P4/1P2P1Pb/PB5P/2R1RNK1 b - - 0 23	d6g3 c6a8 c7b8 c1c8 e6e8 c8e8 b8e8 a8e8	2146	clearance fork mate mateIn4 middlegame veryLong xRayAttack	https://lichess.org/ZaOdtuIx/black#46
ojRX1	5r1k/2Q3p1/3p3p/3Bp3/2Pn1nq1/3P4/3N1PPP/3R1RK1 w - - 3 34	c7d6 f4h3 g1h1 h3f2 f1f2 g4d1 d2f1 d1f1 f2f1 f8f1	2184	backRankMate deflection fork mate mateIn5 middlegame pin veryLong xRayAttack	https://lichess.org/mBCzMTi6#67
xJAUj	7k/pp5P/6PN/4q3/6K1/8/8/8 b - - 7 61	e5f6 h6f7 h8g7 h7h8q g7g6 f7e5 f6e5 h8e5	2137	advancedPawn crushing endgame exposedKing promotion veryLong xRayAttack	https://lichess.org/fhfXpcdj/black#122
G4SDl	r4qr1/3kn2Q/p1bNpB2/1pP1n3/3pB3/P7/5P1P/3R1R1K w - - 0 31	f6e7 f8f3 e4f3 c6f3	2108	kingsideAttack mate mateIn2 middlegame morphysMate sacrifice short xRayAttack	https://lichess.org/cEFynQFZ#61
MbP1s	5Q2/8/p5p1/P1pq1k1p/7P/3p1rP1/1P3R1K/8 b - - 3 52	f5g4 f8f4 f3f4 f2f4	2100	collinearMove endgame mate mateIn2 sacrifice short xRayAttack	https://lichess.org/HzWHkxcj/black#104
Swb4b	r3r2k/6pp/3p1q2/p7/4P3/RP6/2P1Q1PP/R5K1 w - - 0 31	a3a5 f6d4 e2f2 d4a1 a5a1 a8a1	2183	crushing endgame long master xRayAttack	https://lichess.org/C8Ou3To1#61
DzBUN	1rr3k1/p5pp/1q2p3/3p4/3Pn1pP/3BPQ2/PPR2P2/1KR5 w - - 0 24	f3g4 b6b2 c2b2 e4d2 b1a1 c8c1 d3b1 c1b1 b2b1 b8b1	2159	deflection mate mateIn5 middlegame pin queensideAttack sacrifice veryLong xRayAttack	https://lichess.org/RqlTIYiM#47
T4zXl	r1b1r2Q/p1pqkpp1/1pnbp3/3p4/3PN2B/4P3/PPP2PPP/R3K2R b KQ - 9 16	f7f6 h4f6 g7f6 h8f6	2135	mate mateIn2 middlegame short xRayAttack	https://lichess.org/FcBMBxe0/black#32
W3ATb	4r1k1/pp4pp/1qb5/2pp4/6P1/P1bP1BP1/1PP4K/1RBQ4 w - - 0 22	c1f4 e8e1 b2c3 b6b1 d1b1 e1b1	2156	advantage long middlegame xRayAttack	https://lichess.org/8g7tijGE#43
ePAvM	7k/6p1/3p3p/5Q2/4P3/3P1pPK/1P2q2P/8 w - - 3 32	f5g4 e2g2 h3h4 g2h2 g4h3 g7g5 h4g4 h6h5 h3h5 h2h5	2140	crushing deflection endgame queenEndgame veryLong xRayAttack	https://lichess.org/MSJYhQe3#63
w1mZr	3r1rk1/pp4bp/4N1p1/8/4qp1P/P3B3/1P3QP1/3R1RK1 b - - 1 23	f4e3 f2f7 f8f7 d1d8 g7f8 d8f8 f7f8 f1f8	2179	collinearMove deflection mate mateIn4 middlegame sacrifice veryLong xRayAttack	https://lichess.org/dKwZeTuy/black#46
e5drV	2r5/2r1k1pp/4pp2/8/P1Nn1P2/2R4P/5KP1/2R5 b - - 4 49	e6e5 c4b6 c7c3 b6c8 c3c8 c1c8	2165	crushing endgame long xRayAttack	https://lichess.org/x8MGhcCE/black#98
aeKUL	8/7p/8/4k1PP/4b1P1/2p1K3/4B3/8 w - - 2 39	e2d3 c3c2 d3c2 e4c2 g5g6 h7h6	2173	advancedPawn advantage bishopEndgame defensiveMove endgame long xRayAttack	https://lichess.org/AEqA4cZ2#77
KlZM7	rnbqkbnr/ppp2ppp/4p3/3p4/1P2P1Q1/8/P1PP1PPP/RNB1KBNR b KQkq - 0 3	f8b4 g4g7 d8f6 c1b2 f6g7 b2g7	2176	crushing long opening xRayAttack	https://lichess.org/UKId6sEE/black#6
YLLYz	r6k/6pp/1q1p4/1P1P1Q2/p7/P4p1P/1P2pbP1/2R1R1K1 w - - 0 35	g1h2 f2e1 c1c8 b6d8 c8d8 a8d8 f5f3 d8e8 f3f7 e1g3 h2g3 e2e1q	2425	advancedPawn attraction crushing endgame master promotion quietMove veryLong xRayAttack	https://lichess.org/ITSXPZs7#69
I48Ab	3rr1k1/6pp/pb6/1p6/3Nq3/P1PRpRP1/1P2Q2P/6K1 w - - 8 39	d3e3 d8d4 g1g2 d4d2 e3e4 d2e2 e4e2 e8e2	2452	crushing master middlegame pin veryLong xRayAttack	https://lichess.org/UmyK4RpV#77
jOlOO	3k4/p2qpr2/3pR2p/2pn2P1/2p4p/PP3P1B/1Bb4K/4Q3 b - - 1 36	c2f5 g5g6 d7e6 e1e6 f5e6 h3e6	2440	advantage long master middlegame sacrifice xRayAttack	https://lichess.org/6aK6FlhL/black#72
X9ZOh	2r3k1/1p3bp1/1n3Pn1/4pBpQ/3pP3/q2P2P1/2rB1R2/1R5K b - - 4 34	c2d2 f5g6 c8c1 f2f1 c1f1 b1f1 d2h2 h1h2	2402	crushing middlegame veryLong xRayAttack	https://lichess.org/wk8EhH4F/black#68
IuU3R	r2q1rk1/ppp1bppp/2n2n2/3P2B1/2B3b1/2N2N2/PP3PPP/R2QR1K1 b - - 0 11	f6d5 d1d5 g4f3 d5d8 e7d8 g5d8 f8d8 g2f3	2457	crushing opening veryLong xRayAttack	https://lichess.org/ljD26UTy/black#22
896sQ	r2qrk2/pRp2p1Q/3p2p1/3p4/8/8/P1P2P2/3K3R b - - 1 24	a8b8 h7h8 f8e7 h1e1 e7d7 e1e8 d8e8 b7b8 e8b8 h8b8	2426	advantage endgame veryLong xRayAttack	https://lichess.org/tZLdCnzp/black#48
mezNv	rn2rbk1/1pq2ppp/5P2/2PR4/2Q4P/p6B/2P2P2/B1K3R1 b - - 2 25	c7h2 g1g7 f8g7 c4g4 e8e1 d5d1 h2g1 g4g1 e1g1 d1g1	2449	crushing middlegame sacrifice veryLong xRayAttack	https://lichess.org/A1xdpkwD/black#50
DrOUW	4r1k1/5ppb/Qp5p/1N1P4/B7/2P1KPb1/PP4q1/R2R2B1 w - - 2 28	e3d4 e8e4 f3e4 g2e4	2420	mate mateIn2 middlegame sacrifice short xRayAttack	https://lichess.org/LnfJXF4O#55
hFxbA	8/2Q3pp/2p1pk2/2q5/4R3/2p2PK1/1b4PP/8 b - - 10 41	c5g5 e4g4 g5e5 g4f4 e5f4 c7f4	2432	crushing defensiveMove endgame long master xRayAttack	https://lichess.org/gpPmulgS/black#82
6B92a	1r4k1/3pbrp1/1q2p2Q/p3P3/3PNp2/2N4P/PPP2P2/2K3R1 w - - 2 25	b2b3 b6d4 e4f6 e7f6 e5f6 d4f6 h6f6 f7f6	2418	advantage middlegame veryLong xRayAttack	https://lichess.org/idE3rjVA#49
JdOIm	6r1/5p1p/k7/1p3P2/2Q5/P3q2P/3p1RP1/5K2 w - - 0 48	c4e2 g8c8 e2d2 c8c1 d2c1 e3c1	2401	crushing endgame long quietMove xRayAttack	https://lichess.org/P0FnITW5#95
YJiT6	2kr1b1r/Qpp1pppp/5n2/3Pq3/2B3b1/2N1B3/PPnK1PPP/R6R b - - 1 12	c2a1 a7a8 c8d7 c4b5 c7c6 b5c6 b7c6 a8c6	2498	mate mateIn4 middlegame queensideAttack veryLong xRayAttack	https://lichess.org/pbN9IhtU/black#24
y3inV	r2q4/p2n3p/3N2pk/3P4/1P3Q2/7P/P4PP1/6K1 b - - 0 26	g6g5 f4f7 d8f6 d6f5 f6f5 f7f5	2424	crushing endgame long xRayAttack	https://lichess.org/TNjCXUZq/black#52
9RV5f	2r3k1/p4p2/4pbp1/q4n2/2B5/1PPQ4/PK4P1/4R2R w - - 4 29	g2g4 c8d8 d3c2 f6c3 c2c3 d8d2 c3d2 a5d2	2454	advantage fork master masterVsMaster middlegame sacrifice veryLong xRayAttack	https://lichess.org/DTWqN99c#57
B9YeC	2rr2k1/q3bppp/4pn2/2P1N3/p6Q/B3P2P/5PP1/2R2RK1 b - - 10 27	e7c5 a3c5 c8c5 e5c6 c5c6 c1c6	2429	advantage fork long middlegame xRayAttack	https://lichess.org/5ujWF9fj/black#54
2sXHf	2kr4/ppp5/2n1p3/4p3/2q1P1PP/b1PP1P2/P2KQ3/1R5R w - - 7 24	g4g5 c4a2 d2e1 a2b1	1185	crushing interference middlegame short	https://lichess.org/PUslv4zT#47
AU2nn	2r4r/3pkp2/4p3/4P1p1/PQpPqb2/7R/1B3RPP/7K b - - 2 32	d7d6 b4d6 e7e8 h3h8	1195	interference mate mateIn2 middlegame short	https://lichess.org/BQSIPLDr/black#64
ycXy0	r1bqk1nr/ppp1bppp/3p4/8/3QPB2/8/PPP2PPP/RN2KB1R w KQkq - 0 7	d4g7 e7f6 g7g3 f6b2	1191	advantage interference opening short	https://lichess.org/oOHUGIAH#13
JuCt0	r2qr1k1/1p1n1ppn/p3p2p/4B3/3PpPP1/P3P2P/1P2B3/2R1QRK1 b - - 1 22	d7b6 e5c7 d8d7 c7b6	1170	advantage interference middlegame short	https://lichess.org/BwD6CAL9/black#44
JbtHS	8/2qk1p2/p3pr2/1p6/4Q1P1/1P3N2/P3K1P1/8 b - - 14 41	f6f4 f3e5 d7e7 e4f4	1180	advantage endgame interference short	https://lichess.org/kTLp3RFQ/black#82
Hjl1f	5r1r/4kppp/R1b1p3/2qpP1N1/2p5/2P2R2/1Q2K1nP/8 b - - 0 28	f8b8 f3f7 e7e8 b2b8	1153	interference mate mateIn2 middlegame short	https://lichess.org/GX1rSuBO/black#56
BfqjI	4r3/3k1p2/p1p5/3p4/2p4Q/P2P3P/1qPK1PP1/R6R w - - 0 27	a1b1 c4c3 d2d1 b2b1	1181	endgame interference mate mateIn2 short	https://lichess.org/j4DDTGFb#53
eucz0	8/8/1p1r4/5kp1/1R6/P4PK1/8/8 b - - 10 53	d6h6 b4b5 f5f6 b5b6 f6g7 b6h6	1161	crushing endgame interference long rookEndgame	https://lichess.org/iX8mTL7C/black#106
SRYdD	2r5/r3kpQp/2p1pBp1/p1P5/3P4/4P3/P1q2PKP/8 b - - 5 31	e7e8 g7g8 e8d7 g8f7	1142	deflection endgame interference mate mateIn2 short	https://lichess.org/GENbr4fN/black#62
SioV4	r7/p5kp/2pQ2p1/2p2pq1/2P5/2P4P/P5P1/4R1K1 b - - 0 27	a8d8 e1e7 g7h6 d6d8	1166	crushing endgame interference short	https://lichess.org/jO4M79bp/black#54
peMSq	3r1rk1/p3q1pp/1p6/n2Ppp2/4P3/4QN1P/P4PP1/1R2R1K1 w - - 0 24	f3g5 f5f4 e3f3 e7g5	1133	advantage interference middlegame short	https://lichess.org/dPMqXUxX#47
cFgmk	r3r3/3k3q/p4Q2/2pP4/Pp4P1/5P2/8/2K3R1 b - - 1 37	h7e7 f6c6 d7d8 c6a8	1130	advantage endgame interference short	https://lichess.org/RpjL8462/black#74
fn3R2	2r4k/7p/pq6/1p2r3/1P5Q/P1P5/2R3RP/6K1 w - - 1 32	h4d4 b6d4 c3d4 e5e1 g1f2 c8c2 f2e1 c2g2	1148	crushing endgame interference skewer veryLong	https://lichess.org/E4CA4Q4Y#63
fqC1g	8/2p2pk1/5r1p/8/P3Pn1r/3P1P2/1P1Q2KN/8 w - - 3 35	g2g3 h4h3 g3f2 h3h2	1177	crushing deflection endgame interference short	https://lichess.org/xkv1Y5Lu#69
rgvlT	7k/1pp4n/1p4Q1/8/2b5/P1P4P/1P2qPP1/5RK1 w - - 1 31	f1b1 c4d3 g6f7 d3b1	1177	advantage endgame fork interference short	https://lichess.org/eMElpWNx#61
mev4t	3rr1k1/pppq1ppp/2n3n1/2B3Q1/2B5/P2P3P/1PP2PP1/R4RK1 w - - 9 19	a1d1 e8e5 g5c1 e5c5	1491	advantage interference middlegame short	https://lichess.org/b0SBCVA6#37
807ML	3rr1k1/3b1ppp/2qP1b2/1p2p3/1n6/1P2BN2/3N1PPP/2RQR1K1 b - - 0 26	c6d6 e3c5 d6b8 c5b4	1394	advantage interference middlegame short	https://lichess.org/JrpQgTy7/black#52
1YJUs	rnbqk1nr/ppppbppp/8/8/3Q4/1P6/P1P1PPPP/RNB1KBNR w KQkq - 1 4	d4g7 e7f6 g7g3 f6a1	1405	advantage fork interference opening short trappedPiece	https://lichess.org/biONqWPh#7
wRW8D	rn1qkb1r/pppbpppp/8/1Q2P3/8/8/PPP2PPP/RNB1K1NR w KQkq - 3 9	b5b7 d7c6 b7b3 c6g2	1489	advantage interference opening short	https://lichess.org/gCmM7rVg#17
plbX2	r1bqk2r/5ppp/p3pn2/2bp4/8/1B3N2/PPQ2PPP/R1B2RK1 b kq - 1 15	c5d6 c2c6 c8d7 c6d6	1416	advantage fork interference opening short	https://lichess.org/8SfRAIQw/black#30
RbL2i	r1b1k2r/pp3ppp/1qn1p3/2bp4/3N4/1PN1B3/P4PPP/R2QKB1R w KQkq - 4 13	c3a4 b6b4 e3d2 b4d4 a4c5 d4c5	1380	advantage deflection interference long opening	https://lichess.org/U5r7uc9e#25
cnA1K	1rb1k1nr/ppNp1pbp/3Pp1p1/4n3/2B5/5N2/PP3PPP/R1B1K2R b KQk - 4 12	e8d8 c1g5 g8f6 f3e5	1406	crushing interference opening short	https://lichess.org/S8tHw1f5/black#24
wWLeL	rnb1k1nr/ppp2ppp/4p3/8/3qp3/8/PPPBNPPP/R2QKB1R b KQkq - 0 7	d4b2 d2c3 b2a3 c3g7	1394	advantage interference opening short	https://lichess.org/8umx8Pgv/black#14
J1rMb	r1bk3r/ppppbQp1/3q3p/2n5/2B5/5N2/PPP2PPP/RN2R1K1 w - - 0 13	f7g7 e7f6 g7g6 f6b2 g6d6 c7d6	1364	advantage interference long opening	https://lichess.org/Oa8w0Ikh#25
vgCVJ	r1b1q3/ppp2k1p/2n3p1/2Q3B1/3pr3/8/PPP2PPP/RN3RK1 w - - 2 13	b1d2 e4e5 c5a3 e5g5	1416	advantage interference middlegame short	https://lichess.org/9AoZUEsM#25
qJeS5	r1bq1rk1/pp3pbp/3p2p1/2p4n/2B1PB2/2N2P2/PPP3PP/R2Q1RK1 w - - 3 12	f4d6 g7d4 g1h1 d8d6	1406	advantage interference intermezzo opening short	https://lichess.org/jKvTCkLT#23
GFBW5	r1b3k1/pp5p/2p1prp1/3q4/3P4/2PB2Q1/PP3P1P/R4RK1 w - - 2 23	f1e1 f6f3 g3g4 f3d3	1443	advantage interference middlegame short	https://lichess.org/vnwOSFEs#45
IGznX	6r1/3b2r1/3p1k2/p1pP3p/PpP2p2/1P3RPP/6BK/4R3 b - - 1 38	g7g3 f3f4 f6g5 h2g3	1495	crushing endgame interference short	https://lichess.org/iSkgaB86/black#76
nP9Uz	4r3/pp2rkp1/2p4p/3p4/2P1nPP1/5N1P/PP4K1/4RR2 b - - 0 27	d5c4 f3e5 f7g8 e1e4	1348	advantage endgame interference master short	https://lichess.org/MEybBJ6g/black#54
MXGPC	r6r/pp1k1ppp/4Pn2/8/4Q3/8/q3N1PP/2RK3R b - - 0 18	a2e6 e4b7 d7e8 b7a8	1419	crushing interference middlegame short	https://lichess.org/dj0PghhB/black#36
B8yyI	r5kr/pppq1pp1/2n3n1/3pP1P1/3P4/P4NP1/1P1N1PK1/R2Q1R2 w - - 3 19	f1h1 g6f4 g3f4 d7g4 g2f1 h8h1	1507	crushing deflection interference long middlegame sacrifice	https://lichess.org/oq7CBMGl#37
Ptepp	r2qk2r/pp1nbpp1/2p4p/3b4/3Q4/1P3N2/P1P1BPPP/R1B2RK1 w kq - 0 13	d4g7 e7f6 g7g3 f6a1	1531	advantage fork interference opening short	https://lichess.org/S5jhPdYi#25
hMeN2	rn2kbnr/pp3ppp/4p3/q1PpPb2/8/2N1B3/PPP2PPP/R2QKBNR b KQkq - 0 8	f8c5 f1b5 b8c6 e3c5	1508	advantage interference intermezzo opening pin short	https://lichess.org/LJFsNg6R/black#16
ikq4X	r3kb1r/pq2nppp/3p4/nP1Pp3/Q7/5N2/P1P2PPP/R1B1K2R b KQkq - 2 15	b7c7 b5b6 c7d7 a4a5	1620	advantage discoveredAttack discoveredCheck interference opening short	https://lichess.org/Me6Mh9VD/black#30
SAIZq	r2qkb1r/1pp2pp1/p1n1pnp1/3p2N1/3P4/2PQP2P/PP1N1P2/R1B1K1R1 b Qkq - 3 12	f8d6 g5f7 e8f7 d3g6 f7e7 g6g7 e7e8 g7h8	1561	advantage attackingF2F7 attraction deflection interference master opening veryLong	https://lichess.org/Nnj5dTGB/black#24
QV9yn	r3k1nr/p3bpQp/4q3/8/8/8/PPP2PPP/RNB1K2R w KQkq - 1 13	c1e3 e7f6 g7g3 f6b2	1535	advantage interference middlegame short	https://lichess.org/nMCEAIuF#25
BrjVL	2r2rk1/ppq4p/4p1p1/4Np2/2P1b3/1P4Q1/PK3PPP/3R3R w - - 1 23	f2f3 f5f4 g3e1 c7e5	1536	advantage interference middlegame short	https://lichess.org/sDL0DcgR#45
imszT	r2qk2r/1p3pp1/p1n5/2pbPP2/3pN1Pp/1P1P4/P5BP/R1Q2RK1 b kq - 0 20	h4h3 e4d6 e8f8 g2d5	1539	crushing discoveredAttack interference middlegame short	https://lichess.org/4OGKoIv5/black#40
UlgOn	2r4r/5pk1/p1p1pqp1/1p5Q/P3P3/2R2P2/1P3P1P/6RK w - - 1 25	h5g5 h8h2 h1h2 c8h8 h2g2 f6g5	1531	attraction crushing endgame interference kingsideAttack long sacrifice	https://lichess.org/QSz55Cw9#49
cjw77	7R/1p3r2/p3k3/4p3/5r1p/P2R1P2/1PP5/3K4 b - - 9 42	f4f3 h8e8 e6f6 d3f3	1568	crushing endgame interference intermezzo rookEndgame short	https://lichess.org/AWaXxVkC/black#84
62rtx	r2r4/pb2qkp1/1p2ppR1/3p3Q/2p5/8/PPP2PPP/R5K1 b - - 3 23	d8h8 g6h6 g7g6 h5g6 f7f8 h6h8	1612	discoveredAttack discoveredCheck interference long mate mateIn3 middlegame	https://lichess.org/UKjoIiVg/black#46
coHPz	r6r/pp1b1kb1/2p1pN1p/4P3/1q3P1P/4K3/PPQ2P2/6R1 b - - 4 28	g7f6 c2g6 f7e7 g6f6 e7e8 f6h8 b4f8 g1g8	1554	crushing interference middlegame pin veryLong	https://lichess.org/9FaiPnfO/black#56
Q2pTm	3k3r/np5q/p2p4/3P4/3PNR2/PN6/1P4P1/5RK1 w - - 1 29	e4d6 h7h2 g1f2 h2f4	1656	crushing interference middlegame short	https://lichess.org/jlgVjRrC#57
1Kw9Z	4q1k1/3r3p/1R2P1p1/3p2n1/3P4/4Q3/6PP/6K1 b - - 1 39	e8e7 b6b8 d7d8 b8d8 e7d8 e6e7 d8e8 e3g5	1518	advancedPawn crushing endgame interference veryLong	https://lichess.org/3BC2xEYP/black#78
9CZIb	2r1k2r/pp1b1ppp/4P3/8/2Bq4/P7/1P2QPPP/R3K2R b KQk - 0 16	d4c4 e6d7 e8d7 a1d1 d7c7 e2c4	1647	advancedPawn attraction crushing discoveredCheck doubleCheck interference long middlegame	https://lichess.org/xH9yXvre/black#32
SnBjU	2kr3r/5p1q/p1p1p3/6Q1/2pP1PP1/2P1P2p/PP5P/1R3RK1 w - - 5 26	g5c5 h7e4 g1f2 e4c2 f2e1 c2b1	2064	crushing endgame interference long	https://lichess.org/Ub9hCZaO#51
5KBiP	r1bq1rk1/ppp2ppp/8/2b5/2pBR3/2P5/PP3PPP/RN1Q2K1 b - - 0 11	d8g5 e4e5 g5d8 e5c5	1941	advantage interference middlegame short	https://lichess.org/pR7uwo3b/black#22
55Uom	2r3k1/1pr3p1/p3p1B1/1b1pP3/7Q/5N1P/P5PK/3q4 b - - 13 30	d1c1 h4h7 g8f8 h7h8 f8e7 h8g7 e7d8 g7f8 d8d7 f8d6	1910	deflection interference mate mateIn5 middlegame veryLong	https://lichess.org/eN0Eywbq/black#60
EoufV	7r/2R2p2/4p1k1/3p2p1/3P2P1/2P1P1K1/5R1P/1r6 w - - 7 35	c7f7 b1g1 g3f3 g6f7	1853	crushing endgame interference rookEndgame short	https://lichess.org/iYvJRMmg#69
EJBVI	r3k2r/pp3Np1/2p1p1pn/3n2N1/3PQ1P1/2q3bP/P1P2PK1/R6R w kq - 0 19	f7h8 d5f4 g2f1 c3a1	1868	crushing interference middlegame short	https://lichess.org/26tzX1Wa#37
Or1kO	1rb1kb1r/p1q2pp1/2p4p/n3p3/B3Q3/8/PPPP1PPP/RNB1K2R w KQk - 1 12	d2d3 b8b4 e4e2 b4a4	1929	advantage interference opening short	https://lichess.org/8Ie0kv8W#23
hxRcw	r1rq1bk1/pb3ppp/5n2/3p4/B2Q4/P3P1P1/2P2P1P/RNB1R1K1 w - - 1 21	c1b2 c8c4 d4d1 c4a4	1804	advantage interference opening short	https://lichess.org/jOupms52#41
nh7BY	r4q2/ppp1n1kp/3p2p1/3Pp1Q1/4P3/5r1b/PPP1N3/1K1R3R b - - 1 22	f3f1 d1f1 h3f1 g5h6 g7f7 h1f1 f7g8 f1f8	1931	advantage interference intermezzo middlegame skewer veryLong	https://lichess.org/3uKWddZj/black#44
GT4IH	3q1rk1/3b1pbp/p2Qpnp1/n3N3/2BP1B2/2N5/Pr3PPP/R2R2K1 w - - 0 18	c4a6 b2b6 d6a3 b6a6	1808	advantage interference middlegame short	https://lichess.org/bXs1T7Mc#35
UGvOI	2r2rk1/5ppp/p1nb1q2/1p1Q4/4p1P1/4P2P/PP2BP2/2KR2NR w - - 2 19	d5d6 c6d4 c1b1 f6d6	1820	crushing discoveredAttack discoveredCheck interference intermezzo middlegame short	https://lichess.org/LUYlikcu#37
5ODsN	2kr1q1r/ppp2ppp/8/5N1b/1n2Q1P1/2N1P2P/PPP5/R3KR2 b Q - 2 19	h5g6 f5e7 c8b8 e4b4	1861	advantage interference middlegame short	https://lichess.org/2j0X5qdr/black#38
kmKDe	6k1/7b/pqnb1B1p/1p1P1pp1/1P3P2/P3r1P1/7P/R2Q1R1K b - - 2 27	c6e7 f6d4 b6b7 d4e3	1815	crushing fork interference middlegame short	https://lichess.org/ij4kK7yT/black#54
5S2xy	1r1k1r1R/8/1qpp1pQ1/4pP2/4P1P1/1PN5/P1P5/2K5 b - - 6 32	f8h8 g6f6 d8d7 f6g7 d7c8 g7h8	1901	crushing endgame exposedKing fork interference long	https://lichess.org/dA9LsUQd/black#64
OFFP7	1kr5/1p3q1p/1Q2bpp1/2r1p3/3pPP2/2nP2NP/6P1/RR1B2K1 b - - 0 32	c3b1 b6a7 b8c7 a7c5	1838	crushing interference master middlegame queensideAttack short	https://lichess.org/TO00Rtsb/black#64
An7xg	2r1r1k1/2qn1ppp/pp2p3/4P3/PBP5/2Q5/5PPP/3R1RK1 b - - 4 22	d7e5 b4d6 c7c4 c3e5	1847	advantage interference intermezzo middlegame short	https://lichess.org/pEvCfliS/black#44
EXqAc	5rk1/6pp/2pNp2r/4p2q/PQ1pP3/3P2PN/5PKP/3R1R2 w - - 5 25	f1h1 h5f3 g2g1 f3d1	2172	advantage interference middlegame short	https://lichess.org/tKn426iJ#49
7QnKa	r3k2r/ppp2pp1/2p2q1p/4n2b/4P3/2P2N2/PPQN1bPP/R1B2R1K b kq - 1 14	f2b6 f3e5 f6e5 f1f5 e5e6 f5h5	2105	advantage clearance interference long middlegame	https://lichess.org/Kz0oVwHS/black#28
PXNHB	5k2/p5pp/1p2p3/7P/P2P1P2/5K2/2rr1PR1/6R1 w - - 3 32	g2g7 c2c3 f3g2 f8g7	2128	crushing endgame interference rookEndgame short	https://lichess.org/cBg1tjQk#63
ApTIq	3r2k1/1p4rp/p1pq1p1Q/4pP2/4P1bR/1P6/P1P3P1/2K4R b - - 2 26	d6d4 h6g7 g8g7 h4h7 g7f8 h7h8 f8e7 h1h7 e7d6 h8d8 d6c5 d8d4	2272	attraction crushing deflection discoveredAttack interference kingsideAttack middlegame sacrifice skewer veryLong	https://lichess.org/H3Ft7B8F/black#52
Q6K83	r2q3r/2p1kpbp/ppQ1p1p1/1P1nP3/P2P2PP/2P2P2/8/RNB1K1Nb b Q - 4 18	d8d7 c1a3 e7d8 c6a8	2135	advantage interference middlegame short	https://lichess.org/ELKq2FH8/black#36
YE56n	rn1q3r/1pk1R1pp/p2b2b1/8/2B2Q2/7P/P1PP1PP1/4R1K1 b - - 3 22	c7c8 c4e6 b8d7 f4d6	2143	crushing interference middlegame queensideAttack short	https://lichess.org/l7p8OJVD/black#44
AcGn3	r4rkb/ppp4p/3p2nP/2nP1qB1/2P2p2/2N2P2/PP1QN2R/2K3R1 w - - 5 22	e2d4 c5d3 c1c2 h8d4	2103	crushing interference middlegame queensideAttack short	https://lichess.org/ZjwWwCE1#43
U6TEV	r4rk1/1R3N1p/p4np1/8/8/1BP5/P4PPP/6K1 b - - 0 21	a8b8 f7d8 g8h8 b7b8	2115	crushing discoveredAttack discoveredCheck endgame interference master short	https://lichess.org/LRXsRdNd/black#42
mYwba	2kr3r/1pp1q1pp/1pnp1n2/6N1/1PQ1P3/P7/5PPP/R1B2RK1 w - - 5 17	g5f7 d6d5 e4d5 e7f7	2150	advantage interference middlegame short	https://lichess.org/w83eFStz#33
6NX4c	r1bqk1nr/ppp3p1/2np3p/2b1pp2/2BNP3/2NP4/PPP2PPP/R1BQ1RK1 b kq - 1 7	e5d4 d1h5 e8d7 h5f5 d7e7 f5f7	2219	exposedKing interference long mate mateIn3 opening swallowstailMate	https://lichess.org/fPf4iShg/black#14
eq8lS	r4r2/4kp2/p2bb2Q/2p5/2p2P2/8/P5PP/4R1K1 b - - 0 23	f8h8 e1e6 f7e6 h6g7 e7e8 g7h8	2113	advantage endgame interference long sacrifice	https://lichess.org/twiUdPfU/black#46
mNSS3	3r2k1/p4p1p/4pQ2/2pq4/7n/5PPP/1B2b3/4R2K b - - 0 31	e2f3 h1g1 g8f8 f6h8 f8e7 b2f6 e7d6 h8d8	2126	crushing defensiveMove deflection fork interference middlegame veryLong	https://lichess.org/YZrRT3sO/black#62
Js0sH	4r1k1/2Q2pp1/4r2p/pp1qR3/3P4/1P5P/P5b1/B3R1K1 b - - 1 30	d5a8 e5e6 e8e6 e1e6 f7e6 d4d5 a8f8 g1g2	2170	advantage interference middlegame veryLong	https://lichess.org/ZkORDJJ9/black#60
UQCDc	6k1/1r1p1r1p/p3NPp1/5nP1/1p3q2/7Q/PPP5/1K1R3R b - - 0 29	d7e6 h3h7 f7h7 d1d8 g8f7 h1h7 f5g7 h7g7	2139	deflection interference mate mateIn4 middlegame sacrifice veryLong	https://lichess.org/2892JKP9/black#58
pCCJ3	2k5/ppp3bn/2b1Q1pp/2P1Pp2/1P3P2/P1N3P1/1B1q2nP/4R1K1 b - - 0 27	c6d7 e6g8 h7f8 e1e2 d2d4 g1g2	2345	crushing fork interference long middlegame	https://lichess.org/UngXgOSG/black#54
XXJ8m	3r4/pp3p2/2p1bkB1/2Q5/2P2P2/2p5/P2q2PP/5RK1 b - - 0 34	c3c2 c5g5 f6g7 g6d3 g7f8 g5d8	2518	crushing discoveredAttack discoveredCheck endgame exposedKing interference long	https://lichess.org/etfv6g6E/black#68
JyeTg	4r3/p5k1/1q4p1/3P1b1p/8/1P3Q2/P3BRPP/6K1 w - - 1 28	e2d3 e8e3 f3f4 e3d3	2470	advantage endgame interference short	https://lichess.org/0mkZu6xy#55
AeNj1	2k4r/Qn2p1bp/B4np1/3p4/3P1P2/B1q1P3/P5PP/R3K2R w KQ - 1 20	e1f2 f6g4 f2f1 c3a1 f1e2 a1a2	2409	crushing interference long middlegame	https://lichess.org/TCV1co0v#39
LZNGJ	r1bqr1k1/pp2bppp/2nppn2/6N1/8/2P1B3/PPB2PPP/R2QR1K1 b - - 7 15	f6d7 d1h5 e7g5 h5h7 g8f8 h7h8 f8e7 e3g5 d7f6 h8g7	2454	crushing interference kingsideAttack opening sacrifice veryLong	https://lichess.org/5HkxMXLV/black#30
HnSjn	1k1r4/p6p/3NP1p1/RP1n1p2/1P3P2/5P1P/8/3K4 w - - 1 31	a5a6 d5b6 d1e1 d8d6 e6e7 d6e6	2633	crushing endgame interference long pin quietMove	https://lichess.org/1H3e8wBJ#61
EzIAb	3qQ1rk/pb5p/5p2/1pp2N2/8/P2P3P/1PP2P2/4RK2 w - - 2 29	e8h5 b7g2 f1e2 g8g5 h5f7 g5f5	2428	advantage endgame interference long	https://lichess.org/HvtaYOBe#57
mPlvD	3r1r1k/pp2R3/2p2np1/1q5p/1P1R4/P3PpPb/BB3P2/3QK3 w - - 6 35	d4d8 b5f1 e1d2 f8d8 b2d4 d8d4 e3d4 f1f2	2440	crushing interference middlegame veryLong	https://lichess.org/CmR1tiT8#69
3LLer	3r3k/6rp/p3pR2/3pn2q/1P1QN3/2P5/P2R2PP/7K w - - 1 32	e4c5 e5g4 h2h3 e6e5 d4d3 g4f6	2515	advantage interference long middlegame pin	https://lichess.org/FnhOYLQc#63
PR8Vw	r1b1k2r/1p2b1pp/4p3/p1n1P3/1pqN1R2/4B3/P2Q2PP/RN4K1 b kq - 3 18	h8f8 d4f5 c4f4 f5g7 e8f7 e3f4	2452	advantage exposedKing interference long middlegame sacrifice	https://lichess.org/HEcgmHLr/black#36
Io4qX	7k/pp4r1/n3pBQ1/2p5/2P1K1P1/P7/2B3q1/R7 w - - 5 34	e4e5 g2h2 e5e4 h2c2 e4e3 c2g6	2435	crushing interference long middlegame skewer	https://lichess.org/7wpqYAw8#67
Ikk0w	2r1k2r/pp1qb2p/6pQ/2pNp3/3nP3/1P1P3P/PBP3P1/5RK1 b - - 1 18	h8f8 f1f8 e7f8 d5f6 e8e7 h6h7 e7f6 h7d7	2413	crushing deflection exposedKing fork interference middlegame skewer veryLong	https://lichess.org/4En6oFtL/black#36
01A5W	4r1k1/pp3p2/3p1Ppq/5P2/4r3/6RP/PP3Q2/6RK b - - 2 39	e4e2 g3g6 f7g6 f6f7 g8f7 f5g6 f7e7 f2e2	2453	advancedPawn attraction crushing discoveredCheck doubleCheck endgame interference intermezzo sacrifice veryLong	https://lichess.org/oykaypz8/black#78
QF5bL	r4rk1/pp3ppp/8/q5N1/1n1p4/6P1/1PPQ1PBP/1K1R3R w - - 3 19	d2d4 a5a2 b1c1 a8d8 d4d8 a2a1 c1d2 f8d8	2447	crushing interference intermezzo master masterVsMaster middlegame sacrifice veryLong	https://lichess.org/W0dnY5jl#37
jUTmu	r6r/2q1k1p1/p3pn1p/3Q2B1/8/8/PP3PPP/R3R1K1 b - - 0 19	h6g5 e1e6 e7f7 e6e7 f7e7 a1e1 e7f8 d5a8 f8f7 a8h8	2438	attraction crushing discoveredCheck doubleCheck interference middlegame sacrifice skewer veryLong	https://lichess.org/cPNDoebA/black#38
xCNd6	r6r/ppp2k2/2b1p1Q1/4P3/7q/2PB4/PP4P1/3R2K1 b - - 0 26	f7e7 g6g7 e7d8 d3h7 c6d5 g7h8 d8d7 h8a8	2496	crushing discoveredAttack discoveredCheck interference middlegame pin skewer veryLong	https://lichess.org/aKJ219sk/black#52
96jzG	3R4/r1p1k3/b1P1p1pp/pB3p2/P7/4PP2/6PP/6K1 b - - 4 32	a6b5 d8d7 e7e8 a4b5 a5a4 b5b6	1197	crushing endgame intermezzo long	https://lichess.org/Pfrjmex2/black#64
kpzyW	6rk/2p2prp/p1n1qp1Q/1p1p4/3P3N/P1PB3P/2P2P2/R5RK w - - 12 22	g1g7 e6h3 h1g1 g8g7	1166	advantage intermezzo kingsideAttack middlegame short	https://lichess.org/2EmNBY7Y#43
jo4P8	3r4/5p2/2n1kn1p/p1p2N2/b1P1P1p1/P4PP1/1r2P1BP/2KR3R w - - 0 26	d1d8 b2c2 c1b1 c6d8	1179	advantage intermezzo middlegame short	https://lichess.org/arwDFIDF#51
27J9Q	1r4k1/p2B3p/4r1p1/4Pp2/3p1Q2/2q3Pb/P1P5/1R2R1K1 b - - 2 26	b8b1 d7e6 g8g7 e1b1	1173	crushing hangingPiece intermezzo middlegame short	https://lichess.org/1VaAMSW0/black#52
EH5x8	3r2k1/1b3pp1/p3p2p/1pr5/3b4/P1N2q2/1PQ2PPP/3R1RK1 w - - 0 25	g2f3 c5g5 g1h1 b7f3	1179	intermezzo kingsideAttack mate mateIn2 middlegame morphysMate short	https://lichess.org/zKpmaCR4#49
kCWVG	4r1k1/7p/3p2p1/p1p2p2/2Pb3q/1P1R1PNP/P2QrPK1/3R4 w - - 4 30	g3e2 h4f2 g2h1 e8e2 d2e2 f2e2	1179	crushing intermezzo long middlegame	https://lichess.org/FJEAPoJd#59
4KfY8	r2qk2r/4npbp/p1npp1pB/1pp5/2B1P1N1/3P4/PPPQ1PPP/1R3RK1 b kq - 1 17	g7h6 g4f6 e8f8 d2h6	1087	intermezzo mate mateIn2 middlegame short	https://lichess.org/MMII11S0/black#34
B1j7G	5rk1/1p4pp/p1p1b1r1/8/2P1PN2/1P3Q1P/Pq4PK/3R1R2 b - - 0 26	f8f4 d1d8 g8f7 f3f4	1146	crushing intermezzo kingsideAttack middlegame short	https://lichess.org/R1q0NOLZ/black#52
z2cXf	2r3k1/1b3ppp/3Q1N2/p3Pp2/1pq2P2/4R3/P5PP/6K1 b - - 3 31	g7f6 e3g3 g8h8 d6f6	1150	endgame intermezzo mate mateIn2 short	https://lichess.org/FAT5JX7D/black#62
tG86b	r3qb1r/kp1np1p1/p1p1pn1p/2PpN3/3P1BPP/1Q6/PP3P2/RN2K2R b KQ - 2 16	d7e5 b3b6 a7b8 f4e5 b8c8 b6c7	1134	intermezzo long mate mateIn3 middlegame	https://lichess.org/22odrpLg/black#32
39psV	4rrk1/2p1Rpbp/1pq3p1/p3n1B1/P6P/1QP2NP1/1P3PK1/4R3 w - - 3 22	e7e8 c6f3 g2g1 f8e8	1193	crushing intermezzo middlegame short	https://lichess.org/6J1wOk8T#43
DNeee	1r4k1/1p3pp1/7p/p1q1rN2/2P1PQ2/8/6PP/1R5K b - - 3 30	e5f5 f4b8 g8h7 e4f5	1175	crushing endgame hangingPiece intermezzo short	https://lichess.org/kcQc2oow/black#60
LrKwO	r2qk2r/pp2npbp/2np2pB/3Np3/4P3/8/PPPQ1PPP/R3KB1R b KQkq - 2 11	g7h6 d5f6 e8f8 d2h6	1183	intermezzo mate mateIn2 opening short	https://lichess.org/kRg22tFr/black#22
jvzi1	rn3r1k/pp1b1pb1/1q3Npp/4Pp2/3P4/2B4Q/PP3PPP/R4RK1 b - - 1 19	g7f6 h3h6 h8g8 e5f6 b6f6 d4d5 f6c3 b2c3	1190	crushing fork intermezzo middlegame quietMove veryLong	https://lichess.org/MCOMqHbh/black#38
tiNBT	4rbk1/5p1p/6p1/8/q2P1Q2/r3B2P/5PP1/R2R2K1 w - - 0 27	a1a3 a4d1 g1h2 f8a3	1156	crushing hangingPiece intermezzo middlegame short	https://lichess.org/MsHvJElV#53
9knkv	8/5n1p/4kpp1/3Rp3/1p1bP3/1N5P/1P3rP1/1R2K3 b - - 7 34	f2b2 b3d4 e5d4 b1b2	1467	crushing endgame intermezzo short	https://lichess.org/Lqe1XK8s/black#68
ytbwG	r4rk1/p5p1/2p3b1/1p1p4/3Pnp2/PQNBP3/1P3q2/2KR2R1 w - - 0 24	c3e4 f2e3 c1c2 g6e4	1365	crushing intermezzo middlegame short	https://lichess.org/DBdNBSjc#47
T0SVs	rnbq1rk1/ppp3bp/5np1/3Pp1B1/4N3/5N1P/PPP3P1/R2QKB1R b KQ - 2 12	d8d5 e4f6 g7f6 d1d5	1432	crushing fork intermezzo opening short	https://lichess.org/kFcQwG2r/black#24
pEqqE	rn1qk2r/1p3ppp/p2b1n2/1P1bp3/8/4PN2/1B1P1PPP/RN1QKB1R w KQkq - 0 10	b2e5 d5f3 d1f3 d6e5	1331	advantage capturingDefender intermezzo opening short	https://lichess.org/hPIaSrSB#19
A5y0b	r2q1rk1/p5bp/bp1p2p1/1Nnn4/2P2p2/5N2/PPB3PP/R1BQR1K1 b - - 1 19	a6b5 d1d5 g8h8 c4b5	1364	advantage hangingPiece intermezzo middlegame short	https://lichess.org/l84JXtwM/black#38
jK1TX	r3rk2/1p1n1pp1/p1pb1n1p/3p4/3P2b1/1PP2NB1/1PBNRPPP/4R1K1 b - - 5 17	e8e2 g3d6 f8g8 e1e2	1201	advantage hangingPiece intermezzo middlegame short	https://lichess.org/NhjPaH4y/black#34
Z3bq6	r2q1r1k/pppnbpp1/8/n3P2b/4B3/2P2N1P/P4PP1/RNBQ1RK1 b - - 2 15	d7e5 d1d8 a8d8 f3e5	1376	advantage intermezzo opening short	https://lichess.org/YhipYUAA/black#30
vk0cN	3r1rk1/p3bppp/1pnp1n2/3Np3/2P1P1q1/3QBN1P/PP3PP1/2R2RK1 b - - 0 14	g4e4 d5f6 e7f6 d3e4	1348	crushing intermezzo kingsideAttack middlegame short	https://lichess.org/0bOwKYRH/black#28
2nVzC	5rk1/1p2bppp/n2q1n2/p1pN2B1/P3pQ2/1BP4P/1P3PP1/R5K1 b - - 1 22	d6f4 d5e7 g8h8 g5f4	1399	crushing hangingPiece intermezzo kingsideAttack middlegame short	https://lichess.org/WpPq1fVT/black#44
Sx0Ut	8/p1r2q1k/6pp/2p3p1/3rR3/P1R2P1P/4Q1PK/8 w - - 7 38	c3c5 d4e4 e2e4 c7c5	1409	crushing endgame intermezzo short	https://lichess.org/MqL9Z5ZW#75
AmID9	rn2kb1r/p1q1ppp1/2p2np1/1p6/3P4/3BP3/PPQ2PPP/RNB1K2R w KQkq - 0 11	d3b5 c7a5 b1c3 c6b5	1279	advantage fork intermezzo opening short	https://lichess.org/DM1hHliV#21
8Lb1c	r1b2rk1/pp1nbppp/2pp1n2/q2N4/3BP3/5P2/PPPQ2PP/1K1R1BNR b - - 2 10	a5d2 d5e7 g8h8 d1d2	1448	crushing hangingPiece intermezzo opening short	https://lichess.org/FcpJvUva/black#20
ovqVp	3r2k1/pp3ppp/1qrbp3/8/8/1PB1P3/P4PPP/2R1QRK1 w - - 0 18	c3a5 c6c1 a5b6 c1e1 f1e1 a7b6	1464	advantage intermezzo long middlegame	https://lichess.org/OFIc4wW0#35
hXUzs	8/1R4p1/5p1k/7r/6KP/4P3/5P2/8 w - - 2 35	b7g7 f6f5 g4f4 h6g7	1324	crushing endgame intermezzo rookEndgame short	https://lichess.org/R3Ix0WZt#69
0Xwih	r3r1k1/p1n2p1p/3q1pp1/2pP4/2B2bP1/2N5/PP5Q/2K2R1R w - - 0 25	h2f4 e8e1 c1c2 d6f4 f1f4 e1h1	1437	advantage intermezzo long middlegame	https://lichess.org/tPgwhnvi#49
aiRTw	4r1k1/pQ2bppp/6q1/8/8/1P2P1P1/PB1R1PKP/8 w - - 1 24	b7e7 g6c6 g2g1 e8e7 d2d8 e7e8	1509	advantage endgame intermezzo long	https://lichess.org/9z5V7Tzj#47
thZ69	1r4k1/5pp1/5q1p/p2Np3/P2Pn3/4P2P/1QR2PP1/6K1 b - - 1 31	b8b2 d5f6 g7f6 c2b2	1563	crushing endgame intermezzo short	https://lichess.org/FQd4fU7h/black#62
Qy8mu	2rb2k1/p2q2p1/1p3pQp/3p1Nn1/8/1P4P1/P3PP1P/B2R2K1 w - - 13 27	d1d5 c8c1 g1g2 d7d5	1532	crushing fork intermezzo middlegame short	https://lichess.org/cQL9h8Gn#53
ykm0D	r2q1r2/p4R2/2k1p2R/1p1pP3/1Pp2Q2/P1n5/8/1BK5 b - - 2 35	f8f7 h6e6 c6b7 f4f7 d8c7 e6e7 c7e7 f7e7	1503	crushing intermezzo middlegame pin veryLong	https://lichess.org/sxgk2EAL/black#70
MczyH	r1bqnrk1/pp3pb1/2n1p1pp/3pP3/3N4/P1N3BP/1PP1BPP1/R2QR1K1 b - - 0 15	g7e5 d4c6 b7c6 g3e5	1555	advantage capturingDefender intermezzo opening short	https://lichess.org/CLimFWaH/black#30
s72iQ	2r2rk1/5pp1/2pqn3/1pR1N3/pP2P3/P2P4/3Q1PPP/2R3K1 w - - 1 28	e5c6 e6c5 b4c5 d6c6	1500	advantage capturingDefender intermezzo middlegame short	https://lichess.org/SCCDQxhi#55
ma8wf	2kr1b1r/ppp3pp/4q3/4pp2/3n2b1/P1NP1N2/1PP1QPPP/R1B2RK1 w - - 4 12	e2e5 d4f3 g2f3 e6e5	1548	crushing intermezzo kingsideAttack opening short	https://lichess.org/u0l5AGvO#23
oOvDn	r4rk1/pp3ppp/5q2/4p3/3n2b1/3B1N2/PPP1QPPP/R4RK1 w - - 0 15	e2e5 d4f3 g2f3 f6e5	1526	crushing intermezzo kingsideAttack middlegame short	https://lichess.org/Es6nK25t#29
1fnHn	r4rk1/pp2bppp/3pbn2/q2Np1B1/2PpP3/3P4/PP1QBPPP/RR4K1 b - - 1 12	a5d2 d5e7 g8h8 g5d2	1537	crushing hangingPiece intermezzo middlegame short	https://lichess.org/5or4MCwk/black#24
40lGs	3rr1k1/p1p2ppp/3b2q1/2p1pb2/4N3/2PPB3/PP1Q1PPP/R3R1K1 w - - 6 19	e3c5 f5e4 e1e4 d6c5	1528	advantage capturingDefender intermezzo middlegame short	https://lichess.org/ANTskBlY#37
oFFMA	r2q1rk1/b1p2ppp/p1n5/1p1pP3/3Pn1b1/1BN2N2/PP3PPP/R1BQ1RK1 w - - 5 13	b3d5 e4c3 b2c3 d8d5	1579	advantage capturingDefender intermezzo opening short	https://lichess.org/3wLfCSjp#25
1DiZ9	rn2k2r/ppq2ppp/3b1nb1/3pN3/3P4/8/PPP1BPPP/RNBQ1RK1 w kq - 1 11	e5g6 d6h2 g1h1 h7g6	1521	crushing intermezzo opening short	https://lichess.org/BFD7zkq0#21
11f6q	r2qkbnr/pQp3pp/2n2p2/3p3b/3P4/2P1PpBP/PP3PP1/RN2KB1R b KQkq - 0 9	f3g2 b7c6 e8f7 f1g2	1531	advantage hangingPiece intermezzo middlegame short	https://lichess.org/dozH0wb7/black#18
xGXjP	r1bq1rk1/1p2bppp/p3p3/6B1/1n2p3/5N2/PPPQBPPP/R2R2K1 w - - 0 14	d2b4 d8d1 a1d1 e7b4	1569	advantage intermezzo middlegame short	https://lichess.org/tzJTp46l#27
xZnu4	4rrk1/p6p/N1P5/bP1n2p1/3P4/4p1PP/1BR2P2/5RK1 w - - 0 34	f2e3 f8f1 g1f1 d5e3 f1e2 e3c2	1535	advantage attraction discoveredAttack discoveredCheck exposedKing fork intermezzo long middlegame	https://lichess.org/jDDL17bg#67
opyFD	r1bqk2r/pp1n1ppp/3bpn2/2p1N3/2B1NP2/8/PPPPQ1PP/R1B1K2R b KQkq - 0 8	d7e5 e4d6 d8d6 f4e5	1936	advantage intermezzo opening short	https://lichess.org/JMXslkYI/black#16
0BlI4	2R5/2p2p2/3p1kp1/2n4p/r2R1P2/P1p3P1/1P3K1P/8 w - - 0 40	d4a4 c3b2 c8b8 c5a4	1966	advancedPawn crushing endgame intermezzo short	https://lichess.org/WQWcNOfL#79
ukiNw	r3r2k/ppp3p1/8/3QP3/P5Pp/1Pq5/8/2R2RK1 b - - 3 32	c3e5 f1f8 h8h7 d5e5 e8e5 f8a8	1822	crushing endgame intermezzo long	https://lichess.org/wMRmKPUX/black#64
0XqV2	3r2rk/ppq2p1p/2p1p3/4Rp2/3P4/2P4P/PP1Q1PP1/4R1K1 w - - 5 23	d2f4 f7f6 e5f5 c7g7 g2g3 e6f5	1824	advantage clearance endgame intermezzo long	https://lichess.org/MNMYnEjm#45
Ja7Ex	3rr1k1/R2b1p1p/6p1/1p2n1q1/2pNR3/2P2P1P/5QP1/5BK1 b - - 0 34	e5c6 a7d7 e8e4 d7d8 c6d8 f3e4	1920	advantage intermezzo long middlegame	https://lichess.org/xYH3vXAD/black#68
2FY0h	r5k1/ppp3pp/2n1p3/1BP5/3Ppb1q/4Br1P/PP3PP1/R2Q1RK1 w - - 1 15	g2f3 h4h3 e3f4 e4f3 d1f3 h3f3	1914	advantage intermezzo long middlegame	https://lichess.org/ItI9iCyB#29
tIvAE	r2q1k1r/p1p2p2/bpn4p/3NP1p1/2PP1p2/3Q2nP/P1P3P1/R1B1KBR1 b Q - 0 15	d8d5 d3a3 c6e7 c4d5	1934	crushing fork intermezzo middlegame pin short	https://lichess.org/rzQ38SuG/black#30
FycsF	2r2rk1/pp3p2/4p1p1/1b1pP1N1/3n3R/3B4/P1PK1PP1/R7 b - - 1 21	b5d3 a1h1 c8c2 d2d3	2007	crushing intermezzo middlegame quietMove short	https://lichess.org/Fzix3Xjj/black#42
Ff2My	r3k2r/2p2pp1/2p4p/p1p5/2b1q3/P4NPP/1P2PP2/2RQ1RK1 b kq - 1 16	c4e2 f1e1 e8g8 d1e2	1995	advantage intermezzo middlegame short	https://lichess.org/VUTkk7ap/black#32
oSMTA	5r1k/3qbPpp/p2p4/1p4P1/3B1Qn1/P1P5/B6P/5K2 b - - 2 29	e7g5 d4g7 h8g7 f4g5 g7h8 g5g8 f8g8 f7g8q	1826	advancedPawn attraction intermezzo mate mateIn4 middlegame promotion veryLong	https://lichess.org/PgNXMZvi/black#58
RryqH	1r1b2k1/3bn2p/1q1p4/N1pPp1p1/2P1Pp2/1N1B1P2/Q5PP/1R4K1 w - - 12 30	b3d4 b6a5 a2a5 b8b1 d3b1 d8a5	1811	advantage deflection discoveredAttack intermezzo long master middlegame superGM	https://lichess.org/hm6g7mAs#59
Mv7Qi	1r3r1k/2q3p1/2p4p/5p2/4n2P/Q3P1P1/5P2/1R1R2K1 b - - 4 32	b8b1 a3f8 h8h7 d1b1	1822	advantage endgame hangingPiece intermezzo short	https://lichess.org/0DibD5V4/black#64
rK6jB	8/6k1/1p4p1/p4PP1/P1Bp2K1/1Pr5/8/8 b - - 0 46	c3c4 f5f6 g7f7 b3c4 d4d3 g4f3	1868	crushing defensiveMove endgame intermezzo long rookEndgame	https://lichess.org/7MZaLDSt/black#92
Tw45P	r2q1b1r/pp2k1pp/1n2pp2/3nN3/3P4/2N5/PP2QPPP/R1B2RK1 b - - 5 17	f6e5 c1g5 d5f6 d4e5	1821	advantage intermezzo opening short	https://lichess.org/eodjQYV4/black#34
VFe6g	r5k1/pp2Rp1p/2q3p1/2p3P1/3r1P2/1P4KP/P1Q5/2R5 w - - 3 26	c2c5 d4d3 e7e3 c6c5 c1c5 d3e3	1808	capturingDefender crushing endgame intermezzo long	https://lichess.org/fIwfyb8Z#51
2umr0	r4r1k/2qn1ppp/4p3/2PpP3/5BQ1/4R3/5PPP/2R3K1 b - - 2 24	c7c5 e3g3 g7g6 c1c5	2109	advantage intermezzo middlegame quietMove short	https://lichess.org/nZNfZ0um/black#48
Ge8LL	8/8/7p/pk1p1pp1/1P1Pp2P/1K2P1P1/5P2/8 w - - 0 41	h4g5 a5a4 b3b2 h6g5	2131	crushing endgame intermezzo pawnEndgame short	https://lichess.org/Kt3pHUlp#81
HYVMF	1k4r1/1p2n3/p2q4/2Np1p2/3P2n1/1B4R1/PP2Q2P/6K1 b - - 0 31	g4h2 g3g8 e7g8 e2h2 d6h2 g1h2	2124	advantage intermezzo long middlegame	https://lichess.org/g1JNFkKu/black#62
L5GlP	r5nr/pp3pk1/2pp1q2/6p1/2PPQ3/2NB3b/PP4PK/R6R w - - 0 18	g2h3 f6f2 e4g2 h8h3 h2h3 f2h4	2154	attraction intermezzo long mate mateIn3 middlegame pin sacrifice	https://lichess.org/Di0MgXAO#35
hqRv2	r2r2k1/2pb1ppp/4p1q1/p1P5/1n1P4/4P3/Q2NBPPP/RR4K1 w - - 6 25	b1b4 d7c6 e2f3 a5b4 f3c6 a8a2	2102	crushing discoveredAttack intermezzo long middlegame	https://lichess.org/i8u9Z1RX#49
kcLA3	r2qkb2/2p2pp1/p1p1p2r/8/4PP1p/1P4n1/PBPNQ1PP/3R1RK1 w q - 1 17	h2g3 f8c5 f1f2 h4g3	2226	crushing intermezzo middlegame pin short	https://lichess.org/rs5QYjKw#33
oF7Ap	5rk1/2q2rpp/1n2p1p1/p7/3Pp1Pb/2P1P2P/PBR2P2/3QNRK1 w - - 6 27	b2a3 h4f2 f1f2 c7g3 e1g2 f7f2	2210	attraction crushing intermezzo kingsideAttack long middlegame sacrifice	https://lichess.org/bDWTGbsr#53
JaTOn	r1bq3r/ppppkBpp/6n1/2b4Q/4n3/8/PPPP2PP/RNB2R1K w - - 4 11	f7g6 e4g3 h2g3 h7g6	2158	crushing intermezzo opening pin short	https://lichess.org/xwNjMsf3#21
xLBjG	6r1/5k2/8/2p1P2p/1n1p3N/p2P3P/1RP3BK/8 w - - 0 40	b2b4 g8g2 h2g2 c5b4	2191	crushing endgame intermezzo short	https://lichess.org/RHtySslG#79
nI6Wm	5k2/8/1K6/1B6/P5r1/6p1/3b4/6R1 w - - 4 58	b5e2 d2e3 b6c6 g4g6	2136	crushing endgame fork intermezzo short	https://lichess.org/JZq7PTRJ#115
9LXpy	r3k2r/pp1b1pp1/2n1p3/qN1pP1Bp/1b5P/P2Q1N2/2P1KPP1/R6R b kq - 1 14	c6e5 a3b4 a5b5 f3e5	2198	advantage intermezzo middlegame short	https://lichess.org/fAzeuZ8o/black#28
dxKjx	5r1k/p3q2p/1p2p1p1/3pN3/5PQ1/P2R3P/1Pr3P1/R5K1 w - - 3 33	g4g6 e7c5 g1h2 h7g6	2183	crushing intermezzo middlegame short	https://lichess.org/APdMZL2s#65
b4iBp	1r1q2k1/1p1bbppp/p2p1n2/P1pP2B1/8/2N3Q1/1PP1B1PP/5RK1 b - - 2 21	f6d5 g5h6 e7f6 c3d5	2144	advantage intermezzo middlegame pin short	https://lichess.org/rGOivFjR/black#42
QJgJU	2kr3r/ppp2ppp/2n5/3P4/1bBq4/1PN5/PBP3QP/2K2R2 b - - 4 19	b4c3 g2h3 c8b8 b2c3 d4c5 d5c6	2190	advantage intermezzo long middlegame	https://lichess.org/J6LX4Qqg/black#38
JkL3W	4q3/p2r3k/2p1p1rp/4B1b1/8/2P2R1Q/PP3RPP/6K1 w - - 3 27	h3g4 d7d1 f2f1 g5e3 f3e3 d1f1 g1f1 g6g4	2181	crushing deflection discoveredAttack intermezzo middlegame veryLong	https://lichess.org/vD862uLG#53
2InA6	r2qr1k1/bpp2pp1/p6p/P3N3/1P3n2/1QPP4/1B3PPP/R3R1K1 b - - 0 18	f4d3 b3f7 g8h8 e5d3	2433	crushing intermezzo middlegame short	https://lichess.org/qXKOgAZf/black#36
jIes3	1k1r3r/ppqn1N2/2p1p2p/5bp1/2PQ4/P2B2P1/1P4PP/4RR1K b - - 0 22	f5d3 f7d8 h8d8 d4d3	2406	crushing intermezzo middlegame short	https://lichess.org/0QFmwLvh/black#44
rj2cM	2kr4/1pp4p/p2p1q2/8/2PPb3/P3P3/3b1PPP/R2Q1RK1 w - - 0 20	d1d2 f6f3 g2f3 d8g8 g1h1 e4f3	2512	endgame intermezzo kingsideAttack long mate mateIn3 morphysMate sacrifice	https://lichess.org/5SUKeNbA#39
pvaF0	r2q1rk1/pp2bppp/2pp1n2/1N4B1/3QP3/8/PPP2PPP/2KR3R w - - 0 12	b5d6 d8d6 d4d6 e7d6 g5f6 d6f4 c1b1 g7f6	2401	advantage intermezzo middlegame veryLong	https://lichess.org/EtuzPsWx#23
akehM	5r2/1pR5/p6k/7p/8/2P1pp1P/1P1nR1P1/6K1 w - - 0 39	g2f3 f8g8 e2g2 d2f3 g1f1 g8g2 f1g2 e3e2	2422	advancedPawn crushing endgame exposedKing intermezzo veryLong	https://lichess.org/CJIWGbqI#77
RwNlK	8/8/1R6/2p5/P7/1Pr5/1k1K4/8 b - - 2 39	c3b3 a4a5 c5c4 b6b3 b2b3 d2c1 b3b4 a5a6 b4c3 a6a7	2411	advancedPawn crushing endgame intermezzo quietMove rookEndgame veryLong	https://lichess.org/9sULcyGr/black#78
7T9Mj	r3r1k1/1p1n1pbp/p5p1/2pP3n/P3PB2/q1NB1Q1P/5PP1/1RR3K1 w - - 4 18	b1b7 d7e5 f4e5 a3c1 d3f1 e8e5	2448	advantage deflection intermezzo long middlegame	https://lichess.org/GcVAdOup#35
fxZUV	2k4r/1pp2ppp/2q5/2bpQ3/r7/2P2P2/PP4PP/R1B2RK1 w - - 2 18	c1e3 c6f6 e5f6 c5e3 g1h1 g7f6	2550	advantage deflection intermezzo long middlegame sacrifice	https://lichess.org/wpIE1iTJ#35
KCIPv	2r5/1p2r2k/6R1/5P1p/P2p3P/1Q4P1/2B1qP2/6K1 w - - 1 45	f5f6 e2c2 b3c2 e7e1 g1g2 c8c2 f6f7 c2c8	2432	advantage defensiveMove endgame intermezzo sacrifice veryLong	https://lichess.org/ePudFdrT#89
rnAPp	r1b2rk1/pp3ppp/2np4/3NpPq1/2B1P3/1N3Q2/PPP3PP/5R1K b - - 1 17	c6e7 f3g3 g5g3 d5e7 g8h8 h2g3	2517	advantage deflection intermezzo long middlegame sacrifice	https://lichess.org/hgOIjh2v/black#34
zQTLd	r1b1k2r/p4ppp/4pB2/q7/3R4/2b3P1/PPQ1PP1P/2K2B1R b kq - 0 13	c3d4 c2c6 e8f8 f6d4 c8b7 c6b7	2408	advantage fork intermezzo long middlegame	https://lichess.org/5IViDdYL/black#26
a2cJ1	1k2r2r/1pp2pq1/p7/3pR3/3P3n/2PQ2Pp/PP1B1P1P/R5K1 w - - 7 28	e5g5 g7h7 d3h7 h4f3 g1h1 h8h7	2434	advantage fork intermezzo long middlegame sacrifice	https://lichess.org/n9hW5OCI#55
EkvFZ	r2qr1k1/pb3ppp/3b4/n1p1N3/8/1P1P4/PB1P1PPP/RN1QR1K1 w - - 3 16	b1a3 d6e5 b2e5 d8d5 d1f3 e8e5	2403	advantage intermezzo long opening	https://lichess.org/qEJulFL7#31
MyIct	1rr3k1/Q4p1p/2p1b1p1/1N2p3/Pq2P2P/bP2BP2/2P3P1/1K1R3R w - - 7 25	b5a3 e6b3 b1c1 b4a3 c1d2 b3c2	2497	advantage intermezzo long master middlegame queensideAttack trappedPiece	https://lichess.org/satxSrjP#49
gZ3eJ	1r1q4/p1p3pk/2pp1p2/7r/4PQ2/1P1P4/P1P2K2/1R5R b - - 1 26	h5h1 f4f5 g7g6 b1h1 h7g7 f5h3	2560	crushing defensiveMove endgame intermezzo long	https://lichess.org/eEO2KzPX/black#52
y2IVf	r2q1rk1/1ppbbpp1/p3p2p/4P3/3PNP2/1PNQn1P1/P1B4P/2R2RK1 b - - 2 19	e3f1 e4f6 e7f6 d3h7	1184	clearance kingsideAttack mate mateIn2 middlegame sacrifice short	https://lichess.org/r1mQorlX/black#38
XuOe9	r2q1rk1/pp1b1ppN/4p2p/P2pP3/5P2/1n1Q4/1PB3PP/R4RK1 b - - 3 19	b3a1 h7f6 d8f6 d3h7	1114	clearance kingsideAttack mate mateIn2 middlegame sacrifice short	https://lichess.org/YwjgBjII/black#38
vRHDq	3r2k1/1b3p1p/p3p1pQ/3q4/2p5/6R1/PPP3PP/6RK w - - 4 27	g3h3 d5g2 g1g2 d8d1	1187	clearance endgame mate mateIn2 pin sacrifice short	https://lichess.org/hIOmhPNv#53
SGk9M	2r3k1/p2q2pp/1p6/2bPn3/3p1Q2/8/P3PPPP/3RKB1R w K - 1 22	f4e5 c5b4 d1d2 c8c1	1179	clearance mate mateIn2 middlegame pin short	https://lichess.org/TqBKxDAi#43
hfOl3	2kr1b1r/p3n1pp/P1n1Pp2/1N3P2/2pP1B2/7P/4K3/1R5R b - - 2 24	e7f5 b5a7 c6a7 b1b8	1176	clearance mate mateIn2 middlegame operaMate queensideAttack sacrifice short	https://lichess.org/EDKonfrM/black#48
3gd7T	r1b2rk1/p3qpp1/1pp1p2p/3nP3/Pb1PN3/3Q1N2/1PB2PPP/R4RK1 b - - 1 15	d5f4 e4f6 e7f6 d3h7	1152	clearance kingsideAttack mate mateIn2 middlegame sacrifice short	https://lichess.org/1YyxQC39/black#30
40M5K	6rk/p1R2p1q/3p1prp/2pPb3/2P4P/1P3B1Q/P3RPP1/6K1 w - - 1 30	c7a7 g6g2 f3g2 h7b1 e2e1 b1e1	1189	clearance kingsideAttack long mate mateIn3 middlegame sacrifice	https://lichess.org/sR6GT8T7#59
hLvdJ	r4rk1/1b1p1pp1/p1n1p2p/qp2P3/4N1nP/B2Q4/P1B1KPP1/R6R b - - 6 17	g4e5 e4f6 g7f6 d3h7	1038	clearance kingsideAttack mate mateIn2 middlegame sacrifice short	https://lichess.org/0sISBnet/black#34
yYOTe	r4rk1/1b3ppp/1p2p1q1/pPb4n/3NP3/P4P2/1B1QB1PP/2RR3K w - - 1 23	d4b3 h5g3 h2g3 g6h5	1186	clearance kingsideAttack mate mateIn2 middlegame sacrifice short	https://lichess.org/jCMa55DX#45
1JTIv	5r1k/Q2R1n2/4qPp1/1p2p1P1/2p1P3/2P2B2/P5K1/8 b - - 0 42	f7g5 d7h7 g5h7 a7g7	1066	clearance endgame master mate mateIn2 sacrifice short	https://lichess.org/VB4gDXSf/black#84
Wf6ix	6rk/7p/5pq1/4p2n/1PP5/P2P1P2/3Q2PP/3R2RK w - - 1 37	c4c5 h5g3 h2g3 g6h5	1174	clearance endgame mate mateIn2 sacrifice short	https://lichess.org/9S1EZ2fU#73
MJQH7	7k/2p2q1p/p2p4/1p1Pp2P/4nbQ1/8/PPP2N1r/R3K1N1 w Q - 0 30	f2e4 f4d2 e4d2 f7f2 e1d1 f2d2	1185	clearance exposedKing long mate mateIn3 middlegame sacrifice	https://lichess.org/shzH4ksW#59
IXzBt	6k1/1p3p1p/1B2p1p1/2b1rn2/5P2/1PN5/1P4PP/1R4K1 w - - 1 26	g1h1 f5g3 h2g3 e5h5	1193	clearance endgame mate mateIn2 pillsburysMate sacrifice short	https://lichess.org/i7ln22gb#51
EumQA	r4rk1/p1p2ppR/1p2p1n1/3p2q1/3P2n1/2PQP1P1/PP1N1PP1/2K4R b - - 1 15	g4f2 h7h8 g6h8 d3h7	1193	clearance kingsideAttack mate mateIn2 middlegame sacrifice short	https://lichess.org/NNYTJuC0/black#30
rUXVr	1R4rr/p2Pkp2/2q2n2/8/8/2P1BpPb/P3P2P/3QR1K1 w - - 2 24	b8g8 f3f2 e3f2 c6g2	1169	advancedPawn clearance mate mateIn2 middlegame short	https://lichess.org/SjFjnfLM#47
eFpx0	4R2k/pp1r1rp1/5pRp/3q4/8/6QP/P4PP1/6K1 b - - 2 31	h8h7 g6h6 g7h6 g3g8	1424	clearance endgame mate mateIn2 sacrifice short	https://lichess.org/krIVFwDs/black#62
JBtUY	1k1r3r/2p4q/ppP5/P4Rp1/3Pp3/1QP1P1b1/1B2B2n/RN4K1 w - - 1 24	a5b6 h2f3 e2f3 h7h2 g1f1 h2f2	1493	clearance exposedKing kingsideAttack long mate mateIn3 middlegame sacrifice	https://lichess.org/Hf9p1Ui0#47
UAqBZ	8/8/4R3/3p2P1/2p3kP/p1P5/r1PK4/8 b - - 0 37	g4h4 g5g6 a2b2 g6g7 b2b8 e6h6 h4g5 h6h8	1402	advancedPawn clearance crushing endgame rookEndgame veryLong	https://lichess.org/czmjhakq/black#74
SQoEL	r1r5/1p1nk1p1/p6p/3pPQ2/3P4/8/PP1N2PP/6K1 w - - 2 27	e5e6 c8c1 d2f1 a8f8	1497	clearance crushing endgame short	https://lichess.org/MzxenE7n#53
otfKR	r3k2r/1ppq1pp1/p2b1n2/4n2p/8/1P1P1NP1/PB2PPKP/R2Q1R2 w kq - 0 16	f3e5 d6e5 b2e5 d7d5 e2e4 d5e5	1341	advantage clearance fork long middlegame	https://lichess.org/fRhzSmOD#31
9JT7B	rnb2rk1/6bR/2p3P1/p3p1N1/4p2Q/3q4/PP3P2/R3K3 b Q - 1 21	e4e3 h7h8 g7h8 h4h7	1312	clearance kingsideAttack mate mateIn2 middlegame sacrifice short	https://lichess.org/6aY86n27/black#42
1M0ex	1r3knr/3N1p1p/2B1p1p1/8/Pp3N2/3P2P1/1bPQKP1P/q7 b - - 2 23	f8g7 f4h5 g6h5 d2g5	1475	clearance epauletteMate mate mateIn2 middlegame sacrifice short	https://lichess.org/YAfjFzmW/black#46
EyKJs	6rk/1pp3qn/p2p4/4p3/4P2Q/3P1N1P/PPP2Pr1/R4RK1 w - - 0 25	g1h1 g2h2 f3h2 g7g2	1382	clearance kingsideAttack mate mateIn2 middlegame sacrifice short	https://lichess.org/pulvp8B5#49
A0nsM	2r2r2/4ppkp/pq1p2p1/1p1P4/1Pn1PP2/P5PP/4R1BK/2RQ4 b - - 2 24	c4a3 c1c8 f8c8 d1a1 g7g8 a1a3	1479	advantage clearance fork long middlegame	https://lichess.org/GM9axHBd/black#48
MCWPY	8/8/2k5/2p2p1p/1qr2P2/3Q4/5RPP/6K1 w - - 13 45	d3f5 c4c1 f2f1 b4d4 g1h1 c1f1	1420	backRankMate clearance deflection endgame long mate mateIn3	https://lichess.org/xflJ8HBy#89
UhcrW	1kr5/pprRb1pp/2q2p2/1Q2p3/P3P3/2P3B1/1P4PP/2KR4 b - - 1 24	c6e4 d7c7 c8c7 b5e8 c7c8 e8e7	1440	advantage clearance deflection long middlegame queensideAttack	https://lichess.org/I5MlAG3L/black#48
qIzvt	2r1nr1k/p1q1ppR1/7p/2p5/2BP2QP/2P5/P2K1P2/6R1 b - - 0 23	e8f6 g7h7 f6h7 g4g7	1419	clearance kingsideAttack mate mateIn2 middlegame sacrifice short	https://lichess.org/rKcu4CrN/black#46
aa0RG	2r3k1/p4pn1/1p2p1pp/n7/4qPQ1/P5PN/P6P/B2R2K1 b - - 1 26	c8c2 d1d8 g8h7 h3g5 h6g5 g4h3 g7h5 d8h8	1335	clearance kingsideAttack mate mateIn4 middlegame operaMate sacrifice veryLong	https://lichess.org/shAP1ZOr/black#52
ByhgO	k1r3r1/1b4Np/p1q3p1/4Q3/8/1P2P3/6PP/3R2RK w - - 1 28	d1d6 c6g2 g1g2 c8c1 d6d1 c1d1	1319	clearance long mate mateIn3 middlegame pin sacrifice	https://lichess.org/BuP8870I#55
v9gIT	rn2kb1r/pb1p1p1p/5p2/qP4B1/1p6/8/P3PPPP/R2QKBNR w KQkq - 0 10	g5f6 b4b3 d1d2 f8b4	1368	clearance crushing discoveredAttack discoveredCheck opening pin short	https://lichess.org/TovmTJwb#19
LMiF0	3r4/2R3p1/5pk1/4p1p1/p1B1P1P1/P1n1K1P1/5P2/8 b - - 5 38	c3b1 c4f7 g6h7 c7c1 g7g6 c1b1	1774	clearance crushing endgame long	https://lichess.org/ZnV58dtO/black#76
Ujqq0	r3r1k1/6pp/p1p1bp2/3p4/8/1PP2Q2/q1BK1PPP/4R2R b - - 1 19	a8b8 e1a1 a2b2 h1b1	1736	advantage clearance middlegame short	https://lichess.org/5oeq76W0/black#38
gY1jI	Q7/7p/p5pk/3r1p2/1P2qP2/P5RP/3p1P1K/8 b - - 3 38	d2d1q a8f8 h6h5 g3g5 h5h4 f8h6 d1h5 g5h5 g6h5 h6g5	1503	clearance endgame mate mateIn5 veryLong	https://lichess.org/5RdKnBLp/black#76
StxKE	5rk1/p1Q2ppp/4p3/1q3b2/7P/8/P2r2P1/2R2R1K b - - 0 26	f5e4 c7f7 f8f7 c1c8 d2d8 c8d8 b5e8 d8e8 f7f8 f1f8	1593	clearance mate mateIn5 middlegame sacrifice veryLong	https://lichess.org/LkFMnyTX/black#52
rsOiD	8/5p2/4p1p1/3p1k1p/2pP3P/1qP1PPP1/6K1/2Q5 b - - 0 45	f7f6 e3e4 d5e4 c1f4	1542	clearance endgame mate mateIn2 queenEndgame short	https://lichess.org/7Yq0cXnP/black#90
941Ni	4Qr1k/pp1Rb1p1/1qp4p/4P1N1/2P5/8/PP4PP/5n1K w - - 1 27	e8e7 f1g3 h2g3 f8f1 h1h2 b6g1 h2h3 g1h1 h3g4 h6h5	1590	clearance endgame mate mateIn5 sacrifice veryLong	https://lichess.org/v2EP2m1w#53
WOss2	5rk1/pp2Qppp/2p5/7q/2B5/3P1bPP/P1P2P2/4R1K1 b - - 3 21	h5h3 e7f7 f8f7 e1e8	1609	clearance endgame mate mateIn2 pin sacrifice short	https://lichess.org/f4e9dRBr/black#42
SF14c	r4r1k/pb1p1p2/2n2NR1/4P2p/5q2/3Q4/PPP5/1K1R4 b - - 1 25	c6e5 g6g8 f8g8 d3h7	1514	clearance mate mateIn2 middlegame sacrifice short	https://lichess.org/OaubNZgi/black#50
xaZDa	rn2k2r/p3bppp/2p1p3/q7/1pPP1B2/1Q2PN2/P1b1BPPP/R3K2R w KQkq - 1 14	b3c2 b4b3 c2d2 e7b4	1500	advantage clearance discoveredAttack discoveredCheck middlegame pin short	https://lichess.org/ZGEGn0Io#27
edCJ7	3rr3/2p1bpkp/5p2/8/8/1P1p1Q1P/PB3PP1/R2K4 w - - 2 21	d1d2 e7b4 b2c3 e8e2 f3e2 d3e2 d2e2 b4c3	1567	advancedPawn advantage clearance discoveredAttack discoveredCheck endgame exposedKing veryLong	https://lichess.org/XHxdX02h#41
k5aS5	q4rk1/3p1p2/4pPp1/2p2n1p/1pP2Q1P/1P4P1/rB2RP2/3R2K1 w - - 3 32	d1d7 a2b2 e2b2 a8a1 g1g2 a1b2	1534	attraction clearance crushing fork long middlegame sacrifice	https://lichess.org/at6FN3D8#63
CtzKN	8/2K4p/RP4p1/p5k1/r7/8/8/8 b - - 0 52	h7h5 b6b7 a4b4 a6b6 b4b6 c7b6	1555	advancedPawn clearance crushing endgame long rookEndgame	https://lichess.org/0lgAzCir/black#104
Ek9ok	4r1k1/5pp1/p2p3p/1p6/3p1PP1/PB3RQP/1PP1q3/6K1 w - - 1 32	g3f2 e2d1 g1g2 e8e2	1511	advantage clearance endgame pin short	https://lichess.org/VdnM5B6s#63
aRzmc	2b2rk1/6pp/8/8/4QR2/7P/P5BK/q7 b - - 0 36	f8f4 e4e8 f4f8 g2d5 c8e6 d5e6 g8h8 e8f8	1505	clearance endgame fork mate mateIn4 veryLong	https://lichess.org/uOx63jVP/black#72
tRR6F	5r2/4p1k1/3p2p1/1QP2p2/4n3/2p3P1/1P3PKP/1q1N3R w - - 0 29	d1c3 e4c3 b5b7 b1e4 b7e4 c3e4	1504	advantage clearance endgame long	https://lichess.org/DkzmMf5f#57
R8EqI	r5nk/ppp1qrRp/3p1n1P/3P2Q1/4P3/2N2P1b/PPP5/2K3R1 b - - 1 23	h3d7 g7f7 e7f7 g5g7 f7g7 h6g7	1968	advancedPawn clearance kingsideAttack long master mate mateIn3 middlegame	https://lichess.org/5CRVoS0u/black#46
4vI9G	2kr1b1N/pp4pb/2p1p2p/7P/1qnP4/6N1/PPP1QPP1/2KR3R w - - 1 18	c2c3 b4c3 b2c3 f8a3 e2b2 a3b2	2046	clearance long mate mateIn3 middlegame queensideAttack sacrifice	https://lichess.org/lCfWFLCN#35
ZXMo2	r1b3nr/ppp1q1pp/2np1k2/4PPN1/8/6Q1/P5PP/bNB2R1K b - - 0 16	a1e5 g5h7 h8h7 g3g6	1954	clearance mate mateIn2 opening sacrifice short	https://lichess.org/qHg09A2v/black#32
0KE1r	r3k2r/pp1b1p1p/2n1pp2/q2p4/1b1P4/1QN1P1N1/PP3PPP/R3KB1R w KQkq - 6 11	g3h5 c6d4 e3d4 d7a4 b3a4 a5a4	1982	clearance crushing long middlegame pin sacrifice	https://lichess.org/NZBnNKF3#21
E6Www	3r2k1/6p1/p5pp/8/P7/8/1Prp1PPP/1R1R2K1 w - - 0 28	g2g3 d8c8 g1f1 c2c1 f1e2 c1b1 d1b1 c8c1 e2d2 c1b1	2073	attraction clearance crushing endgame pin quietMove rookEndgame veryLong	https://lichess.org/cWGLcy4e#55
WYsZP	3r2k1/p4p2/1b3n1p/3qnPp1/8/P3p1PN/2Q1P2P/2RR2K1 b - - 3 33	d5e4 d1d8 b6d8 c2e4 f6e4 c1c8 g8g7 c8d8	1932	advantage clearance middlegame pin veryLong	https://lichess.org/qwBZgJX7/black#66
8HTiC	1k6/8/PP1P4/b1B2bpp/5p2/8/5KPP/8 b - - 1 37	f5c8 d6d7 c8d7 c5d6 b8a8 b6b7	1988	advancedPawn bishopEndgame clearance crushing endgame exposedKing long	https://lichess.org/55wEGhX3/black#74
YgYBm	3rr1k1/pQ1R1ppp/1p2n3/8/8/2P3B1/q4PP1/4R1K1 b - - 1 26	e6c5 d7d8 e8d8 b7e7 h7h6 e7d8	1967	attraction clearance crushing long master middlegame pin	https://lichess.org/anY298Js/black#52
YjIDu	2kr3r/p1p2pp1/2pb1n2/8/NP3P2/P3P1P1/2P1Q3/q1B2RK1 b - - 0 18	f6d5 c1b2 a1a2 f1a1 a2a1 b2a1	1953	advantage clearance long middlegame trappedPiece	https://lichess.org/iGhxXr5N/black#36
ukmZg	1r1qnrk1/1Bpbbppp/p7/4P3/8/2N5/PPP3PP/R1BQ1RK1 w - - 1 14	d1f3 c7c6 b7c6 d8b6	2065	advantage clearance opening quietMove short	https://lichess.org/IFWuOuZp#27
VAfZj	5r1k/1p4pp/pB4p1/1P6/P2P2P1/1Q2Pr1q/R4P1K/7R w - - 0 27	h2g1 f3g3 f2g3 f8f1	2033	clearance killBoxMate kingsideAttack mate mateIn2 middlegame sacrifice short	https://lichess.org/kQsFfCy4#53
86Ofo	r3rb1k/1R3Np1/p3p2p/2p4Q/3q4/8/5PPP/5NK1 b - - 1 31	h8g8 f7h6 g7h6 h5f7 g8h8 f7h7	1949	clearance long mate mateIn3 middlegame sacrifice	https://lichess.org/zqlMMoBm/black#62
jGr0n	r1b2rk1/pp3pp1/2p2n1p/3pN1q1/3P4/2PBR3/PPQ2PPP/R5K1 b - - 2 16	f6g4 d3h7 g8h8 e5f7 f8f7 e3e8 f7f8 e8f8	2011	clearance deflection kingsideAttack mate mateIn4 middlegame sacrifice veryLong	https://lichess.org/Hdnh1HhI/black#32
9rqu2	5k2/2r1q1pQ/5p1p/2pP4/1pPpB3/6PP/1P3PK1/8 b - - 5 37	e7f7 d5d6 c7d7 e4d5	1998	advantage clearance endgame master short	https://lichess.org/GTz0qPVP/black#74
dUHpI	3Qr1kb/1b5p/pn2q2B/1pp2B2/8/1PP4P/P4Pp1/3R2K1 b - - 0 33	e6e7 d8e7 e8e7 d1d8 g8f7 d8f8	1980	clearance kingsideAttack long mate mateIn3 middlegame operaMate pillsburysMate	https://lichess.org/pi1qXiRa/black#66
dTlQF	2k5/pppb4/7p/1P5R/3Pqr2/2P3p1/P5P1/R1Q4K w - - 0 30	h5e5 f4f1 c1f1 e4h4 h1g1 h4h2	2120	clearance endgame long master mate mateIn3 sacrifice	https://lichess.org/AnV7tseN#59
JnRC1	4b1k1/4q3/6PQ/1p2rB1p/3pP2P/1ppP4/5R2/6K1 b - - 1 43	c3c2 f5e6 e5e6 f2f8 e7f8 h6h7	2138	clearance endgame exposedKing long mate mateIn3 sacrifice	https://lichess.org/Cj7Vrxuq/black#86
TZphD	1Q6/5pkp/1p4p1/p2q4/4r3/4B1PK/PPN2P1P/8 w - - 0 30	b8b6 e4h4 g3h4 d5f3	2134	clearance endgame epauletteMate mate mateIn2 sacrifice short	https://lichess.org/8X7i747G#59
eW32n	2r1k3/pp4p1/3bp1p1/1p3pP1/2nPnP2/P2KBR2/1PP3r1/1R1Q4 w - - 10 27	d1h1 c4b2 b1b2 c8c3	2241	clearance hookMate mate mateIn2 middlegame sacrifice short	https://lichess.org/SHsnEBXp#53
TMcmQ	2kr3r/ppq2ppp/5P2/8/1b1n2b1/1Q2N3/PP1B1PPP/RN2KB1R w KQ - 5 14	b3b4 c7c1 d2c1 d4c2 e3c2 d8d1	2194	clearance long mate mateIn3 middlegame operaMate sacrifice	https://lichess.org/Fqc3T9gA#27
kRzBV	r1bq1rk1/3p1ppn/p3p2p/1p2b3/1P2N1Q1/P2B3P/2PB1PP1/1R2K2R b K - 1 16	h7f6 e4f6 e5f6 g4e4 f8e8 e4a8	2133	advantage clearance long middlegame	https://lichess.org/OsTsdtTl/black#32
ctql8	2krr3/ppp4p/6p1/2b1Qp2/6bq/1BP4N/PPK3PP/RNB2R2 w - - 1 18	e5c5 g4d1 f1d1 h4e4 d1d3 e4d3	2154	clearance long mate mateIn3 middlegame sacrifice	https://lichess.org/wqmBVWbM#35
fw5tE	6k1/Q5pp/2r1p3/3p1p2/N3nB1b/1P2P3/P1q2PPP/5RK1 w - - 1 24	f4e5 c2f2 f1f2 c6c1 f2f1 h4f2 g1h1 c1f1	2116	backRankMate clearance deflection mate mateIn4 middlegame sacrifice veryLong	https://lichess.org/JaLXgH2F#47
3Ksou	r5k1/p4ppp/1p2r1n1/3p2q1/P2P4/1Q2P2K/1B1NBP1P/2R2R2 w - - 1 23	f1g1 g6f4 e3f4 e6h6 e2h5 h6h5	2118	clearance exposedKing long mate mateIn3 middlegame sacrifice	https://lichess.org/rgGubL5i#45
ocRU6	r3k2r/pppb1pp1/4p2p/n3Pq2/3P4/P1PB1N2/5PPP/R2QK2R b KQkq - 2 13	f5g4 h2h3 g4g2 h1h2 g2h2 f3h2	2266	advantage clearance long middlegame trappedPiece	https://lichess.org/voZCRz7j/black#26
LXxZt	3rk3/QR4p1/4p1q1/p2pNp2/P1bP4/2P1P3/3K1PP1/8 b - - 1 32	g6g2 b7e7 e8f8 e7e8 d8e8 a7f7	2107	clearance endgame exposedKing long mate mateIn3 sacrifice	https://lichess.org/vRXKE55l/black#64
i28KN	5rk1/1p1r1p1p/p1qP1RpP/4Q3/8/1P6/6P1/5R1K b - - 0 32	c6b5 f6g6 f7g6 e5h8 g8h8 f1f8	2291	attraction clearance deflection endgame long mate mateIn3 sacrifice	https://lichess.org/OjQAs74Q/black#64
nAeyV	8/p3r1k1/1p2pNp1/4P3/3PB2P/2p3R1/Pq3PK1/8 b - - 0 36	c3c2 g3g6 g7f7 g6g8 e7e8 e4g6 f7e7 g8e8	2203	clearance endgame hookMate mate mateIn4 operaMate quietMove veryLong	https://lichess.org/YObRh4JU/black#72
vWUri	5k2/6pp/8/1P4N1/p4p2/P1q1n2P/Q4RP1/3r2K1 w - - 0 36	g1h2 e3g4 h3g4 c3g3	2159	clearance endgame mate mateIn2 sacrifice short	https://lichess.org/eN1oHqOn#71
S1eIu	r3qnk1/2b2ppp/1p3n2/1P4N1/2P5/B3P1P1/2QN2KP/R7 w - - 1 23	a3b2 a8a1 b2a1 e8a8 g5f3 a8a1	2197	advantage clearance fork long master middlegame	https://lichess.org/7bnrrgr4#45
d4sWq	6r1/5prk/p3pQ2/1p2Rp1p/3q2b1/3B3P/PPP2R2/6K1 w - - 0 31	h3g4 d4g4 g1f1 g4d1 e5e1 g7g1	2401	clearance exposedKing long mate mateIn3 middlegame	https://lichess.org/hGKiSIVi#61
3Or43	8/8/1R5p/2R2p1k/PP6/3b2K1/6PP/5r2 w - - 3 36	c5c6 f5f4 g3h3 f1f3 g2f3 d3f1	2422	clearance endgame exposedKing long mate mateIn3 sacrifice	https://lichess.org/y2TAb7ez#71
2RyZW	8/5kPR/p7/P7/rp2p2P/4K3/8/8 w - - 0 40	e3e4 b4b3 e4e3 a4b4 h7h8 f7g7 h8d8 b3b2	2427	advancedPawn clearance crushing discoveredAttack discoveredCheck endgame rookEndgame veryLong	https://lichess.org/SbW0DHe8#79
3cudu	2k5/2P5/p7/Bp2K3/1P2p1p1/P4b2/5P2/8 w - - 0 53	e5d6 e4e3 f2e3 f3e4 a5b6 g4g3	2470	advantage bishopEndgame clearance endgame long quietMove	https://lichess.org/iEu9ZtD9#105
xWSMN	6k1/3q2p1/p1pPpp1P/2P5/r4PQ1/8/5BK1/8 b - - 0 44	a4a2 f4f5 e6f5 g4c4 g8h7 c4a2	2401	advantage clearance endgame fork long pin	https://lichess.org/DV38iPcn/black#88
4zadj	rn3rk1/pp1b1ppp/2pp1b2/3Pp3/4P3/2N4P/PqP1NPP1/R2QKB1R b KQ - 1 12	b7b5 a2a3 c6d5 a1a2 b2a2 c3a2	2410	advantage clearance long middlegame quietMove trappedPiece	https://lichess.org/s7kwkJt5/black#24
0CwfG	4r3/1pp4k/p2p1b1p/3PnPp1/1PP2pPq/5P1P/P5QK/1BR2R2 w - - 3 27	g2f2 e5f3 f2f3 e8e3 f3g2 e3g3 f1f3 g3g2	2400	advantage clearance middlegame sacrifice veryLong	https://lichess.org/6gVYViAf#53
xAOuj	8/6k1/BK5p/1P3pp1/8/6n1/8/8 b - - 0 43	g3e4 b6c6 g5g4 b5b6 g4g3 a6f1 e4d2 b6b7 d2f1 b7b8q	2442	advancedPawn clearance crushing endgame promotion quietMove veryLong	https://lichess.org/RQCz73Pl/black#86
xTm1p	6k1/pprn1p2/3Rp1pp/4P3/q1P5/P2Q1N1P/5PPK/8 b - - 1 29	d7c5 d6d8 g8h7 d3d6 c7d7 d6f8 d7d8 f8f7 h7h8 f7f6	2461	clearance crushing endgame kingsideAttack sacrifice veryLong	https://lichess.org/Hr6LDxfP/black#58
TvQuI	r4rk1/pb4bp/1pn3p1/2p1p1P1/3q4/2NNB3/PPP1QP1R/2KR4 b - - 1 19	d4d6 d3c5 c6d4 e2c4 f8f7 c5b7	2468	advantage clearance long middlegame pin	https://lichess.org/etgL52RR/black#38
Ikr2N	r1bqk2r/1p1p1ppp/p1n1p3/8/3N2Q1/2nBB3/P1P2PPP/R4K1R b kq - 1 11	g7g6 d4c6 d7c6 g4d4 d8d4 e3d4	2464	advantage clearance fork long middlegame	https://lichess.org/pLzB3F3I/black#22
VCKeY	8/1p6/p4r1k/4p1p1/PP2P2p/2R4P/2P2qPK/2Q5 w - - 0 36	c3c8 f2g3 h2h1 f6f2 c1g1 g3f4	2429	advantage clearance endgame long	https://lichess.org/r401t2RU#71
iargk	r3r1k1/ppqb2p1/4p1Qp/3pP1b1/3Pp3/PP1B3R/2P3PP/R1B3K1 b - - 3 19	e4d3 c1g5 c7c3 a1f1 e8f8 g5f6	2425	clearance crushing long middlegame pin quietMove	https://lichess.org/MvgiIDor/black#38
OXg1a	1k1r4/1pq2R2/p1pN4/4PR2/7p/P5p1/1PP3PP/7K b - - 5 29	d8d7 f7d7 c7d7 f5f8 b8c7 f8f7 d7f7 d6f7	2418	clearance crushing endgame pin veryLong	https://lichess.org/0WVqftdm/black#58
wsaVZ	3r2k1/2r2pp1/2p1P2p/q1P5/6B1/4Q2P/P4PP1/R5K1 b - - 0 29	f7f6 e6e7 d8e8 g4d7 c7d7 e3e6	2496	advancedPawn clearance crushing endgame long sacrifice	https://lichess.org/Y487OAcN/black#58
INSwD	4r2k/1p1r2pp/4q3/3NP3/2QP4/1P3R1P/P5P1/6K1 w - - 5 32	d5c7 e6c4 b3c4 d7c7	1187	advantage capturingDefender endgame short	https://lichess.org/k59bSpR6#63
mnoSM	2rr2k1/pp2pp1p/6pQ/2q5/8/5P2/PPPR2PP/1K2R3 w - - 5 24	h6e3 c5e3 e1e3 d8d2	1142	capturingDefender crushing endgame short	https://lichess.org/dnyS7Rzz#47
utq2o	5r2/bp2qp1k/p1ppr1np/5Q2/1PP3R1/P1B4P/5PP1/3R2K1 b - - 4 30	e7d7 g4g6 f7g6 f5f8	1180	advantage capturingDefender middlegame short	https://lichess.org/3kQbJwGX/black#60
NeNzT	4r2k/4B1pp/pQ3p2/8/3p2q1/5N2/P1rN2P1/4RK2 w - - 0 30	b6d4 g4d4 f3d4 c2d2	1187	advantage capturingDefender middlegame short	https://lichess.org/G3h0gqN6#59
cdEU7	3r2k1/1pq1bpp1/p1b4p/P2np3/8/2PQB2P/1P1N1PP1/R3R1K1 w - - 1 20	d3f5 d5e3 e1e3 d8d2	1161	capturingDefender crushing discoveredAttack middlegame short	https://lichess.org/zGnLYuD4#39
CDOSi	3r1rk1/1pqb1pb1/pn2p1pp/2p5/4N1n1/1BPPBNP1/PP3P1P/R2QR1K1 w - - 3 17	e4c5 g4e3 e1e3 c7c5	1197	advantage capturingDefender intermezzo middlegame short	https://lichess.org/c5rvysqg#33
FDWiB	r3k2r/pp3pbp/1qb1p1p1/3nP3/3P4/2N2N2/PP4PP/1RBQR1K1 w kq - 4 15	a2a3 d5c3 b2c3 b6b1	1197	capturingDefender crushing middlegame short	https://lichess.org/ctugNtcO#29
7rrOG	r7/p2kr3/3bq1p1/2pp2Q1/3B1P2/P3P2P/6P1/R1R3K1 w - - 2 40	d4c5 d6c5 c1c5 e6e3 g1h2 e3c5	1175	advantage attraction capturingDefender fork long middlegame pin	https://lichess.org/KpAw47Kg#79
EGz5t	2b3k1/4qp2/p5p1/1p1pp3/3P1Q2/1P4PB/P3rP1P/R5K1 w - - 0 33	f4h4 e7h4 g3h4 c8h3	1056	capturingDefender crushing endgame short	https://lichess.org/hIN9TKVP#65
ViT2Q	r3kb1r/pp1n1ppp/2p1pn2/q6b/3P4/P1N2N1P/1PP1BPP1/R1BQ1RK1 w kq - 0 10	c1g5 h5f3 e2f3 a5g5	1179	advantage capturingDefender opening short	https://lichess.org/KWADGOZj#19
mYzWa	r2q1rk1/3pbppp/p1n1p3/3bN3/2pP4/4P1B1/P2N1PPP/RQ3RK1 b - - 4 16	e7b4 e5c6 d5c6 b1b4	1155	advantage capturingDefender middlegame short	https://lichess.org/01vjdtss/black#32
DBtQ0	2r2rk1/5ppp/1n1qpn2/4N3/p2PP3/R2Q4/3N1PPP/1R4K1 w - - 1 20	d2c4 b6c4 e5c4 c8c4 d3c4 d6a3	1199	capturingDefender crushing deflection long master middlegame	https://lichess.org/YJyoIoyF#39
5HR4p	2b5/p2q1p1k/1p2r1p1/7p/P6P/2P1QPP1/5R2/4R1K1 w - - 14 44	e3d2 d7d2 f2d2 e6e1	1197	capturingDefender crushing endgame short	https://lichess.org/ItL31q5l#87
fashn	8/1Q5p/3p2pk/7q/1P6/P6P/6P1/3r1R1K w - - 5 34	b7f3 h5f3 g2f3 d1f1	1110	capturingDefender crushing endgame pin short	https://lichess.org/0mtiE9dF#67
HP0U3	3r4/p1r5/3kpp1Q/3p4/2bb1P2/6P1/P5KP/3R4 b - - 4 31	d6c5 d1d4 c5d4 h6f6 d4d3 f6d8	1177	advantage attraction capturingDefender endgame fork long	https://lichess.org/b8sx8oqz/black#62
gVMgy	r1bq1rk1/1pp2ppp/p1np1n2/8/2BBP3/2N5/PPP2PPP/R2QR1K1 b - - 1 10	c8g4 d4f6 d8f6 d1g4	1475	advantage capturingDefender opening short	https://lichess.org/5EsKB85O/black#20
qG9z1	r1bqr1k1/2pp1pp1/p1n2n1p/8/B2pP2B/1R1P2Q1/P1P2PPP/5RK1 b - - 3 17	e8e5 a4c6 d7c6 g3e5	1450	advantage capturingDefender middlegame short	https://lichess.org/TLzUWeOL/black#34
S6iKc	1r1qr1k1/p1p2ppp/4pn2/2P2b2/1P1n4/P4NP1/3NB1PP/R2Q1R1K b - - 1 16	e6e5 f3d4 d8d4 f1f5	1405	advantage capturingDefender discoveredAttack opening short	https://lichess.org/ftOD42aY/black#32
G4bLu	r3k1nr/ppp1ppbp/4b1p1/6N1/2n5/P1N4P/1P1PBPP1/R1B2RK1 b kq - 1 11	e8c8 g5e6 f7e6 e2c4	1430	advantage capturingDefender opening short	https://lichess.org/hwQ79SqM/black#22
K6yyG	r1br4/pp2kppp/3b1n2/1Np1p3/2B5/4B3/PPP2PPP/R2R2K1 b - - 9 16	a7a6 b5d6 d8d6 e3c5	1475	advantage capturingDefender middlegame pin short	https://lichess.org/TDfnXPcT/black#32
iXPra	r1b2rk1/pp2bppp/1qn1p3/3pP3/3PnP2/2N2N2/PP2B1PP/R1BQ1R1K w - - 1 12	a1b1 e4c3 b2c3 b6b1	1301	capturingDefender crushing opening short	https://lichess.org/E0FL3Ylp#23
c1xdE	rnbqk2r/pp2bppp/2pp4/4p2n/2P1P3/2NB1N1P/PP1P1PP1/R1BQ1RK1 w kq - 1 8	f3e5 d6e5 d1h5 d8d3	1394	advantage capturingDefender discoveredAttack hangingPiece opening short	https://lichess.org/xjjgIzYu#15
viNGa	3r1rk1/p5p1/3nR2p/1p1p4/1Pp3P1/2P4P/P2N1PK1/4R3 b - - 3 27	f8e8 e6d6 d8d6 e1e8	1384	capturingDefender crushing deflection discoveredAttack endgame kingsideAttack short	https://lichess.org/jE2TVljL/black#54
JiJWH	r3r3/8/2Np2kp/3P1Pp1/p1NRnp2/Pp3K1P/1P6/8 b - - 0 34	g6f5 d4e4 e8e4 c4d6	1442	advantage capturingDefender endgame master short	https://lichess.org/xnbxUX0t/black#68
UcZ4M	r2qkb1r/pp1bpppp/2n5/1B1n4/3P4/8/PP3PPP/RNBQK1NR w KQkq - 4 8	g1f3 d8a5 b1c3 d5c3 b2c3 a5b5	1474	capturingDefender crushing fork long opening	https://lichess.org/rdadAkFU#15
ucpT5	r1bqr1k1/pp3pBp/5np1/4n3/3p4/P1N2P2/1PPQB1PP/R3K1NR b KQ - 0 13	d4c3 d2d8 e8d8 g7f6	1423	advantage capturingDefender opening short	https://lichess.org/nvJUEDJo/black#26
ytAQE	r5k1/3b2p1/2p1pP1p/3p4/1p1P3R/P2Q1N2/KP4q1/7R w - - 0 28	f6g7 a8a3 d3a3 b4a3 h1h2 g2f3	1368	advantage capturingDefender long middlegame pin	https://lichess.org/HCVBm8YH#55
KVYhq	r1r3k1/p3bppp/2p1nnq1/8/3PPR2/1QN3P1/PP1BN1KP/2R5 w - - 3 20	f4f5 f6e4 c3e4 g6f5	1484	advantage capturingDefender middlegame short	https://lichess.org/x1d0agU3#39
jvNug	r2q1rk1/5pp1/p1n3bp/2b1p3/3NP3/2P1BP2/1P1QN1PP/R4RK1 w - - 1 22	d4b3 d8d2 b3d2 c5e3	1440	capturingDefender crushing kingsideAttack middlegame pin short	https://lichess.org/eHZgxZPu#43
n0gap	2k3rr/p1p1qp2/1pn1bp1p/1N1Bp3/1P2P3/2P1Q3/P4RPP/R5K1 b - - 4 18	e7d7 d5c6 d7c6 b5a7 c8b7 a7c6	1411	attraction capturingDefender crushing fork long middlegame	https://lichess.org/fnzuhyAJ/black#36
pILbR	r3kb1r/1p3pp1/p1n2n1p/2p1N3/2BPq3/8/PPP2PPP/R1BQK2R w KQkq - 2 12	e1f1 c6e5 d4e5 e4c4 d1e2 c4e2	1746	advantage capturingDefender long opening	https://lichess.org/e0fApHZy#23
wfjZ4	6k1/5b2/3q2p1/p2P1p1p/P4N1P/1r1P4/5QP1/4R1K1 w - - 1 36	f2d4 b3b4 d4e5 d6e5 e1e5 b4f4	1671	advantage capturingDefender endgame long	https://lichess.org/Qu1QoHh7#71
xw5bg	rn3rk1/ppp2ppp/3bb3/q3N3/2BP1B2/2P5/PP1n1PPP/R2Q1RK1 w - - 0 11	d1d2 d6e5 f4e5 e6c4	1616	advantage capturingDefender middlegame short	https://lichess.org/jTH1dy72#21
nPGG0	4r1k1/pp1nrppp/8/8/3Pbq2/1Q3N1P/PP1RBPP1/4R1K1 w - - 3 22	g1f1 e4f3 b3f3 f4d2	1571	capturingDefender crushing middlegame short	https://lichess.org/uJK7pSbA#43
HEfMs	rn2kb1r/pp2pppp/2p2n2/q7/3P2b1/2N2N2/PPP1BPPP/R1BQK2R w KQkq - 4 7	c1g5 g4f3 e2f3 a5g5	1510	advantage capturingDefender opening short	https://lichess.org/fjObFXJ7#13
UeDZQ	r5k1/pp2p1bp/2b1p1p1/4nq2/2B5/2N1B3/PPP1Q1PP/5RK1 b - - 5 17	f5g4 e2g4 e5g4 c4e6 g8h8 e6g4	1551	advantage capturingDefender fork long middlegame	https://lichess.org/zNDi3tzY/black#34
ZLiaf	r1b1k2r/ppp2pp1/2n4p/3p1q2/3P2nP/2P1PBb1/PP1KQ3/RNB3NR b kq - 1 14	g3f2 f3g4 f5g4 e2f2	1549	advantage capturingDefender opening short	https://lichess.org/dGAcrJtS/black#28
JLEbT	r3k1r1/ppRb4/3Qp1pp/3p1p2/3q4/1P1n3N/P2N1PPP/5RK1 b q - 3 23	a8d8 c7d7 d8d7 d6e6 e8d8 e6g8	1529	capturingDefender crushing exposedKing fork long middlegame	https://lichess.org/sJttGCzM/black#46
uYNpO	r3k2r/p4pp1/2p2n1p/n3p3/Bb1q4/2N4P/PPPP1P1P/R1BQ1RK1 w kq - 1 13	a2a3 b4c3 d2c3 d4a4	1573	advantage capturingDefender discoveredAttack middlegame short	https://lichess.org/ngiLm9YX#25
kPo2a	r1b1k2r/1p3ppp/p1nQ4/q3p3/4n3/2N1B2P/PPP2PP1/R3KB1R w KQkq - 0 11	d6a3 a5a3 b2a3 e4c3	1520	capturingDefender crushing opening short	https://lichess.org/ialWXeT9#21
k9eh2	3r1r1k/ppp2pq1/5N1p/4PQp1/8/3P4/PP4K1/7R b - - 3 34	g7g6 f5g6 f7g6 h1h6 h8g7 h6h7	1504	capturingDefender endgame exposedKing hookMate long mate mateIn3	https://lichess.org/dpVkw8El/black#68
KuOa9	5rk1/pp1bppbp/1q1p2p1/5PB1/4n3/1BQ3NP/PnP3P1/R4R1K w - - 0 18	c3e3 b6e3 g5e3 e4g3	1540	capturingDefender crushing kingsideAttack middlegame short	https://lichess.org/yaMp9QZI#35
L2fAB	6k1/1p1Qqpp1/pP4p1/3Rr3/4p1P1/P3P2P/2r2P2/5R1K b - - 3 30	c2c5 d7e7 e5e7 d5c5	1514	capturingDefender crushing endgame short	https://lichess.org/Gi2ZkoSi/black#60
J6MV6	5rk1/2rn1pp1/p3p1np/q2pP3/1b1P4/1PNQ1NB1/2R2PPP/2R3K1 w - - 1 21	c2a2 c7c3 c1c3 a5a2	1520	advantage capturingDefender middlegame short	https://lichess.org/QkCOCPyV#41
snt9V	r5k1/6b1/1pb3pp/p4pN1/2Bq3Q/8/PP4PP/R6K b - - 3 33	c6d5 h4d4 g7d4 c4d5	1543	advantage capturingDefender middlegame short	https://lichess.org/sjthVqDh/black#66
T8hm2	2kr4/ppq1np1Q/4p3/3pP1N1/2nP4/P7/2PB1PrP/R3K2R w KQ - 3 16	h7f7 c4d2 e1d2 g2g5	1955	advantage capturingDefender middlegame short	https://lichess.org/8hLlZWp7#31
VWatG	r1b1kb1r/ppppqp1p/3n4/n3N3/2B2p2/8/PPP2PPP/RN1QR1K1 b kq - 1 10	e8d8 e5f7 d6f7 e1e7 f8e7 c4f7	1955	advantage capturingDefender discoveredAttack fork long opening	https://lichess.org/9TEBlWfC/black#20
DfFDT	r4rk1/pp2nppp/8/2ppP1Q1/5R1N/8/PqP3PP/4R1K1 b - - 1 19	f7f6 e5f6 f8f6 f4f6 b2f6 g5f6 g7f6 e1e7	1904	advantage capturingDefender middlegame pin veryLong	https://lichess.org/FgNWF4DS/black#38
LCttB	r1b1R1k1/pp4bp/6p1/2p2p2/1Pqp1N2/5Q2/P2B2PP/7K b - - 1 25	g8f7 e8c8 a8c8 f3b7 c8c7 b7c7	1846	capturingDefender crushing fork long middlegame	https://lichess.org/fM0iayZX/black#50
bZuIi	r2qrbk1/1b5p/1n1p1pp1/2pP4/2P1NB2/1B2Q2P/5PP1/R4RK1 b - - 5 26	f6f5 a1a8 d8a8 e4f6	2019	capturingDefender crushing fork middlegame short	https://lichess.org/Jtp8ywxk/black#52
YuBuX	1rb2rk1/1p2qpp1/pNpb1n1p/3pN3/3P1P2/1Q1BP3/1P4PP/2R2RK1 b - - 7 20	f6g4 b6c8 b8c8 e5g4	1804	advantage capturingDefender middlegame short	https://lichess.org/gq6NBUY7/black#40
aP8G1	rbbq1rk1/1p3ppp/pn6/4p3/4B3/PP2B1P1/2P1PP1P/R2Q1RK1 b - - 0 16	c8h3 d1d8 f8d8 e3b6	1882	advantage capturingDefender opening short	https://lichess.org/h4HVpbdZ/black#32
NKjFN	r7/5pk1/3p2pp/1q1Pp3/rN4P1/P1R1Q2P/3K1P2/1R6 w - - 9 37	c3c6 a4b4 b1b4 b5d5 d2e2 d5c6	1815	advantage capturingDefender exposedKing fork long middlegame	https://lichess.org/mGSMJHVJ#73
k5MGo	r1b1qb1r/pp3kpp/2n2n2/3p4/3P4/1B2BQ2/PPP2PPP/RN2K2R b KQ - 5 10	e8e4 f3e4 f6e4 b3d5 c8e6 d5e4	1873	advantage capturingDefender fork long opening pin	https://lichess.org/Re2Z17ej/black#20
8ow5U	r4nk1/pp1br2p/3bP1p1/3PBQ2/2p4q/2P4P/P1B3PK/RN3R2 w - - 2 25	f5f6 h4f6 f1f6 d6e5	1842	capturingDefender crushing middlegame pin short	https://lichess.org/8keas3cH#49
pirDQ	r2q1rk1/ppp2ppp/5nb1/2bp2B1/3n2P1/1BNP1N1P/PPP2P2/R2Q1RK1 w - - 1 12	c3d5 d4b3 a2b3 d8d5	1808	advantage capturingDefender intermezzo middlegame short	https://lichess.org/YpPQ72hU#23
fLyso	rr4k1/2p2p1p/2Pp1qp1/4p3/4Pn2/2P2N1b/PPQ2PP1/R3RNK1 w - - 0 21	f1e3 f4g2 e3g2 f6f3	1816	advantage capturingDefender discoveredAttack middlegame short	https://lichess.org/EGhUJkeB#41
I67aM	rn2k2r/ppp3pp/3bp3/3n1Pq1/2B1ppQ1/1P5P/PBPP1P2/RN3RK1 b kq - 2 14	g5f5 g4f5 e6f5 c4d5	1822	advantage capturingDefender middlegame short	https://lichess.org/q1qEega5/black#28
JTz6z	r2qk1nr/1pp2bpp/p2ppb2/7P/2n1PP2/2NN4/PPP2BP1/R2QKB1R w KQkq - 1 16	g2g4 c4b2 d3b2 f6c3	1854	advantage capturingDefender master opening short	https://lichess.org/crpwudoZ#31
7rcjQ	r3k2r/pp3ppp/3bpn2/3pq3/8/1P3QP1/PB1N1P1P/1R3RK1 b kq - 2 15	d5d4 d2c4 e5d5 f3d5 f6d5 c4d6	1838	advantage capturingDefender long middlegame	https://lichess.org/HKBumyZG/black#30
Q5ydL	r4rk1/ppp2pp1/6q1/4PnBp/1n1P3P/3R4/PPP1NQP1/2K3R1 w - - 3 17	d3f3 f5h4 e2f4 g6g5	2105	advantage capturingDefender middlegame short	https://lichess.org/4tg2dyfa#33
dSJ9g	3r2k1/2p1rp2/p1n4R/1p1q2p1/3P2P1/2P4P/P2Q2P1/5RK1 b - - 0 30	d8d6 f1f5 d5f5 g4f5 d6h6 d2g5 g8h7 f5f6	2108	advantage capturingDefender fork middlegame veryLong	https://lichess.org/KpSxIX93/black#60
mzGQl	r4rk1/pp4p1/1q3P1p/3pp3/3P4/2PQ4/PP3RPP/R5K1 w - - 0 19	f6g7 f8f2 g1f2 b6b2 d3e2 b2a1	2105	attraction capturingDefender crushing endgame fork long	https://lichess.org/pdTyJ1Eg#37
AZES1	3rr1k1/2q2pbp/p2pb1p1/np3p2/3N1N2/2P2B2/1P3PPP/2QRR1K1 b - - 7 24	a5b3 f4e6 f7e6 d4b3	2104	advantage capturingDefender master middlegame short	https://lichess.org/y6t7Qw6Q/black#48
wODvK	r1bq1rk1/ppp1nppp/2np4/7Q/2BPP3/5N2/PP3PPP/RN2K2R b KQ - 4 10	e7g6 f3g5 h7h6 g5f7 f8f7 h5g6	2103	advantage capturingDefender long opening pin	https://lichess.org/pBCbC26e/black#20
YMn9E	8/5p2/1p2k1p1/p5Pp/1PP2P2/P3K3/8/8 b - - 12 42	e6f5 c4c5 f5e6 c5b6 e6d6 b4a5	2121	capturingDefender crushing endgame long pawnEndgame	https://lichess.org/VE19JG9G/black#84
llYAT	6k1/8/Bb2p3/8/2p3P1/1P1p3P/2P5/5K2 w - - 0 37	f1e1 d3c2 e1d2 c4b3 a6c4 b6e3	2109	advancedPawn bishopEndgame capturingDefender crushing endgame long master	https://lichess.org/WL2SLFd7#73
1yO4B	6rk/2pq1pp1/R4n1p/1P1p4/3P4/2PBrPQP/7P/2R4K w - - 0 22	c1d1 e3d3 d1d3 d7b5 a6f6 g7f6	2124	capturingDefender crushing fork long middlegame	https://lichess.org/HXwvoHPi#43
72eig	r1b1q1k1/ppp1n1pp/2n5/4NrB1/8/1QP5/P4PPP/RN2R1K1 b - - 2 17	g8h8 e5c6 e8c6 g5e7	2120	advantage capturingDefender opening short	https://lichess.org/chOKfu6N/black#34
v6vd7	5rk1/1RQ3pp/8/5n2/2r1q3/3N3P/2P2PP1/3R2K1 w - - 5 29	d3c5 c4c5 c7c5 e4b7	2152	advantage capturingDefender deflection middlegame short	https://lichess.org/lcxggjSy#57
5Og2e	8/5KRk/6p1/5b1p/5P2/8/1p6/1r6 b - - 0 62	h7h6 f7g8 f5e6 g8h8 e6g8 h8g8 h5h4 g7h7	2122	capturingDefender defensiveMove endgame mate mateIn4 veryLong	https://lichess.org/12nEk0Mu/black#124
HQRti	8/8/pp4Q1/1kpp2p1/P3p3/1NPbP3/1P3rq1/K3R3 b - - 0 36	b5a4 g6b6 f2b2 b3c5 a4a3 b6a5	2187	capturingDefender endgame long mate mateIn3	https://lichess.org/Qx0BSW6E/black#72
XISjS	rn1q1rk1/ppp1ppbp/6p1/6N1/2BP2b1/4P3/PPQ2PPP/R1B1K2R b KQ - 5 10	h7h6 g5f7 f8f7 c2g6 e7e6 g6g4	2130	capturingDefender crushing kingsideAttack long opening pin	https://lichess.org/wAbnMIAE/black#20
DrNIs	r2r2k1/pp1b1ppp/2nRp3/8/B7/2N5/PP3PPP/4R1K1 b - - 3 18	a8c8 e1d1 d7e8 d6d8 c8d8 d1d8 c6d8 a4e8	2105	advantage capturingDefender middlegame pin quietMove veryLong	https://lichess.org/3ZXR8vkW/black#36
HdVfC	1r4k1/4ppbp/3p1np1/1B1P4/br2P3/2N1BP2/4N1PP/R5K1 w - - 2 25	a1a4 b8b5 c3b5 b4a4	2162	advantage capturingDefender deflection middlegame short	https://lichess.org/sSwelV7L#49
jzcdw	4r1k1/1b3pp1/4r2p/2P1b1q1/8/P1QB2NP/1P3PP1/3RR1K1 w - - 5 26	c3d2 e5g3 f2g3 g5d2 d1d2 e6e1	2425	advantage capturingDefender kingsideAttack long master middlegame	https://lichess.org/UDDTdopc#51
PHXSb	8/6k1/3b2p1/5p2/3q1P2/3P1R1P/6PK/2Q5 w - - 1 37	c1e3 d4e3 f3e3 d6f4 e3g3 g6g5 h2g1 f4g3	2413	capturingDefender crushing endgame fork pin quietMove veryLong	https://lichess.org/as3v9VcO#73
SH8NQ	r4rk1/p1qb2pp/1p3n2/3pb2Q/1P6/2PBB1P1/PN5P/R4RK1 b - - 1 19	e5c3 f1f6 f8f6 h5d5 d7e6 d5a8	2415	advantage capturingDefender fork long master middlegame	https://lichess.org/dseFlU5a/black#38
u3IZJ	8/p3b1k1/1p4pp/1Pp1r3/P1PpPp1N/3P1RrP/6P1/3R2K1 w - - 6 36	f3f4 e7g5 f4g4 g3g4 h3g4 g5h4	2410	capturingDefender crushing endgame long	https://lichess.org/Ddls1cTq#71
hwsKq	2rqr1k1/pb3pp1/1p2p2p/3pn2n/1bPP4/1P2B3/P2NQPPP/1BR1R1K1 w - - 0 17	d4e5 d5d4 e3h6 g7h6 e2h5 b4d2 c1d1 d8g5 h5g5 d2g5	2487	advantage capturingDefender fork opening trappedPiece veryLong	https://lichess.org/JStCW5Zl#33
LjzUd	r4rk1/pppqbpp1/3p3p/3NnP2/4P3/P5R1/BPQ5/3R3K b - - 2 22	c7c6 f5f6 c6d5 g3g7 g8h8 c2h2 e5g4 g7g4 d7g4 h2h6 h8g8 d1g1 g4g1 h1g1 e7f6 h6f6	2564	advantage capturingDefender kingsideAttack middlegame pin sacrifice veryLong	https://lichess.org/oJ46iop1/black#44
DTdCB	3r1B2/p4p1k/1p4p1/4b3/4p1b1/1NPq2P1/PP3P1P/2Q1R1K1 w - - 0 24	f8h6 d3f3 c1e3 d8d1 b3d2 f3e3 h6e3 d1e1	2437	capturingDefender clearance crushing kingsideAttack middlegame pin veryLong	https://lichess.org/BKj45Dhs#47
1cXqV	5rk1/3b1pp1/3N3p/2nPP1n1/2p3P1/q5NP/2B2R1K/5Q2 b - - 0 33	c5d3 d6c4 a3c5 c2d3	2456	advantage capturingDefender middlegame short	https://lichess.org/GZb2SeJe/black#66
kxSK3	7r/rp6/6pk/4PpP1/3R3P/p3NK2/8/8 b - - 0 42	h6h5 e3f1 f5f4 d4f4 a3a2 f1g3	2420	capturingDefender endgame long mate mateIn3 quietMove	https://lichess.org/6RVljD3C/black#84
xYJXr	r1b2b1R/pp1n1k2/q3p2p/8/8/2P5/PP1Q2PP/3R3K b - - 6 27	f8g7 h8c8 a8c8 d2d7 f7g6 d7c8	2459	attraction capturingDefender crushing fork long middlegame	https://lichess.org/IDfqNUhx/black#54
XrQUC	2r1r3/5pk1/1p3b1p/6p1/p1bpBP2/P2N1KP1/1PP4P/2RR4 w - - 6 26	d1e1 g5g4 f3f2 e8e4 e1e4 c4d3 c2d3 c8c1	2420	capturingDefender crushing deflection discoveredAttack master middlegame veryLong	https://lichess.org/2Uc5NbzG#51
oCUAc	r6k/pp4p1/2p1Bqbp/8/5nQ1/1P5P/P4PP1/R3R1K1 w - - 5 27	a1d1 g6h5 g4f5 h5d1 f5f6 g7f6 e1d1 f4e6	2401	capturingDefender crushing middlegame skewer veryLong	https://lichess.org/y6QGhiSM#53
h7liz	1r3rk1/3n2bb/pqp5/3p1pB1/5P2/P1NB4/KPPQ4/3R3R w - - 1 24	c3a4 b6b2 a4b2 b8b2 a2a1 f8b8 c2c3 b2d2 d1d2 g7c3 a1a2 c3d2	2401	attraction capturingDefender crushing fork middlegame pin quietMove sacrifice veryLong	https://lichess.org/eBJQK1W2#47
Idm7U	r2q1rk1/ppp1n1bp/6p1/3P1pB1/4P3/1PN5/1P3P1P/R2QR1K1 b - - 1 16	f5e4 d5d6 d8d6 d1d6 c7d6 g5e7	2434	advantage capturingDefender long master middlegame	https://lichess.org/oXTsL7JX/black#32
omWuh	r3kb1r/ppp1pppp/5n2/q2N4/2Bn2b1/8/PPPBNPPP/R2QK2R b KQkq - 1 8	g4e2 d2a5 e2d1 d5c7 e8d7 a1d1	2475	capturingDefender crushing fork long opening pin	https://lichess.org/CWAYnNQ0/black#16
h1UMi	2r1r1k1/1p5p/6p1/1Q2pp2/8/1PP2P2/q5PP/5RK1 b - - 0 28	c8c3 b5e8 g8g7 e8e5	1156	crushing endgame hangingPiece short	https://lichess.org/9quX2voN/black#56
LqbIB	4r1k1/2p2pp1/1b5p/1Q6/1P2nq2/3p3P/rBB3R1/1R5K b - - 1 32	d3c2 b5e8 g8h7 g2g7	1153	hangingPiece mate mateIn2 middlegame operaMate short	https://lichess.org/orRliSr3/black#64
HJD3W	r1bQ2nk/p1p2ppp/2p5/8/4p3/B7/P3BPPP/qN3RK1 w - - 2 19	e2a6 c8a6 d8a8 a6f1	1145	crushing hangingPiece middlegame short	https://lichess.org/W5HZZNrv#37
FQpgp	r2q1rk1/pp3p1p/1b4p1/3Nn3/4Q3/2P5/PP2B1PP/R2K1R2 b - - 2 19	f7f5 e4e5 f8e8 e5e8 d8e8 d5f6 g8g7 f6e8	1192	attraction crushing fork hangingPiece middlegame veryLong	https://lichess.org/kXCBb0z4/black#38
E8dAa	rn3k1r/ppq1npp1/4p2p/2P1P2P/1b1p1PQ1/3PB1N1/PP1N2P1/R4RK1 w - - 0 16	a2a3 d4e3 a3b4 e3d2	1148	advancedPawn advantage hangingPiece middlegame short	https://lichess.org/cgB8UoXr#31
4ApBz	6k1/1p3p2/p2Qb1p1/7p/1P2P2P/P4nP1/1q6/2R2R1K w - - 2 31	c1c8 e6c8 d6d8 g8g7	1135	advantage endgame hangingPiece short	https://lichess.org/x0UtMBBw#61
8UPCL	r2r2k1/p1p2ppp/4b3/2q5/8/2P2Q2/PP3PPP/3RR1K1 b - - 1 19	d8d1 f3a8 c5f8 a8f8 g8f8 e1d1	1194	crushing endgame hangingPiece long	https://lichess.org/InYrfaJJ/black#38
zEy5Y	4rkR1/5r1p/3p1P1P/pQ6/4PP2/1P2p3/1Bq5/R3K3 b Q - 1 34	f8g8 b5e8 f7f8 f6f7	1172	advancedPawn endgame hangingPiece master mate mateIn2 short	https://lichess.org/5MRleiqk/black#68
f5VhM	2br2k1/ppN2pbp/6p1/3Bn3/8/8/PPP2nPP/2KR2NR w - - 0 18	d5f7 e5f7 d1d8 f7d8	1169	crushing hangingPiece middlegame short	https://lichess.org/Y6jlrqLd#35
70Y64	4r3/pb3pbk/1p2pq1p/4B2Q/2P4N/6P1/5P2/3rR1K1 w - - 0 34	e5f6 d1e1 g1h2 e1h1	1154	hangingPiece mate mateIn2 middlegame operaMate short	https://lichess.org/3gsXMDgo#67
jgZAl	5rk1/p3R1pp/3B4/2p5/2PqN3/3P4/6KP/5Q2 w - - 3 26	e7g7 d4g7 d6g3 f8f1	1154	crushing endgame hangingPiece short	https://lichess.org/6cIdq0S4#51
PV86S	r2q1rk1/1ppb1pp1/p2p3p/P5n1/4Pn1Q/1BP4P/1P3PPN/RN2R1K1 b - - 5 16	g5f3 h2f3 d8h4 f3h4	1113	advantage hangingPiece opening short	https://lichess.org/Djzv2T73/black#32
xTT0r	4k2r/p2p1ppp/2p1p3/4qn2/5B2/Q5P1/P1P1BPKP/1r5R b k - 4 18	e5e2 h1b1 f7f6 b1b8 e8f7 b8h8	1131	advantage hangingPiece long middlegame skewer	https://lichess.org/TAQLGJGP/black#36
jNwEc	r4rk1/pp3p2/2p1p1pQ/4P2p/3q1P1N/P7/5nPP/R4R1K w - - 2 27	f1f2 d4a1 f2f1 a1f1	1167	hangingPiece kingsideAttack mate mateIn2 middlegame short	https://lichess.org/1wkliEiF#53
PS5YJ	4r1k1/1R2rppp/5qn1/1QN5/8/6PP/2P2P2/5RK1 b - - 6 29	e7b7 b5e8 g6f8 c5b7	1175	crushing hangingPiece intermezzo middlegame short	https://lichess.org/cWWq4kBO/black#58
hBHmK	3k1b2/pp6/8/n5Qp/3P4/8/P4qPP/4r1RK b - - 2 36	f8e7 g5a5 b7b6 a5e1	1490	crushing endgame hangingPiece master short superGM	https://lichess.org/klweExVS/black#72
eaCoO	r1q2k1r/pppR1p2/2n2n1p/4P3/1bP4B/1Q2PP2/PP5P/2K2B1R w - - 0 17	h4f6 c8d7 f1d3 h8g8	1493	advantage defensiveMove hangingPiece middlegame short	https://lichess.org/oL1ZNuRh#33
zdLfl	r1bqk2r/pp1p1ppp/5n2/2p5/1b1BP3/2NB4/PPP2PPP/R2QK2R w KQkq - 0 9	a2a3 c5d4 a3b4 d4c3	1399	advantage hangingPiece opening short	https://lichess.org/ZPKPZ7Ox#17
A1HHb	r1b1k2r/p1p2pp1/3p1P2/6p1/8/2N5/PPP2PqP/R2QK2R w KQkq - 0 13	f6g7 g2h1 e1d2 h1d1 a1d1 h8g8	1490	crushing hangingPiece long middlegame	https://lichess.org/AHzgS35K#25
qWboP	rnbq1rk1/1p2bppp/p3pn2/6B1/3NN3/8/PPP1BPPP/R2Q1RK1 w - - 6 10	d4f3 f6e4 d1d8 e7d8	1469	advantage hangingPiece opening short	https://lichess.org/hhEXlkRE#19
aLYe4	4r3/2N2pkp/N5p1/1p3b2/1Pr1nP2/8/6PP/2R2RK1 b - - 9 28	c4c1 c7e8 g7f8 f1c1	1437	advantage hangingPiece intermezzo middlegame short	https://lichess.org/zybk8NQ5/black#56
gw4Qd	2kr1r2/pp4pp/2pbbn2/4N1B1/2BPp1P1/7q/PPP1Q2P/2KR1R2 b - - 0 17	d6e5 c4e6 c8b8 d4e5	1238	crushing hangingPiece intermezzo master masterVsMaster middlegame short	https://lichess.org/PRkacvUB/black#34
WWHPN	rn1qkbnr/ppp2ppp/3pb3/4p3/2B1P3/5N2/PPPP1PPP/RNBQK2R w KQkq - 2 4	c2c3 e6c4 d1a4 b7b5	1471	advantage hangingPiece opening short	https://lichess.org/1YCSUCQs#7
NRY6M	5rk1/ppqbrp2/5Rp1/7p/3N3Q/2P5/PP4PP/5RK1 w - - 1 29	f6g6 f7g6 h4e7 f8f1 g1f1 d7b5	1485	attraction crushing discoveredAttack hangingPiece long middlegame	https://lichess.org/L0nkp2na#57
hJhqz	r1bq1rk1/p3bpp1/2p4p/n3pN2/8/2NQ4/PPPP1PPP/R1B1K2R b KQ - 0 14	d8d3 f5e7 g8h7 c2d3	1295	advantage hangingPiece intermezzo middlegame short	https://lichess.org/up1iQ3qU/black#28
TzLis	r3r1k1/2pN1p1p/1pPq1bp1/pP1p1p2/P2P4/Q3P2P/5PP1/R4RK1 b - - 3 23	d6a3 d7f6 g8h8 a1a3	1475	crushing fork hangingPiece intermezzo middlegame short	https://lichess.org/UxQAGHpp/black#46
7aunY	1Nb1r1kb/2n1pp1p/3q2pB/1pp5/8/P1n4P/1P1QBPP1/R4RK1 w - - 0 19	d2d6 c3e2 g1h1 e7d6	1277	crushing hangingPiece intermezzo middlegame short	https://lichess.org/L9xgbXUl#37
OUy2z	rn2kb1r/pp2pppp/1qp1bn2/8/2PP4/5NN1/PP3PPP/R1BQKB1R b KQkq - 0 10	e6c4 f1c4 b6b4 f3d2	1391	advantage defensiveMove hangingPiece opening short	https://lichess.org/fwgmMQiR/black#20
TQ3y6	8/3k2p1/3p2Rp/2pP1p2/2Nb1P2/p3r2P/6P1/3K4 b - - 1 44	d4f6 c4e3 a3a2 e3c2 a2a1r c2a1	1421	advantage endgame hangingPiece long quietMove	https://lichess.org/BXcHX16R/black#88
DA0gO	r1bq1rk1/p3bpp1/1pn1pn1p/4N3/2BP3B/2N5/PP3PPP/R2Q1RK1 b - - 1 12	d8d4 e5c6 d4h4 c6e7	1363	advantage fork hangingPiece middlegame short	https://lichess.org/mXilcziQ/black#24
G0eP2	r1bqk2r/b1p1npp1/p1np3p/1p1B4/1P1PP3/P4N1P/2Q2PP1/RNB2RK1 b kq - 3 13	e7d5 c2c6 c8d7 c6d5	1575	advantage fork hangingPiece opening short	https://lichess.org/cwSODCEW/black#26
05010	r1b1r1k1/pp3ppp/1bq5/8/3n1Q2/1PN2P2/P1P1N1PP/R1B2R1K w - - 2 16	e2d4 c6c3 c1d2 c3d4	1508	advantage hangingPiece opening short	https://lichess.org/lr2MYnfP#31
a2XA2	8/2p1nRpp/p7/1b1Pk3/1P2P3/2p1K1PP/8/8 b - - 1 36	c3c2 f7e7 e5d6 e7e6 d6d7 e3d2	1509	advantage endgame hangingPiece long	https://lichess.org/9JRn5Q4r/black#72
Z1SWZ	6k1/2Bp1pp1/pb6/1p4N1/3P4/2Q4P/P3rPPK/3n4 w - - 1 28	c3f3 b6c7 g2g3 e2f2 f3f2 d1f2	1501	crushing endgame fork hangingPiece long	https://lichess.org/VSQZ0sk3#55
f4ayT	6kr/1q4r1/p2pNpQp/8/6P1/3R4/PPP1p3/2K4R w - - 5 34	e6g7 b7h1 c1d2 e2e1q	1535	advancedPawn dovetailMate endgame hangingPiece mate mateIn2 promotion short	https://lichess.org/KXHZFw7k#67
zg8bj	2kr1b1r/pp1b1pp1/2n1p3/1Bq4p/8/2NPRN1P/PPP2PP1/R2Q2K1 w - - 1 13	b2b4 c5c3 d3d4 c3b4	1594	advantage hangingPiece middlegame short	https://lichess.org/20xg81tb#25
PLfwm	1R3r2/2P3pk/p3p2p/8/4q3/6P1/P4P1P/1R4K1 w - - 0 31	b8f8 e4b1 g1g2 b1b7	1505	advantage endgame hangingPiece queenRookEndgame short	https://lichess.org/wIPj4Y4L#61
hp7TE	2r3k1/6p1/4pp1p/8/6q1/2r3P1/Q3RP1P/3R2K1 w - - 6 33	e2e6 g4d1 e6e1 d1b3 a2b3 c3b3	1541	crushing endgame hangingPiece long	https://lichess.org/UBwkhEjs#65
4tBxk	3r4/1bRr1k1p/2N2pp1/8/5K2/8/P5PP/4R3 b - - 3 36	d7c7 c6d8 f7g8 e1e8 g8g7 d8e6 g7f7 e6c7	1590	crushing endgame fork hangingPiece veryLong	https://lichess.org/eqeJpU0I/black#72
1mUyd	4r1k1/pp3p1p/1n3p2/4b3/5Pb1/1PN5/1PP3PP/4RK2 b - - 0 21	e5f4 e1e8 g8g7 e8e4 g4f5 e4f4	1563	advantage endgame hangingPiece long	https://lichess.org/oKJiTmHC/black#42
JkUFH	r1bqk2r/2p2pp1/p1n1p2p/bp1pN2n/3P1B2/1QP4N/PP2PPPP/R3KB1R b KQkq - 3 11	h5f4 e5c6 d8d6 c6a5	1552	advantage fork hangingPiece middlegame short	https://lichess.org/XHlKhxFF/black#22
HRoqb	rn1qr1k1/ppp2pp1/3b1p1p/3P4/2B1b1PN/5P1P/PPP1N3/R2QK2R b KQ - 0 14	e4d5 d1d5 d6g3 e1f1 d8d5 c4d5 g3h4 d5b7	1503	advantage hangingPiece opening veryLong	https://lichess.org/l3OBFBZI/black#28
aCYsR	r1b2r1k/p1p4p/2p3p1/2q1bp2/2Q1p3/2P1P2P/PP2BPPB/3R1RK1 b - - 1 18	c5c4 h2e5 h8g8 e2c4	1507	crushing hangingPiece intermezzo kingsideAttack master middlegame short	https://lichess.org/KQ6ZflkR/black#36
PmcZQ	2k2rn1/2p3pr/p7/3P1bP1/1b2N2P/PP4K1/1B6/2R3NR w - - 3 26	c1f1 f5e4 f1f8 b4f8	1571	advantage hangingPiece middlegame short	https://lichess.org/cwWJ5DYB#51
jObIo	4r2k/2r2q2/2PQ1P2/6n1/p1B5/7p/PPP5/2K1R3 w - - 0 42	c4f7 e8e1 c1d2 g5e4 d2e1 e4d6	1515	advantage endgame fork hangingPiece long	https://lichess.org/NB6AII7Y#83
6CkC3	5R2/1p2rk2/p2p1n2/3P1Q1p/4pPrP/3q2P1/2R4K/8 b - - 7 36	f7f8 f5f6 f8e8 c2c8 e8d7 f6f5 e7e6 f5e6	1985	endgame exposedKing hangingPiece killBoxMate mate mateIn4 veryLong	https://lichess.org/VI7np6Tg/black#72
q5NYZ	3rr1k1/ppq2ppp/2n5/2Pn3b/1P1N4/P1B2P2/R3B1PP/3Q1RK1 w - - 3 19	d4c6 d5c3 c6d8 c3d1	1838	advantage fork hangingPiece middlegame short	https://lichess.org/YLi2woPt#37
GGfim	8/7p/8/6Pp/1n2KB2/1pkp4/3N1P2/8 w - - 1 42	d2b3 c3b3 f4d2 h5h4	1916	advantage defensiveMove endgame hangingPiece short	https://lichess.org/ncDq3AOy#83
PMeSG	4k2r/1b2ppb1/pq4p1/1p2PN1p/2r5/P1N1Q3/1PP3PP/3R1R1K b k - 4 20	b6e3 f5g7 e8f8 g7e6 f8g8 d1d8 g8h7 f1f7 h7h6 d8h8	1843	anastasiaMate deflection hangingPiece mate mateIn5 middlegame pin veryLong	https://lichess.org/4sscTcLE/black#40
QDw2Y	r4r1k/p2R1Rb1/5Npp/1p6/8/5QP1/1q3P1P/6K1 b - - 3 27	f8f7 f3a8 f7f8 a8f8 g7f8 d7h7	1817	arabianMate exposedKing hangingPiece long mate mateIn3 middlegame	https://lichess.org/ebWSZLU0/black#54
ESbuI	4k3/p1p2R1p/2P1P1p1/3P4/4p3/8/P1p3PP/1rR2K2 w - - 7 38	f1e2 b1c1 e2d2 e4e3 d2c1 e3e2 c1c2 e2e1q	1803	advancedPawn crushing endgame exposedKing hangingPiece promotion rookEndgame veryLong	https://lichess.org/cDuZlPq3#75
cPZs7	8/k2P4/p5Q1/1pN5/1P3p1p/6nP/P4RPK/4r3 w - - 9 40	f2f1 g3f1 h2g1 f1g3 g1f2 e1f1	1844	discoveredAttack discoveredCheck endgame hangingPiece hookMate long mate mateIn3	https://lichess.org/QEY2WwV2#79
FyGW4	rn2nr1k/ppbq3p/2p3pN/5pB1/3PQ3/2P4P/PP4P1/RN3RK1 b - - 1 23	f5e4 f1f8 h8g7 f8g8	1810	hangingPiece kingsideAttack mate mateIn2 opening pillsburysMate short	https://lichess.org/23zCfUz8/black#46
V23Lr	1kn1r3/pp6/2pp2p1/8/2PB4/1P3PQP/P2qrRP1/R5K1 w - - 7 26	f2e2 d2d4 g1h2 e8e2	1832	advantage fork hangingPiece intermezzo middlegame short	https://lichess.org/3Uw9RnBw#51
8OP3z	8/8/4k3/5b2/pBp1pK2/P1P5/8/8 b - - 4 68	e6d5 f4f5 e4e3 b4e7 e3e2 e7h4	1804	bishopEndgame crushing defensiveMove endgame hangingPiece long quietMove	https://lichess.org/pPhMn474/black#136
Y4ytm	1rq1kbnr/p2n1ppp/4p3/8/Q1BP4/4P3/1P3PPP/RNB1K1NR w KQk - 0 11	c4b5 c8c1 e1e2 c1b2 b1d2 b2b5 a4b5 b8b5	1800	advantage hangingPiece opening veryLong	https://lichess.org/b6H0AeWn#21
ITogZ	8/3pn3/p4P2/1p1k4/3B2r1/5R2/PP5K/8 b - - 0 29	d5d4 f6e7 g4e4 f3f4 e4f4 e7e8q	1912	advancedPawn advantage deflection endgame hangingPiece long master pin promotion	https://lichess.org/HnTeNlJ9/black#58
Jt9z0	4r1k1/3Qbpp1/3p3p/8/1P4n1/4B3/4qPPP/5RK1 b - - 5 30	g4e3 d7e8 g8h7 f2e3	1800	advantage endgame fork hangingPiece intermezzo short	https://lichess.org/Sy2ONqwd/black#60
zzD0F	r4rk1/1p3ppp/3b4/2p2b2/pnB1N3/8/PP2RPPP/R1B3K1 b - - 5 20	a8e8 e4d6 e8e2 c4e2	1955	advantage fork hangingPiece middlegame short	https://lichess.org/xqDUVpQH/black#40
6yigy	r2qk2r/ppp1ppbp/2n2Pp1/8/8/4Bb2/PPP1BPPP/RN1Q1RK1 b kq - 0 9	f3e2 f6g7 h8g8 d1e2	1992	advancedPawn crushing hangingPiece intermezzo opening short	https://lichess.org/xCvbrIrr/black#18
2w1Qd	r4rk1/p1p2ppp/8/1p1b4/3nN1qN/P2Q1PP1/1P5P/R4RK1 b - - 0 18	d5e4 d3d4 e4f3 h4f3	2120	advantage hangingPiece middlegame short	https://lichess.org/ejcwK1Cl/black#36
be0h1	5r1k/5Qpp/1p6/8/5P2/P3R3/4KP1q/6r1 b - - 1 39	h7h6 f7f8 h8h7 f8f5 g1g6 e3g3 h2g3 f2g3	2108	crushing endgame hangingPiece pin veryLong	https://lichess.org/usThYseU/black#78
A4Ifk	r3r1k1/p2q1pp1/1p1p1b1p/n1pP4/6b1/N1P2N2/PP2BPPP/1R1QR1K1 w - - 2 16	f3e5 e8e5 e2g4 e5e1 d1e1 d7g4	2157	crushing hangingPiece kingsideAttack long middlegame	https://lichess.org/QrUHf7MW#31
V9d5O	3B4/8/8/1p1p1p1k/1P1P2p1/P6P/5KP1/5b2 b - - 3 36	g4h3 f2f1 h3h2 g2g4	2126	bishopEndgame crushing endgame hangingPiece short	https://lichess.org/G3LwNf0X/black#72
Fmnl7	1r1r4/5pk1/p5p1/4p3/2q4P/P1P2Q2/5PP1/1R1R2K1 w - - 0 30	d1d8 b8b1 d8d1 e5e4	2102	crushing endgame hangingPiece short	https://lichess.org/e9KAPIzs#59
RfMkX	r3k2r/pp3ppp/1q1pnn2/4p3/1B2P3/P1PB3P/1P3PP1/R2QK2R w KQkq - 1 16	b4d6 b6d6 d3b5 e8e7	2167	advantage defensiveMove hangingPiece middlegame short	https://lichess.org/Xu9ahLXr#31
5Gt4A	4r1k1/3b3p/6pB/3P4/Pp2p3/1P4qP/3Q2P1/4R1K1 w - - 1 34	d2d4 g3e1 g1h2 e1c3	2103	crushing defensiveMove endgame hangingPiece short	https://lichess.org/Xmx1legm#67
Tt8LU	r4rk1/pp3p1p/2n1bp2/3Np3/8/1P2bNP1/1PP1P1BP/3R1K1R b - - 8 14	a8d8 d5e3 d8d1 e3d1	2116	advantage hangingPiece middlegame short	https://lichess.org/MxjJuDPE/black#28
k21Ra	8/6p1/p3P2p/1rP5/3k4/2R4P/8/5K2 w - - 1 41	c5c6 d4c3 c6c7 b5f5 f1e2 f5f8	2134	crushing defensiveMove endgame exposedKing hangingPiece long rookEndgame	https://lichess.org/hZnLIMsB#81
xA6Db	r1b2rk1/ppp1nppp/8/1Qb1n2q/3N4/2P1BN1P/PP2B1P1/R4RK1 b - - 5 17	a7a6 b5c5 e5f3 d4f3	2108	crushing hangingPiece middlegame short	https://lichess.org/o1aj9YWx/black#34
4E8xe	6k1/6pp/1P2p3/1r2Pp2/3BpP2/2p1P1P1/2Rb2KP/8 b - - 6 41	d2e3 d4e3 b5b2 c2f2	2253	advantage collinearMove endgame hangingPiece short	https://lichess.org/VRjCGQCj/black#82
hAZPx	8/5kp1/p1p2p1p/R7/PPb2P2/1r2K1P1/3B3P/8 w - - 4 44	d2c3 b3c3 e3d4 c3c2 a5c5 c4b3	2155	crushing endgame hangingPiece long	https://lichess.org/u5WFp0Nm#87
Ls9bu	r3r2k/6pp/2q5/1pp2p2/2Q5/4BP2/1PP1R1PP/R6K w - - 0 24	c4c5 a8a1 e3g1 a1g1 c5g1 e8e2	2127	crushing hangingPiece long middlegame	https://lichess.org/Vo1ZhlFh#47
3sOtg	8/1p6/p3pk2/P5p1/2R2p2/7r/4p1K1/R7 b - - 1 48	f4f3 g2h3 f3f2 c4c1	2127	advantage defensiveMove endgame hangingPiece rookEndgame short	https://lichess.org/uiryYBHR/black#96
7xhX3	5r2/r3Pp1k/6pp/p7/4Q3/1p4RP/2q3P1/4R2K b - - 0 32	c2e4 e7f8n h7g7 e1e4	2111	advancedPawn advantage endgame hangingPiece intermezzo promotion short underPromotion	https://lichess.org/4ADKUHca/black#64
pWRlz	4rk2/1p3bp1/p4b2/3N4/4QB2/8/Pq4PP/5R1K w - - 2 27	e4h7 f7d5 h7h8 d5g8	2435	advantage hangingPiece middlegame short	https://lichess.org/717O7Pgj#53
y5nvT	8/6K1/5P2/p3n3/P4N2/1k6/8/8 w - - 0 60	f4d3 e5d3 f6f7 d3c5 g7f6 c5d7 f6e7 d7e5	2406	crushing endgame hangingPiece knightEndgame veryLong	https://lichess.org/RKCwWbes#119
nbbeQ	8/8/knQ4P/3p1N2/3P4/8/2Pq1BP1/1r1N2K1 w - - 7 41	f5d6 b1d1 g1h2 d2f4 f2g3 f4h6 g3h4 h6h4	2407	fork hangingPiece mate mateIn4 middlegame veryLong	https://lichess.org/9zgGx0Y4#81
swqAS	1k1r4/p4pp1/1pq1p2p/2p1P2P/2P1R1n1/2Br2P1/PPQ2P2/2K1R3 b - - 8 29	c6e4 e1e4 d3d1 c2d1 d8d1 c1c2 g4f2 e4f4	2422	advantage hangingPiece middlegame veryLong	https://lichess.org/WG3meUJE/black#58
4uiFX	8/r4B1k/3NK3/6P1/1n2P2P/p7/8/8 b - - 2 56	a7f7 e6f7 a3a2 d6f5 h7h8 g5g6 a2a1q g6g7 a1g7 f5g7	2487	advancedPawn crushing endgame exposedKing hangingPiece quietMove veryLong	https://lichess.org/TmCyeDNq/black#112
NBdhI	8/5p2/1p1p4/3Pk1P1/1Pb1B1P1/6K1/7P/8 w - - 1 45	h2h4 e5e4 h4h5 e4e5	2446	advantage bishopEndgame endgame hangingPiece short	https://lichess.org/HWAJreIm#89
jqOzF	2r5/p4p1p/6p1/3pk3/1P1R1n2/1BP2P2/P2K3P/8 b - - 4 29	c8c3 d2c3 f4e2 c3d3 e2d4 f3f4 e5d6 d3d4	2410	crushing deflection endgame hangingPiece master masterVsMaster veryLong	https://lichess.org/AmQyBSxn/black#58
orA6V	r1b2rk1/p3ppbp/6p1/q2p2B1/4N3/5Q2/PPP2PPP/3R1RK1 w - - 0 14	d1d5 a5d5 e4f6 e7f6 f3d5 c8e6 d5a5 f6g5	2420	advantage hangingPiece middlegame veryLong	https://lichess.org/rfZHvtnK#27
Hb9t0	5r1k/b1p2p1p/p7/1p2n1N1/5p1q/P1Pr1P1P/BP2QP1K/6R1 b - - 3 23	a7f2 e2e5 h8g8 a2f7 f8f7 e5h8 g8h8 g5f7	2585	attraction cornerMate hangingPiece kingsideAttack mate mateIn4 middlegame sacrifice veryLong	https://lichess.org/DTfr5LOL/black#46
EU6pH	3r1r1n/p1p2kPB/1pP1p2p/n7/2PP3B/P4q2/2Q5/R4K1R w - - 0 30	h4f2 f3h1 f1e2 h1h5	2407	crushing hangingPiece middlegame short	https://lichess.org/bf7PZJv2#59
4tcSX	7r/1p2kp1p/p2nb1pP/4Q1N1/1qB5/8/PP3PP1/5K1R w - - 2 29	g5e6 b4c4 f1g1 f7f6 e5e1 c4e6	2451	advantage hangingPiece long middlegame	https://lichess.org/Iq5vZZ8S#57
J1Pjt	6k1/p4rp1/2r1N3/3p4/1P1P2QP/2q1P3/P4nP1/R4RK1 w - - 0 31	g4g3 c6e6 a1c1 c3d2	2455	advantage hangingPiece middlegame short	https://lichess.org/i1WIdj4c#61
CV37I	2r1kbnr/4pppp/pqp5/3PN3/Q2Pb1P1/7P/PP3P2/RNB1K2R w KQk - 1 13	d5c6 e4h1 c6c7 b6b5 a4b5 a6b5	2423	advantage hangingPiece long middlegame	https://lichess.org/FfIZgAH6#25
sCw9G	2r3k1/1r3ppp/4p3/1q2N1P1/5P2/8/2bR1P1P/Q4RK1 b - - 0 29	b5f1 a1f1 b7b1 e5c6 b1f1 g1f1 c8a8 d2c2	2409	advantage hangingPiece master middlegame quietMove veryLong	https://lichess.org/0MF6R14S/black#58
QfrgA	r5k1/3nQp1p/6pB/3q4/8/p2P1N2/2r2PPP/1R3RK1 w - - 0 28	b1b7 d5b7 f3e5 d7c5 e7f6 c5e6	2481	advantage defensiveMove hangingPiece long middlegame	https://lichess.org/NH3dWBQP#55
Xwr8h	2kr1bnr/ppp2ppp/2n1b3/3qp3/8/2P3NP/PP1PBPP1/RNBQK2R b KQ - 2 7	d5g2 e2f3 g2f3 d1f3	1166	advantage opening short trappedPiece	https://lichess.org/zNngcsby/black#14
Jj2ZC	1Q2rbk1/1b3p2/2qp1p1p/2p5/4P3/1P3PB1/2P3PP/3RR1K1 w - - 11 30	b8a7 e8a8 a7a8 b7a8	1181	advantage master middlegame short trappedPiece	https://lichess.org/7V9IEBdz#59
voqi7	rn1qk1nr/3b1ppp/p3p3/1p2N3/2pPPP2/2P5/3B2PP/R2QKB1R b KQkq - 1 11	f7f6 d1h5 g7g6 e5g6 h7g6 h5h8	1172	crushing long opening pin trappedPiece	https://lichess.org/FoOpMpSR/black#22
k7nhN	2k1r1r1/pq2np2/1pp1bQ1p/4B1p1/2pPP1P1/2N4P/PPP2P2/1K1R3R w - - 0 23	f2f4 g8g6 f4f5 g6f6	1141	advantage master middlegame short trappedPiece	https://lichess.org/flsZGGrk#45
hiOZY	1n3rk1/4Rppp/p2p1n2/2pP4/1rP5/2N2B1q/P3QP1N/R1B3K1 w - - 0 19	f3g2 h3c3 a2a3 c3a1 a3b4 a1c1	1142	advantage hangingPiece long middlegame pin trappedPiece	https://lichess.org/MusQXF7r#37
fo3Cg	rnbq1rk1/pp3ppp/4p3/3pP3/2p1n3/2PBPP2/PP4PP/RN1QK1NR w KQ - 0 10	d3c2 d8h4 g2g3 e4g3 h2g3 h4h1	1174	crushing long opening pin trappedPiece	https://lichess.org/fQVMTMnl#19
BK75b	r1b1k1nr/pp3ppp/n2qp3/3pN3/2pP4/2P1PQ2/PP3PPP/RN2KB1R b KQkq - 1 8	f7f6 f3h5 g7g6 e5g6 h7g6 h5h8	1180	advantage long opening pin trappedPiece	https://lichess.org/1CYE19HO/black#16
F8wYc	3r1k2/5pbQ/4p1p1/p1n1Pr2/PpP5/1P1p1N2/6PK/3R1R2 w - - 2 41	h2g1 f5h5 h7h5 g6h5	1179	advantage master middlegame short trappedPiece	https://lichess.org/DMt3WRXI#81
LQbps	1r1r4/p3qkn1/4p3/2p2pp1/8/1P1B4/P1P2PPQ/3RR1K1 w - - 2 32	h2h7 d8h8 d3f5 h8h7	1145	advantage middlegame short trappedPiece	https://lichess.org/N8lNSeim#63
l41qK	1r2r1k1/5ppp/p1R3q1/1p4b1/3N4/P4P1P/1P3BP1/5QK1 b - - 4 30	g6h5 g2g4 h5g6 c6g6	1179	advantage middlegame short trappedPiece	https://lichess.org/txTgmvpU/black#60
8xL0t	r4rk1/1pp2ppp/3p2n1/5b2/pP2P3/P1Q2P2/q1P3PP/2KR1BNR b - - 0 20	f5d7 f1c4 a2c4 c3c4	1171	crushing middlegame short trappedPiece	https://lichess.org/oHXrdSwa/black#40
nsuon	r2qk1r1/1pp1b2Q/p2p1n1p/3Pp1p1/2P5/2N1B1PP/PP3P2/R3K2R w KQq - 2 19	h7h6 e7f8 h6g5 g8g5	1180	advantage middlegame short trappedPiece	https://lichess.org/5UYWuwqZ#37
GPXPV	r1bq1rk1/b4ppp/pppp1Nn1/4p3/1PB1P3/P2PBN1P/2P2PP1/R3QRK1 b - - 0 13	d8f6 e3g5 f6f3 g2f3	1190	crushing middlegame short trappedPiece	https://lichess.org/igC0Ow3Q/black#26
I7IBB	rnbqkbnr/pp3ppp/2p5/3p4/PP2p3/4P3/1BPPNPPP/RN1QKB1R b KQkq - 1 5	f8b4 b2g7 g8f6 g7h8	1194	crushing opening short trappedPiece	https://lichess.org/yOMt5JiJ/black#10
Fl9mo	5r2/6k1/1p1r2qp/p1p3pQ/P1PpPp2/3P1P1P/6P1/1R2R1K1 w - - 1 27	h5g4 h6h5 g4f5 f8f5	1168	crushing endgame short trappedPiece	https://lichess.org/JQWr7LuJ#53
oOg6n	r1bq1rk1/ppp2pb1/3p4/4n1pQ/2P1P3/2NB2B1/PP3PPP/R3K2R w KQ - 0 13	e1c1 c8g4 g3e5 g4h5	1415	crushing fork middlegame short trappedPiece	https://lichess.org/tMLoDDZ5#25
2Ohkb	r1b1kb1r/2p2ppp/p1pp1n2/8/8/3PNQP1/PPP4q/RNB1KR2 b Qkq - 1 12	c8d7 f1h1 h2h1 f3h1	1485	advantage opening short trappedPiece	https://lichess.org/R3HZIUuo/black#24
Xcsan	r1bqkr2/p1pnpp1Q/1p1p2p1/2nP4/8/5N2/PP3PPP/RNB1KB1R w KQq - 0 10	c1h6 d7f6 h7g7 f8g8 g7g8 f6g8	1477	advantage long opening trappedPiece	https://lichess.org/51v3uG28#19
95ZaE	r1b1kb1r/p1ppnppp/1pn1p3/4P1N1/3P1B1q/3B1Q2/PPP2P2/RN2K1R1 b Qkq - 3 11	c8b7 g1h1 h4h1 f3h1	1437	advantage opening short trappedPiece	https://lichess.org/AwsyUepY/black#22
295HI	1kb4r/p2pb3/n1p4p/QpPPqp2/1P4p1/P1N1P3/4BPPP/2RR2K1 w - - 3 21	d5d6 e7d8 a5d8 h8d8	1410	advantage middlegame short trappedPiece	https://lichess.org/99yqp0NP#41
r2Ux1	rnbqkb1r/p1p2ppp/1p2pn2/3pN3/2PP4/P7/1P2PPPP/RNBQKB1R b KQkq - 1 5	b8d7 e5c6 c8b7 c6d8	1439	crushing opening short trappedPiece	https://lichess.org/2U6Yxvl4/black#10
n4rb1	r1bq1rk1/pn3pp1/2p2b1p/4p3/1P6/3B4/PBPP1PPP/RN1QK2R w KQ - 3 13	e1g1 e5e4 b2f6 d8f6 d3e4 f6a1	1499	advantage long opening trappedPiece	https://lichess.org/9EupzNxZ#25
eduvV	rnq1r3/pppb1kb1/3p1npp/4p3/2P5/PQNP2P1/1P2PPBP/R1B2RK1 b - - 1 12	f7f8 g2b7 c8d8 b7a8	1280	advantage fork opening short trappedPiece	https://lichess.org/TWOdP7Xk/black#24
9UmlI	rnQ2b1r/p1p1kppp/2q5/4p3/8/8/PP1P1PPP/RNB2RK1 w - - 3 12	f1e1 b8d7 c8a8 c6a8	1342	advantage middlegame quietMove short trappedPiece	https://lichess.org/7TvVYRDV#23
6KQc6	r6r/1ppkn1pq/p2p1p1p/8/4P3/1Q1PB1R1/PPP3PP/5RK1 w - - 0 20	b3b7 h8b8 b7a8 b8a8	1330	advantage middlegame short trappedPiece	https://lichess.org/2iFeD9TU#39
I5Xv7	7r/pp2kp2/2pp4/P3p3/1P1PP1R1/2PN1P1q/4K2b/3B3R b - - 2 37	h8h4 d3f2 h4g4 f2h3	1478	advantage middlegame short trappedPiece	https://lichess.org/UVsOu5pF/black#74
cMP2Z	r1b1r1k1/1p1n1pbp/1qpp2p1/p2Pp3/2P1P3/P1NB1NP1/1P4PP/R2Q1R1K b - - 2 14	b6b2 c3a4 b2a1 d1a1	1494	advantage middlegame short trappedPiece	https://lichess.org/mIjT9lES/black#28
DVKQQ	6k1/5pp1/1q5p/1rp5/8/2QP1P2/nP2N1PP/1R3K2 w - - 5 31	c3a3 b5a5 a3a5 b6a5	1393	advantage endgame short trappedPiece	https://lichess.org/8K5s30Aq#61
UgblT	rnb1kb1r/p2p1ppp/5n2/4q3/2B1P3/3P4/P2B1PPP/RN1Q1RK1 b kq - 0 10	e5a1 d2c3 a1b1 d1b1	1451	advantage opening short trappedPiece	https://lichess.org/lHwFcVEP/black#20
YtomJ	r2q1rk1/pp3pb1/2n1p1p1/3n3p/3PN2P/5B2/PP3PP1/R1BQ1RK1 b - - 0 14	d8h4 c1g5 h4g5 e4g5	1450	advantage master middlegame short trappedPiece	https://lichess.org/FBk7Yaig/black#28
R5BJX	r2q1rk1/5b1p/6p1/p2pQp2/1ppP1P1P/2P3R1/PP4P1/1B2R1K1 w - - 1 23	b1f5 f8e8 e5e8 f7e8	1619	advantage middlegame short trappedPiece	https://lichess.org/NYTK8bX4#45
79NI0	r3k2r/p1qp1pp1/1pn1p3/1Bb1P2p/5B2/2N2P2/PPPQ3P/2KR4 b kq - 4 15	e8c8 b5a6 c8b8 c3b5 d7d6 b5c7	1656	crushing long middlegame queensideAttack trappedPiece	https://lichess.org/NRu3IZPv/black#30
tgI2c	rnbqkbnr/pppp1ppp/8/8/4P3/3B4/PB3PPP/RN1QK1NR b KQkq - 0 5	f8c5 b2g7 d8g5 g7h8 g5g2 d1f3 g2f3 g1f3	1578	advantage opening trappedPiece veryLong	https://lichess.org/yAKUD7Oz/black#10
aV87Q	q3kb1r/p2bpppp/1n3n2/8/8/2N5/PPPP1PPP/R1BQK1NR w KQk - 0 9	d1f3 d7c6 f3g3 c6g2 f2f3 g2h1	1597	advantage long opening trappedPiece	https://lichess.org/qBx0pVBT#17
kvX8c	r1bqk2r/pp2bppp/2np4/1B6/3Q2n1/5N2/PPP2PPP/RNB1K2R w KQkq - 0 9	d4g7 e7f6 g7h8 f6h8	1630	advantage opening short trappedPiece	https://lichess.org/Mrtoq9HK#17
7LtCm	2kr1r2/ppp2p1p/4p3/4Nqp1/2Pn1P2/P2P2P1/1P3R1P/R2Q2K1 b - - 1 19	f7f6 g3g4 f5f4 f2f4 g5f4 e5f3	1518	advantage long middlegame trappedPiece	https://lichess.org/JPS9DDzn/black#38
xH0mE	r2qknnr/p2bb1pp/4pp2/3p4/3P1N1B/2P5/PP2QPPP/RN2R1K1 b kq - 9 16	g7g5 e2h5 f8g6 f4g6 h7g6 h5h8	1583	advantage capturingDefender long opening pin trappedPiece	https://lichess.org/cNCyfp9u/black#32
cvPMq	r1b1r1k1/1pp2pp1/p5q1/2bNp3/2B1P3/P2P3Q/1PP1nPPP/R1B2R1K w - - 3 15	h3f3 c8g4 f3g4 g6g4	1559	advantage opening short trappedPiece	https://lichess.org/vsxmazQQ#29
0WPYk	8/1p3p1p/p2p1kp1/2rPp3/P1r5/2P4P/1P1R1KP1/R7 b - - 6 33	c5a5 b2b4 a5a4 a1a4	1521	advantage endgame rookEndgame short trappedPiece	https://lichess.org/hMBmqywk/black#66
tm8fT	3qnrk1/1pp1bppp/r1np4/pQ2P3/3P1BbP/2N2N2/PPP3P1/2KR1B1R w - - 3 12	b5b7 a6b6 b7b6 c7b6	1640	advantage opening short trappedPiece	https://lichess.org/hsCECf56#23
md3Y5	r1b1k1nr/ppppqp2/7p/4P1p1/2P2BQ1/8/PP3PPP/2KR1B1R b kq - 1 15	g5f4 g4g7 e7f8 g7h8	1510	advantage middlegame short trappedPiece	https://lichess.org/tMetkhRR/black#30
9wY4L	3br1k1/pb3R1p/1pq3p1/2p3Nn/4P2Q/2P1B3/PPB3PP/6K1 w - - 3 24	f7h7 d8g5 h4g5 g8h7	1568	advantage middlegame short trappedPiece	https://lichess.org/lSC298gu#47
grNY2	r1q1kbnr/pp3ppp/2n1p3/1N1pN3/3P4/5Q1P/PPP2PP1/R1B2RK1 b kq - 2 12	f7f6 f3h5 g7g6 e5g6 h7g6 h5h8	1547	crushing long opening trappedPiece	https://lichess.org/jIPnRz7i/black#24
RGo8b	3rk1nr/p1p2p1p/8/4Q3/8/1q6/3BKPPP/1N5R b k - 0 18	b3e6 e5e6 f7e6 d2c3 g8e7 c3h8	1527	advantage long middlegame trappedPiece	https://lichess.org/VU0TeSpH/black#36
jINGA	r1b1kbnr/pp3ppp/2n5/4p3/2Ppq3/5N1P/PP2BPP1/RNBQ1RK1 b kq - 0 9	g8f6 e2d3 e4d3 d1d3	1531	crushing opening short trappedPiece	https://lichess.org/D0n4kMxM/black#18
wDHCw	rnb2rk1/pp4pp/2p1pq2/3p4/2PPp2b/P1N1P1PP/1PQB1P2/R3K1NR w KQ - 1 12	g3h4 f6f2 e1d1 f2g2 d2e1 g2h1	2040	attackingF2F7 crushing long opening trappedPiece	https://lichess.org/8qx5NzIP#23
smexI	6rk/4Bpn1/R2p2pp/2pNb3/2PnP3/7P/5PP1/5BK1 b - - 0 30	g8b8 f2f4 e5f4 d5f4	2037	advantage master masterVsMaster middlegame short trappedPiece	https://lichess.org/cPraPHOk/black#60
kHWOH	q3r2k/2p3bp/p2pQ1p1/1p3n2/3P1P2/2P4P/PP1B2P1/R4RK1 w - - 4 20	e6d7 e8e7 d7e7 f5e7	1983	advantage middlegame short trappedPiece	https://lichess.org/3pRP734F#39
NJCX8	r2q1rk1/5ppn/pp1p1n1p/2pPpQ2/2P1P3/P6P/1P2NPP1/R2R1BK1 w - - 3 25	e2g3 h7g5 h3h4 g7g6 h4g5 g6f5	1981	advantage long middlegame quietMove trappedPiece	https://lichess.org/VSRRyS7k#49
7pKQz	4r1k1/1p4p1/p3N2p/3Q1p1q/6nP/P5P1/5P2/3R2K1 b - - 3 28	g8h8 e6f4 g4f6 f4h5 f6d5 d1d5	1923	advantage endgame long trappedPiece	https://lichess.org/BdivycFb/black#56
VwRQt	r2q1rk1/p3bppp/5n2/2pp4/2P3b1/2BBPQ2/PP1N1PPP/R4RK1 w - - 2 14	f3g3 d5d4 c3d4 c5d4	2020	advantage middlegame short trappedPiece	https://lichess.org/QLAzuZs1#27
6Dt1c	r1bqkb1r/pppn1ppp/3p4/4n1N1/4PB2/1BPp4/PP1N1PPP/R2QK2R b KQkq - 3 9	f8e7 b3f7 e5f7 g5e6 d7e5 e6d8	2017	advantage attackingF2F7 long opening sacrifice trappedPiece	https://lichess.org/ylvG60FR/black#18
Utl4o	rnbqk2r/pppp1ppp/4p3/4P3/3P2Q1/2b5/P1PB1PPP/R3KBNR b KQkq - 1 7	c3a1 g4g7 h8f8 d2g5 d8g5 g7g5	1978	advantage long opening trappedPiece	https://lichess.org/MaqpZ1ij/black#14
CMPwe	3rr3/q4kpp/p1Q2p2/1p2p3/4RP2/2P3P1/PP4PK/4R3 w - - 7 26	e1e2 e8e6 c6e6 f7e6	1997	advantage endgame short trappedPiece	https://lichess.org/pjgmmhfN#51
JqGpn	r3k1nr/1p3ppp/p1n1p3/3pP3/8/Q4N2/1P2BPPP/1qB2RK1 b kq - 1 14	g8e7 e2d3 b1d3 a3d3	1934	advantage middlegame short trappedPiece	https://lichess.org/iMEUZ7Sb/black#28
Vk8yW	r4rk1/p2bbppp/4p3/3pP3/3B1PP1/1P1Q3R/P5KP/RN2q3 b - - 6 18	g7g6 b1d2 d7b5 a1e1 b5d3 h3d3	1964	advantage discoveredAttack long middlegame trappedPiece	https://lichess.org/hKfwp2OG/black#36
z2kWk	r3r1k1/1p2qpbb/p2p4/2pPnP1Q/P3P1p1/2NB4/1P2N1PP/R3R1K1 w - - 1 26	d3c2 h7g6 f5g6 f7g6 h5g6 e5g6	2003	crushing long middlegame sacrifice trappedPiece	https://lichess.org/jkPYf4jX#51
uurSK	r5k1/ppp4p/4bp2/b1P1pp1q/3n4/P2P2P1/3NPPBP/2RQ1RK1 w - - 3 18	d2f3 e6b3 f3d4 b3d1	1918	advantage master masterVsMaster middlegame short trappedPiece	https://lichess.org/27XRjesb#35
Z3oln	2r2rk1/1p4p1/p1p5/2R2p1p/QP1Pp3/P3P1P1/2R2PKP/q7 b - - 3 28	h5h4 a4b3 g8h7 c2c1 a1c1 c5c1	1822	advantage endgame long trappedPiece	https://lichess.org/n6I9aTmW/black#56
GNTJq	3rr3/pp2p1kp/6p1/2pQPp2/1qP5/1P1PPN2/P5PP/R4RK1 w - - 3 19	a2a3 b4b6 b3b4 d8d5	2044	advantage middlegame short trappedPiece	https://lichess.org/XpYlHEcx#37
5qfGV	3r2k1/p3qpb1/1p4p1/3P1b1p/4pB2/1Q4P1/PP2PPBP/3R2K1 w - - 2 23	e2e3 g6g5 d5d6 e7f6 f4g5 f6g5	2107	advantage long middlegame trappedPiece	https://lichess.org/Y3q2OOXC#45
U8Yg0	4r1k1/pp4pp/2p5/8/1P6/RbP2B1P/2r3P1/R2K4 b - - 5 25	c2b2 a3b3 b2b3 d1c2 b3b4 c3b4	2134	advantage endgame long sacrifice trappedPiece	https://lichess.org/udvl0F4a/black#50
FkvDc	r1bqk1nr/1ppnppbp/p5p1/8/2BPNP2/2P5/PP4PP/R1BQK1NR b KQkq - 0 7	g8f6 c4f7 e8f7 e4g5 f7e8 g5e6 d7b6 e6d8	2143	advantage attackingF2F7 attraction fork opening sacrifice trappedPiece veryLong	https://lichess.org/ReumaZ8L/black#14
RNrBF	3rkb1r/4nppp/p7/qpQ1pP2/3n4/1BN5/PPP2PPP/R1B1K2R w KQk - 4 13	e1g1 e7c6 c5d5 d8d5	2140	advantage opening quietMove short trappedPiece	https://lichess.org/MPL4ECAL#25
3LcAt	r1b1r1k1/p4ppp/1p1b4/3n4/4n2q/PP1N2N1/1B1P1PPP/1BRQ1RK1 w - - 5 20	d1f3 c8g4 f3g4 h4g4	2103	advantage opening short trappedPiece	https://lichess.org/f7BOMtIv#39
KeUzE	r4rk1/p3ppbp/1qP3p1/p1nP4/8/QB1bPN1P/PP1N1PP1/R3K2R w KQ - 7 17	d2c4 d3c4 b3c4 g7b2 a1b1 b2a3 b1b6 a7b6	2100	advantage fork middlegame trappedPiece veryLong	https://lichess.org/9J7lnVV2#33
8A3XE	8/5kp1/2p5/5p2/PP1P1P2/2PqP1R1/6P1/R5K1 w - - 1 30	a1a3 d3b1 g1h2 b1b2	2113	advantage endgame queenRookEndgame short trappedPiece	https://lichess.org/R3qjG0W7#59
6tI4G	r1b1kb1r/ppp2Npp/2n5/4p3/2B4q/2P5/P1PP1PPP/R1BQK2R w KQkq - 1 9	c4b3 c8g4 g2g3 h4h5	2186	advantage opening short trappedPiece	https://lichess.org/QBoh65Ht#17
vXKLc	1r1b1k2/5np1/pp1pQp1p/1PpPp2P/2Pq4/3B4/P1K1R1P1/5R2 b - - 1 36	a6b5 e2e4 d4e4 d3e4	2112	crushing middlegame short trappedPiece	https://lichess.org/n9SA61JS/black#72
mk7ag	r1bqkb1r/pp3ppp/2p2n2/3p4/4n3/5NP1/PPPNPPBP/R1BQR1K1 w kq - 2 9	f3d4 e4f2 g1f2 f6g4 f2g1 g4e3 d2b3 e3d1	2196	attraction crushing kingsideAttack opening sacrifice trappedPiece veryLong	https://lichess.org/WWUh9yAU#17
4p76d	r4rk1/pp1n2p1/4p2p/3p1pqP/3P1PP1/2P3Q1/PP1N4/R3K1R1 b Q - 0 17	g5g4 g3h2 d7f6 g1g4	2194	crushing discoveredAttack middlegame quietMove short trappedPiece	https://lichess.org/VDVmgG48/black#34
uRhwf	r3rnk1/ppp2pp1/3b1q1p/3P3b/8/2NB1N2/PPPQ1PPP/R4RK1 w - - 0 16	f3d4 d6f4 d2f4 f6f4	2194	crushing middlegame short trappedPiece	https://lichess.org/UITqaRxQ#31
jdiKK	1kr2r2/p4p2/3p3b/q1pP4/8/3Q4/bBKN1PPP/R3R3 b - - 3 27	c8c7 a1a2 a5a2 e1a1 a2b2 c2b2	2171	advantage long middlegame trappedPiece	https://lichess.org/OUasHIhn/black#54
Mfq0j	r4rk1/pp3p1p/2p1bQp1/4P3/1q6/3B1R2/2P3PP/5R1K b - - 3 24	b4g4 f3f4 g4h5 f4h4 h5h4 f6h4	2150	advantage long middlegame trappedPiece	https://lichess.org/Mlt7X6ma/black#48
QJnsA	7r/2p1k3/1p2pq2/4n3/8/2P3P1/PP3PQ1/R3R1K1 w - - 3 25	a1d1 e5f3 g1f1 h8h2 g2h2 f3h2	2153	advantage endgame fork long trappedPiece	https://lichess.org/tH3eZyXJ#49
fx3js	3r1k2/pppb2p1/7p/2P1p1q1/8/3Q3P/PP3PP1/R3R1K1 w - - 0 21	d3h7 d7f5 h7h8 f8f7 h8d8 g5d8	2454	advantage endgame long trappedPiece	https://lichess.org/4GwuARq6#41
De1HZ	rn2kbnr/ppp2ppp/4p3/q4b2/1P6/P1N2N2/2PP1PPP/R1BQKB1R b KQkq - 0 6	f8b4 a3b4 a5a1 f3d4	2445	advantage opening sacrifice short trappedPiece	https://lichess.org/UuwmB7tB/black#12
M3ZX6	4r1k1/p5p1/1p1B2np/6q1/4P1p1/P2Q2P1/1P2K3/5R2 b - - 3 30	e8d8 d3c4 g8h7 f1f5 d8d6 f5g5	2456	advantage endgame long trappedPiece	https://lichess.org/PJLkhYFH/black#60
hr7Lh	rnb1kbnr/p4ppp/4p3/q7/2BP4/4P3/P1PN1PPP/R1BQK2R b KQkq - 0 10	c8a6 d1f3 a6c4 f3a8 f8d6 a1b1	2410	advantage long opening pin trappedPiece	https://lichess.org/rsK4mgiY/black#20
j72yw	rn1q1rk1/pp3p2/2p1pQpp/3pPn2/3P3P/2PB4/PP3PP1/RN2K2R w KQ - 1 13	g2g4 d8e8 g4f5 b8d7 f5g6 d7f6	2447	advantage long middlegame quietMove sacrifice trappedPiece	https://lichess.org/pyOXq4pB#25
MlsDr	2kr4/5p1Q/p3pq2/2b2n2/2Pp1P2/P7/6PP/R1BKR3 w - - 1 25	c1d2 d8h8 h7h8 f6h8	2459	crushing middlegame short trappedPiece	https://lichess.org/y82usTeC#49
IHEjb	r2qkb1r/1p2pppp/p1n1b3/1Q6/3P4/5N2/PP3PPP/RNB1K2R w KQkq - 0 11	b5b7 e6d5 b1c3 a8a7 b7a7 c6a7	2427	advantage long opening trappedPiece	https://lichess.org/IuB6ItPh#21
zdwKV	r3k2r/p4ppp/2p1p3/3p4/2P1n3/3KP3/qPQ1B1PP/R6R b kq - 3 17	e4c5 d3c3 c5e4 c3d4 a2a1 h1a1	2420	advantage defensiveMove long middlegame trappedPiece	https://lichess.org/3cpS6qJT/black#34
JFvqB	8/5pk1/1p3q2/r3p1p1/4Q3/PP4B1/1Pr3PP/4R1K1 b - - 3 30	c2b2 b3b4 a5b5 e4c4 f6e6 c4b5	2423	crushing endgame long trappedPiece	https://lichess.org/Eii67ESx/black#60
wirgA	5b1R/1p1q1k2/4pp1p/5p2/P4P2/2Q3P1/1PP4P/1KNr4 w - - 7 37	c3f3 f7g7 h8f8 g7f8	2476	advantage endgame master short trappedPiece	https://lichess.org/qJD5yJxY#73
os7Y1	b2r2k1/6pp/p2pp3/1p6/1P1PPn2/P1QBq3/6PP/4NR1K b - - 8 30	a8e4 f1f3 f4d5 f3e3 d5c3 d3e4	2429	advantage long master middlegame trappedPiece	https://lichess.org/T9fw4rVv/black#60
Wby1M	r2q1rk1/pbp1bp1p/1p1p2p1/7n/1P2P1Q1/P2P1P2/1B1NN1PP/R4RK1 w - - 0 16	e2f4 b7c8 f4h5 c8g4	2400	crushing middlegame short trappedPiece	https://lichess.org/y7mUEoct#31
QHyl1	1r2r3/4pp1p/p1k3p1/2ppB3/5P2/2P4P/P5P1/1R4K1 w - - 2 31	b1b8 e8b8 e5b8 c6b7 b8e5 f7f6 e5f6 e7f6	2425	crushing endgame trappedPiece veryLong	https://lichess.org/xK02x2PO#61
E0elh	3r1rk1/p3qpb1/1p1p3p/2p4n/1PP1pQ1N/P3P3/1B1P1PPP/R3K2R w KQ - 4 18	f4g4 e7g5 g4g5 h6g5 b2g7 h5g7 h4f3 e4f3	2439	advantage middlegame trappedPiece veryLong	https://lichess.org/4MbHMiGG#35
mslJF	r4rk1/pbpp1pp1/1p2p2p/n3P2q/1b1PB3/2NQ1NPP/PPP2P2/2KR3R b - - 0 13	b4c3 e4h7 g8h8 g3g4 b7f3 g4h5	2403	advantage kingsideAttack long master middlegame trappedPiece	https://lichess.org/WuqTCgiI/black#26
3ApXr	1k3r2/pp4Qp/1q6/8/1br1p3/8/PPBPPP1P/R1B1K2R w KQ - 1 20	a2a3 b6f2 e1d1 f2f1 h1f1 f8f1	1195	attackingF2F7 long mate mateIn3 middlegame sacrifice	https://lichess.org/q2DWUh8s#39
prfqg	3r3k/4qpp1/2p1bN1p/p3P2Q/8/6R1/P4PPP/6K1 b - - 2 31	d8d4 h5h6 g7h6 g3g8	1190	arabianMate endgame mate mateIn2 sacrifice short	https://lichess.org/qq9CiHXz/black#62
35KRL	1r5k/5Qp1/5n2/1P4R1/3p2PP/3P2K1/4q3/8 b - - 4 44	b8g8 g5h5 f6h7 h5h7 h8h7 f7h5	1160	attraction endgame long mate mateIn3 sacrifice	https://lichess.org/FadnskoL/black#88
d7xea	r7/ppp1k2r/4bp2/4p3/1P1bP3/P2P2P1/6PP/1RBB1R1K w - - 3 24	c1b2 h7h2 h1h2 a8h8 d1h5 h8h5	1196	attraction kingsideAttack long mate mateIn3 middlegame pillsburysMate sacrifice	https://lichess.org/xEkGP0Aq#47
IxxvW	r6k/pp3Bpp/1bp5/8/8/1N4P1/PPP4q/1K1R3R b - - 2 22	h2g3 h1h7 h8h7 d1h1 g3h4 h1h4	1171	attraction long mate mateIn3 middlegame pillsburysMate sacrifice	https://lichess.org/feU0wzep/black#44
0QnqT	r7/4Nkpp/5r2/3p4/p3p2q/4P3/PP1BQbPP/R4R1K w - - 3 25	e7d5 h4h2 h1h2 f6h6 e2h5 h6h5	1199	attraction kingsideAttack long mate mateIn3 middlegame pillsburysMate sacrifice	https://lichess.org/1zG6eUGZ#49
9dIGy	r5r1/p4ppk/7p/3p4/4qP1Q/2P4R/P5RK/8 b - - 3 30	a8e8 g2g7 g8g7 h4h6 h7g8 h6h8	1181	endgame long mate mateIn3 sacrifice	https://lichess.org/nF3tx5Fg/black#60
xLyPV	4R1k1/ppq2r1p/2p3p1/3p2P1/8/P7/1PP2rQ1/2K4R b - - 1 28	g8g7 h1h7 g7h7 g2h3 h7g7 h3h6	1192	attraction endgame long mate mateIn3 sacrifice	https://lichess.org/LXv7mdAV/black#56
QyvuG	r4rk1/p1pN1p2/1p3n1p/6p1/1P1P4/PqN1P3/3K1PQ1/R5R1 b - - 3 25	f6d7 g2g5 h6g5 g1g5 g8h7 a1h1	1174	kingsideAttack long mate mateIn3 middlegame sacrifice	https://lichess.org/IrCadsSA/black#50
0RpxK	r4rk1/pp5p/2qp4/2pn1pQ1/2P5/2PP2P1/P5K1/R6R b - - 1 23	g8h8 h1h7 h8h7 a1h1	1166	attraction kingsideAttack mate mateIn2 middlegame sacrifice short	https://lichess.org/w3Gqx3Ir/black#46
82sey	r1b2r1k/p1pq2pp/1p1p1p2/4nP1Q/4PR2/1BP3P1/PP5P/R1B3K1 b - - 1 18	d7e8 h5h7 h8h7 f4h4 e8h5 h4h5	1137	attraction kingsideAttack long mate mateIn3 middlegame pillsburysMate sacrifice	https://lichess.org/rdaKnQpi/black#36
pmpKO	r1b1r2k/1p1p2pp/pq1B1pn1/4nR1Q/3NP3/1BP5/P5PP/2R3K1 b - - 4 20	b6d6 h5h7 h8h7 f5h5	1195	attraction kingsideAttack mate mateIn2 middlegame pillsburysMate sacrifice short	https://lichess.org/9LaGYibY/black#40
SsKfC	6k1/pp1n2pp/2p5/2N5/1P2Q1n1/P1B3qP/2P4b/R4r1K w - - 4 31	a1f1 g4f2 f1f2 g3g1	1195	fork mate mateIn2 middlegame sacrifice short	https://lichess.org/55SdYcRT#61
Uf2UE	5rk1/5ppp/8/Q2b2q1/2P5/3P3P/6P1/4R1K1 b - - 0 27	f8a8 a5a8 d5a8 e1e8	1146	backRankMate endgame mate mateIn2 sacrifice short	https://lichess.org/Q2PpH5kE/black#54
cPQ5q	5rk1/2R2ppp/R7/5b2/4p3/Q3P2P/5qPK/8 b - - 1 33	f5h3 a3f8 g8f8 a6a8 h3c8 a8c8	1188	attraction endgame long mate mateIn3 sacrifice	https://lichess.org/eW0qcpvD/black#66
1FhTV	2r3k1/pbqn1NpB/1p3n1p/2ppN3/3P4/2P3P1/PPQ2PP1/4R1K1 b - - 2 21	f6h7 f7h6 g7h6 c2g6 g8h8 e5f7	1252	cornerMate kingsideAttack long mate mateIn3 middlegame sacrifice	https://lichess.org/bPp1gDVM/black#42
bDBvr	2kr3r/ppp5/2npp3/2b1p1p1/4Q3/P1PP2qP/1P4B1/RNB2R1K w - - 0 18	f1f3 h8h3 g2h3 g3g1	1443	kingsideAttack mate mateIn2 middlegame sacrifice short	https://lichess.org/cEPiE9xP#35
k5fiw	4k1r1/1p1q4/p2p3R/2pN4/P3n2N/3Q4/1PP3rP/4R1K1 w - - 0 30	g1h1 g2g1 e1g1 e4f2	1354	cornerMate mate mateIn2 middlegame sacrifice short	https://lichess.org/CXjYAutq#59
xjRIH	3r2k1/8/2R5/4bp2/pP2p3/Pq2P3/1P2QPP1/1BK5 w - - 1 30	e2c2 e5b2 c2b2 b3d1	1328	endgame mate mateIn2 sacrifice short	https://lichess.org/3bDFxS6W#59
aD8i6	2r3k1/1b3pp1/p3p2p/1p2B3/1P6/P2Q3P/1q3PP1/1B1R2K1 b - - 0 29	b2e5 d3d8 c8d8 d1d8	1495	endgame mate mateIn2 pillsburysMate sacrifice short	https://lichess.org/34VHyS00/black#58
fyEWA	5rk1/p2R2p1/q3pp2/2Q4p/5PbP/6P1/1R5K/8 b - - 3 40	a6f1 c5f8 g8f8 b2b8	1284	attraction endgame mate mateIn2 sacrifice short	https://lichess.org/rxzjUqje/black#80
PijEW	1r3rk1/R1p1nppp/8/4p3/4P3/3P1Q2/P1q3PP/5R1K b - - 0 18	b8b2 f3f7 f8f7 a7a8 b2b8 a8b8 e7c8 b8c8 f7f8 f1f8	1227	mate mateIn5 middlegame sacrifice veryLong	https://lichess.org/nxAPF83x/black#36
o1JxZ	rn1qkb1r/ppp1pppp/3p4/3nP3/2BP2b1/5N2/PPP2PPP/RNBQK2R b KQkq - 2 5	d5b6 c4f7 e8f7 f3g5 f7g8 d1g4	1464	advantage attackingF2F7 attraction discoveredAttack long opening sacrifice	https://lichess.org/UAK8b3kZ/black#10
pPWaQ	5rk1/5ppp/2N1p3/Pq1p4/3P4/1nR4R/1P2PPB1/4K3 b - - 2 22	b3a5 c6e7 g8h8 h3h7 h8h7 c3h3	1252	anastasiaMate attraction long mate mateIn3 middlegame sacrifice	https://lichess.org/JjMVajW4/black#44
MkLoD	3r1rk1/1q1bNppp/p7/1p2p3/8/7R/PPP2PPP/R2Q2K1 b - - 3 19	g8h8 h3h7 h8h7 d1h5	1353	anastasiaMate attraction kingsideAttack mate mateIn2 middlegame sacrifice short	https://lichess.org/JstUweLg/black#38
tx5zS	5rk1/5pp1/b2R3p/4pN2/2q5/P3P1P1/1Q3PBP/4b1K1 w - - 0 32	b2e5 e1f2 g1f2 c4e2 f2g1 e2e1 g2f1 e1f1	1321	attraction mate mateIn4 middlegame sacrifice veryLong	https://lichess.org/XAABPipO#63
pTMpH	rn2kbnr/ppp1pppp/1q4b1/3N4/1P4P1/5N1P/P1PPBP2/R1BQK2R b KQkq - 2 9	b6c6 e2b5 c6b5 d5c7 e8d8 c7b5	1377	attraction crushing deflection fork long middlegame pin sacrifice	https://lichess.org/jr5xAT5e/black#18
0mJdu	r3nr1k/1pq4p/2b1Q1pP/3p2P1/3Ppb2/1P6/1BPNB3/1K1R1R2 b - - 2 25	e8d6 f1f4 f8f4 e6e5 h8g8 e5f4	1394	attraction crushing fork long middlegame sacrifice	https://lichess.org/ywShd3ys/black#50
bkQt4	1r6/p1p2pkp/2pp1qp1/7P/r7/1b1B4/P1PQ1PP1/1K1R3R w - - 0 19	c2b3 b8b3 a2b3 f6a1 b1c2 a4a2	1274	long mate mateIn3 middlegame queensideAttack sacrifice	https://lichess.org/pPgKzhrI#37
iAg9d	2r3k1/6pp/4p3/n2pP3/8/1Pqb2P1/PQ1R2BP/1K5R w - - 2 33	b1a1 a5b3 a2b3 c8a8	1379	mate mateIn2 middlegame pillsburysMate sacrifice short	https://lichess.org/dh1wwLdj#65
U8bWS	8/6pp/8/b2P1p2/2KP4/1p3P1P/k5P1/2B5 w - - 0 40	c4b5 a5d2 c1d2 b3b2 d5d6 b2b1q	1760	advancedPawn advantage bishopEndgame endgame long promotion sacrifice	https://lichess.org/EhC1aSiz#79
AmYp4	r4rk1/6p1/pp2p3/3P2q1/P2P3b/2PQ1p1p/1P3P1B/R4R1K w - - 0 29	f1g1 g5g2 g1g2 f3g2 h1g1 h4f2	1566	advancedPawn collinearMove exposedKing kingsideAttack long mate mateIn3 middlegame sacrifice	https://lichess.org/YwlABzqw#57
lizS2	4r3/7k/P2p4/2pP3q/2P1p1rP/4QpP1/1P3P1K/4R1R1 w - - 1 47	g1h1 g4h4 g3h4 h5h4 h2g1 e8g8 e3g5 g8g5 g1f1 h4h1	1606	endgame mate mateIn5 sacrifice veryLong	https://lichess.org/OGU2Y6il#93
l5U9H	1r1q2k1/5r1p/p2p1p1Q/3NpP1R/2p5/5P2/PPP3P1/1K6 b - - 0 26	d8f8 d5f6 g8h8 h6h7 f7h7 h5h7	1628	arabianMate endgame kingsideAttack long mate mateIn3 sacrifice	https://lichess.org/rMdqZeIN/black#52
yd2nz	6r1/pp6/3pk3/2b1p2p/3nn3/4N2P/PPPP1P1K/RNB2R2 w - - 7 19	b1c3 d4f3 h2h1 e4f2 f1f2 g8g1	1602	arabianMate long mate mateIn3 middlegame sacrifice	https://lichess.org/4Cw2ndUR#37
YiwUJ	r2q1rk1/pb1p3p/2p1p1p1/2P1b1p1/2B5/2N4Q/PP3PPP/2KR3R b - - 1 18	d8e7 d1d7 e7d7 c4e6	1532	advantage kingsideAttack master middlegame sacrifice short	https://lichess.org/uMs5dUBQ/black#36
UmSf1	6rk/1q3p2/p4pr1/4pQ1p/2RpN2P/bP4P1/P4P2/5RK1 w - - 0 28	e4f6 g6g3 f2g3 g8g3 g1f2 b7g2 f2e1 g3e3 e1d1 g2e2	1506	kingsideAttack mate mateIn5 middlegame sacrifice veryLong	https://lichess.org/GDh0Jq5F#55
PHDJo	2r1kr2/2qb1p1p/pn2pQ2/1p1pPp1B/1P6/P1N3R1/2P3PP/5R1K b - - 7 24	c7d8 h5f7 f8f7 g3g8 f7f8 g8f8	1564	attackingF2F7 long mate mateIn3 middlegame sacrifice	https://lichess.org/KXiOMaZA/black#48
4lxqp	7k/2p1qp2/1p4rp/p2Pp3/P1B1P3/4QP2/1P4rP/R4R1K w - - 2 30	f1g1 g2h2 h1h2 e7h4	1556	attraction kingsideAttack mate mateIn2 middlegame sacrifice short	https://lichess.org/hkfaTQ8a#59
JJdZl	r1b2k1r/1pp2ppp/1b1n4/pP6/P1BP1P2/6Pq/1B2Q2P/RN2R1K1 b - - 1 18	c8g4 e2e7 f8g8 c4f7 d6f7 e7e8 a8e8 e1e8	1558	backRankMate master mate mateIn4 middlegame sacrifice veryLong	https://lichess.org/lfgc5JLi/black#36
ETJAD	1r4rk/5p1p/p2p1PpQ/1p1pn1P1/4q3/6R1/P6P/5RK1 b - - 5 32	e5g4 h6h7 h8h7 g3h3 g4h6 h3h6	1534	attraction kingsideAttack long mate mateIn3 middlegame sacrifice	https://lichess.org/O667iWwl/black#64
k3x9O	6rk/1pq4p/4Qb1B/2Pp4/3P4/8/p6P/5R1K b - - 0 32	f6d4 e6g8 h8g8 f1f8	1582	attraction endgame mate mateIn2 operaMate sacrifice short	https://lichess.org/DUnWl8E7/black#64
QPTbN	3k4/R1b3pp/5p2/8/4PP2/1r2BK1P/8/8 w - - 9 40	f3e2 b3e3 e2e3 c7b6 e3f3 b6a7	1534	attraction crushing endgame exposedKing fork long sacrifice	https://lichess.org/TUChWQLn#79
4kLXC	2rqk2r/1p1b1pb1/p3p2p/3pP1pQ/1P1P4/P2B2P1/3N2PP/R4RK1 b k - 4 20	d8e7 f1f7 e7f7 d3g6 e8g8 g6f7	1501	advantage attackingF2F7 attraction long middlegame pin sacrifice	https://lichess.org/ZwE9KlqT/black#40
4IQns	r5k1/p4ppp/2Q5/3nqpB1/8/8/P4KPP/3R4 b - - 0 25	d5b6 c6a8 b6a8 d1d8 e5e8 d8e8	1540	backRankMate endgame fork long mate mateIn3 sacrifice	https://lichess.org/NkPJ47QU/black#50
C5pGh	2r3k1/p4ppp/1b6/8/1P6/P1r3B1/6PP/1R3R1K w - - 4 22	b1a1 c3g3 h2g3 c8c6 f1f4 g7g5 f4h4 g5h4	2054	advantage endgame quietMove sacrifice veryLong	https://lichess.org/vX5cSTkH#43
g9cWL	rnb2rk1/pp3ppp/2p5/8/3qP3/1BbP2B1/P1P3PP/R1QK2NR w - - 6 14	a1b1 d4g1 h1g1 c8g4	2052	bodenMate mate mateIn2 opening sacrifice short	https://lichess.org/hO2kUnxf#27
71pTB	r1bqk1nr/pp1pppbp/2n3p1/1N6/4P3/2N1B3/PPPQ1PPP/R3KB1R b KQkq - 8 8	a7a6 c3d5 a6b5 e3b6	2065	advantage opening sacrifice short	https://lichess.org/fv1CN3Rx/black#16
ZmK8a	8/5k2/2P3p1/1p6/p3R3/P2r3P/6P1/6K1 b - - 0 41	d3a3 e4c4 b5c4 c6c7	1942	advancedPawn crushing endgame rookEndgame sacrifice short	https://lichess.org/c8w1HOqW/black#82
LVp1z	6r1/3R4/p3R3/1p4k1/2p3P1/2Pr1PK1/P2p4/8 b - - 3 34	d2d1q d7d5 d3d5 f3f4	2033	collinearMove endgame mate mateIn2 queenRookEndgame sacrifice short	https://lichess.org/nIQ7eu4K/black#68
pkVUv	8/4k3/p3p3/1pP1Pp2/2p4P/2P1K3/P7/8 w - - 3 43	e3f4 b5b4 c3b4 c4c3 f4e3 f5f4 e3d3 f4f3 d3c3 f3f2	1978	advancedPawn crushing endgame pawnEndgame sacrifice veryLong	https://lichess.org/Gan2ZuX9#85
wGKOX	1r1q1rk1/pp3pp1/5b1p/3BN3/3P4/1P4Pb/P4P1P/R2QR1K1 w - - 1 18	d5f7 f8f7 e5f7 d8d5	1804	advantage middlegame sacrifice short	https://lichess.org/2auxW2mb#35
9WpDP	3r1rk1/5pp1/p6p/3n1q2/8/1QB5/PP3PPP/3RR1K1 w - - 4 26	e1e5 d5c3 d1d8 f5b1	2027	advantage middlegame sacrifice short	https://lichess.org/lbNGgJXx#51
w2mBM	4rrk1/1p3p1p/p1b1p1p1/3pQ2P/3P4/6R1/P1P1NPPK/q7 b - - 0 20	a1f1 e5f6 f1e2 h5h6 e2h5 g3h3 h5h6 h3h6	2052	advantage defensiveMove middlegame pin sacrifice veryLong	https://lichess.org/hJjfwEux/black#40
y3Osx	r1bq1rk1/ppp3pp/8/2P1bp2/1P1N2n1/2NQP3/P4PPP/R1B1R1K1 w - - 1 15	f2f4 d8h4 d4f3 h4f2 g1h1 f2e1 f3e1 g4f2 h1g1 f2d3	2010	advantage fork middlegame sacrifice veryLong	https://lichess.org/dctVFxIi#29
RA1wD	6rk/p1p3qp/2n1pp2/1Q2p3/4P3/2P1N3/PP1r2PP/4RR1K w - - 3 23	b5c6 d2g2 c6e6 g2h2 h1h2 g7g3 h2h1 g3h4 e6h3 h4h3	1959	attraction kingsideAttack master mate mateIn5 middlegame sacrifice veryLong	https://lichess.org/LjNhCkfW#45
uTpfI	5rk1/1bq3pp/5b2/ppp5/6Q1/2P4P/PP3PP1/3RR1K1 b - - 1 24	c7b6 e1e6 b6c7 e6f6 f8f6 d1d7 c7d7 g4d7	1977	advantage middlegame pin sacrifice veryLong	https://lichess.org/McYob5Os/black#48
sEnM4	8/1pk2Np1/1np2np1/2Qp4/3P4/4PP2/PP2Bq1r/1KR5 b - - 4 25	f6d7 c5d6 c7c8 c1c6 b7c6 e2a6	2024	balestraMate deflection discoveredAttack long mate mateIn3 middlegame sacrifice	https://lichess.org/QCePtrcj/black#50
BlJxa	6r1/4q2p/Q1kp2r1/2p1p3/pp2P3/5P2/P2R2PP/2R3K1 b - - 1 30	c6c7 c1c5 d6c5 a6a7	1954	crushing endgame sacrifice short	https://lichess.org/46AXjTgs/black#60
a3VlB	3k1b2/3r1B2/6Pp/2P2N2/1p6/7P/4KPP1/8 w - - 7 36	e2f3 d7f7 g6f7 b4b3 f5d6 b3b2	1969	advancedPawn crushing endgame long pin sacrifice	https://lichess.org/RD8DDEtE#71
bb8cK	r1nk4/pp6/4Q2p/R2pP2P/1b1Pq3/4P3/1P2KR2/8 b - - 0 27	b4a5 f2f8 d8c7 f8c8 a8c8 e6d6	2115	dovetailMate endgame exposedKing long mate mateIn3 sacrifice	https://lichess.org/KpaRqbuu/black#54
NNaDi	2Q5/5rbk/p2pn1p1/6P1/1q2P3/2N5/1PP3PP/3R2K1 w - - 0 27	c8e6 b4d4 d1d4 g7d4 g1h1 f7f1	2124	backRankMate endgame long mate mateIn3 sacrifice	https://lichess.org/6zdY12qL#53
y1hSC	2r1r1k1/pp1qbpp1/5p1p/3p1b2/B2n4/2P2P2/PP1NQ1PP/2KR2NR w - - 0 16	a4d7 c8c3 b2c3 e7a3	2118	mate mateIn2 middlegame queensideAttack sacrifice short	https://lichess.org/81xt9vy7#31
cLuGg	6rk/8/2R1p3/3p1p1p/3bbPqP/PQ4P1/7K/4RN2 w - - 1 35	b3d1 g4h4 g3h4 d4g1 h2h3 e4g2	2104	long mate mateIn3 middlegame morphysMate sacrifice	https://lichess.org/lY0BDVyn#69
diwcu	rnbq1rk1/pp1pnppp/2p5/b7/2BQP3/P1N5/1B2NPPP/R4RK1 b - - 3 10	d8b6 c3d5 b6d4 d5e7	2116	advantage kingsideAttack middlegame sacrifice short	https://lichess.org/kW7lj1fZ/black#20
uIRGT	1r6/knR2R2/1p1p4/3p4/1N1P1p2/2PB1Pnp/PP5r/6K1 b - - 7 36	h2b2 c7b7 b8b7 b4c6 a7a8 f7f8 b7b8 f8b8	2230	arabianMate mate mateIn4 middlegame sacrifice veryLong	https://lichess.org/ydCBAlOT/black#72
xSd4I	8/4B3/p7/2P1b3/3p2Kp/2k5/P1P5/8 w - - 7 60	e7h4 c3c2 h4g3 d4d3 g3e5 d3d2	2108	advancedPawn bishopEndgame crushing endgame long sacrifice	https://lichess.org/nbuwrSZc#119
J62MD	5k2/5p2/3p3P/2pB1P1K/p3P2P/8/P7/2r5 b - - 0 32	c5c4 f5f6 f8g8 d5f7 g8f7 h6h7	2111	advancedPawn crushing endgame long sacrifice	https://lichess.org/ouolITz2/black#64
ukijz	5R2/p5p1/3Npk2/3qNp2/5K2/P3B3/r4P2/8 b - - 5 38	f6e7 f8f7 e7d6 f7d7	2120	endgame mate mateIn2 pillsburysMate sacrifice short	https://lichess.org/dEKYn6wy/black#76
pCP61	8/8/4pR1p/2r3p1/6k1/6R1/P2r1P1P/5K2 b - - 5 40	g4h5 g3h3 h5g4 f2f3 g4h3 f6h6	2123	endgame long mate mateIn3 rookEndgame sacrifice	https://lichess.org/NMuv2tHo/black#80
52F1l	6k1/3n1ppp/1p1n2q1/p2QN3/8/6P1/PBr2PKP/3R4 b - - 3 25	d7e5 d5a8 c2c8 a8c8 d6c8 d1d8	2102	backRankMate long mate mateIn3 middlegame sacrifice	https://lichess.org/UYyXW2Aa/black#50
44ojQ	4R3/pN1r1kp1/P4p1p/5P2/1b1p4/6P1/4R1KP/2r5 b - - 0 36	b4e7 e2e7 d7e7 b7d6	2149	cornerMate endgame mate mateIn2 sacrifice short	https://lichess.org/qQXIqlHK/black#72
f5zrn	6r1/1p3p2/p1p1rk1p/3p1p1P/PP1P1K2/2R1PP2/6P1/5R2 w - - 5 33	g2g3 e6e4 f3e4 d5e4 c3c6 b7c6 g3g4 g8g4	2183	endgame mate mateIn4 rookEndgame sacrifice veryLong	https://lichess.org/XPAF2WiS#65
Vkusu	r1bqr1k1/pp1nbpB1/6n1/4pN2/2B5/2p4P/PPP2PP1/R2QR1K1 b - - 2 17	c3b2 c4f7 g8f7 d1d5	2122	attraction kingsideAttack mate mateIn2 opening sacrifice short	https://lichess.org/GRUfsfjw/black#34
qkJjc	2r3kb/q4b1R/p2p1pp1/1p1N4/2r1P3/1N3P2/PPPQ2P1/1KR5 b - - 0 25	g8h7 c1h1 h7g8 h1h8 g8h8 d2h6 h8g8 d5f6	2106	attraction mate mateIn4 middlegame sacrifice veryLong	https://lichess.org/GwYHxNof/black#50
Qrkwc	2r3k1/p2p1p2/1p6/2pN1pq1/QPP2P2/P2Pn3/4N1K1/2R2R2 w - - 1 27	g2f3 g5g2 f3e3 c8e8 e3d2 e8e2 d2c3 g2g7 d5f6 g7f6 d3d4 f6d4 c3b3 e2b2	2405	killBoxMate master masterVsMaster mate mateIn5 middlegame sacrifice superGM veryLong	https://lichess.org/XbqD9hDd#53
pdKsp	5r1k/p5pp/8/6r1/2N5/P6K/1P3n1P/1R1B1R2 w - - 0 30	h3h4 f8f4 h4g5 f2h3 g5h5 g7g6 h5h6 f4h4 d1h5 h4h5	2411	mate mateIn5 middlegame sacrifice veryLong	https://lichess.org/CWiFQ4Xq#59
Zadjk	2krNR1r/pp1n3p/2p1Q1p1/q3P3/3P4/2P5/P1P3PP/1R5K b - - 0 21	h8f8 e6c6 b7c6 e8d6 c8c7 b1b7	2451	hookMate long mate mateIn3 middlegame queensideAttack sacrifice	https://lichess.org/AzfO69Xr/black#42
cdr3U	5rk1/3NQp1b/4p2p/1q4p1/1p2nPPK/1B5P/1PP5/3R4 w - - 0 39	f4g5 b5g5 e7g5 h6g5 h4h5 g8g7 d7f8 h7g6 f8g6 f7g6	2475	mate mateIn5 middlegame sacrifice veryLong	https://lichess.org/6zC5AYZb#77
rqAv3	8/p4pk1/3pr1p1/3Nn1P1/2P2Q2/1P1q4/P5K1/7R b - - 8 35	e5c4 f4f6 e6f6 g5f6 g7g8 d5e7 g8f8 h1h8	2437	endgame mate mateIn4 sacrifice veryLong	https://lichess.org/wbX2ESeF/black#70
ic4kY	3r1br1/4pk1p/7q/3P1p2/Q1P1p3/P3PP2/3B3P/1R3R1K w - - 1 29	a4d1 h6h2 h1h2 d8d6 b1b6 d6b6 d5d6 b6d6 d1e1 d6h6 e1h4 h6h4	2464	master mate mateIn5 middlegame sacrifice veryLong	https://lichess.org/jl7MEHfn#57
AImQC	8/8/1pP5/1Br5/P2K2k1/8/8/8 b - - 24 61	g4f3 a4a5 c5b5 c6c7 b6a5 c7c8q	2444	advancedPawn crushing endgame long promotion sacrifice	https://lichess.org/GZDtIKza/black#122
91KQs	8/1Q4pp/5p1k/1b2p3/7N/2r4P/P4PPK/5q2 b - - 1 33	b5c6 h4f5 h6h5 b7f7 g7g6 f7h7 h5g5 h7h4 g5f5 h4g4	2475	endgame exposedKing mate mateIn5 sacrifice veryLong	https://lichess.org/QY9K6btp/black#66
wknV6	r7/3k2n1/3P4/1pQb2b1/4qp2/1K4B1/1P3PPP/3R3R w - - 3 33	c5d5 e4a4 b3c3 a8c8 c3d2 a4c2 d2e1 c8e8 e1f1 c2e2 f1g1 e2e1 d1e1 e8e1	2456	backRankMate exposedKing master mate mateIn5 middlegame sacrifice veryLong	https://lichess.org/pwkTpsjr#65
o0ZiX	2N1k2r/1p3pbp/p2p2p1/4p3/4nBn1/P4NPq/1PP1PP1P/2RQ1RK1 w k - 0 22	f4e5 e4g5 c8d6 e8f8 e5g7 f8g8 f1e1 g5f3 e2f3 h3h2 g1f1 h2f2	2523	defensiveMove kingsideAttack mate mateIn5 middlegame sacrifice veryLong	https://lichess.org/oilU0YJc#43
CwBUe	r1b1qrk1/pppn1pp1/4pn2/6P1/2P5/2P2N2/P3QPP1/3RKB1R b K - 0 14	f6h7 e2e4 f7f5 e4h4 e8g6 d1d7 c8d7 f3e5	2426	advantage opening sacrifice veryLong	https://lichess.org/Ffw5KXZP/black#28
qN9Ug	r1bqkb1r/pp3ppp/2p5/3NP3/2P3n1/8/PP2PPPP/R1BQKB1R w KQkq - 0 8	c1g5 c6d5 g5d8 f8b4 d1d2 b4d2	2539	advantage long opening sacrifice	https://lichess.org/fMaRF56t#15
NgItN	1r1q2k1/5rB1/p1n1b2P/3npp2/1b6/2NP1NP1/1PPQ1PB1/2KR3R b - - 2 20	d5c3 h6h7 g8g7 h7h8q d8h8 d2g5 g7f8 h1h8	2406	advancedPawn exposedKing kingsideAttack mate mateIn4 middlegame promotion sacrifice veryLong	https://lichess.org/HWXCd2Cn/black#40
TF9qW	1rb1k2r/p4ppp/1q3n2/3pQP2/4p3/B1PB4/P1P3PP/R3K2R b KQk - 1 15	e8d7 d3b5 b6b5 e5d6 d7e8 d6e7	2442	exposedKing long mate mateIn3 middlegame sacrifice	https://lichess.org/iK7CfgRU/black#30
7vV2W	1R6/pp3R2/1kp3r1/3p4/PP1bn1P1/7P/8/7K b - - 4 40	e4g5 f7b7 b6a6 b7b5 d4b6 b5a5 b6a5 b4b5 c6b5 a4b5	2421	endgame master mate mateIn5 sacrifice veryLong	https://lichess.org/tQ8THwjO/black#80
GTWmB	6k1/6p1/4p2p/1p2Pr2/2pP1n2/q1P5/1Q4PP/2R1N1K1 w - - 6 33	b2a3 f4e2 g1h1 f5f1	1186	backRankMate endgame fork mate mateIn2 short	https://lichess.org/lPEdqFQ8#65
VLNa2	2k4r/ppp2Q2/2r1P3/6p1/5B2/2P2nPq/PP2RK2/3R4 b - - 0 24	g5f4 f7d7 c8b8 d7d8 h8d8 d1d8	1168	backRankMate long mate mateIn3 middlegame sacrifice	https://lichess.org/KdhzhstJ/black#48
to8yH	r3k2r/p3ppbp/1p4p1/4q3/6b1/2N5/PPPQB1PP/2KR3R b kq - 5 15	g4e2 d2d7 e8f8 d7d8 a8d8 d1d8	1186	backRankMate long mate mateIn3 middlegame sacrifice	https://lichess.org/lDOeRivT/black#30
QiQab	6k1/pp3r1p/2p3p1/3pQ3/P7/8/2q3PP/4RB1K w - - 8 34	h1g1 c2f2 g1h1 f2f1 e1f1 f7f1	1128	backRankMate deflection endgame long mate mateIn3	https://lichess.org/ujOoEQp3#67
TtYEa	5r2/6pp/4N2k/2R3b1/4q3/5P2/PP4PP/6K1 w - - 0 37	f3e4 g5e3 g1h1 f8f1	1145	backRankMate endgame fork mate mateIn2 short	https://lichess.org/zbRlNBcb#73
B3tXM	b2r1r1k/p4pp1/4p2p/4R3/1P1pBP1Q/P1q3R1/2P3PP/7K w - - 1 29	e4a8 c3a1 e5e1 a1e1	1196	backRankMate mate mateIn2 middlegame short	https://lichess.org/3vFzpGpL#57
jIOY1	4r1k1/p1Q2ppp/3n4/8/6q1/1BP2b2/P1PR2PP/6K1 b - - 1 21	d6e4 c7f7 g8h8 f7e8	1111	backRankMate fork mate mateIn2 middlegame short	https://lichess.org/Vfz71nu0/black#42
86Fhu	r6k/p2b2pp/3q1p2/8/1pQB4/1P2R2P/P4PP1/6K1 b - - 0 25	a8c8 c4c8 d7c8 e3e8 d6f8 e8f8	1181	backRankMate endgame fork long mate mateIn3 sacrifice	https://lichess.org/lvm0vudJ/black#50
popOX	4r1k1/2R2ppp/3n4/8/8/4BQ2/5PPP/1q4K1 w - - 1 24	c7c1 b1c1 e3c1 e8e1	983	backRankMate endgame mate mateIn2 sacrifice short	https://lichess.org/N8tvZ6pv#47
6XFwD	r1b3k1/6pp/2p1p3/p1NpP3/Pn1P4/8/3qBQK1/5R2 b - - 1 31	c8a6 f2f7 g8h8 f7f8 a8f8 f1f8	1127	backRankMate long mate mateIn3 middlegame sacrifice	https://lichess.org/x2OeMRom/black#62
VQcfe	3r2k1/4R1pp/p7/1p1q4/5PQ1/2p4P/P5PK/8 b - - 1 35	d5d4 g4e6 g8h8 e7e8 d8e8 e6e8	1196	backRankMate endgame long mate mateIn3	https://lichess.org/lTSMTgtS/black#70
dBi04	1k3r2/1p1n1r1p/p3Q1p1/3pP3/3P4/qN6/P5PP/R1R4K w - - 1 25	e6d5 a3c1 a1c1 f7f1 c1f1 f8f1	1161	backRankMate long mate mateIn3 middlegame sacrifice	https://lichess.org/tO8AA0zT#49
kc1IR	5r1k/1pp3p1/p2p1qBp/3nn3/8/6R1/PPPQ2PP/R5K1 w - - 0 27	d2d5 f6f2 g1h1 f2f1 a1f1 f8f1	1198	backRankMate long mate mateIn3 middlegame sacrifice	https://lichess.org/il9xE05o#53
E6mKp	2r3k1/4Qp2/p1r2np1/1p6/4P3/2NP4/PP4q1/1K3R1R w - - 0 27	c3d5 g2c2 b1a1 c2c1 f1c1 c6c1 h1c1 c8c1	1148	backRankMate mate mateIn4 middlegame sacrifice veryLong	https://lichess.org/1oIgKIjt#53
q97uH	r5k1/3n1ppp/2QBp3/3p4/p2PP3/1q3P2/6PP/2R3K1 b - - 1 25	d7b6 c6a8 b6a8 c1c8	1141	backRankMate clearance endgame mate mateIn2 sacrifice short	https://lichess.org/Jx8GTTgx/black#50
CA1J9	rnb2k1r/pp1p1ppp/5b2/8/2q2P2/2B5/PP4PP/RN1QR1K1 b - - 0 13	f6c3 d1d6 f8g8 e1e8	1346	backRankMate mate mateIn2 middlegame short	https://lichess.org/ooPqXPdv/black#26
pRl5X	4rr1k/pp5p/3b4/2p5/2P3Q1/PP1P2P1/5qNP/3RR1K1 w - - 1 29	g1h1 e8e1 d1e1 f2f1 e1f1 f8f1	1378	backRankMate long mate mateIn3 middlegame sacrifice	https://lichess.org/kffI9G8L#57
wMcfr	r3r1k1/ppp3pp/8/2b4Q/2P1b3/3q4/PP1P1PPP/R1B2RK1 w - - 2 17	h5c5 d3f1 g1f1 e4d3 f1g1 e8e1	1369	attraction backRankMate long mate mateIn3 middlegame sacrifice	https://lichess.org/RsLP4Twh#33
41IdL	1Q6/5ppk/3r3p/P3p3/2q5/8/3r1PPP/R4RK1 w - - 3 36	f1c1 c4c1 a1c1 d2d1 c1d1 d6d1	1353	backRankMate endgame long mate mateIn3 sacrifice	https://lichess.org/6TIMRGW7#71
hx0KO	2r1brk1/pp4pp/8/1P1p1N2/Pb1Pp3/8/1B4PP/4RRK1 b - - 3 30	b4e1 f5e7 g8h8 f1f8	1358	backRankMate deflection discoveredAttack fork mate mateIn2 middlegame short	https://lichess.org/JOYDPfSj/black#60
3bUJ5	3r2k1/p4ppp/1p1NRb2/8/2QP4/2P3P1/1q3P1P/6K1 b - - 0 25	b6b5 e6e8 d8e8 c4f7 g8h8 f7e8	1442	attraction backRankMate discoveredAttack endgame fork long master mate mateIn3 sacrifice	https://lichess.org/IL5vF85x/black#50
8nKmS	3r3r/1p2n1pk/p2q3p/2n5/2Q1R2N/8/PPP2PPP/2K1R3 w - - 9 23	e4e7 d6d2 c1b1 d2d1 e1d1 d8d1	1355	backRankMate long mate mateIn3 middlegame sacrifice	https://lichess.org/SRXxT6o5#45
OkmJk	4rRk1/p5pp/2p1n3/2p1pQ2/4P3/1P1q2P1/P6P/5R1K b - - 0 23	e6f8 f5f7 g8h8 f7f8 e8f8 f1f8	1356	backRankMate deflection endgame fork long mate mateIn3	https://lichess.org/QcnECkcb/black#46
hajin	5rk1/1pp2Bpp/p2p4/6Q1/1P6/8/P4PPP/qb2R1K1 b - - 0 19	f8f7 e1e8 f7f8 g5d5 g8h8 e8f8	1493	backRankMate deflection endgame long mate mateIn3	https://lichess.org/I70Qfwxo/black#38
nqPWp	2kr3B/Qppb1p1p/8/6q1/8/2P5/PP2pPPP/2K1RB1R w - - 1 18	c1b1 d7f5 b1a1 d8d1 e1d1 e2d1q	1304	advancedPawn backRankMate long mate mateIn3 middlegame promotion	https://lichess.org/ZNft6Ra1#35
0VwT4	4brk1/7p/p2Qp1p1/3p4/3q4/7R/PPP1B1PP/6K1 w - - 1 29	g1h1 d4d1 e2d1 f8f1	1455	backRankMate endgame mate mateIn2 sacrifice short	https://lichess.org/P5Re24FT#57
x9ODU	r1b4k/pp2b1pp/2pp3q/4B3/1PP1P1p1/3Q4/P1BN2P1/5RK1 b - - 0 22	d6e5 d3d8 e7d8 f1f8	1402	backRankMate mate mateIn2 middlegame sacrifice short	https://lichess.org/99GLk51x/black#44
KbQQh	4r1k1/p1pb1pp1/2pp3p/5P2/1q2r3/1P2RQ2/P1P3PP/4R2K w - - 0 24	e3e4 b4e1 e4e1 e8e1 f3f1 e1f1	1353	backRankMate endgame long mate mateIn3 xRayAttack	https://lichess.org/8ahAq4Iz#47
z2oIM	3r1rk1/pppR1Rpp/8/q2P4/8/8/P3Q1PP/6K1 b - - 0 22	f8f7 d7d8 f7f8 e2e6 g8h8 d8f8	1360	backRankMate deflection endgame hangingPiece long mate mateIn3	https://lichess.org/vb5BIj9j/black#44
mLjJV	5rk1/1p3ppp/p2Q4/n3N3/3P4/P6P/1q3PP1/4R1K1 b - - 1 26	b2c3 d6f8 g8f8 e5d7 f8g8 e1e8	1399	attraction backRankMate endgame long mate mateIn3 sacrifice	https://lichess.org/nVjvBZYR/black#52
j7Ix8	r2r2k1/pp2R1pp/2p5/8/6Q1/8/P1q2PPP/4R1K1 b - - 1 22	c2c3 g4e6 g8h8 e7e8 d8e8 e6e8 a8e8 e1e8	1500	backRankMate endgame mate mateIn4 sacrifice veryLong	https://lichess.org/jeil81Qn/black#44
maFHC	4kr2/p2R2pp/8/3PN3/2Pn4/8/5rPP/R4BK1 w - - 1 29	d7a7 f2f1 a1f1 d4e2 g1h1 f8f1	1552	backRankMate deflection long mate mateIn3 middlegame sacrifice	https://lichess.org/GT675wX7#57
HALlH	2k5/pp5R/2p1pB2/3p4/8/KP1P3B/2q5/8 b - - 0 39	c2d3 h3e6 c8b8 f6e5 b8a8 h7h8	1507	backRankMate endgame long mate mateIn3	https://lichess.org/ALKDc9DH/black#78
jbBpy	5q1k/1p5p/4Q1p1/p2P4/4P3/5N2/PPr1b1PP/R5K1 w - - 5 25	f3g5 f8c5 g1h1 c2c1 a1c1 c5c1	1515	backRankMate endgame long mate mateIn3	https://lichess.org/heVHVS5x#49
8C0aA	r1b2Rk1/pp3ppp/8/3p1q2/n1pp3P/5Q2/PPP2PP1/4R1K1 b - - 0 19	g8f8 f3a3 a4c5 a3c5 f8g8 e1e8	1525	backRankMate endgame fork long mate mateIn3	https://lichess.org/wwqY6u8R/black#38
yDlR8	5r1k/p1Q3pp/1pB2q2/5b2/3P3n/P1P2P2/6PP/4R1K1 b - - 2 22	f8c8 c7c8 f5c8 e1e8 f6f8 e8f8	1561	backRankMate fork long mate mateIn3 middlegame sacrifice	https://lichess.org/ZW7fKKa7/black#44
WPtRy	8/pb2p2k/1p4np/2p3pQ/5r2/1P2N3/P4qPP/3RR2K w - - 4 31	e1e2 b7g2 e3g2 f2f1 d1f1 f4f1	1581	backRankMate long master mate mateIn3 middlegame sacrifice	https://lichess.org/MYEdkKWp#61
zSioT	4r1k1/p3q2p/b1p3p1/5p2/8/2N5/PPPQ2PP/3R2K1 w - - 4 21	d2d7 e7e3 g1h1 e3e1 d1e1 e8e1	1617	backRankMate endgame long mate mateIn3 sacrifice	https://lichess.org/grTrcA1c#41
irdcN	r1bkr3/pp1p1pQp/1q6/1NbP4/8/8/PPPn1PPP/2KR1B1R w - - 0 15	d1d2 e8e1 d2d1 c5e3 f2e3 b6e3 c1b1 e1d1	1566	backRankMate deflection mate mateIn4 middlegame sacrifice veryLong	https://lichess.org/WsxVnNib#29
hIm89	1r1r2k1/1pQ1Rppp/p2p2b1/2p2qN1/P1P5/8/5PPP/4R1K1 b - - 3 26	f5g5 c7d8 b8d8 e7e8 d8e8 e1e8	1525	backRankMate long mate mateIn3 middlegame sacrifice	https://lichess.org/CqRcFkEW/black#52
4efpf	r4r1k/2p3p1/p5Q1/6N1/3q3P/3P4/PPPb4/2K4R w - - 0 26	c1d2 f8f2 d2d1 d4g4 d1c1 g4f4 c1b1 f2f1 h1f1 f4f1	1682	backRankMate endgame mate mateIn5 veryLong	https://lichess.org/vhCWud4t#51
bIZqO	3br2k/5Qpp/p4P2/5n2/2pP2P1/q1P4P/3N4/5RK1 b - - 0 32	e8f8 f6g7 f5g7 f7f8 a3f8 f1f8	1600	advancedPawn backRankMate fork long mate mateIn3 middlegame	https://lichess.org/f5T4gd2b/black#64
qvtMP	r1b2rk1/1p3ppp/p7/2Q1R3/P7/1P6/2n2PPP/R1BqN1K1 b - - 0 17	c2a1 c5f8 g8f8 c1a3 d1d6 a3d6 f8g8 e5e8	1651	attraction backRankMate mate mateIn4 middlegame sacrifice veryLong	https://lichess.org/aWLymQWj/black#34
VWWpq	5rk1/2R2ppp/1p1q4/1P6/5QP1/5PKP/1r6/5B2 b - - 2 45	d6d2 f4f7 f8f7 c7c8 f7f8 f1c4 d2d5 c4d5 g8h8 c8f8	1557	backRankMate endgame mate mateIn5 sacrifice veryLong	https://lichess.org/GxQkYjUH/black#90
fg28q	1r5k/1p1Q2pp/p4b2/2pNq3/8/8/P1P3PP/5R1K b - - 2 24	b8d8 d7d8 f6d8 f1f8	1545	backRankMate endgame mate mateIn2 sacrifice short	https://lichess.org/R7ukbYOz/black#48
OUofm	2r1k1nQ/pp3p1p/8/3q4/1b3B2/4P3/PP3PPP/R3K2R w KQ - 1 16	e1e2 c8c2 e2f1 d5c4 f1g1 c2c1 a1c1 c4c1	1978	backRankMate mate mateIn4 middlegame veryLong	https://lichess.org/qMLW1RGG#31
kEMoe	5r2/pp5p/1kp5/8/3Q4/3P4/q4rPP/3RR1K1 b - - 0 29	b6c7 e1e7 c7b8 d4e5 b8a8 e7e8 f8e8 e5e8	1964	backRankMate endgame mate mateIn4 veryLong	https://lichess.org/QEUiURcF/black#58
OfVwU	r4k1r/p1p2ppp/8/2N5/Q1pP4/8/Pq3PPP/4R1K1 b - - 3 19	b2d2 a4e8 a8e8 c5d7 f8g8 e1e8	2000	backRankMate deflection endgame long mate mateIn3 sacrifice	https://lichess.org/fdoe3gOT/black#38
bHHFo	5r1k/pp4pp/1p3q2/8/1P1N4/1QPb2P1/P5PP/R5K1 w - - 1 28	b3d1 f6f2 g1h1 d3f1 d1f1 f2f1 a1f1 f8f1	1962	backRankMate endgame mate mateIn4 veryLong	https://lichess.org/sv9juWef#55
1HV02	2k5/ppp4p/3r4/7Q/1P2p3/P1P1q1r1/6P1/5R1K b - - 1 33	g3g2 f1f8 d6d8 h5f5 c8b8 f8d8	1836	backRankMate deflection endgame long mate mateIn3	https://lichess.org/B5gkIrv7/black#66
iOQcu	1r3r1k/p5p1/7B/3Bp3/5pQ1/2qP4/P4PPP/R3K2R w KQ - 0 24	e1e2 b8b2 e2f1 c3d3 f1g1 b2b1 a1b1 d3b1 g4d1 b1d1	1862	backRankMate deflection fork mate mateIn5 middlegame veryLong	https://lichess.org/af6d6w4P#47
3lvDH	4k2r/Q2b1ppp/4p3/3p4/8/4B3/Prq1BPPP/R4K1R w k - 4 19	a1e1 c2e2 e1e2 b2b1 e3c1 b1c1 e2e1 d7b5 f1g1 c1e1	1987	backRankMate deflection mate mateIn5 middlegame sacrifice veryLong	https://lichess.org/pNEAAmtw#37
RCmFr	4k3/R4ppp/3bpq2/7Q/1p6/3P4/2r2PPP/5RK1 w - - 0 24	h5h7 f6f2 f1f2 c2c1 f2f1 d6c5 d3d4 c5d4 g1h1 c1f1	1831	backRankMate deflection endgame fork mate mateIn5 sacrifice veryLong	https://lichess.org/ndlX9Lmo#47
s8hbb	2r4Q/2r1kpp1/P7/3pPp2/7P/4q3/PP6/1K3RR1 w - - 2 33	h8g7 e3d3 b1a1 d3f1 g1f1 c7c1 f1c1 c8c1	1899	backRankMate endgame mate mateIn4 sacrifice veryLong	https://lichess.org/B2X5JHto#65
jmer0	4r1k1/p5pp/2r1p3/3p2P1/qBp5/2P1P3/5Q2/2R3K1 b - - 5 33	a7a5 c1f1 c6c8 f2f7 g8h8 b4f8 e8f8 f7f8 c8f8 f1f8	1858	backRankMate endgame mate mateIn5 quietMove sacrifice veryLong	https://lichess.org/tpV30b2m/black#66
5HlDn	5B1k/pQ3p1p/6p1/8/4B3/8/1q1r1bPP/5RK1 w - - 0 27	f1f2 d2d1 f2f1 b2d4 g1h1 d1f1	2009	backRankMate deflection endgame long mate mateIn3 pin	https://lichess.org/sbxKNUyi#53
EuzGE	2r2r1k/4R1pp/pbP2p2/1p3q2/5P2/1Q6/1B4PP/5R1K b - - 2 28	c8c6 b3f7 f8f7 e7e8 f7f8 e8f8	1804	backRankMate long mate mateIn3 middlegame sacrifice	https://lichess.org/R11Yf6Oh/black#56
jf57v	6Q1/kq5p/p7/2pNPp2/2P3p1/4b3/P4rPP/5R1K w - - 7 31	d5e3 b7g2 e3g2 f2f1	1870	backRankMate deflection endgame mate mateIn2 sacrifice short	https://lichess.org/12V4V23x#61
3ELHK	r3k2r/pp2ppbp/2n1b1p1/1B6/8/1N2B3/qPPQ1PPP/2KR3R b kq - 3 12	e6b3 b5c6 b7c6 d2d7 e8f8 d7d8 a8d8 d1d8	1817	backRankMate mate mateIn4 middlegame sacrifice veryLong	https://lichess.org/LV5I4K1C/black#24
4AQHE	7r/p4k1p/1r2pp2/8/3q4/3P4/PP1bPPQP/R3K1R1 w Q - 0 22	e1d2 b6b2 d2d1 d4a4 d1e1 a4b4 e1f1 b2b1 a1b1 b4b1	1924	backRankMate endgame mate mateIn5 veryLong	https://lichess.org/BUz3AxEw#43
cp1a3	6r1/ppk4p/2p1Q3/3p4/3q4/1B5P/PPP2rb1/R1K3R1 w - - 2 23	e6g8 d4f4 c1b1 f2f1 g1f1 f4f1	2174	backRankMate long mate mateIn3 middlegame	https://lichess.org/8s5UEKw0#45
JPXmX	1Q6/pb1k1q2/1p1Bp3/2p3P1/2P5/8/PP1pnPP1/1K1R4 w - - 8 40	d1d2 f7h7 g5g6 b7e4 b1a1 h7h1 d2d1 h1d1	2292	backRankMate endgame mate mateIn4 veryLong	https://lichess.org/uQ2hAANT#79
HSCP2	2r3k1/1p1R2pp/p7/P4Q2/8/2p2PPP/5q2/7K b - - 6 37	f2g3 f5d5 g8h8 d7d8 c8d8 d5d8	2113	backRankMate endgame long mate mateIn3	https://lichess.org/Yp95mZg8/black#74
uF0Nn	3k3r/ppp3R1/8/3Pp3/q1P1P3/P7/1P6/1K4Q1 b - - 2 35	a4c4 g1g5 d8c8 g5g4 c8b8 g7g8 h8g8 g4g8	2292	backRankMate endgame mate mateIn4 veryLong	https://lichess.org/lkXbqWtu/black#70
yAnyK	5r1k/ppp3p1/4p3/4P1Nb/2qnB3/6Q1/PP4PP/4R1K1 w - - 0 22	g3h4 c4f1 e1f1 d4e2 g1h1 f8f1	2133	backRankMate deflection long mate mateIn3 middlegame sacrifice	https://lichess.org/IOgj2hVP#43
ebYEI	k5r1/pp6/7Q/P6p/1Pp2p2/2P2q1P/3B1P2/R3RK2 w - - 2 34	h6f4 f3d3 e1e2 d3h3 f1e1 g8g1	2128	backRankMate endgame long mate mateIn3	https://lichess.org/s4joonly#67
krFv2	3r1r1k/4N1p1/p2Q3p/1p6/8/8/PPq2PPP/3R1RK1 w - - 7 31	d6a3 c2f2 g1h1 f2f1 d1f1 f8f1	2222	backRankMate deflection long mate mateIn3 middlegame	https://lichess.org/12Aii5AT#61
n2OGH	2r3k1/2RNq1pp/2Q2p2/8/3P4/4P2P/3r1PP1/6K1 b - - 0 28	c8c7 c6d5 g8h8 d5a8 c7c8 a8c8 e7d8 c8d8	2177	backRankMate endgame mate mateIn4 veryLong	https://lichess.org/5ntRnBef/black#56
o7npL	5rk1/p1R3pp/2N1pn2/1p2N3/4P3/4KP2/r5PP/8 b - - 1 24	b5b4 c6e7 g8h8 e5f7 f8f7 c7c8 f6e8 c8e8 f7f8 e8f8	2120	backRankMate endgame mate mateIn5 sacrifice veryLong	https://lichess.org/L4IsY0DC/black#48
mxe0Q	r4r1k/1pp4p/p4qp1/1b2p3/1n2P3/1Q4N1/PPB2PPP/R1B1R1K1 w - - 1 22	b3b4 f6f2 g1h1 b5f1 b4f8 a8f8 e1f1 f2f1 g3f1 f8f1	2205	backRankMate fork mate mateIn5 middlegame veryLong	https://lichess.org/9E4CbzOd#43
aVZ1X	r3r1k1/2Q3pp/4p3/3pP3/qB6/P6P/4n1P1/2R2R1K b - - 6 27	e2c1 c7f7 g8h8 b4f8 a4g4 h3g4 e8f8 f7f8 a8f8 f1f8	2187	backRankMate mate mateIn5 middlegame veryLong	https://lichess.org/Wm7oBaiY/black#54
fPlAU	8/6pk/3Q1p1p/p2Pp3/2q1P3/P4P2/2r3PP/1R4K1 w - - 2 30	d6e6 c4c5 g1h1 c2c1 b1c1 c5c1	2177	backRankMate endgame long mate mateIn3	https://lichess.org/sKkIkpn3#59
1WQe4	r5k1/pR3bpp/4p3/3pP3/2pP4/4q1PB/7P/5Q1K b - - 4 23	a8f8 f1f7 f8f7 b7b8 f7f8 h3e6 g8h8 b8f8	2158	backRankMate deflection endgame master mate mateIn4 sacrifice veryLong	https://lichess.org/ZiLZqpWl/black#46
rTNQB	2k2r2/pp2R3/2p1Q3/P2p1p1p/1P1P2pP/2Pq2P1/7K/8 b - - 5 31	c8b8 e6e5 b8a8 e7e8 f8e8 e5e8	2228	backRankMate endgame long mate mateIn3	https://lichess.org/xNcKd6Xe/black#62
b2Msc	2r2r1k/p4Qpp/8/8/2p1R3/2P5/Pq3PPP/4R1K1 w - - 2 24	e4e8 c8e8 f7e8 b2f2 g1h1 h7h6 e8f8 f2f8	2254	backRankMate crushing endgame quietMove veryLong	https://lichess.org/nD44nsVY#47
QbBPE	q1r3k1/p5p1/3PN2p/1p2PP2/2r2P2/4B1b1/PP1Q4/1K4R1 w - - 11 34	g1g3 a8e4 b1a1 e4h1 g3g1 h1g1 e3g1 c4c1 d2c1 c8c1	2412	backRankMate mate mateIn5 middlegame sacrifice veryLong	https://lichess.org/YnikfwD6#67
imh96	2r3k1/5p1p/2q1p1pP/2R1P1P1/2pP3n/1pP5/1P1BQ2K/8 b - - 2 36	c6b7 e2e4 b7d7 c5c8 d7c8 e4h4	2402	backRankMate crushing endgame long sacrifice	https://lichess.org/cw94FxS2/black#72
f4xVd	1k1r4/1pp4p/p4p2/8/3nNQ2/7P/1Pq1BPP1/3NK2R w K - 1 27	e4c3 c2e2 c3e2 d4c2 e1f1 d8d1	2406	backRankMate deflection discoveredAttack long mate mateIn3 middlegame sacrifice	https://lichess.org/h39tJn5k#53
GvCOE	4r1k1/Qp3ppp/8/8/8/B2n4/PP4PP/R3q2K w - - 3 25	a1e1 e8e1 a7g1 d3f2	1157	endgame mate mateIn2 pin short smotheredMate	https://lichess.org/wFTN7Zv5#49
cSu6C	r4rk1/3bppb1/p2p2pB/q6n/1n1NP2P/2N2P2/1PPQB3/2KR3R w - - 2 17	h6g7 a5a1 c3b1 b4a2	1180	mate mateIn2 middlegame queensideAttack short smotheredMate	https://lichess.org/GnASn1Gg#33
XCFHR	2r1kb1r/5ppp/p2p1n2/qp2p1P1/1n2P3/1PN1BP2/1PPQ3P/2KR1B1R w k - 1 14	g5f6 a5a1 c3b1 b4a2	1158	mate mateIn2 middlegame queensideAttack short smotheredMate	https://lichess.org/XXwJvAgy#27
ESKuN	r3k2r/1b1pbppp/p3pn2/q5P1/1n1NP3/2N1BP2/1PPQ3P/2KR1B1R w kq - 1 14	g5f6 a5a1 c3b1 b4a2	1133	mate mateIn2 middlegame queensideAttack short smotheredMate	https://lichess.org/AjZUDjmF#27
85MrZ	4r1k1/5p2/6p1/q6p/3Q4/3n1P2/6PP/R6K w - - 0 32	a1a5 e8e1 d4g1 d3f2	1121	endgame mate mateIn2 pin short smotheredMate	https://lichess.org/6qrZeEyP#63
R1x7m	r4rk1/1b2ppbp/p2p1np1/q3P1B1/1n1N1P2/2N2B2/1PPQ2PP/2KR3R w - - 1 15	e5f6 a5a1 c3b1 b4a2	1141	mate mateIn2 middlegame queensideAttack short smotheredMate	https://lichess.org/oHuuObhx#29
Jfb36	r3r2k/5Qpp/p6N/1q1p2P1/1p1P4/3n3P/PPP5/1K5R b - - 1 26	e8f8 f7g8 f8g8 h6f7	1174	kingsideAttack mate mateIn2 middlegame sacrifice short smotheredMate	https://lichess.org/H0XGK3uE/black#52
LkfpY	k2r3r/ppQ2p2/N6p/1B6/3qn1p1/6BP/P4PKP/8 b - - 3 25	d4d5 c7b8 d8b8 a6c7	1180	mate mateIn2 middlegame queensideAttack sacrifice short smotheredMate	https://lichess.org/TNvg3jyl/black#50
z6Ofd	7Q/p1pbkppp/4p3/2b5/2P3n1/5N2/PP1PqPPP/R1B2RK1 w - - 0 15	h8g7 c5f2 f1f2 e2f2 g1h1 f2f1 f3g1 g4f2	1119	kingsideAttack mate mateIn4 middlegame smotheredMate veryLong	https://lichess.org/fqH62XI3#29
wwvB4	r1bqkbnr/3p1ppp/2p5/p3pN2/4P3/8/PPPN1PPP/R1BQK2R b KQkq - 1 8	g8e7 f5d6	1099	mate mateIn1 oneMove opening smotheredMate	https://lichess.org/6d5LQWtM/black#16
UpzI0	r2qr1k1/pp3pbp/5np1/4n3/2PQp3/1P2B1P1/P4PNP/R4RKB w - - 1 17	d4d8 e5f3	1191	master mate mateIn1 middlegame oneMove smotheredMate	https://lichess.org/5p3hAYag#33
kEg0s	4rb1r/ppp2kpp/5n2/8/2Pn4/2N2q2/PP1PBPPP/R1BQKR2 w Q - 7 12	g2f3 d4f3	1153	mate mateIn1 middlegame oneMove pin smotheredMate	https://lichess.org/jIgFKPWU#23
5cncw	3r3k/1p2Q1pp/p4n2/6N1/N2R4/1P5P/P4PPK/2q5 b - - 2 32	d8d4 e7f8 f6g8 g5f7	1157	endgame mate mateIn2 short smotheredMate	https://lichess.org/Yn11uhqj/black#64
UvN0Q	3r3k/p4Qbp/4B1p1/4q1N1/8/2Pr4/PP3PPP/1KB5 b - - 0 26	d3c3 f7g8 d8g8 g5f7	1184	mate mateIn2 middlegame sacrifice short smotheredMate	https://lichess.org/d1Nj1bAA/black#52
bZtyz	4q1k1/1Q4pp/2p2n2/2PnB1N1/5p2/5P2/6P1/6K1 b - - 0 45	e8e5 b7f7 g8h8 f7f8 f6g8 g5f7	1121	endgame long mate mateIn3 smotheredMate	https://lichess.org/s9nbDeeM/black#90
XcRHG	5r1k/5Npp/2p5/p1P5/2Qp4/P4P2/4KP2/q7 b - - 7 39	h8g8 f7h6 g8h8 c4g8 f8g8 h6f7	1384	discoveredCheck doubleCheck endgame long mate mateIn3 sacrifice smotheredMate	https://lichess.org/3TZoyWSR/black#78
d2m8c	5q1k/5r1p/1p6/p2p2p1/3Pn2Q/4B3/PP4PP/4R2K w - - 0 30	h4g4 f7f1 e1f1 f8f1 e3g1 e4f2	1249	endgame long master mate mateIn3 smotheredMate	https://lichess.org/k70uXDPr#59
5mr3v	r3k3/pp3pp1/3p2N1/q3p2r/1b1nn3/3B2QP/PPPB1P2/1NKR3R w q - 0 21	d3e4 d4e2	1381	mate mateIn1 middlegame oneMove smotheredMate	https://lichess.org/nhE1goRK#41
dX4H4	6k1/4Qppp/p2N1n2/q2p4/2pn4/7P/P1B2PP1/4b1K1 b - - 1 30	d4c2 e7f7 g8h8 f7f8 f6g8 d6f7	1229	endgame long mate mateIn3 smotheredMate	https://lichess.org/CNjhW6hm/black#60
47ccU	r1b1Q1kr/pp3ppp/5nn1/q4N2/2p5/P1P3B1/2P2PPP/2KRR3 b - - 3 17	f6e8 e1e8 g6f8 f5e7	1294	kingsideAttack mate mateIn2 middlegame short smotheredMate	https://lichess.org/uPDEdts0/black#34
4Dt0k	r6k/6pp/Qp2q3/p1ppN3/3P4/4P3/PP4PP/5RK1 b - - 0 24	a8a6 f1f8 e6g8 e5f7	1387	endgame mate mateIn2 pin short smotheredMate	https://lichess.org/WjBYzPLj/black#48
XVIv9	3r3k/1p4pp/p2Rb3/4N3/8/P3n3/1PP3PP/5RK1 b - - 0 28	d8d6 f1f8 e6g8 e5f7	1245	endgame mate mateIn2 short smotheredMate	https://lichess.org/gO0THvVa/black#56
E5TAb	2rqkb1r/pp1bpp1p/2np3p/1N1N4/4n3/8/PPP1QPPP/R3KB1R b KQk - 1 10	e4c5 b5d6	1207	mate mateIn1 oneMove opening pin smotheredMate	https://lichess.org/i3FUzuSg/black#20
DfaEZ	1r2k2r/4bppp/p2ppn2/q1p1P1B1/1nP3PP/2N2N2/1PPQ1P2/2KR3R w k - 1 17	e5f6 a5a1 c3b1 b4a2	1213	mate mateIn2 middlegame queensideAttack short smotheredMate	https://lichess.org/roj3hUgV#33
UJrQg	1b1r2r1/5qk1/p6R/1p1b1p2/2pP4/2Pn1Q2/PP1B2BP/6RK w - - 1 36	f3d5 d3f2	1292	master mate mateIn1 middlegame oneMove smotheredMate	https://lichess.org/J07D3fmA#71
oM5yG	r2qkbnr/pp1npppp/2p3b1/8/3PN3/3B1N2/PPP1QPPP/R1B1K2R b KQkq - 6 7	g8f6 e4d6	1321	mate mateIn1 oneMove opening pin smotheredMate	https://lichess.org/H7EUXszD/black#14
YQRBI	rn2k2r/pp3ppp/2p1p3/4b2q/6n1/2NP1N2/PPPBBPP1/R2QRK2 w kq - 4 13	c3e4 h5h1 f3g1 g4h2	1362	mate mateIn2 opening short smotheredMate	https://lichess.org/00nQADqG#25
FIix2	r2qkb1r/pp1bpp1p/2n3p1/3N4/2nP4/P4N2/1P2Q1PP/R1B2RK1 b kq - 1 14	c4d6 d5f6	1267	mate mateIn1 oneMove opening pin smotheredMate	https://lichess.org/OkYJO7Hp/black#28
dOnU6	2r2r1k/1pB3p1/p2P3p/2PN2p1/1P6/PQ3P1n/5qPP/R3R2K w - - 5 37	d5e7 f2g1 e1g1 h3f2	1316	kingsideAttack mate mateIn2 middlegame sacrifice short smotheredMate	https://lichess.org/OkpsABiz#73
KDLQl	r1b2rk1/pp3ppp/1q6/3NP3/6n1/3B1n2/PP4PP/R1BQ1RK1 w - - 1 15	g1h1 b6g1 f1g1 g4f2	1335	kingsideAttack mate mateIn2 opening sacrifice short smotheredMate	https://lichess.org/5ED8yZaw#29
GiAGw	5bk1/1p3p1p/2qNnQp1/4B3/8/4P2P/b4PP1/6K1 b - - 3 32	f8g7 f6f7 g8h8 e5g7 e6g7 f7f8 a2g8 d6f7	1761	discoveredAttack mate mateIn4 middlegame smotheredMate veryLong	https://lichess.org/UX1W7MHI/black#64
cAqzu	5k1r/p3q1pp/1bQ2p2/8/5nb1/2PP1N2/PP1N1PPP/R1B2K1R w - - 6 17	d3d4 e7e2 f1g1 e2d1 f3e1 d1e1 d2f1 f4e2	1796	mate mateIn4 middlegame smotheredMate veryLong	https://lichess.org/YPjdKh49#33
qzuCI	r1b1r1k1/4qpp1/p3pn2/1p1p2N1/2pP1P1Q/2P1R3/PP3PPP/2K4R b - - 3 19	b5b4 e3h3 g8f8 h4h8 f6g8 g5h7	1798	long mate mateIn3 middlegame quietMove smotheredMate	https://lichess.org/VKTHOZZ4/black#38
WoaNY	6r1/P3R1kp/n2Npppn/8/2P3b1/1P6/PB4q1/4K3 b - - 0 33	g7h8 b2f6 g8g7 e7e8 h6g8 d6f7	1704	long mate mateIn3 middlegame pin smotheredMate	https://lichess.org/koKLG5xE/black#66
sWaKV	4r1k1/1p3pp1/8/8/P2r1Pn1/6R1/1P2q1PP/R5QK w - - 0 25	g1d4 e2e1 a1e1 e8e1 d4g1 g4f2	1757	endgame long mate mateIn3 pin sacrifice smotheredMate	https://lichess.org/PkEW9jiI#49
kNaj9	6k1/1r3p2/4r1pp/8/1qpQ4/1PNn1P2/P5PP/RR5K w - - 0 28	b3c4 b4b1 a1b1 b7b1 c3b1 e6e1 d4g1 d3f2	1732	fork mate mateIn4 middlegame pin sacrifice smotheredMate veryLong	https://lichess.org/ZT7ZfbmZ#55
Ab9xI	r1b2rkn/pppp1ppp/5q2/2b2N1P/4nPQ1/1P6/P1P3P1/RNB1KB1R b KQ - 0 12	f6a1 f5h6	1698	mate mateIn1 oneMove opening pin smotheredMate	https://lichess.org/RFDL8zbI/black#24
E24Le	rnbqr1k1/ppp2ppp/8/3np1NQ/1bB1P3/8/PPPP1PPP/R1B2RK1 b - - 1 8	d5f6 h5f7 g8h8 f7g8 f6g8 g5f7	1679	kingsideAttack long mate mateIn3 opening sacrifice smotheredMate	https://lichess.org/jPuCTyTk/black#16
7Q5gL	1r4k1/6pp/4Qn2/3p1pN1/3P4/5P1P/6PK/1q6 b - - 4 30	g8h8 g5f7 h8g8 f7h6 g8h8 e6g8 f6g8 h6f7	1670	discoveredCheck doubleCheck endgame mate mateIn4 sacrifice smotheredMate veryLong	https://lichess.org/231hd5VC/black#60
4S99I	rnR3rk/1p4pp/7n/1p2Np2/P2PpP1b/BQ2P1qP/6P1/2R3K1 b - - 1 25	b8c6 b3g8 h6g8 e5f7	1705	kingsideAttack mate mateIn2 middlegame sacrifice short smotheredMate	https://lichess.org/RGenaYlC/black#50
iv91s	r1bn1nrk/pp2bppQ/1q2p2p/3pP1N1/3P1N1P/7R/PP3PP1/RBB2K2 b - - 10 17	f8h7 g5f7 d8f7 f4g6	1524	kingsideAttack mate mateIn2 opening sacrifice short smotheredMate	https://lichess.org/S3on5NED/black#34
T6YfV	r5k1/p5pp/1p2Q1n1/2qpN3/5P2/6P1/P1P3KP/8 b - - 4 27	g8h8 e5f7 h8g8 f7h6 g8h8 e6g8 a8g8 h6f7	1552	discoveredCheck doubleCheck endgame mate mateIn4 sacrifice smotheredMate veryLong	https://lichess.org/VijBMyKi/black#54
lylsx	rnbqr1k1/ppp2ppp/8/2bn2NQ/2B1Pp2/3P4/PPP3PP/R1B1KR2 b Q - 1 10	d5f6 h5f7 g8h8 f7g8 f6g8 g5f7	1723	kingsideAttack long mate mateIn3 opening sacrifice smotheredMate	https://lichess.org/g0v84km9/black#20
VBvez	r1b2k1r/ppp2Bpp/3p4/2b5/3NP1nq/8/PP3PPP/RNBQR1K1 w - - 1 11	d4f3 h4f2 g1h1 f2g1 f3g1 g4f2	1739	kingsideAttack long mate mateIn3 opening sacrifice smotheredMate	https://lichess.org/PedfrjL8#21
A2jZo	2rq1r1k/6pp/p1nbQ3/1p4N1/8/1B6/PPP2PPP/R1B3K1 b - - 2 17	d6e7 e6g8 f8g8 g5f7	1659	kingsideAttack mate mateIn2 middlegame sacrifice short smotheredMate	https://lichess.org/faFG0uqZ/black#34
sSUpN	1r3r1k/Q2R2pp/2p5/4P3/2P1n3/8/P3B1PP/7K w - - 1 25	e2d3 b8b1 d3b1 f8f1 a7g1 e4f2	1856	endgame long mate mateIn3 pin sacrifice smotheredMate	https://lichess.org/4IRjMDHV#49
wwR0e	r4rk1/pp4pp/2n1N3/2bp1p2/4nB1q/2P2B2/PP3PPP/R2QR1K1 w - - 4 15	d1d5 h4f2 g1h1 f2g1 e1g1 e4f2	1924	kingsideAttack long mate mateIn3 middlegame sacrifice smotheredMate	https://lichess.org/w5enFQVR#29
9gfca	3r1rk1/ppp1q1pp/4p3/4N3/2B1bPQ1/Pn6/RP4PP/4KR2 b - - 2 19	e7c5 g4e6 f8f7 e6f7 g8h8 f7g8 d8g8 e5f7	2059	kingsideAttack mate mateIn4 middlegame sacrifice smotheredMate veryLong	https://lichess.org/jk7S0jo7/black#38
zTMep	6rk/p4pbp/3R2b1/p1p2qN1/P4B1Q/8/1rP3PP/5RK1 b - - 2 25	f5c2 h4h7 g6h7 g5f7	1917	deflection kingsideAttack mate mateIn2 middlegame sacrifice short smotheredMate	https://lichess.org/8eTXtIWS/black#50
u2C6h	6k1/pp3rp1/8/3Q2N1/2PPn3/2P1q1P1/P5PP/5RK1 w - - 4 44	g1h1 e4f2 h1g1 f2h3 g1h1 e3g1 f1g1 h3f2	2004	discoveredCheck doubleCheck endgame mate mateIn4 sacrifice smotheredMate veryLong	https://lichess.org/41ydx5Ik#87
1O0X1	2b1k2r/1p3p2/2pp4/2q1p1p1/1PP1P1n1/3Q2B1/2P1N1PP/r4R1K w k - 0 20	b4c5 a1f1 e2g1 h8h2 g3h2 g4f2	1894	hangingPiece kingsideAttack long master mate mateIn3 middlegame smotheredMate	https://lichess.org/SvIvwQJh#39
fEjZ6	r1bq1rk1/1ppn2bp/p2pQ2N/3P1p2/8/2Np4/PPP2PPP/R3R1K1 b - - 5 18	g8h8 e6g8 f8g8 h6f7	1878	kingsideAttack mate mateIn2 middlegame sacrifice short smotheredMate	https://lichess.org/BBEKAc26/black#36
Tscu2	r1b1k2r/1ppp1ppp/p7/2b1p3/B2NP1nq/8/PPP2PPP/RNBQR1K1 w kq - 1 9	d4f3 h4f2 g1h1 f2g1 f3g1 g4f2	1852	kingsideAttack long mate mateIn3 opening sacrifice smotheredMate	https://lichess.org/PearBsux#17
4VV1k	r1N2rk1/pp4pp/n3p3/3pN2Q/3q4/7B/P1P4P/2K5 b - - 1 20	a8c8 h3e6 f8f7 h5f7 g8h8 f7g8 c8g8 e5f7	1950	fork mate mateIn4 middlegame sacrifice smotheredMate veryLong	https://lichess.org/jEczzTHF/black#40
fQkTO	r1b1rq1k/p1p2ppp/1p1p1n1N/2nP2Q1/2P1P3/5PP1/PB4BP/2R1R1K1 b - - 8 21	f6g8 g5g7 f8g7 h6f7	1896	kingsideAttack mate mateIn2 middlegame pin sacrifice short smotheredMate	https://lichess.org/S1OPhaRq/black#42
2Htsm	r3r1k1/pp2qpp1/2ppbn2/6N1/6PQ/P3R3/1P3P1P/5K1R b - - 0 21	d6d5 e3h3 g8f8 h4h8 f6g8 g5h7	1841	long mate mateIn3 middlegame quietMove smotheredMate	https://lichess.org/LUdXTrjZ/black#42
9lva1	4r1k1/5pp1/1p5p/8/PQ1P4/2Rnq1P1/6BP/2R3K1 w - - 8 32	g1h1 d3f2 h1g1 f2h3 g1h1 e3g1 c1g1 h3f2	1860	discoveredCheck doubleCheck mate mateIn4 middlegame sacrifice smotheredMate veryLong	https://lichess.org/ZCgaksjN#63
AU4oe	2kr1b2/2p5/2q1p1N1/p2np3/1p1n1P1P/3Q4/PPPB4/1NKR3R w - - 1 25	g6e5 c6c2 d3c2 d4e2	1839	master mate mateIn2 middlegame queensideAttack sacrifice short smotheredMate	https://lichess.org/Sx9gO2q5#49
t0rIX	r1b1k2r/pppp1pp1/8/2b4p/2BNP1nq/8/PP3PPP/RNBQR1K1 w kq - 1 10	d4f3 h4f2 g1h1 f2g1 f3g1 g4f2	1827	kingsideAttack long mate mateIn3 opening sacrifice smotheredMate	https://lichess.org/P7ZMB1Sk#19
JHx18	r1bq1rk1/1pp3pp/p1nb1n2/1B1N2N1/3Pp3/1Q6/PP3PPP/R1B1K2R b KQ - 0 11	a6b5 d5f6 g8h8 b3g8 f8g8 g5f7	1947	discoveredCheck doubleCheck kingsideAttack long mate mateIn3 middlegame sacrifice smotheredMate	https://lichess.org/QOtowom9/black#22
sv37N	r1b2k1r/pppp1Np1/7p/2q1p3/3nn3/1B6/PPP3PP/RNBQ1RK1 w - - 0 12	f7d6 d4f3 g1h1 c5g1 f1g1 e4f2	2183	discoveredCheck doubleCheck kingsideAttack long mate mateIn3 opening sacrifice smotheredMate	https://lichess.org/7HeL3eFr#23
Wq8OW	r3kb1r/pp3ppp/1q1p4/6N1/2pnPBn1/2NP4/PPPQ2PP/R4RK1 w kq - 0 13	c3d5 d4e2 g1h1 b6g1 f1g1 g4f2	2105	doubleCheck kingsideAttack long mate mateIn3 middlegame sacrifice smotheredMate	https://lichess.org/23s3kcdp#25
nn8yH	kr3bnr/pp2p1pp/4q3/QN2pb2/3P4/4PB2/PP1K2PP/7R b - - 5 19	e6b6 a5a7 b6a7 b5c7	2132	mate mateIn2 middlegame queensideAttack sacrifice short smotheredMate	https://lichess.org/hMK0ecKn/black#38
iAlGb	8/8/8/7P/2k5/1Rb1P3/1p2K3/8 w - - 3 55	b3b7 c3b4 h5h6 b2b1q	1185	advancedPawn crushing endgame promotion quietMove short	https://lichess.org/jtOTe6HL#109
3HVuT	r7/2bPkp2/p1P3pp/1p6/8/5K2/6PP/3R4 b - - 12 41	e7d8 d1e1 c7b6 e1e8 d8c7 e8a8	1191	crushing endgame exposedKing long quietMove skewer	https://lichess.org/muqsapqF/black#82
5pE41	1k6/5R2/1r3p2/p4K2/6P1/5PP1/8/8 w - - 0 47	f7f6 b6f6 f5f6 a5a4 g4g5 a4a3 g5g6 a3a2 g6g7 a2a1q	1196	advancedPawn crushing endgame promotion quietMove rookEndgame veryLong	https://lichess.org/mK3xnpB0#93
25DYQ	6k1/p6p/1p4p1/5pN1/2qN4/7P/6P1/3R3K b - - 3 36	b6b5 d4e6 c4c8 d1d8 c8d8 e6d8	1179	clearance crushing endgame fork long quietMove	https://lichess.org/9CiHnZM2/black#72
biqzr	3q1rk1/rB3p1p/p3pnp1/1pP5/1P6/B3P1P1/5P1P/Q2R2K1 b - - 2 20	d8c7 a1f6 a7b7 a3b2 e6e5 b2e5 c7e5 f6e5	1152	crushing middlegame quietMove veryLong	https://lichess.org/cPAlhwpK/black#40
b0Mq2	8/8/1R6/5p2/7P/n1k2P2/1p4P1/3K4 b - - 0 51	b2b1q b6b1 a3b1 h4h5 c3d4 h5h6	1168	crushing endgame long quietMove	https://lichess.org/hGBrhZUf/black#102
JtWQy	rn3k1r/1b6/p4Rpp/1p1p4/3P4/1BP5/P1P3PP/R5K1 b - - 0 20	f8g7 a1f1 h6h5 f6f7 g7h6 f7b7	1164	crushing fork long middlegame quietMove	https://lichess.org/pjMGmwJ9/black#40
M6Fly	r7/ppp2pk1/4b1p1/3R4/3P3r/2PB4/PP3PP1/R5K1 w - - 1 25	d5e5 a8h8 f2f4 h4h1 g1f2 h1a1	1134	crushing endgame long quietMove skewer	https://lichess.org/rhOsIqCf#49
ZsaW2	4k2r/5ppp/4p3/3pP3/Pb4P1/7P/4KP2/1R6 b k - 1 28	b4a5 b1b8 a5d8 a4a5 e8g8 a5a6 d8c7 b8f8 g8f8 a6a7	1189	advancedPawn advantage endgame pin quietMove veryLong	https://lichess.org/6bHvoqE4/black#56
TlNsg	4q1k1/1p3p2/p2B2pQ/3P3p/2P2P2/1P5P/6PK/3r4 b - - 2 41	d1d3 d6e5 e8e5 f4e5	1166	crushing endgame quietMove short	https://lichess.org/v8o0YtMo/black#82
UZ39F	2r5/p4kp1/1p2p1p1/3pP2r/P2P4/4P1P1/1R3PP1/5RK1 w - - 1 26	f1a1 c8h8 g1f1 h5h1 f1e2 h1a1	1180	crushing endgame long master quietMove rookEndgame skewer	https://lichess.org/2wDpwmxA#51
lWCUA	8/2bP4/8/8/5pPk/5B2/4K2p/8 b - - 7 69	h4g3 g4g5 g3h4 g5g6 h2h1r f3h1	1196	bishopEndgame crushing endgame long quietMove	https://lichess.org/PvepIehc/black#138
7oJNk	8/3P1N2/1b6/pp4p1/4K1P1/1k3P2/8/8 w - - 0 54	d7d8q b6d8 f7d8 a5a4 f3f4 a4a3	1181	crushing endgame long master quietMove	https://lichess.org/Wm2tvfyi#107
mbebW	2rr2k1/p4pp1/2p1p1p1/8/3P2P1/2R5/P4PK1/7R b - - 4 24	d8d4 c3h3 f7f5 h3h8 g8f7 h8c8	1165	advantage endgame long quietMove rookEndgame skewer	https://lichess.org/NhqYpdTA/black#48
kPzmb	6k1/5pp1/1P2nn1p/3p4/Q7/r1q1PN2/3N1PP1/1R4K1 w - - 0 28	a4a3 c3a3 b6b7 f6d7 b7b8q d7b8	1158	advantage hangingPiece long middlegame quietMove	https://lichess.org/G7vJLM4i#55
RrcVo	rn1q1rk1/p1p1bp2/1p1pp1pQ/4Pb2/3P4/1PP5/P4P2/RNB1K1R1 b Q - 1 18	d6e5 g1h1 e7h4 h1h4 d8h4 h6h4	1296	advantage long opening quietMove	https://lichess.org/3yK9SaOw/black#36
BU7yB	R7/8/8/1k5K/1n6/7P/p5P1/8 w - - 2 55	g2g4 b4a6 a8f8 a2a1q	1430	advancedPawn crushing endgame promotion quietMove short	https://lichess.org/PTsoAhp3#109
JupYf	r6k/1p3R2/1p2p2p/7N/p7/8/6PP/7K b - - 0 37	a4a3 h5f6 a3a2 f7h7	1420	arabianMate endgame mate mateIn2 quietMove short	https://lichess.org/oxaCjFLS/black#74
hduEz	8/8/8/5k2/3Np3/4PnK1/5P2/8 b - - 31 69	f3d4 e3d4 f5g5 d4d5 g5f5 d5d6	1302	crushing endgame long quietMove zugzwang	https://lichess.org/T3mzUdoV/black#138
fKhdQ	1r3rk1/p4ppp/q3p3/3pP2P/P1p3Q1/1P2R3/2P3P1/R6K b - - 0 22	h7h6 e3g3 g7g5 h5g6	1442	advantage enPassant endgame quietMove short	https://lichess.org/IN2kIueR/black#44
50sN3	8/2p5/2P2p2/1p3K1p/2k4P/2P2P2/5P2/8 w - - 1 33	f5f6 c4c3 f3f4 b5b4 f4f5 b4b3 f6g7 b3b2 f5f6 b2b1q f6f7 b1g1 g7h8 g1f2	1324	advancedPawn crushing endgame pawnEndgame promotion quietMove veryLong	https://lichess.org/kk9cyiDQ#65
4YZPo	8/1p4p1/1p1p4/pP2p2k/P1P1P2P/5PK1/8/8 w - - 1 36	f3f4 e5f4 g3f4 h5h4 f4f5 g7g5 f5e6 g5g4	1483	crushing defensiveMove endgame pawnEndgame quietMove veryLong	https://lichess.org/yrak4RLU#71
M1YQ8	5rk1/5npp/4Q3/q7/1p1R2P1/2p2P2/1PP4P/1K1R4 w - - 2 30	e6b3 f8a8 d4d8 a8d8	1412	advantage endgame quietMove short	https://lichess.org/lVaQCm3S#59
6N2rG	8/8/b7/P7/7P/4kP1P/7K/8 b - - 0 59	e3f3 h4h5 a6d3 h5h6 f3f4 a5a6	1488	bishopEndgame crushing endgame long quietMove	https://lichess.org/l1vSbuqG/black#118
dhQc7	r4rk1/2p2ppp/3pb3/pp6/3pP3/3P4/PPPRBPPP/2K4R b - - 1 16	e6a2 b2b3 a5a4 c1b2 a4b3 c2b3	1420	advantage endgame long quietMove	https://lichess.org/Z9vTdC0e/black#32
zay52	8/p7/8/5B2/3K4/1kp5/8/8 w - - 4 59	d4c5 a7a5 f5d3 a5a4	1462	bishopEndgame crushing defensiveMove endgame quietMove short	https://lichess.org/9m5UUuWq#117
GzMvW	b4rk1/p4pp1/1p2p1p1/4n3/7R/2P3R1/PP1N4/2K5 b - - 4 22	f8d8 g3h3 g8f8 h4h8 f8e7 h8d8 e7d8 h3h8 d8c7 h8a8	1360	advantage attraction endgame quietMove skewer veryLong	https://lichess.org/9qS3lD7G/black#44
HQ115	3r4/2R3pk/8/p7/1b6/1P5P/3p1P2/3R2K1 w - - 0 37	g1f1 d8e8 f1g2 e8e1 d1d2 b4d2	1465	advantage endgame long quietMove	https://lichess.org/BPnkf1yI#73
gNSZo	8/8/8/k7/1p1K2P1/8/8/8 b - - 1 61	b4b3 d4c3 a5a4 c3b2 a4b5 g4g5 b5c4 g5g6 c4d5 g6g7	1367	advancedPawn crushing endgame pawnEndgame quietMove veryLong	https://lichess.org/xrk1yZFn/black#122
45LTp	1r4k1/1P3rpp/2R1p3/3pp3/1Pp5/2P5/5P1P/5RK1 b - - 0 26	f7e7 c6c8 e7e8 c8e8 b8e8 f1a1 g8f7 a1a8	1428	crushing endgame quietMove rookEndgame veryLong	https://lichess.org/8NL1ih1z/black#52
gVwqo	r2q3k/p3bQ2/2p2p2/np1pP3/3P4/2P4b/PP4PP/RNB4K b - - 0 20	h3d7 c1h6 e7f8 h6f8 d8f8 f7d7	1787	advantage long middlegame quietMove	https://lichess.org/nuDVyzsj/black#40
7cZRT	8/8/8/4pRP1/2p5/2kp4/2p5/2K5 w - - 2 54	f5f2 e5e4 g5g6 e4e3 f2c2 d3c2 g6g7 e3e2 g7g8q e2e1q	1600	advancedPawn endgame mate mateIn5 promotion quietMove rookEndgame veryLong	https://lichess.org/mv5xURhe#107
gLsS5	7k/3q1rp1/3p1pQR/pp3P2/3pPN2/1P1P3P/1Pr3PK/8 b - - 0 32	g7h6 g6h6 h8g8 f4g6 c2g2 h2g2 f7g7 h6h8 g8f7 h8f8	1564	endgame exposedKing kingsideAttack mate mateIn5 quietMove veryLong	https://lichess.org/pEVaFhga/black#64
OsxxV	8/1Rbk1p1p/4p1p1/8/P2PP3/2p4P/5PP1/6K1 w - - 0 44	b7b1 c7f4 b1a1 c3c2	1670	advancedPawn advantage endgame quietMove short	https://lichess.org/zYicCFgv#87
OiKNX	8/5p2/4p3/4k3/4P3/5KP1/8/8 b - - 4 50	e5d4 f3f4 e6e5 f4f5 d4e3 g3g4 f7f6 f5f6 e3e4 g4g5 e4f4 g5g6 e5e4 g6g7 e4e3 g7g8q	1691	advancedPawn crushing defensiveMove endgame pawnEndgame promotion quietMove veryLong zugzwang	https://lichess.org/AmAQBFjt/black#100
mUw61	5rk1/6p1/3r4/8/P4p2/2N1p2P/1PP2P2/1K1R4 w - - 0 31	d1d6 e3f2 d6d1 f8e8 b1c1 e8e1	1520	advancedPawn crushing endgame long quietMove	https://lichess.org/LpzCnmFr#61
GjuGl	1R6/1P6/6p1/5k1p/4pp2/5P1P/1r4P1/5K2 b - - 0 43	f5g5 f3e4 g5h4 e4e5 h4g3 e5e6 b2b1 f1e2 f4f3 g2f3	1689	crushing endgame quietMove rookEndgame veryLong	https://lichess.org/IGZinnTR/black#86
v8HI5	r1b2r2/pp4pk/1qn1pb2/3p2N1/1P1P3P/P3P3/6P1/RN1QK2R b KQ - 1 15	h7g8 d1h5 f6g5 h4g5	1531	advantage middlegame quietMove short	https://lichess.org/mGMQ3NzU/black#30
al8JF	8/p7/5p1p/2pk1Pp1/P1p3P1/2K5/2P4P/8 b - - 1 34	a7a5 h2h3 d5d6 c3c4 d6c6 c2c3 c6d6 c4b5	1500	crushing endgame pawnEndgame quietMove veryLong zugzwang	https://lichess.org/ngXBiySe/black#68
yHkxZ	8/1r5p/2p1k1p1/pp2P3/4P3/1PP5/3R1PPP/bN4K1 w - - 3 24	d2a2 b7d7 g1f1 d7d1 f1e2 d1b1	1521	advantage endgame fork long quietMove	https://lichess.org/848wW2yY#47
zhFcg	8/8/8/2p5/P3PK2/1k6/8/8 w - - 0 49	f4e3 c5c4 a4a5 c4c3 a5a6 c3c2 e3d2 b3b2	1502	advancedPawn crushing defensiveMove endgame pawnEndgame quietMove veryLong	https://lichess.org/EM36ECVW#97
hc9LK	7k/6rp/8/2p1R3/2P5/1p1P3P/5PP1/6K1 w - - 0 34	e5c5 g7b7 c5c8 h8g7 c8e8 b3b2	1537	advancedPawn crushing endgame long quietMove rookEndgame	https://lichess.org/338lbU38#67
pF8fe	3r2k1/5n1p/b5p1/p1p2p2/P3p3/2PqP1BP/1RQN1PP1/6K1 w - - 3 31	d2b3 d3f1 g1h2 d8d1 c2d1 f1d1	1578	advantage clearance long middlegame quietMove	https://lichess.org/SZcY6ePS#61
FXgxE	8/7p/4pkp1/8/4KPP1/8/7P/8 b - - 0 33	h7h5 g4g5 f6e7 e4e5 h5h4 h2h3 e7d7 e5f6	1591	crushing endgame pawnEndgame quietMove veryLong zugzwang	https://lichess.org/uDIZCo9R/black#66
DZQiB	8/8/6p1/4K3/4P3/3kP3/8/8 b - - 0 49	d3e3 e5d5 g6g5 e4e5 g5g4 e5e6 g4g3 e6e7 g3g2 e7e8q	1556	advancedPawn crushing endgame pawnEndgame promotion quietMove veryLong	https://lichess.org/u3TdwzEQ/black#98
ViyXR	6k1/p4p1p/1p2rnpB/3pp3/1Q6/8/q4PPP/5RK1 b - - 5 32	f6d7 f1c1 e6e8 b4e7	2081	advantage endgame quietMove short	https://lichess.org/gLIZehC8/black#64
ncgjO	8/2bB2kp/2Pp2p1/1p2p3/1P1pP1KP/3P2P1/8/8 w - - 2 39	g4g5 h7h5 g3g4 c7d8	1969	bishopEndgame endgame mate mateIn2 quietMove short	https://lichess.org/Av8XwPiJ#77
H7BIl	3r1rk1/5p1p/pq2pQp1/3b4/1ppN4/2P3RP/PP3PP1/4R1K1 b - - 1 28	b4c3 d4f5 e6f5 f6b6	1999	advantage middlegame pin quietMove short	https://lichess.org/RPkc7RV4/black#56
Wz0vR	2r2rk1/1p1b1p1p/pq1ppQ2/8/3NP3/2NP4/PP4PP/4R1K1 b - - 0 20	h7h6 e1e3 g8h7 e3h3 b6d4 f6d4	1919	advantage long middlegame quietMove	https://lichess.org/4zVuLjR9/black#40
CLKup	6rk/1pp1q1b1/p1n3Qp/P3p3/4Nr2/2PP2R1/1P3PK1/5R2 b - - 2 43	f4f8 e4g5 e7g5 g3g5 f8f6 g6h5	1907	advantage long middlegame pin quietMove	https://lichess.org/T1QV3eSG/black#86
fvR1z	7n/6KP/pp2k3/8/8/PP6/8/8 w - - 2 52	g7h8 e6f7 a3a4 a6a5 b3b4 a5b4 a4a5 b4b3 a5a6 b3b2 a6a7 b2b1q a7a8q b1b2	2036	advancedPawn endgame mate mateIn5 pawnEndgame promotion quietMove veryLong zugzwang	https://lichess.org/GoZpEf4m#103
VYNgp	8/r3r3/3R2p1/pB2p2p/P3P2k/4PP2/6K1/8 b - - 6 48	g6g5 d6d1 g5g4 f3f4 e5f4 e3f4 g4g3 b5e2 e7e4 d1h1	2026	endgame mate mateIn5 pillsburysMate quietMove veryLong	https://lichess.org/U0PhLV7o/black#96
hE2Jv	6k1/Q1p2rp1/p2q4/1p1ppr2/8/1P1P2RP/1PP2PP1/5RK1 w - - 2 27	c2c3 c7c5 a7a8 f7f8	1883	advantage defensiveMove endgame quietMove short	https://lichess.org/RLrN3xBg#53
bewpL	3Q1b1r/2N2k1p/p1qp1pp1/8/3pP3/1P3P2/P1P2P1P/5RK1 w - - 0 23	f1d1 f8g7 c7e6 f7e6	2001	advantage endgame quietMove short	https://lichess.org/4UL9IyAl#45
tbeD9	6rr/p1N4p/1qQ5/kP1P4/1p6/7P/P5P1/2R4K b - - 0 36	b6c6 c1c6 b4b3 a2a3 g8g6 d5d6 g6d6 c6d6 b3b2 d6a6	1973	endgame mate mateIn5 quietMove veryLong	https://lichess.org/JdCuCasM/black#72
WLMFt	6k1/p1P3p1/7p/1pNppq2/1P6/P7/2R5/4K3 b - - 3 39	f5c8 c5b7 c8b7 c7c8q b7c8 c2c8	2028	advancedPawn crushing endgame long promotion quietMove	https://lichess.org/dpgDUuuS/black#78
38pL1	1b6/1P4p1/2K3pp/k7/5P2/4P1P1/8/8 b - - 0 53	a5b4 e3e4 g6g5 e4e5 g5f4 g3f4 h6h5 e5e6 h5h4 e6e7	1933	advancedPawn bishopEndgame crushing endgame quietMove veryLong	https://lichess.org/v9yARl4U/black#106
xsB8G	6rk/6pp/p7/P1P5/2P1Q3/8/4p1PP/3q2RK w - - 2 44	c5c6 g8f8 g2g3 d1g1 h1g1 f8f1 g1g2 e2e1q e4e1 f1e1	2040	advancedPawn attraction crushing endgame promotion quietMove sacrifice veryLong	https://lichess.org/efNnznNo#87
Q1cpR	8/8/1p3p2/pk1p1Pp1/3P1bP1/P1B5/1PK5/8 b - - 8 72	b5c4 a3a4 b6b5 b2b3	1934	bishopEndgame endgame mate mateIn2 quietMove short	https://lichess.org/MBsORbPt/black#144
R6Wj6	8/8/8/4k1pp/1p6/1P2K1PP/P7/8 w - - 0 48	g3g4 h5h4 e3e2 e5e4	1903	advantage defensiveMove endgame pawnEndgame quietMove short zugzwang	https://lichess.org/w1ANEdKC#95
wvOKW	1R6/P1R2pk1/6p1/7p/4b3/7P/r5PK/8 w - - 5 63	h2g3 g6g5 g3h2 a2g2	2167	crushing endgame quietMove short	https://lichess.org/3mhD9jiI#125
izYpP	8/2n2N2/4pPP1/3pP3/1p1P4/p7/K1k5/8 w - - 1 55	g6g7 c7b5 g7g8q b4b3 a2a1 b3b2 a1a2 b2b1q	2110	advancedPawn endgame exposedKing knightEndgame mate mateIn4 promotion quietMove veryLong	https://lichess.org/jWMsIenh#109
faU5L	8/8/pp2k3/3pPp2/5K2/PPP5/8/8 w - - 0 46	a3a4 a6a5 c3c4 d5d4	2163	crushing defensiveMove endgame pawnEndgame quietMove short zugzwang	https://lichess.org/V1HsglqL#91
SnTLK	8/8/p5k1/1p4P1/3p1rK1/1P4P1/8/8 w - - 0 47	g3f4 a6a5 g4f3 a5a4	2168	crushing endgame pawnEndgame quietMove short	https://lichess.org/Tc6jYRjD#93
UOjh4	6k1/Rp4pp/8/2pq1pP1/6nP/2P5/1P3P2/4R1K1 b - - 1 33	h7h5 g5g6 d5d8 e1a1 g4e5 a7a8	2165	crushing endgame long pin quietMove	https://lichess.org/Y3ZYw69z/black#66
3ftqx	1R6/3R4/2p5/2k4P/3n4/2rp4/5PP1/6K1 w - - 2 36	b8d8 c3c4 d7d4 c4d4	2180	crushing endgame master masterVsMaster quietMove short superGM	https://lichess.org/GUeBhMWh#71
WlZiu	8/5pk1/p6p/1p5K/1Pp4P/2P2P2/P7/8 w - - 3 44	f3f4 f7f5 a2a3 g7h7 a3a4 b5a4 b4b5 a4a3 b5a6 a3a2 a6a7 a2a1q a7a8q a1d1 a8f3 d1f3	2325	advancedPawn endgame mate mateIn5 pawnEndgame promotion quietMove veryLong	https://lichess.org/HJ54lz7e#87
Z9es2	8/7r/p7/4N3/5p2/1P3Kpk/P6p/7R w - - 4 59	e5g6 h7f7 h1e1 g3g2 e1e8 g2g1n	2113	advancedPawn crushing endgame long promotion quietMove underPromotion	https://lichess.org/YIJSdNNs#117
R7rxm	8/8/8/p2p1kpp/P2P4/2P1K2P/5P2/8 w - - 0 40	e3f3 h5h4 f3e3 g5g4 h3g4 f5g4	2135	crushing endgame long pawnEndgame quietMove zugzwang	https://lichess.org/bcY5SJWU#79
EcFWL	8/8/6p1/7p/4NKnk/8/6P1/8 b - - 3 66	g4h6 e4g5 h6g4 g2g3	2236	endgame knightEndgame mate mateIn2 quietMove short	https://lichess.org/d7ge7bc2/black#132
LNQwZ	2r1r1k1/pp3ppp/1q1p4/3P4/4R1Q1/1B6/PP3bPP/R4K2 b - - 1 21	f2c5 a1e1 e8f8 g4c8	2254	advantage middlegame quietMove short	https://lichess.org/sgCkZ0P0/black#42
8N1fT	5R2/6pk/6p1/5pK1/R6P/4P1P1/1r3r2/8 b - - 1 36	f2g2 a4a8 g2g3 g5f4 g6g5 f4g3	2118	crushing endgame long quietMove rookEndgame	https://lichess.org/7SautRbz/black#72
LMies	4k3/7p/p1r5/Bpbq1p2/4pP2/1P2Q3/2B4P/2K1R3 w - - 4 34	e3h3 c5a3 c1b1 d5d4 h3h5 c6g6 e1e4 f5e4 h5e5 d4e5	2118	crushing middlegame quietMove veryLong	https://lichess.org/ftg9HJNo#67
IaM5C	8/1pk4p/p7/2p5/2Pr1P2/6P1/7P/3R2K1 w - - 0 33	d1d4 c5d4 g1f2 a6a5 f2e2 a5a4 e2d3 a4a3	2110	crushing endgame quietMove veryLong	https://lichess.org/Kg4whdDF#65
TtV83	3r1r1k/1pRB3p/1Q1pPqp1/4b3/P7/6P1/1P3p1P/5R1K w - - 2 40	b6b7 d6d5 b7d5 e5c7	2101	advantage discoveredAttack middlegame quietMove short	https://lichess.org/6jSd0vaU#79
jYp8S	8/8/5pk1/7p/pr5P/2R2KP1/P7/8 w - - 4 49	a2a3 b4b3 c3e3 g6f5 f3f2 b3e3 f2e3 f5g4 e3f2 f6f5 f2g2 f5f4 g3f4 g4f4	2408	crushing endgame master quietMove rookEndgame veryLong	https://lichess.org/4vgiiFO4#97
Wo4Q8	8/5p2/1k3p1p/p7/2K2PPP/8/8/8 b - - 0 41	a5a4 h4h5 b6c6 g4g5	2405	crushing endgame pawnEndgame quietMove short	https://lichess.org/6b59ChGo/black#82
EaLQH	2kr1b1r/1pNq3p/p1n1p3/2Pb4/Q2P1B2/5P2/PP5P/2KRR3 b - - 0 19	f8g7 c7a8 d8f8 a8b6	2515	advantage middlegame quietMove short	https://lichess.org/CLr9VbpW/black#38
qkJAZ	3r2k1/1p4pp/p7/3p4/4p3/4bPP1/PPP3P1/R4R1K w - - 1 22	f3e4 d8d6 f1f4 g7g5	2426	advantage endgame quietMove short	https://lichess.org/okKOTlxg#43
xPnnO	8/8/4k2p/p1p2p2/P1P1p1PP/4KP2/8/8 b - - 1 43	e6e5 f3f4 e5e6 g4f5 e6f5 h4h5 f5f6 e3e4	2419	crushing endgame master pawnEndgame quietMove veryLong zugzwang	https://lichess.org/kjAmjvNV/black#86
M6KLr	8/8/4k1pp/8/1p1pK3/pP5P/P5P1/8 b - - 1 40	d4d3 e4d3 e6d5 g2g3 h6h5 h3h4	2416	crushing defensiveMove endgame long master pawnEndgame quietMove zugzwang	https://lichess.org/Qw2Odkry/black#80
Yw08A	5r2/pp6/4Q2k/2p2r1P/3p2K1/6P1/PP6/n7 b - - 4 37	f8f6 e6g8 f5h5 g8h8	2420	crushing endgame quietMove short	https://lichess.org/iW1cb8Gy/black#74
uWk2r	6k1/8/5PK1/6P1/1p6/1P1r4/3p4/3R4 w - - 1 58	g6h6 g8f7 h6h5 d3d4 g5g6 f7f6	2444	crushing endgame long quietMove rookEndgame zugzwang	https://lichess.org/PnIOXudU#115
RUUZD	8/1p4p1/p1p2k1p/P1P5/1P1Pp2P/6P1/6K1/8 w - - 0 39	g3g4 f6e6 g2f2 e6d5 f2e3 g7g6 g4g5 h6h5	2437	crushing defensiveMove endgame pawnEndgame quietMove veryLong zugzwang	https://lichess.org/150iq5YG#77
dx15p	8/p6R/k7/2b5/P4nP1/5P1P/4r3/1R3K2 w - - 1 34	b1b5 e2f2 f1e1 f4d3 e1d1 c5e3 h7h6 e3h6	2427	advantage endgame exposedKing quietMove veryLong	https://lichess.org/2K6wMn0s#67
jpcfT	8/8/8/3k1ppp/2p5/P2K1PPP/8/8 w - - 0 59	d3c3 g5g4 f3g4 h5h4 g3h4 f5f4 g4g5 f4f3 g5g6 d5e6	2441	crushing defensiveMove endgame pawnEndgame quietMove sacrifice veryLong	https://lichess.org/6f2GZLyA#117
PVRqZ	8/1p6/p7/2r5/1kP4K/7P/6P1/2R5 b - - 2 53	c5c4 c1c4 b4c4 g2g4 c4d5 h4h5 d5e6 h5h6 e6f7 h6h7	2409	crushing defensiveMove endgame quietMove rookEndgame veryLong	https://lichess.org/GpeldZpN/black#106
uptPG	8/8/1P4pp/4K3/Pk6/4p2P/4Bb2/8 b - - 0 48	b4a4 e5f4 h6h5 h3h4 g6g5 h4g5	2414	bishopEndgame crushing endgame long quietMove	https://lichess.org/4zifPZ5M/black#96
KLLc9	8/8/3p4/2pPpPk1/1p2P1p1/2P3K1/P7/8 w - - 0 41	c3b4 c5c4 f5f6 g5f6 b4b5 f6e7 g3g4 c4c3	2459	crushing endgame pawnEndgame quietMove veryLong	https://lichess.org/5BwUDjz5#81
mRgZE	8/7p/8/6p1/4k3/6PP/5K2/8 w - - 1 58	h3h4 g5g4 h4h5 e4d3	2416	crushing defensiveMove endgame pawnEndgame quietMove short	https://lichess.org/CZ3YPMTV#115
I8mRd	8/4k3/p3p3/1p3p1P/1P3P2/P5K1/8/8 b - - 3 45	e7f6 g3h4 f6f7 h4g5 f7g7 h5h6	1189	crushing endgame long pawnEndgame zugzwang	https://lichess.org/NRqnfbdm/black#90
KpDRT	8/8/p1p1k3/1p1p4/1P3P1p/P1P4P/4K3/8 b - - 2 36	e6f5 e2f3 f5f6 f3g4	1181	crushing endgame pawnEndgame short zugzwang	https://lichess.org/GFxpm5KO/black#72
ADwYR	8/4p3/3kPp1p/p1P2Pp1/1p1K2P1/1P5P/8/8 b - - 0 35	d6c6 d4c4 a5a4 b3a4	1155	crushing endgame pawnEndgame short zugzwang	https://lichess.org/9ScTw1hL/black#70
eYKbm	8/6p1/4k3/6P1/1p2p2K/1P2P3/8/8 w - - 3 52	h4h5 e6f5 h5h4 g7g6 h4h3 f5g5	1154	crushing endgame long pawnEndgame quietMove zugzwang	https://lichess.org/q7rDLamg#103
6dVC3	8/8/2k3p1/5p2/3KpP1P/6P1/8/8 w - - 2 39	d4e3 c6d5 g3g4 f5g4 f4f5 g6f5	1176	crushing endgame long pawnEndgame zugzwang	https://lichess.org/4SnIGlXo#77
ZZgz7	8/8/4k1p1/7p/4KP1P/8/8/8 w - - 6 45	e4f3 e6f5 f3e3 f5g4 e3e4 g4h4 f4f5 g6f5	1180	crushing endgame pawnEndgame veryLong zugzwang	https://lichess.org/xWHXUO2i#89
59qUo	8/8/p7/1p2kp1p/1P5P/P3K1P1/8/8 b - - 0 37	e5f6 e3f4 f6e6 f4g5	1150	crushing endgame pawnEndgame short zugzwang	https://lichess.org/wIIEKrin/black#74
FiC1F	8/6p1/p3k1p1/1p4P1/1Pp1p1KP/P1P1P3/8/8 w - - 5 44	h4h5 g6h5 g4h5 e6f5 h5h4 g7g6 h4h3 f5g5	1165	crushing endgame pawnEndgame quietMove veryLong zugzwang	https://lichess.org/k44xn9jv#87
WJUWb	8/8/1p4p1/1P2kp1p/2K1p2P/4P1P1/5P2/8 w - - 2 45	c4b4 e5d5 b4b3 d5c5 b3c3 c5b5	1162	crushing endgame long pawnEndgame zugzwang	https://lichess.org/VGczAfL4#89
CTKyQ	8/8/8/p1pk1p1p/P4P1P/1PK5/8/8 b - - 6 40	d5c6 c3c4 c6d6 c4b5 d6d5 b5a5	1155	crushing endgame long pawnEndgame zugzwang	https://lichess.org/lqjx4xwo/black#80
WRCac	8/5pk1/4r1p1/7p/5R1P/5PK1/6P1/8 b - - 4 44	e6f6 f4f6 g7f6 g3f4 g6g5 h4g5	1197	crushing endgame long master rookEndgame zugzwang	https://lichess.org/50eCrGKv/black#88
rbjsW	8/8/4k1p1/7p/4KP1P/8/8/8 w - - 4 58	e4f3 e6f5 f3e3 f5g4 e3e4 g4h4 f4f5 g6f5	1155	crushing endgame pawnEndgame veryLong zugzwang	https://lichess.org/U5QhQOAi#115
gXmmi	8/8/p1pk4/Pp6/1P1PK3/8/8/8 w - - 1 48	e4d3 d6d5 d3e3 d5c4	1153	crushing endgame pawnEndgame short zugzwang	https://lichess.org/cUWAG0JR#95
77PdT	8/5p2/3k2p1/4RPPp/8/2r2NKP/8/8 w - - 3 46	f5f6 c3f3 g3f3 d6e5 h3h4 e5f5	1138	crushing endgame long zugzwang	https://lichess.org/3EWV99tu#91
R6rdR	8/8/6p1/2k3Pp/2p1p2P/2K1P3/1P6/8 w - - 12 55	b2b4 c5b5 c3d4 b5b4	1191	crushing defensiveMove endgame master masterVsMaster pawnEndgame short zugzwang	https://lichess.org/12E1JCem#109
pHpFB	8/8/5pk1/1p1Kp3/p5P1/P1P2P2/8/8 w - - 2 48	d5e6 g6g5 e6d7 g5f4	1350	crushing endgame pawnEndgame short zugzwang	https://lichess.org/gszLNvSE#95
yKS7m	8/8/1p1k1pp1/pPp4p/P1P2PP1/3K4/3N1b2/8 b - - 0 45	h5g4 d2e4 d6e6 e4f2 g4g3 f2h3 e6f5 d3e3 f5g4 h3g1	1391	crushing defensiveMove endgame fork quietMove veryLong zugzwang	https://lichess.org/6jGhLIcK/black#90
gXycb	8/4k1p1/7p/4KP1P/8/8/8/8 w - - 3 52	e5f4 e7f6 f4g4 f6e5	1386	crushing endgame pawnEndgame short zugzwang	https://lichess.org/Yi809abo#103
UQM8D	8/6k1/p6p/P1p5/6KP/1P6/8/8 b - - 2 52	g7g6 h4h5 g6f6 g4f4 f6e6 f4e4 e6d6 e4f5	1343	crushing defensiveMove endgame pawnEndgame veryLong zugzwang	https://lichess.org/8Y3BBVVP/black#104
wpjIE	8/8/7p/3pk1pP/1p4P1/1P2PK2/P7/8 w - - 2 40	f3e2 e5e4 e2d2 e4f3 d2d3 f3g4	1378	crushing endgame long pawnEndgame zugzwang	https://lichess.org/WZhNZfU6#79
9oaIg	8/3b4/p1p2k1p/1p5P/5KP1/P2B4/1P6/8 w - - 0 36	d3f5 d7f5 g4f5 c6c5 b2b4 c5c4	1415	bishopEndgame crushing defensiveMove endgame long quietMove zugzwang	https://lichess.org/udupFdW8#71
ng2Nz	8/p7/6p1/1p1p1kP1/1P2rP2/P3RK2/8/8 w - - 9 37	e3e4 d5e4 f3e3 a7a6 e3d4 f5f4	1378	crushing endgame long quietMove zugzwang	https://lichess.org/11kjo2ts#73
WEy9R	8/1p3p2/pPp1k3/2P4p/P3PK1P/8/8/8 b - - 1 37	f7f6 a4a5 e6e7 f4f5 e7f7 e4e5 f6e5 f5e5 f7e7 e5f5 e7f7 f5g5	1475	crushing endgame pawnEndgame quietMove veryLong zugzwang	https://lichess.org/jQZS2QPD/black#74
YiIjn	8/8/8/1pkp2p1/pP3pP1/2PK1P2/P7/8 b - - 0 44	c5c6 d3d4 c6d6 a2a3 d6e6 d4c5 e6e5 c5b5	1453	crushing endgame pawnEndgame quietMove veryLong zugzwang	https://lichess.org/UzdWmY2L/black#88
nZmW8	8/5p2/1pr2k2/p5p1/P3P1Pp/1P1RK2P/8/8 w - - 2 52	e3d4 c6d6 d4c3 d6d3 c3d3 f6e5 d3e3 f7f6 e3f3 e5d4	1350	crushing endgame quietMove rookEndgame veryLong zugzwang	https://lichess.org/elJsOzFo#103
DKM70	8/8/3p4/1p1Pp1k1/1P3pP1/3K1P2/8/8 b - - 1 41	e5e4 d3e4 g5g6 e4f4	1358	crushing endgame pawnEndgame short zugzwang	https://lichess.org/UcvAlBP9/black#82
ALwge	8/8/5kp1/1p1p4/1P1Kp1PP/2P5/8/8 w - - 2 49	d4e3 f6e5 e3d2 e5f4	1481	crushing endgame pawnEndgame short zugzwang	https://lichess.org/XYyUAfBv#97
SUhwA	8/2p5/3k4/p5p1/2KP2P1/8/P7/8 b - - 0 34	c7c6 a2a4 d6e6 c4c5	1370	crushing endgame pawnEndgame quietMove short zugzwang	https://lichess.org/foewGoOe/black#68
1Usei	8/7p/5kp1/5p2/5P2/6KP/5P2/8 b - - 2 37	h7h5 g3h4 f6f7 h4g5 h5h4 g5h4	1472	crushing endgame long pawnEndgame zugzwang	https://lichess.org/ln0TssqO/black#74
XLeI3	8/5p2/4p1k1/2p1PP1p/1p2K2P/1P6/P7/8 b - - 0 37	e6f5 e4f4 g6h6 f4f5	1395	crushing defensiveMove endgame master pawnEndgame short zugzwang	https://lichess.org/89dp1Vz9/black#74
KBz48	8/8/8/p1p1k1p1/2P3P1/PP2K3/8/8 w - - 0 35	e3f3 e5d4 f3e2 d4c3 b3b4 a5b4 a3b4 c3b4	1686	crushing endgame pawnEndgame veryLong zugzwang	https://lichess.org/g1tEg8ZB#69
Imqb1	7n/6KP/4k3/p5p1/P5P1/1P6/8/8 w - - 3 60	g7h8 e6f7 b3b4 a5b4 a4a5 b4b3 a5a6 b3b2 a6a7 b2b1q a7a8q b1b2	1521	advancedPawn endgame mate mateIn5 pawnEndgame promotion veryLong zugzwang	https://lichess.org/MipGQ12T#119
VBOZ4	8/4K3/8/6pk/5pN1/5P1p/8/8 w - - 3 60	e7f6 h5h4 f6g6 h4g3 g6g5 g3f3 g5h4 f3g2 g4e5 h3h2	1596	advancedPawn crushing endgame knightEndgame veryLong zugzwang	https://lichess.org/StjrI3td#119
3iYWG	8/5pk1/6p1/7p/7P/4K1P1/5P2/8 b - - 0 59	g7f6 e3f4 f6e6 f4g5	1586	crushing endgame pawnEndgame short zugzwang	https://lichess.org/w7ls5clt/black#118
QDmxW	8/8/8/7p/5PkP/8/6K1/8 b - - 0 93	g4h4 g2f3 h4h3 f4f5	1527	crushing defensiveMove endgame pawnEndgame short zugzwang	https://lichess.org/Y8Olu5sQ/black#186
TnAsA	8/8/6p1/pp1k1p1p/1Pp2P2/P1P1K1PP/8/8 b - - 0 44	a5b4 a3b4 d5d6 e3d4 d6c6 d4e5	1534	crushing endgame long pawnEndgame zugzwang	https://lichess.org/XCVnQ9uP/black#88
sp2Co	8/p7/2p2k2/3p3p/3P1KpP/1PP3P1/8/8 b - - 0 40	a7a6 b3b4 f6g6 f4e5	1513	crushing endgame pawnEndgame quietMove short zugzwang	https://lichess.org/kjed5qxW/black#80
KJatg	8/8/5pk1/4p3/5KP1/7P/8/8 w - - 0 49	f4e4 g6g5 e4f3 g5h4 f3g2 e5e4 g2h2 e4e3 h2g2 e3e2	1558	advancedPawn crushing endgame master pawnEndgame quietMove veryLong zugzwang	https://lichess.org/KLQ7mAIw#97
x1X6d	8/8/pp1k2p1/3p1pP1/PP3P2/2K1P3/8/8 b - - 5 44	a6a5 b4a5 b6a5 c3d4 d6e6 d4c5	1532	crushing endgame long pawnEndgame zugzwang	https://lichess.org/Jltj5Llr/black#88
ifnYR	8/1p6/4k3/4n1p1/1BPK2P1/8/8/8 w - - 8 54	b4d2 e5f3 d4c3 f3d2 c3d2 e6e5 d2e3 b7b6 e3f3 e5d4	1621	crushing endgame fork quietMove veryLong zugzwang	https://lichess.org/VA4SiwcP#107
DqurP	8/8/7p/1p1k2p1/p3p1P1/1PP4P/P2K4/8 b - - 1 46	a4a3 d2e3 d5e5 c3c4	1649	crushing endgame pawnEndgame short zugzwang	https://lichess.org/PJWOoQSt/black#92
YiCIh	5K2/5p2/4k1p1/7p/5P1P/6P1/8/8 b - - 12 55	f7f6 f8g7 e6f5 g7h6 f5g4 h6g6 g4g3 g6h5 g3f4 h5g6 f6f5 h4h5 f4e4 h5h6 f5f4 h6h7 f4f3 h7h8q	1748	advancedPawn crushing endgame pawnEndgame promotion quietMove veryLong zugzwang	https://lichess.org/PE4eyDgR/black#110
GlHcJ	8/8/5kp1/1p1p1pP1/p2P3P/P1P2K2/8/8 b - - 0 43	f6e6 f3f4 e6d6 h4h5 b5b4 c3b4	1543	crushing endgame long pawnEndgame zugzwang	https://lichess.org/cdVSiE5D/black#86
9sOOs	8/8/8/5kp1/3rR3/5PK1/5P2/8 b - - 24 47	d4e4 f3e4 f5e4 g3g4 e4e5 g4g5	1539	crushing endgame long zugzwang	https://lichess.org/UrZ3TTfE/black#94
FBPxT	8/2p5/3p4/1P1k4/8/PK6/8/8 w - - 0 47	a3a4 d5c5 b3c3 d6d5 a4a5 c5b5	1636	crushing endgame long pawnEndgame quietMove zugzwang	https://lichess.org/uVLMfKMe#93
zB2K5	8/8/8/p7/P2pk3/1P3p2/3K1P2/8 b - - 2 49	d4d3 d2c3 e4e5 c3d3	2045	crushing endgame pawnEndgame short zugzwang	https://lichess.org/MwzFuRW8/black#98
bwkUm	8/4k2p/1pp3p1/4K1P1/3P3P/8/P7/8 b - - 0 41	b6b5 a2a3 e7d7 e5f6	1975	crushing endgame pawnEndgame quietMove short zugzwang	https://lichess.org/hnxg1Uo2/black#82
JUqEq	8/p7/1pp1k2p/3pP1pP/P2P2P1/1P6/3K4/8 w - - 0 38	d2c3 c6c5 b3b4 c5d4 c3d4 a7a6 b4b5 a6a5 d4d3 e6e5	2094	crushing endgame pawnEndgame quietMove veryLong zugzwang	https://lichess.org/KgAWQeLt#75
GivHF	8/6p1/7p/p6P/1k4P1/1P6/2K5/8 b - - 9 52	b4a3 c2c3 a3a2 b3b4 a5b4 c3b4	1887	crushing endgame long pawnEndgame zugzwang	https://lichess.org/y2lStxHJ/black#104
VFkiZ	8/8/8/4k3/4p3/4K1Pp/7P/8 b - - 3 48	e5f5 e3d4 f5e6 d4e4	1801	crushing endgame pawnEndgame short zugzwang	https://lichess.org/j0jeRyQR/black#96
tL2DH	8/5p2/3k3p/1p1P2p1/pP2K1P1/P6P/8/8 b - - 0 42	f7f6 e4d4 d6d7 d4c5 f6f5 g4f5	1956	crushing endgame long pawnEndgame zugzwang	https://lichess.org/3XBgmAIZ/black#84
RdC7M	K1k5/8/P5p1/7p/7P/6P1/8/8 w - - 2 55	a6a7 c8c7 g3g4 h5g4 h4h5 g4g3 h5h6 g3g2 h6h7 g2g1q h7h8q g1g2	1858	advancedPawn endgame mate mateIn5 pawnEndgame promotion veryLong zugzwang	https://lichess.org/vZEMqJbI#109
miWcZ	K1k5/8/P5p1/6p1/8/7P/8/8 w - - 3 63	a6a7 c8c7 h3h4 g5g4 h4h5 g4g3 h5h6 g3g2 h6h7 g2g1q h7h8q g1g2	1941	advancedPawn endgame mate mateIn5 pawnEndgame promotion quietMove veryLong zugzwang	https://lichess.org/wiP8LiHF#125
SOJXg	8/8/p7/8/1P6/7p/8/5K1k b - - 7 75	h3h2 f1f2 a6a5 b4b5 a5a4 b5b6 a4a3 b6b7 a3a2 b7b8q a2a1q b8b7	1924	advancedPawn endgame mate mateIn5 pawnEndgame promotion quietMove veryLong zugzwang	https://lichess.org/mwm4o8sP/black#150
Gz5Je	8/8/6p1/1p5p/1P5P/p5P1/8/k1K5 b - - 2 44	a3a2 c1c2 g6g5 h4g5 h5h4 g5g6 h4h3 g6g7 h3h2 g7g8q h2h1q g8g7	1884	advancedPawn endgame mate mateIn5 pawnEndgame promotion veryLong zugzwang	https://lichess.org/8UDODKDO/black#88
gSL7m	8/8/6p1/p2k3p/5P1P/P3K3/8/8 w - - 0 52	e3d3 a5a4 d3e3 d5c4 e3e4 c4b3	1807	crushing endgame long pawnEndgame quietMove zugzwang	https://lichess.org/pB1b0zLO#103
2PBCS	8/5pp1/7p/5K1P/6P1/5Pk1/8/8 w - - 2 42	f3f4 g3h4 f5e5 h4g4	1846	crushing endgame pawnEndgame short zugzwang	https://lichess.org/Lzfb1TUp#83
kGYiL	8/4k3/5p2/1p3Pp1/2p3P1/P3K3/1P6/8 b - - 2 65	e7d6 e3d4 d6c6 a3a4 b5a4 d4c4	1840	crushing deflection endgame long pawnEndgame zugzwang	https://lichess.org/CCjoJqZE/black#130
QLQ7Y	8/8/1p6/p7/P7/1P4Kp/8/7k b - - 6 54	h3h2 g3f2 b6b5 a4b5 a5a4 b5b6 a4a3 b6b7 a3a2 b7b8q a2a1q b8b7	1948	advancedPawn endgame mate mateIn5 pawnEndgame promotion veryLong zugzwang	https://lichess.org/0jADgC39/black#108
dpdfT	8/8/6p1/7p/7P/p5P1/8/k1K5 b - - 6 48	a3a2 c1c2 g6g5 h4g5 h5h4 g5g6 h4h3 g6g7 h3h2 g7g8q h2h1q g8g7	1892	advancedPawn endgame mate mateIn5 pawnEndgame promotion veryLong zugzwang	https://lichess.org/pOnAk58L/black#96
Z3b9I	5k1K/8/1p5P/p1p5/P7/1P6/8/8 w - - 3 55	h6h7 f8f7 b3b4 a5b4 a4a5 b4b3 a5a6 b3b2 a6a7 b2b1q a7a8q b1b2	2216	advancedPawn endgame mate mateIn5 pawnEndgame promotion veryLong zugzwang	https://lichess.org/sPfCk7kq#109
daQel	8/8/6p1/7p/5P1P/pK4P1/8/k7 b - - 5 55	a3a2 b3c2 g6g5 h4g5 h5h4 g5g6 h4h3 g6g7 h3h2 g7g8q h2h1q g8g7	2195	advancedPawn endgame mate mateIn5 pawnEndgame promotion veryLong zugzwang	https://lichess.org/aOwNJM9Y/black#110
9x0LP	8/pk4p1/7p/1Pp4P/4p1P1/2K1P3/8/8 b - - 11 46	a7a6 c3c4 a6a5 c4c5 b7c7 b5b6 c7b7 c5b5 a5a4 b5a4 b7b6 a4b4	2106	crushing defensiveMove endgame pawnEndgame veryLong zugzwang	https://lichess.org/YNEIigbm/black#92
kLNvz	8/8/8/pp1k2p1/4p3/PPP1K1P1/8/8 w - - 0 42	g3g4 a5a4 b3a4 b5a4 c3c4 d5c4 e3e4 c4b3	2102	crushing endgame pawnEndgame veryLong zugzwang	https://lichess.org/5Mf236kB#83
lbnAM	8/1p6/1pk3p1/p4p1p/P1K2P1P/1P2P3/6P1/8 w - - 2 39	g2g3 b6b5 a4b5 c6b6 c4d4 b6b5 e3e4 f5e4	2113	crushing endgame pawnEndgame veryLong zugzwang	https://lichess.org/Y4LDwn4n#77
t8cHA	3q4/8/1pQ5/pKp5/P1P5/1k6/8/8 w - - 0 88	c6b6 d8b6 b5b6 b3b4	2107	crushing endgame master queenEndgame short zugzwang	https://lichess.org/Lcl5JQqz#175
1LvSg	8/2k5/4p3/pPKp1p2/P4Pp1/6P1/7P/8 b - - 6 39	c7b7 b5b6 d5d4 c5d4 b7b6 d4e5 b6c5 e5e6	2115	crushing endgame pawnEndgame veryLong zugzwang	https://lichess.org/YbC5Epum/black#78
20WMy	8/8/3p2k1/p1pP2pp/P1P1K3/5P2/7P/8 w - - 1 38	f3f4 g5g4 f4f5 g6g5 f5f6 g5f6	2108	crushing defensiveMove endgame long pawnEndgame quietMove zugzwang	https://lichess.org/xFlhxjP6#75
Vd4oN	8/8/pp1k1p2/3p1P2/PP1K4/8/2P5/8 b - - 0 36	d6c6 b4b5 a6b5 a4b5 c6d6 c2c3 d6e7 d4d5	2195	crushing endgame master pawnEndgame quietMove veryLong zugzwang	https://lichess.org/l9m7Mk7q/black#72
yqXkT	8/8/1p5p/p3pKp1/3kP3/1P4P1/P6P/8 b - - 5 48	b6b5 g3g4 b5b4 h2h3 d4c3 f5e5	2132	crushing endgame long master masterVsMaster pawnEndgame quietMove superGM zugzwang	https://lichess.org/7zpZaP58/black#96
jYbok	8/5p2/4kPpp/1pp1P3/p3K1P1/1PP4P/P7/8 w - - 0 44	c3c4 a4b3 a2b3 b5c4 b3c4 g6g5 e4d3 e6e5	2142	crushing endgame pawnEndgame quietMove veryLong zugzwang	https://lichess.org/Q4JfpsR3#87
3GJLJ	8/1p3p2/p2p4/3P1pp1/P1Pk1p2/1P3P1P/3K4/8 b - - 6 36	f7f6 a4a5 g5g4 h3h4	2164	crushing defensiveMove endgame pawnEndgame quietMove short zugzwang	https://lichess.org/OJoaOj3K/black#72
zCZZD	8/8/4p2p/3pP1p1/2pP3k/p1P2P1P/P6K/8 b - - 1 45	h6h5 h2g2 g5g4 h3g4 h5g4 f3f4 h4h5 g2g3	2116	crushing endgame pawnEndgame quietMove veryLong zugzwang	https://lichess.org/I22hEAJL/black#90
vIxKT	8/8/1p1p1k2/pP2p2K/P1P1P3/8/8/8 b - - 0 47	f6e6 h5g6 e6e7 g6g7	2126	crushing defensiveMove endgame pawnEndgame short zugzwang	https://lichess.org/lM32r9Kx/black#94
sKYPu	8/8/6p1/3pk2p/7P/3K1PP1/8/8 b - - 1 41	d5d4 d3c4 e5e6 c4d4	2204	crushing endgame master pawnEndgame short zugzwang	https://lichess.org/TyQWgvYc/black#82
DlbmC	8/2p5/2k5/p1p2p1p/P2p1P1P/1PPP4/2K5/8 w - - 3 38	c2d2 d4c3 d2c2 c6d6 c2c3 d6d5 c3c2 d5d4 c2d2 c7c6	2448	crushing endgame pawnEndgame veryLong zugzwang	https://lichess.org/RCNup6s3#75
sy6Qe	8/2p5/pp6/3Pk1p1/2P3P1/4K3/P5P1/8 w - - 0 39	g2g3 b6b5 e3d3 b5b4 d3c2 e5d4 c2b3 d4c5 b3a4 c5c4	2512	crushing endgame pawnEndgame quietMove veryLong zugzwang	https://lichess.org/JKrq9ILC#77
V3y0C	8/8/6p1/7p/4KP1P/6k1/8/8 w - - 0 68	e4e5 g3g4 e5e4 g4h4 e4f3 h4h3	2410	crushing endgame long pawnEndgame zugzwang	https://lichess.org/wLSvPlV6#135
zO8PH	8/7p/4k1p1/5pP1/3PK3/7P/8/8 w - f6 0 42	e4f4 e6d5 f4e3 d5c4 h3h4 c4d5	2504	crushing endgame long pawnEndgame zugzwang	https://lichess.org/8xzL8S3H#83
yFDaj	8/p7/8/3k1pp1/1p6/1P2KPP1/P7/8 w - - 0 37	e3d3 f5f4 g3g4 a7a6	2412	crushing defensiveMove endgame pawnEndgame short zugzwang	https://lichess.org/HKZR0N2z#73
cucKe	8/6p1/7p/pp2kP2/4p1PP/PP2K3/8/8 b - - 0 42	b5b4 a3b4 a5b4 h4h5	2405	crushing defensiveMove endgame master pawnEndgame short zugzwang	https://lichess.org/kxHGGv2E/black#84
05VnQ	8/8/pp1p1k1p/2pP2p1/2P1K1P1/1P5P/P7/8 w - - 0 45	e4e3 f6e5 a2a3 b6b5 e3d3 b5c4	2424	crushing endgame long pawnEndgame zugzwang	https://lichess.org/g1bw2R9j#89
hqgp1	8/pppk4/8/1P1K4/2P5/8/P7/8 b - - 0 42	c7c6 b5c6 b7c6 d5e5 d7e7 c4c5	2414	crushing defensiveMove endgame long pawnEndgame zugzwang	https://lichess.org/6mTidg6N/black#84
PjaAs	8/p3kp2/1p2p1p1/1P1b3p/3P1P1P/P2BK1P1/8/8 w - - 1 33	d3e4 d5e4 e3e4 e7d6 a3a4 f7f6 e4e3 d6d5 e3d3 f6f5 d3c3 d5e4	2404	bishopEndgame crushing endgame quietMove veryLong zugzwang	https://lichess.org/KHEzzLd2#65
bb3sa	8/8/4k1pp/p7/P3K1PP/8/8/8 b - - 0 38	e6d6 e4d4 g6g5 h4h5 d6e6 d4e4	2462	crushing defensiveMove endgame long pawnEndgame quietMove zugzwang	https://lichess.org/bGKPOR2J/black#76
Kjg3V	8/8/2p5/pp4kp/3Pp3/PP2P2K/6P1/8 b - - 1 46	a5a4 b3a4 b5a4 g2g3 g5f5 h3h4 f5g6 g3g4 h5g4 h4g4 g6f6 g4f4 f6e6 f4e4	2470	crushing endgame pawnEndgame quietMove veryLong zugzwang	https://lichess.org/6VRXIeg1/black#92
Th7Nz	8/8/4pp2/7p/4kP2/6P1/4K2P/8 w - - 0 39	h2h3 h5h4 e2f2 f6f5 g3h4 e4f4	2400	crushing endgame long pawnEndgame quietMove zugzwang	https://lichess.org/I8PQjAeh#77
yTzjp	8/8/6p1/2kp1pP1/p4P2/P1PK4/8/8 b - - 1 45	c5d6 d3d4 d6c6 c3c4 d5c4 d4c4 c6d6 c4d4	2409	crushing defensiveMove endgame pawnEndgame veryLong zugzwang	https://lichess.org/T9t544xG/black#90
yreM0	8/8/2p1pk2/p7/PpPPK3/1P6/8/8 b - - 1 39	f6f7 e4e5 f7e7 c4c5 e7d7 e5f6	2405	crushing endgame long pawnEndgame quietMove zugzwang	https://lichess.org/eQE0DENK/black#78
pq46V	8/7p/4k1p1/1p2p3/4K1PP/P7/5P2/8 b - - 0 36	h7h6 h4h5 g6g5 f2f3 e6f6 e4d5	2402	crushing endgame long pawnEndgame quietMove zugzwang	https://lichess.org/AXwLD2zA/black#72
BbaZ8	1nkr4/1ppr3p/4p1p1/2N1q3/8/Q7/PP1p1PPP/R1BR2K1 w - - 0 24	c5d7 e5e1 d1e1 d2e1q	1190	advancedPawn kingsideAttack mate mateIn2 middlegame promotion short	https://lichess.org/t0oFsK3B#47
zosdQ	8/7p/5K2/6PP/8/pk6/8/8 w - - 0 39	g5g6 h7g6 h5g6 a3a2 f6f7 a2a1q	1182	advancedPawn crushing endgame long master pawnEndgame promotion	https://lichess.org/XN4mc68J#77
rUSMk	3Rr1k1/4P1n1/5RK1/2r5/2p2P1p/p1P5/P1P5/8 b - - 1 37	c5c8 f6f8 e8f8 e7f8q	1181	advancedPawn endgame mate mateIn2 promotion short	https://lichess.org/OoxL9b1C/black#74
dq0wh	2rr3k/p2P1Qp1/np2p1Bp/4P1q1/1P6/8/P4PPP/3R2K1 b - - 0 32	c8c1 f7e8 d8e8 d7e8q	1159	advancedPawn kingsideAttack mate mateIn2 middlegame promotion short	https://lichess.org/IZY8hDCk/black#64
pWJdE	8/1pQ2pk1/3p4/6P1/P2b2r1/8/1P1Br1Bp/1R5K w - - 5 32	g2f3 g4g1 b1g1 h2g1q	1134	advancedPawn mate mateIn2 middlegame promotion short	https://lichess.org/YbJ3pUcc#63
junbS	1k5r/p2Prqb1/Qp3npp/3p1p2/3P1B1P/5N2/PPP3P1/2KR4 b - - 0 22	b8a8 a6c8 h8c8 d7c8q	1188	advancedPawn mate mateIn2 middlegame promotion queensideAttack short	https://lichess.org/DF5iytUy/black#44
RWcoQ	8/5p2/8/8/3N4/n3P1PP/p1K2P2/k7 w - - 4 46	c2b3 a1b1 b3a3 a2a1q	1139	advancedPawn crushing endgame knightEndgame promotion short	https://lichess.org/MxaXbloa#91
a1dai	r1br4/pp2R1pp/2k2p2/8/2B1N3/5P2/Pp4PP/3R2K1 w - - 4 21	d1d8 b2b1q c4f1 b1b6 e4f2 b6d8	1159	advancedPawn crushing endgame fork long promotion	https://lichess.org/UWQCcpfs#41
ylKIK	2k5/pp5R/5P2/8/7B/2pbb3/6P1/3K4 w - - 7 36	f6f7 c3c2 d1e1 c2c1q	1145	advancedPawn deflection endgame mate mateIn2 promotion short	https://lichess.org/ykRL4emm#71
967Kl	1b1r2k1/P6p/6p1/8/8/5pP1/4p2P/1R5K w - - 0 40	a7a8q d8d1 b1d1 e2d1q	1188	advancedPawn endgame mate mateIn2 promotion short	https://lichess.org/iZNS5lX9#79
jHWVm	3qr2k/1p1r1P1p/6p1/p1nBQ1Pb/8/2N5/PPP4R/2K2R2 b - - 0 29	e8e5 f7f8q d8f8 f1f8 h8g7 f8g8	1193	advancedPawn fork long mate mateIn3 middlegame operaMate promotion	https://lichess.org/ghDzGS2n/black#58
iD9BI	8/6K1/P4R2/2k4p/3p3P/3P4/r4p2/8 w - - 1 53	g7h6 a2a6 f6a6 f2f1q	1158	advancedPawn crushing deflection endgame pin promotion rookEndgame short	https://lichess.org/jJaRex6n#105
PCGLU	2R5/p4rkp/4Q1p1/6q1/3b1p2/1P3R2/P3N2p/7K w - - 0 30	e6e8 g5g1 e2g1 h2g1q	1175	advancedPawn mate mateIn2 middlegame promotion short	https://lichess.org/5qZ1f09a#59
CwZLP	1Q6/p1p3bk/4b2p/2P3p1/2pq4/8/P3p1PP/3R1RK1 w - - 0 24	d1d4 g7d4 g1h1 e2f1q	1186	advancedPawn endgame mate mateIn2 promotion short	https://lichess.org/VV52vT7d#47
hHd3o	6k1/1b5p/p1p2Pp1/1pR3K1/6R1/N1Ppr2P/PP6/8 w - - 2 38	g5f4 d3d2 f4e3 d2d1q	1149	advancedPawn advantage endgame promotion short	https://lichess.org/T6IAqjou#75
ZrgCo	8/p3P2R/1p1k4/2p2K1p/2P4r/1P6/P6p/8 b - - 0 52	h2h1q e7e8n d6c6 h7c7	1256	advancedPawn endgame master mate mateIn2 promotion short underPromotion	https://lichess.org/wOOnQcXR/black#104
yVrx2	8/6kP/4K1P1/8/8/p7/1n6/8 b - - 0 60	a3a2 h7h8q g7h8 e6f7 a2a1q g6g7 h8h7 g7g8q h7h6 g8g6	1327	advancedPawn endgame exposedKing mate mateIn5 promotion veryLong	https://lichess.org/WgyZBxAu/black#120
msNAb	r4k2/2bqnP2/b1p2R2/1pPppB2/p2P4/P1N1P3/1P4Qp/3K4 b - - 1 25	e7f5 g2g8 f8e7 f7f8q a8f8 g8f8	1414	advancedPawn exposedKing long mate mateIn3 middlegame promotion triangleMate	https://lichess.org/7ezhBK6t/black#50
YszVJ	1rb2rk1/p5pp/8/6N1/6nP/1P4Q1/P1P1p1P1/q3R2K w - - 0 24	e1a1 f8f1 a1f1 e2f1q	1442	advancedPawn mate mateIn2 middlegame promotion short	https://lichess.org/oKrlz79W#47
sB8S3	3R4/8/p1p5/8/1P3p2/Pk2pK2/3p4/8 w - - 6 44	f3f4 e3e2 d8d2 e2e1q	1329	advancedPawn crushing endgame promotion rookEndgame short	https://lichess.org/mi2bTEIG#87
eq337	6r1/Pkp2p2/1p1p1q1p/4pP2/Q2nP3/3PN1r1/6P1/R4RK1 b - - 2 29	g3e3 a7a8q g8a8 a4a8	1280	advancedPawn mate mateIn2 middlegame promotion short	https://lichess.org/h7INUnNP/black#58
cakEk	8/6bk/4p1p1/2n1P2p/p4P1P/P2p2P1/1q4BK/3QR3 w - - 0 43	d1c1 d3d2 c1b2 d2e1q	1227	advancedPawn crushing endgame fork master promotion short	https://lichess.org/gBJYxltF#85
lLF3q	8/r2r1pkp/6p1/8/R7/1P4P1/p4P1P/3R2K1 w - - 0 35	d1d7 a7a4 b3a4 a2a1q	1478	advancedPawn crushing endgame promotion rookEndgame short	https://lichess.org/Yi4MPNGd#69
mO1Fw	6k1/7P/6P1/4rP1K/4P3/p7/8/8 b - - 0 55	g8h8 h5h6 e5e7 f5f6 e7h7 g6h7 a3a2 f6f7 a2a1q f7f8q	1471	advancedPawn endgame mate mateIn5 promotion rookEndgame veryLong	https://lichess.org/5FB9xPnb/black#110
T5hjO	1r5k/2p1Q1p1/4pnPp/3p1p2/3PbP2/2P1K3/prP4P/R4R2 w - - 2 35	e7c7 f6g4 e3d2 b2c2 d2e1 b8b1 a1b1 a2b1q	1486	advancedPawn mate mateIn4 middlegame promotion veryLong	https://lichess.org/HtYi0YdL#69
RVeZE	3R2rk/p3P1pp/8/qp6/2rQ1P2/4P2P/PP4P1/R5K1 b - - 2 30	c4d4 d8g8 h8g8 e7e8q	1376	advancedPawn attraction endgame mate mateIn2 promotion queenRookEndgame short	https://lichess.org/g86UOSlN/black#60
Btw4w	r3r2k/2p1P1pp/p1Q5/1p6/6q1/2P3B1/P1P4P/5RK1 b - - 2 25	a8b8 c6e8 b8e8 f1f8 e8f8 e7f8q	1379	advancedPawn endgame long mate mateIn3 promotion sacrifice	https://lichess.org/JbXhuceM/black#50
WXX9U	8/2Q2pkp/p4pb1/8/8/2R5/3pqPPP/5RK1 w - - 0 27	c3e3 e2f1 g1f1 d2d1q e3e1 g6d3 f1g1 d1e1	1434	advancedPawn attraction deflection endgame mate mateIn4 promotion veryLong	https://lichess.org/YfPiS1dr#53
6RLHx	8/r6p/PR6/1K1k4/7P/4p3/6P1/8 w - - 0 49	b6b7 e3e2 b7a7 e2e1q a7d7 d5e6	1472	advancedPawn crushing defensiveMove endgame long promotion rookEndgame	https://lichess.org/TPbK8GqA#97
0aOPI	4k3/4P2p/6p1/1K4P1/4R2P/2pr4/8/8 w - - 0 50	b5b4 c3c2 e4c4 d3d4 c4d4 c2c1q	1435	advancedPawn crushing deflection endgame long pin promotion rookEndgame	https://lichess.org/L6L2fbEk#99
h4Czm	8/3k4/5p2/5Pb1/2R1B3/P4P2/KPP4p/4r3 w - - 0 36	f3f4 e1e4 c4e4 h2h1q	1555	advancedPawn advantage endgame promotion short	https://lichess.org/G11kmS4L#71
WJHFF	r5k1/p5Pp/2p5/1p1pn1P1/4q3/2P5/2P2Q2/3K1R2 b - - 2 26	e4g6 f2f8 a8f8 g7f8q	1502	advancedPawn endgame mate mateIn2 promotion short	https://lichess.org/L9AOTS2C/black#52
uFiPQ	8/P7/7p/4k3/4ppPP/2p5/4K3/8 b - - 0 43	c3c2 e2d2 f4f3 a7a8q	1507	advancedPawn crushing endgame pawnEndgame promotion short	https://lichess.org/ttARn9iZ/black#86
GnREU	8/pp6/8/2P2n1P/2P5/P4K2/4p1N1/3k4 w - - 7 52	f3f4 f5h4 g2h4 e2e1q	1563	advancedPawn crushing deflection endgame knightEndgame promotion short	https://lichess.org/PolrQEWK#103
Ct4v5	6k1/p4p1p/6p1/3R4/5P2/1P1pr1P1/P6P/5K2 w - - 0 29	d5e5 d3d2 e5e3 d2d1q	1532	advancedPawn advantage endgame promotion rookEndgame short	https://lichess.org/jsnSp02J#57
wqYst	8/PR6/4k3/r3p1p1/3p2P1/3K4/5P2/8 b - - 5 45	e6d5 b7b5 a5b5 a7a8q	1553	advancedPawn crushing deflection endgame promotion rookEndgame short	https://lichess.org/AVluITpr/black#90
BFM7g	5k2/1bp2P2/4P3/1P1p4/3Np1r1/2P1P1q1/4Q2p/R6K w - - 0 39	d4f5 g3g1 a1g1 h2g1q	1614	advancedPawn endgame mate mateIn2 promotion short	https://lichess.org/r350eaXM#77
PPTx7	6rk/p7/6q1/7p/4Np2/3P1Q2/P4P1p/1R3R1K w - - 0 34	b1b5 g6g1 f1g1 h2g1q	1514	advancedPawn endgame mate mateIn2 promotion short	https://lichess.org/uVpg3SUq#67
HJ1qU	1r6/1P6/8/8/pR1K4/P4kp1/8/8 w - - 0 70	d4c5 g3g2 b4b1 b8b7 b1b7 g2g1q	1535	advancedPawn crushing deflection endgame long promotion rookEndgame	https://lichess.org/O4cT8b3N#139
KKB5K	8/7P/6K1/8/8/3k4/p6r/R7 b - - 2 58	d3c3 a1a2 h2a2 h7h8q	1515	advancedPawn crushing deflection endgame promotion rookEndgame short	https://lichess.org/2gzm7cKV/black#116
qKPXp	R3Q3/5ppk/4p2p/4P3/8/6P1/3pqPKP/8 w - - 3 42	e8f7 e2e4 f7f3 e4f3 g2f3 d2d1q	1562	advancedPawn attraction crushing endgame fork long promotion	https://lichess.org/AYhhhzVg#83
78ajG	1r5k/5ppp/2p5/8/P2QP3/7P/1p3PP1/q2R2K1 w - - 3 35	g1h2 a1d1 d4d1 b2b1q	1536	advancedPawn crushing endgame master masterVsMaster promotion short superGM	https://lichess.org/sDedUdws#69
p4EcF	3Rr1k1/p4r2/2p4Q/5p2/PP6/2q5/5pPP/3R2K1 w - - 0 38	g1f1 c3e1 d1e1 f2e1q	1563	advancedPawn endgame mate mateIn2 promotion short	https://lichess.org/g3RTswpz#75
eevrg	6k1/6pp/b3p3/4Pp2/8/2ppP2P/5PP1/R4K2 w - - 0 29	a1a6 c3c2 a6a1 d3d2 f1e2 c2c1q	1528	advancedPawn crushing endgame fork long promotion rookEndgame	https://lichess.org/pYCkVRkQ#57
lylVz	5r1k/3P2q1/p3Q2p/2pn1r2/P1R2P2/8/6PP/5RK1 b - - 0 30	d5c7 e6f5 f8f5 d7d8q	1504	advancedPawn crushing middlegame promotion short	https://lichess.org/qqRvybig/black#60
Dmgd3	3r3k/p4p1p/1q6/2b3R1/6P1/2p1r3/P1Q3BP/3R3K w - - 0 29	d1d8 b6d8 g5c5 e3e1 g2f1 e1f1 h1g2 d8d2 c2d2 c3d2 c5c8 h8g7 g2f1 d2d1q	1941	advancedPawn crushing middlegame promotion veryLong	https://lichess.org/TmB0wYVq#57
N5Axl	3q2r1/3P1pk1/p3b3/1p2Q3/P1pR4/2P5/1P4P1/6K1 b - - 4 47	g7g6 e5g3 g6f6 g3g8 d8g8 d7d8q g8d8 d4d8	2055	advancedPawn crushing endgame exposedKing master promotion superGM veryLong	https://lichess.org/WrNrep7A/black#94
EIOOK	8/p4kpp/3P4/1p2R3/1P1P3K/P6P/r7/5b2 b - - 0 37	a2e2 d6d7 e2e5 d7d8q	1990	advancedPawn advantage endgame promotion short	https://lichess.org/YkXCdSxk/black#74
t1jnO	8/bk5p/6pP/P1p2pP1/K1P1pB2/4P3/8/8 w - - 2 49	a4b5 a7b8 f4b8 b7b8 b5c5 f5f4 e3f4 e4e3 f4f5 e3e2 f5g6 e2e1q	1934	advancedPawn bishopEndgame crushing endgame promotion sacrifice veryLong	https://lichess.org/yuD8lzmd#97
TkBHz	8/8/2B5/8/1P1kp1Pp/1P6/3K1P2/8 w - - 0 55	f2f3 h4h3 f3e4 d4e5 b4b5 h3h2 b5b6 h2h1q	1968	advancedPawn bishopEndgame crushing endgame promotion veryLong	https://lichess.org/rcUjbpaI#109
e0IB8	8/5Qpk/4P2p/2pp3P/p3q3/2P3P1/7K/8 b - - 2 38	a4a3 e6e7 a3a2 f7g6 e4g6 h5g6 h7g6 e7e8q	1954	advancedPawn attraction crushing endgame promotion queenEndgame veryLong	https://lichess.org/SPOjgOwF/black#76
1TmTO	8/R3Q1pk/6pp/8/K4PP1/1pq4P/8/8 w - - 0 47	e7b4 c3b4 a4b4 b3b2 b4c3 b2b1q	1914	advancedPawn advantage endgame long promotion	https://lichess.org/48Ynnagw#93
KHIYO	6k1/5pp1/PP2p3/2q1P3/3r1P1p/1Q2pP1P/P3B3/5K2 b - - 0 35	d4b4 a6a7 b4b3 a7a8q	2055	advancedPawn advantage endgame promotion short	https://lichess.org/leDtzZzy/black#70
Thztq	1r5k/4P1p1/5nQN/8/6P1/2p4P/qp3P2/1R4K1 w - - 1 35	h6f7 a2f7 g6f7 c3c2 f7g6 c2c1q	1971	advancedPawn advantage endgame long promotion sacrifice	https://lichess.org/cKyc9BSO#69
fohcR	8/P3p1k1/1RB5/4r2p/1P2b3/8/1K3p1P/8 w - - 0 45	a7a8q f2f1q c6e4 f1f2	2006	advancedPawn advantage endgame master promotion short	https://lichess.org/uVC4PwEo#89
L4j9y	8/8/1B5P/3kp3/pb6/8/6P1/5K2 b - - 0 54	e5e4 b6d4 d5d4 h6h7 d4d5 h7h8q	2083	advancedPawn bishopEndgame crushing endgame long promotion quietMove sacrifice	https://lichess.org/pXUVLYhQ/black#108
BUUSS	8/N2nk1pp/Pp2p3/3p4/1P6/8/6PP/5K2 b - - 0 33	d7b8 a7c8 e7d8 a6a7 d8c8 a7a8q	1823	advancedPawn crushing endgame knightEndgame long promotion	https://lichess.org/acd9WQPG/black#66
LSZmD	5brk/r3pn1p/2p1RP2/1p1q4/1P1P1N1Q/p1P5/P5PP/4R1K1 b - - 2 32	d5g5 h4g5 f7g5 f6e7 g5e6 e7e8q	1925	advancedPawn advantage long master masterVsMaster middlegame promotion	https://lichess.org/wh4oh9gW/black#64
BM4yc	8/pb5k/7r/5R1P/1p1n4/1P1p1NP1/P4PB1/6K1 w - - 1 39	f3d4 d3d2 g2b7 d2d1q	1871	advancedPawn advantage endgame promotion short	https://lichess.org/s8BkN29B#77
ZbHxl	8/4P3/5K1p/1pN5/p6k/8/8/r7 b - - 0 51	a1f1 f6e5 a4a3 e7e8q	1957	advancedPawn advantage defensiveMove endgame promotion short	https://lichess.org/EwEo7PZh/black#102
dg86x	1r2nr1k/1p1P3B/p7/3Pp3/1P4pp/6P1/P1QN1q2/2R1R1K1 w - - 0 32	g1h1 h4g3 d2e4 g3g2 h1h2 g2g1q	2168	advancedPawn discoveredCheck doubleCheck exposedKing kingsideAttack long mate mateIn3 middlegame promotion	https://lichess.org/yWbwQeCe#63
adVEn	4k3/1p6/3PP3/2P4K/8/8/1pr5/1R6 w - - 2 56	b1g1 c2h2 h5g4 h2g2 g1g2 b2b1q	2248	advancedPawn advantage deflection endgame long promotion rookEndgame	https://lichess.org/frHAtX0T#111
qHHDu	3q3k/p5pp/4P3/2p5/8/P4QP1/3p1KBP/8 w - - 0 33	e6e7 d8d4 f3e3 d2d1n f2e2 d4e3	2105	advancedPawn crushing deflection endgame fork long promotion underPromotion	https://lichess.org/Y7J9Qmvg#65
RG1uY	8/3nq2R/1P3pk1/1B2p1p1/4P3/4BNp1/r4n2/3QR1K1 w - - 2 28	h7e7 f2h3 g1h1 g3g2 h1h2 g2g1q h2h3 g1g2	2134	advancedPawn discoveredCheck doubleCheck exposedKing mate mateIn4 middlegame promotion veryLong	https://lichess.org/ep5K9vtu#55
QpBFi	1q6/4b1k1/P5p1/3Q1p1p/4p3/4P1PP/5P1K/8 b - - 0 41	b8a7 d5d4 a7d4 e3d4 e7f6 a6a7 f6d4 a7a8q	2136	advancedPawn crushing endgame promotion veryLong	https://lichess.org/haNmeD2F/black#82
FHRUY	r1b1r1k1/1p3pp1/p1p3P1/3pq2R/8/2P4P/P1P2P2/R2Q2K1 b - - 0 24	e5c3 h5h8 g8h8 d1h5 h8g8 g6f7 g8f8 f7e8q	2298	advancedPawn attraction fork mate mateIn4 middlegame promotion sacrifice veryLong	https://lichess.org/c85Adox4/black#48
WHLM1	7r/1R1P1p2/4k1p1/p3P3/4K3/P3P2r/6p1/1R6 b - - 2 37	h3h1 d7d8n h8d8 b1b6 d8d6 b6d6	2224	advancedPawn endgame exposedKing long mate mateIn3 promotion underPromotion	https://lichess.org/xOV38NDZ/black#74
w8xbS	3r1r1k/p3b2p/7P/1Q2P1p1/8/1B2P1B1/PpPq1PP1/1K5R w - - 1 26	b5b7 d2c1 h1c1 b2c1q b1c1 e7a3 c1b1 d8d1	2121	advancedPawn attraction master mate mateIn4 middlegame pillsburysMate promotion queensideAttack sacrifice veryLong	https://lichess.org/3sQoVPB6#51
P3S2z	8/8/5RP1/p7/4r1kP/2K5/8/8 b - - 0 57	g4h4 g6g7 e4g4 f6f4 g4f4 g7g8q	2163	advancedPawn crushing deflection endgame long pin promotion rookEndgame	https://lichess.org/qC5Og8tF/black#114
QjzCH	8/6k1/8/4PRp1/7p/4P1r1/5K2/8 b - - 11 53	g7g6 e5e6 g6f5 e6e7 f5g4 e7e8q	2214	advancedPawn advantage endgame long promotion rookEndgame sacrifice	https://lichess.org/Ekwlf1E6/black#106
lZjbc	6R1/8/Pb6/8/4kp2/6p1/6K1/8 w - - 4 76	g8b8 f4f3 g2h3 g3g2 b8b6 g2g1q	2190	advancedPawn crushing endgame long promotion	https://lichess.org/STrl722A#151
DXA8v	1k5r/pp2r1pp/1P4b1/P1R1p3/7P/4K3/4N1P1/2R5 b - - 0 30	h8d8 c5c8 d8c8 c1c8 b8c8 b6a7 c8c7 a7a8q	2110	advancedPawn crushing endgame master masterVsMaster promotion sacrifice veryLong	https://lichess.org/DRGIKKKP/black#60
p6DZX	r1b2r2/7k/p2R1n2/2pPP1Q1/P1P3p1/2Nq4/6pP/R2B2K1 w - - 3 30	d6f6 d3f1 f6f1 g2f1q	2122	advancedPawn kingsideAttack mate mateIn2 middlegame promotion short	https://lichess.org/CnbZWjVf#59
0Oib2	6r1/ppq2p1k/8/5b2/1B1NP1r1/8/P4Rp1/R2Q2K1 w - - 0 30	f2f5 c7h2 g1h2 g2g1q d1g1 g4h4	2140	advancedPawn attraction exposedKing long mate mateIn3 middlegame promotion sacrifice	https://lichess.org/PV2SyW4p#59
Ee281	3R4/3P4/4k3/8/6K1/8/3r1p2/8 w - - 0 62	d8e8 e6f7 d7d8q d2d8 e8d8 f2f1q	2206	advancedPawn crushing defensiveMove endgame long promotion rookEndgame	https://lichess.org/8HhVnHCR#123
kpQqC	8/6pk/2K1P2p/2N5/1p6/1P6/P1r4P/8 b - - 1 42	c2a2 e6e7 a2e2 c6d7 h7g6 e7e8q e2e8 d7e8	2462	advancedPawn crushing endgame promotion veryLong	https://lichess.org/ujx79KiT/black#84
qWrwF	6R1/2k5/3b4/3B4/3P4/3KP3/5rpp/8 w - - 2 55	g8g7 c7b6 d5g2 f2g2 g7g2 h2h1q	2420	advancedPawn crushing defensiveMove endgame long promotion	https://lichess.org/6Y0UjUh1#109
MUTKJ	8/5P1k/p4R2/5PKP/3q4/8/8/8 b - - 4 59	d4f2 f7f8n h7g8 f8e6	2454	advancedPawn crushing defensiveMove endgame promotion short underPromotion	https://lichess.org/0RzRahNP/black#118
ca3UD	8/4R3/2k2P2/3p4/8/r4P2/2p2K2/8 w - - 0 53	f6f7 a3f3 f2f3 c2c1q	2519	advancedPawn crushing endgame promotion rookEndgame short	https://lichess.org/pN4HAFIS#105
9OE9Q	2k4r/R6P/8/7K/2p5/1p6/2P5/8 w - - 0 53	h5h6 h8h7 h6h7 b3b2 a7a4 b2b1q	2445	advancedPawn crushing endgame long pin promotion rookEndgame sacrifice	https://lichess.org/uz77zqsv#105
yhCbD	r2r2k1/1q3pp1/p6p/R2P4/4P3/1p1Q2P1/5PKP/R7 w - - 0 30	a5a6 a8a6 d3a6 b3b2 a6b7 b2a1q	2478	advancedPawn crushing endgame long promotion	https://lichess.org/4g1YkMUo#59
z3yqm	8/8/6p1/5pP1/1p1Pk2P/2K5/8/8 w - - 0 39	c3c4 f5f4 c4b4 f4f3 h4h5 f3f2 h5g6 f2f1q	2408	advancedPawn crushing endgame pawnEndgame promotion quietMove veryLong	https://lichess.org/YJSLog6h#77
U4eIH	4r3/8/1PR5/5p2/P7/5P2/1kp2P1P/5K2 b - - 0 50	c2c1q c6c1 b2c1 a4a5 e8b8 h2h4 c1b2 h4h5 b2b3 h5h6 b3c4 a5a6 b8b6 a6a7 b6a6 h6h7 a6a7 h7h8q	2600	advancedPawn crushing endgame promotion quietMove veryLong	https://lichess.org/FnZY4aHs/black#100
VyzHS	8/1k5p/6p1/1P1Npp2/2K2b2/7P/6P1/8 b - - 2 43	h7h5 d5f4 e5f4 h3h4 f4f3 g2f3 g6g5 h4g5 h5h4 g5g6 h4h3 g6g7 h3h2 g7g8q	2477	advancedPawn advantage endgame master promotion quietMove veryLong	https://lichess.org/FpAf6nBC/black#86
oHxzj	8/8/4K3/4P3/6P1/3n4/5k2/8 b - - 0 53	d3f4 e6f7 f2f3 g4g5 f3g4 g5g6 g4f5 g6g7 f5e5 g7g8q	2473	advancedPawn crushing defensiveMove endgame knightEndgame promotion quietMove veryLong	https://lichess.org/W87L9XQU/black#106
t3g6l	8/6p1/8/4kpPP/2n5/5P2/1pK2P2/8 b - - 0 44	e5f4 h5h6 c4d2 c2b2 g7h6 g5g6 f4f3 g6g7 d2e4 g7g8q	2432	advancedPawn crushing endgame knightEndgame promotion veryLong	https://lichess.org/6JAHn6k3/black#88
BWU14	8/8/8/b5p1/p2p1PP1/k2N4/2K5/8 b - - 0 75	a5c3 f4g5 c3b4 d3b4 a3b4 g5g6 a4a3 g6g7 d4d3 c2d3 a3a2 g7g8q a2a1q g8c4	2500	advancedPawn crushing endgame master masterVsMaster promotion veryLong	https://lichess.org/qhxrtnbA/black#150
TxUzb	1r6/4RK2/3P3k/8/6p1/8/8/8 b - - 1 52	g4g3 e7e3 b8d8 f7e7 d8g8 d6d7 h6h5 e3g3 g8g3 d7d8q	2453	advancedPawn crushing deflection endgame promotion rookEndgame veryLong	https://lichess.org/kI82LkGC/black#104
FKsnM	5rk1/rRp3b1/P1P5/3p4/6p1/4P1p1/6P1/R6K b - - 1 33	a7b7 c6b7 g7a1 h1g1 a1g7 a6a7 g7h6 a7a8q	2418	advancedPawn advantage endgame promotion veryLong	https://lichess.org/wG8JmxpU/black#66
Mhf6V	8/8/8/6K1/5p2/6kp/3N4/8 w - - 0 60	d2e4 g3f3 e4d2 f3g2 g5f4 h3h2 f4e3 h2h1q	2400	advancedPawn crushing defensiveMove endgame knightEndgame promotion veryLong	https://lichess.org/cksS9I5R#119
